sentence_id,volume,group_start,en,zh_simp,zh_ocr,en_ocr,confidence,flags,source
1,1,1,The weather's nice today.,今天天气不错。,,,,LOW_CONF;OCR_MISSING,F1-GMS-0001C 00:06.96-00:08.54
2,1,1,I'm not rich.,我不是个有钱人。,,,,OCR_MISSING,F1-GMS-0001C 00:11.27-00:13.04
3,1,1,This bag is heavy.,这个包很沉。,,,,OCR_MISSING,F1-GMS-0001C 00:15.68-00:17.80
4,1,1,These bags are heavy.,这些包很沉。,,,,OCR_MISSING,F1-GMS-0001C 00:19.95-00:22.03
5,1,1,"Look, there's my friend.","看,那是我的朋友。",,,,OCR_MISSING,F1-GMS-0001C 00:24.10-00:26.84
6,1,1,My brother and I are good tennis players.,我和我哥都是网球高手。,,,,OCR_MISSING,F1-GMS-0001C 00:28.83-00:31.34
7,1,1,His mother is at home. He's at school.,"他母亲在家,他在学校。",,,,OCR_MISSING,F1-GMS-0001C 00:33.89-00:36.94
8,1,1,Her children are at school.,他的孩子们在学校。,,,,OCR_MISSING,F1-GMS-0001C 00:38.94-00:41.15
9,1,1,I'm a taxi driver.,我是一名出租车司机。,,,,OCR_MISSING,F1-GMS-0001C 00:43.37-00:46.22
10,1,1,My sister's a nurse.,我妹妹是护士。,,,,OCR_MISSING,F1-GMS-0001C 00:48.20-00:50.55
11,1,1,He's sick. He's in bed.,"他生病了,他躺在床上。",,,,OCR_MISSING,F1-GMS-0001C 00:52.45-00:55.44
12,1,1,"I'm not hungry, but I'm thirsty.","我不饿,但是我很渴。",,,,OCR_MISSING,F1-GMS-0001C 00:57.41-00:60.00
13,1,1,He's a very old man. He's 98 years old.,"他年纪很大,98岁了。",,,,LOW_CONF;OCR_MISSING,F1-GMS-0001C 01:02.22-01:05.03
14,1,1,"These chairs aren't beautiful, but they're comfortable.","这些椅子不好看,但很舒服。",,,,LOW_CONF;OCR_MISSING,F1-GMS-0001C 01:07.46-01:10.49
15,1,1,The weather is warm and sunny today.,"今天很暖和,阳光明媚。",,,,OCR_MISSING,F1-GMS-0001C 01:12.84-01:16.14
16,1,1,You're late.,"你知道了,我没有,我到的很早。",,,,OCR_MISSING,F1-GMS-0001C 01:18.14-01:21.87
17,1,1,"你迟到了,我没有,我到得很早。","他不在家,他在上班。",,,,OCR_MISSING,F1-GMS-0001C 01:23.86-01:26.92
18,1,1,"他不在家,他在上班。",这是你的外套。,,,,OCR_MISSING,F1-GMS-0001C 01:28.92-01:30.63
19,1,1,这是你的外套。,你叫什么名字?,,,,LOW_CONF;OCR_MISSING,F1-GMS-0001C 01:32.69-01:34.33
20,1,1,你叫什么名字?,我叫艾伦。,,,,OCR_MISSING,F1-GMS-0001C 01:36.59-01:38.02
21,1,1,我叫艾伦。,你从哪里来的?,,,,OCR_MISSING,F1-GMS-0001C 01:40.25-01:41.71
22,1,1,你从哪里来的? Where did you come from?,我从纽约来的。,,,,OCR_MISSING,F1-GMS-0001C 01:44.03-01:46.11
23,1,1,我从纽约来的。,你多大了?,,,,OCR_MISSING,F1-GMS-0001C 01:48.09-01:49.62
24,1,1,你多大了? How old are you?,我二十岁。,,,,OCR_MISSING,F1-GMS-0001C 01:51.63-01:53.43
25,1,1,我二十岁。,你做什么工作?,,,,LOW_CONF;OCR_MISSING,F1-GMS-0001C 01:55.38-01:57.29
26,1,1,你做什么工作?,我是一名教师。,,,,OCR_MISSING,F1-GMS-0001C 01:59.20-02:00.65
27,1,1,I am a teacher.,你最喜欢什么颜色?,,,,OCR_MISSING,F1-GMS-0001C 02:03.01-02:04.77
28,1,1,你最喜欢什么颜色? What color do you like the most?,我最喜欢的颜色是蓝色。,,,,OCR_MISSING,F1-GMS-0001C 02:07.11-02:09.84
29,1,1,我最喜欢的颜色是蓝色。,你对什么感兴趣?,,,,OCR_MISSING,F1-GMS-0001C 02:11.96-02:14.08
30,1,1,你对什么感兴趣?,我对音乐感兴趣。,,,,OCR_MISSING,F1-GMS-0001C 02:16.02-02:18.29
31,1,1,我对音乐感兴趣。,今天很热。,,,,OCR_MISSING,F1-GMS-0001C 02:20.28-02:21.92
32,1,1,今天很热。,今天不热。,,,,LOW_CONF;OCR_MISSING,F1-GMS-0001C 02:24.11-02:25.72
33,1,1,Today is not hot.,今天风很大。,,,,OCR_MISSING,F1-GMS-0001C 02:27.63-02:29.47
34,1,1,今天风很大。,今天没刮风。,,,,OCR_MISSING,F1-GMS-0001C 02:31.70-02:33.22
35,1,1,今天没刮风。,我的手很冷。,,,,OCR_MISSING,F1-GMS-0001C 02:35.59-02:37.33
36,1,1,我的手很冷。,巴西是个很大的国家。,,,,OCR_MISSING,F1-GMS-0001C 02:39.55-02:42.14
37,1,1,Brazil is a big country.,钻石不便宜,,,,OCR_MISSING,F1-GMS-0001C 02:44.06-02:45.61
38,1,1,钻石不便宜,多伦多不在美国,,,,OCR_MISSING,F1-GMS-0001C 02:48.02-02:50.14
39,1,1,多伦多不在美国。,我累了。,,,,OCR_MISSING,F1-GMS-0001C 02:52.32-02:53.63
40,1,1,我累了。,我不累。,,,,OCR_MISSING,F1-GMS-0001C 02:55.74-02:57.48
41,1,1,我不累。,我饿了。,,,,OCR_MISSING,F1-GMS-0001C 02:59.45-03:00.88
42,1,1,我饿了! I'm hungry!,我不饿。,,,,OCR_MISSING,F1-GMS-0001C 03:02.90-03:04.39
43,1,1,我不饿。,他是游泳健将。,,,,OCR_MISSING,F1-GMS-0001C 03:06.53-03:08.49
44,1,1,他是游泳健将。,我对政治没兴趣。,,,,OCR_MISSING,F1-GMS-0001C 03:10.61-03:12.83
45,1,1,我对政治没兴趣。,你叫什么名字?,,,,LOW_CONF;OCR_MISSING,F1-GMS-0001C 03:14.87-03:16.34
46,1,1,你叫什么名字?,我叫阿曼达。,,,,OCR_MISSING,F1-GMS-0001C 03:18.70-03:20.68
47,1,1,我叫阿曼达。,你结婚了吗?,,,,OCR_MISSING,F1-GMS-0001C 03:22.58-03:24.24
48,1,1,你结婚了吗?,"没有,我单身。",,,,OCR_MISSING,F1-GMS-0001C 03:26.30-03:28.49
49,1,1,"没有,我单身。",你多大了?,,,,LOW_CONF;OCR_MISSING,F1-GMS-0001C 03:30.46-03:31.65
50,1,1,你多大了?How old are you?,我25岁。,,,,OCR_MISSING,F1-GMS-0001C 03:33.77-03:35.34
51,1,51,Are you a student?,你是学生吗?,,,,OCR_MISSING,F1-GMS-0051C 00:06.87-00:08.89
52,1,51,"Yes, I am.","对,我是学生。",,,,OCR_MISSING,F1-GMS-0051C 00:10.97-00:12.49
53,1,51,Am I late?,我知道了吗?,,,,OCR_MISSING,F1-GMS-0051C 00:15.03-00:16.97
54,1,51,"No, you're on time.","没有,你很准时。",,,,OCR_MISSING,F1-GMS-0051C 00:18.86-00:20.81
55,1,51,Is your mother at home?,你母亲在家吗?,,,,OCR_MISSING,F1-GMS-0051C 00:23.21-00:25.37
56,1,51,"No, she's out.","不在,他出去了。",,,,OCR_MISSING,F1-GMS-0051C 00:27.32-00:29.15
57,1,51,Are your parents at home?,你父母在家吗?,,,,LOW_CONF;OCR_MISSING,F1-GMS-0051C 00:31.41-00:33.26
58,1,51,"No, they're out.","不在,他们出去了。",,,,OCR_MISSING,F1-GMS-0051C 00:35.38-00:37.05
59,1,51,Is it cold in your room?,你房间里冷吗?,,,,LOW_CONF;OCR_MISSING,F1-GMS-0051C 00:39.58-00:41.29
60,1,51,"Yes, a little.","嗯,有点冷。",,,,OCR_MISSING,F1-GMS-0051C 00:43.54-00:45.54
61,1,51,Your shoes are nice. Are they new?,"你的鞋不错,是新的吗?",,,,OCR_MISSING,F1-GMS-0051C 00:47.47-00:50.20
62,1,51,"Yes, they are.","没错,是新的。",,,,OCR_MISSING,F1-GMS-0051C 00:52.59-00:54.17
63,1,51,Where's your mother? Is she at home?,你母亲在哪?她在家吗?,,,,OCR_MISSING,F1-GMS-0051C 00:56.67-00:59.97
64,1,51,Where are you from?,你来自哪里?,,,,OCR_MISSING,F1-GMS-0051C 01:01.84-01:03.93
65,1,51,I'm from Canada.,我来自加拿大。,,,,OCR_MISSING,F1-GMS-0051C 01:05.94-01:07.54
66,1,51,What color is your car?,你的车是什么颜色的?,,,,OCR_MISSING,F1-GMS-0051C 01:09.98-01:12.46
67,1,51,It's red.,是红色的。,,,,OCR_MISSING,F1-GMS-0051C 01:14.44-01:15.73
68,1,51,How old is Hassan?,哈桑多大了?,,,,OCR_MISSING,F1-GMS-0051C 01:18.24-01:19.56
69,1,51,He's 24.,他24岁。,,,,OCR_MISSING,F1-GMS-0051C 01:22.11-01:24.00
70,1,51,How are your parents?,你父母最近好吗?,,,,OCR_MISSING,F1-GMS-0051C 01:25.97-01:28.18
71,1,51,They're doing fine.,他们都很好。,,,,OCR_MISSING,F1-GMS-0051C 01:30.08-01:31.73
72,1,51,These postcards are nice. How much are they?,"这些明信片不错,多少钱?",,,,LOW_CONF;OCR_MISSING,F1-GMS-0051C 01:33.91-01:36.42
73,1,51,They're a dollar. They're a buck. They're a pound. They're a euro.,这些一块钱。,,,,OCR_MISSING,F1-GMS-0051C 01:38.71-01:40.22
74,1,51,This hotel isn't very good. Why is it so expensive?,"这个旅馆不是特别好,为什么这么贵?",,,,OCR_MISSING,F1-GMS-0051C 01:42.66-01:45.76
75,1,51,What's your phone number?,你电话号码多少?,,,,LOW_CONF;OCR_MISSING,F1-GMS-0051C 01:48.30-01:49.82
76,1,51,Who's that man?,那个男人是谁?,,,,OCR_MISSING,F1-GMS-0051C 01:52.27-01:54.26
77,1,51,He's the boss.,他是老板。,,,,OCR_MISSING,F1-GMS-0051C 01:56.31-01:57.43
78,1,51,Where's your friend?,你的朋友在哪儿?,,,,OCR_MISSING,F1-GMS-0051C 01:59.77-02:01.31
79,1,51,She's in the bathroom.,他在洗手间。,,,,OCR_MISSING,F1-GMS-0051C 02:03.75-02:05.64
80,1,51,How's your father?,你父亲最近好吗?,,,,LOW_CONF;OCR_MISSING,F1-GMS-0051C 02:07.55-02:09.59
81,1,51,He's doing great.,他很好。,,,,OCR_MISSING,F1-GMS-0051C 02:11.65-02:12.88
82,1,51,Are you tired?,你累了吗?,,,,LOW_CONF;OCR_MISSING,F1-GMS-0051C 02:15.14-02:16.61
83,1,51,"Yes, I am.","嗯,我累了。",,,,OCR_MISSING,F1-GMS-0051C 02:18.79-02:21.26
84,1,51,Are you hungry?,你饿了吗?,,,,OCR_MISSING,F1-GMS-0051C 02:23.30-02:24.88
85,1,51,"No, but I'm thirsty.","不饿,但我渴了。",,,,OCR_MISSING,F1-GMS-0051C 02:27.00-02:29.10
86,1,51,Is your friend Chinese?,你朋友是中国人吗?,,,,OCR_MISSING,F1-GMS-0051C 02:31.59-02:34.02
87,1,51,"Yes, he is.","对,他是中国人。",,,,OCR_MISSING,F1-GMS-0051C 02:36.20-02:37.88
88,1,51,Are these your keys?,这些是你的钥匙吗?,,,,LOW_CONF;OCR_MISSING,F1-GMS-0051C 02:40.71-02:42.46
89,1,51,"Yes, they are.","是的,是我的钥匙。",,,,OCR_MISSING,F1-GMS-0051C 02:45.15-02:47.25
90,1,51,That's my seat.,那是我的位子。,,,,LOW_CONF;OCR_MISSING,F1-GMS-0051C 02:49.99-02:51.92
91,1,51,"No, it isn't.","不,这不是。",,,,OCR_MISSING,F1-GMS-0051C 02:54.02-02:55.28
92,1,51,Where's the camera?,相机在哪儿?,,,,OCR_MISSING,F1-GMS-0051C 02:58.30-03:00.31
93,1,51,It's in your bag.,在你包里。,,,,OCR_MISSING,F1-GMS-0051C 03:02.25-03:03.79
94,1,51,Is your car blue?,你的车是蓝色的吗?,,,,OCR_MISSING,F1-GMS-0051C 03:05.96-03:08.58
95,1,51,"No, it's black.","不是,是黑色的。",,,,OCR_MISSING,F1-GMS-0051C 03:10.60-03:13.02
96,1,51,Is Lisa from Toronto?,丽莎来自多伦多吗?,,,,OCR_MISSING,F1-GMS-0051C 03:14.90-03:17.53
97,1,51,"No, she's American.","不是,他是美国人。",,,,OCR_MISSING,F1-GMS-0051C 03:19.66-03:22.19
98,1,51,Am I late?,我知道了吗?,,,,OCR_MISSING,F1-GMS-0051C 03:24.11-03:25.73
99,1,51,"Yes, you are.","是的,你知道了。",,,,OCR_MISSING,F1-GMS-0051C 03:28.03-03:30.52
100,1,51,Where's Layla from?,雷拉来自哪里?,,,,LOW_CONF;OCR_MISSING,F1-GMS-0051C 03:32.43-03:34.12
101,1,101,She's from London.,他来自伦敦。,,,,OCR_MISSING,F1-GMS-0101C 00:06.97-00:08.36
102,1,101,What color is your bag?,你的包是什么颜色的?,,,,OCR_MISSING,F1-GMS-0101C 00:11.21-00:13.09
103,1,101,It's black.,是黑色的。,,,,OCR_MISSING,F1-GMS-0101C 00:15.86-00:16.95
104,1,101,Are you hungry?,你饿了吗?,,,,LOW_CONF;OCR_MISSING,F1-GMS-0101C 00:19.65-00:20.67
105,1,101,"No, I'm not.",我不饿。,,,,LOW_CONF;OCR_MISSING,F1-GMS-0101C 00:23.40-00:24.40
106,1,101,How's John?,约翰最近怎么样?,,,,OCR_MISSING,F1-GMS-0101C 00:27.07-00:28.60
107,1,101,He's fine.,他很好。,,,,OCR_MISSING;DURATION_CHECK,F1-GMS-0101C 00:31.32-00:32.29
108,1,101,Who's that woman?,那个女人是谁?,,,,OCR_MISSING,F1-GMS-0101C 00:35.13-00:36.55
109,1,101,She's my sister.,她是我姐姐。,,,,LOW_CONF;OCR_MISSING,F1-GMS-0101C 00:39.32-00:40.73
110,1,101,Is your mother at home?,你母亲在家吗?,,,,OCR_MISSING,F1-GMS-0101C 00:43.61-00:45.15
111,1,101,How are your parents?,你父母最近好吗?,,,,OCR_MISSING,F1-GMS-0101C 00:47.99-00:49.85
112,1,101,Is your job interesting?,你的工作有趣吗?,,,,LOW_CONF;OCR_MISSING,F1-GMS-0101C 00:52.73-00:54.38
113,1,101,Are the stores open today?,这些店今天开门吗?,,,,OCR_MISSING,F1-GMS-0101C 00:57.17-00:59.04
114,1,101,Where are you from?,你来自哪里?,,,,OCR_MISSING,F1-GMS-0101C 01:01.68-01:03.18
115,1,101,Are you interested in sports?,你对运动感兴趣吗?,,,,OCR_MISSING,F1-GMS-0101C 01:05.85-01:07.81
116,1,101,Is the post office near here?,邮局在这附近吗?,,,,OCR_MISSING,F1-GMS-0101C 01:10.51-01:12.26
117,1,101,Are your children at school?,你的孩子在学校吗?,,,,OCR_MISSING,F1-GMS-0101C 01:15.05-01:16.89
118,1,101,Why are you late?,你为什么迟到?,,,,LOW_CONF;OCR_MISSING,F1-GMS-0101C 01:19.82-01:21.20
119,1,101,How are your children?,你的孩子最近怎样?,,,,OCR_MISSING,F1-GMS-0101C 01:23.99-01:25.85
120,1,101,They're fine.,他们很好。,,,,LOW_CONF;OCR_MISSING,F1-GMS-0101C 01:28.78-01:29.79
121,1,101,Where's the bus stop?,公车站在哪儿?,,,,OCR_MISSING,F1-GMS-0101C 01:32.66-01:34.12
122,1,101,At the stoplight.,在红绿灯那儿。,,,,LOW_CONF;OCR_MISSING,F1-GMS-0101C 01:37.07-01:38.54
123,1,101,How old are your children?,女孩子多大了?,,,,OCR_MISSING,F1-GMS-0101C 01:41.48-01:43.04
124,1,101,"Five, seven, and ten.","五岁,七岁,还有十岁。",,,,OCR_MISSING,F1-GMS-0101C 01:45.77-01:48.24
125,1,101,How much are these oranges?,这些橙子多少钱?,,,,OCR_MISSING,F1-GMS-0101C 01:51.23-01:52.86
126,1,101,$1.50 a pound. There are 2.3 euros a kilo.,一公斤九块钱。,,,,OCR_MISSING,F1-GMS-0101C 01:55.58-01:57.22
127,1,101,What's your favorite sport?,你最喜欢什么运动?,,,,OCR_MISSING,F1-GMS-0101C 02:00.33-02:01.97
128,1,101,My favorite sport is skiing.,我最喜欢的运动是滑雪。,,,,OCR_MISSING,F1-GMS-0101C 02:04.75-02:06.96
129,1,101,Who's the man in this photo?,这张照片里的男人是谁?,,,,OCR_MISSING,F1-GMS-0101C 02:09.80-02:11.88
130,1,101,That's my father.,是我的父亲。,,,,LOW_CONF;OCR_MISSING,F1-GMS-0101C 02:14.67-02:16.00
131,1,101,What color are your new shoes?,你的新鞋是什么颜色的?,,,,OCR_MISSING,F1-GMS-0101C 02:18.57-02:20.76
132,1,101,They're black.,是黑色的。,,,,OCR_MISSING,F1-GMS-0101C 02:23.49-02:24.77
133,1,101,What's your name?,你叫什么名字?,,,,LOW_CONF;OCR_MISSING,F1-GMS-0101C 02:27.62-02:29.06
134,1,101,I'm Brian.,我叫布莱恩。,,,,OCR_MISSING,F1-GMS-0101C 02:31.56-02:32.73
135,1,101,Are you Australian?,你是澳大利亚人吗?,,,,OCR_MISSING,F1-GMS-0101C 02:35.30-02:37.02
136,1,101,"No, I'm Canadian.","不,我是加拿大人。",,,,OCR_MISSING,F1-GMS-0101C 02:39.49-02:41.14
137,1,101,How old are you?,你多大了?,,,,LOW_CONF;OCR_MISSING,F1-GMS-0101C 02:43.71-02:44.81
138,1,101,Thirty-three.,我33岁。,,,,OCR_MISSING,F1-GMS-0101C 02:47.14-02:48.68
139,1,101,Are you a teacher?,你是老师吗?,,,,OCR_MISSING,F1-GMS-0101C 02:51.05-02:52.28
140,1,101,"No, I'm a doctor.","不,我是医生。",,,,OCR_MISSING,F1-GMS-0101C 02:54.83-02:56.24
141,1,101,Are you married?,你结婚了吗?,,,,LOW_CONF;OCR_MISSING,F1-GMS-0101C 02:58.78-02:59.99
142,1,101,"Yes, I am.","是的,我结婚了。",,,,LOW_CONF;OCR_MISSING,F1-GMS-0101C 03:02.33-03:03.98
143,1,101,Is your wife a doctor?,你太太是医生吗?,,,,OCR_MISSING,F1-GMS-0101C 03:06.93-03:08.79
144,1,101,"No, she's a teacher.","不,他是老师。",,,,OCR_MISSING,F1-GMS-0101C 03:11.73-03:13.44
145,1,101,Where is she from?,他来自哪里?,,,,OCR_MISSING,F1-GMS-0101C 03:16.34-03:17.56
146,1,101,She's from Mexico.,他来自墨西哥。,,,,OCR_MISSING,F1-GMS-0101C 03:20.49-03:21.93
147,1,101,What's her name?,它叫什么名字?,,,,OCR_MISSING,F1-GMS-0101C 03:25.00-03:26.37
148,1,101,Her name is Barbara.,它的名字是,,,,LOW_CONF;OCR_MISSING,F1-GMS-0101C 03:29.30-03:30.64
149,1,101,How old is she?,他多少岁?,,,,OCR_MISSING,F1-GMS-0101C 03:33.29-03:34.56
150,1,101,She's 26.,他26岁。,,,,OCR_MISSING,F1-GMS-0101C 03:37.52-03:38.90
151,1,151,"Are you married? No, I'm not.",你结婚了吗?我还没结婚。,,,,OCR_MISSING,F1-GMS-0151C 00:06.94-00:09.61
152,1,151,"Are you thirsty? Yes, I am.","你渴吗? 嗯,我渴了。",,,,OCR_MISSING,F1-GMS-0151C 00:12.62-00:15.11
153,1,151,"Is it cold today? No, it isn't.",今天冷吗? 今天不冷。,,,,OCR_MISSING,F1-GMS-0151C 00:17.92-00:20.29
154,1,151,"Are your hands cold? No, they aren't.",你的手冷吗? 我的手不冷。,,,,OCR_MISSING,F1-GMS-0151C 00:23.12-00:25.98
155,1,151,"Is it dark now? Yes, it is.","天黑了吗? 嗯,天黑了。",,,,OCR_MISSING,F1-GMS-0151C 00:28.74-00:31.39
156,1,151,"Are you a teacher? Yes, I am.","你是老师吗? 对,我是老师。",,,,OCR_MISSING,F1-GMS-0151C 00:34.33-00:37.47
157,1,151,I'm working. I'm not watching TV.,"我在工作,我不是在看电视。",,,,OCR_MISSING,F1-GMS-0151C 00:40.26-00:42.67
158,1,151,Barbara's reading a newspaper.,芭芭拉在看报纸。,,,,OCR_MISSING,F1-GMS-0151C 00:45.46-00:47.21
159,1,151,She isn't eating.,他不是在吃东西。,,,,OCR_MISSING,F1-GMS-0151C 00:49.95-00:51.68
160,1,151,The phone is ringing.,电话在响。,,,,LOW_CONF;OCR_MISSING,F1-GMS-0151C 00:54.31-00:55.61
161,1,151,We are having dinner.,我们正在吃晚饭。,,,,OCR_MISSING,F1-GMS-0151C 00:58.18-00:59.79
162,1,151,You're not listening to me.,你没在听我说话。,,,,OCR_MISSING,F1-GMS-0151C 01:02.65-01:04.25
163,1,151,The children are doing their homework.,孩子们在做作业。,,,,OCR_MISSING,F1-GMS-0151C 01:06.99-01:08.67
164,1,151,Please be quiet. I'm working.,"请安静,我正在工作。",,,,OCR_MISSING,F1-GMS-0151C 01:11.54-01:13.57
165,1,151,The weather's nice. It's not raining.,"天气不错,没下雨。",,,,OCR_MISSING,F1-GMS-0151C 01:16.34-01:18.31
166,1,151,Where are the children? They are playing in the park.,孩子们在哪儿?他们在公园里玩。,,,,OCR_MISSING,F1-GMS-0151C 01:20.97-01:24.01
167,1,151,We're having dinner now. Can I call you later?,"我们现在在吃晚饭,稍后打给你可以吗?",,,,OCR_MISSING,F1-GMS-0151C 01:27.00-01:30.37
168,1,151,I'm not watching TV.,我没看电视。,,,,OCR_MISSING,F1-GMS-0151C 01:33.27-01:34.70
169,1,151,She's eating an apple.,他在吃苹果。,,,,LOW_CONF;OCR_MISSING,F1-GMS-0151C 01:37.42-01:38.77
170,1,151,He's waiting for a bus.,他在等公车。,,,,OCR_MISSING,F1-GMS-0151C 01:41.36-01:43.06
171,1,151,They're playing football.,他们在踢足球。,,,,OCR_MISSING,F1-GMS-0151C 01:45.70-01:47.22
172,1,151,He's lying on the floor.,他躺在地板上。,,,,OCR_MISSING,F1-GMS-0151C 01:49.74-01:51.34
173,1,151,We're eating breakfast.,我们正在吃早餐。,,,,OCR_MISSING,F1-GMS-0151C 01:53.98-01:55.61
174,1,151,She's sitting on the table.,他坐在桌子上。,,,,OCR_MISSING,F1-GMS-0151C 01:58.28-01:59.86
175,1,151,He's in the kitchen. He's cooking.,"他在厨房,他正在做饭。",,,,OCR_MISSING,F1-GMS-0151C 02:02.31-02:04.93
176,1,151,You stepped on my foot. I'm sorry.,"你踩着我脚了,对不起。",,,,OCR_MISSING,F1-GMS-0151C 02:07.71-02:10.38
177,1,151,Somebody is swimming in the river.,有人在河里游泳。,,,,OCR_MISSING,F1-GMS-0151C 02:13.22-02:14.87
178,1,151,We're here on vacation. We're staying at a hotel on the beach.,"我们在这度假,我们住在一个海边的酒店。",,,,OCR_MISSING,F1-GMS-0151C 02:17.55-02:21.38
179,1,151,Where's Tara? She's taking a shower.,泰拉在哪儿?他在洗澡。,,,,LOW_CONF;OCR_MISSING,F1-GMS-0151C 02:24.11-02:26.58
180,1,151,They're building a new hotel downtown.,他们正在市中心盖一座新的酒店。,,,,OCR_MISSING,F1-GMS-0151C 02:29.12-02:32.16
181,1,151,I'm leaving now. Goodbye.,"我要走了,再见。",,,,OCR_MISSING,F1-GMS-0151C 02:34.93-02:36.62
182,1,151,She isn't having dinner.,他不是在吃晚餐。,,,,OCR_MISSING,F1-GMS-0151C 02:39.27-02:40.93
183,1,151,She's watching TV.,他在看电视。,,,,OCR_MISSING,F1-GMS-0151C 02:43.55-02:44.93
184,1,151,She's sitting on the floor.,他坐在地板上。,,,,OCR_MISSING,F1-GMS-0151C 02:47.68-02:49.22
185,1,151,She's reading a book.,他在看书。,,,,OCR_MISSING,F1-GMS-0151C 02:51.82-02:53.05
186,1,151,He's not playing the piano.,他不是在弹钢琴。,,,,LOW_CONF;OCR_MISSING,F1-GMS-0151C 02:55.71-02:57.36
187,1,151,He's laughing.,他在笑。,,,,OCR_MISSING,F1-GMS-0151C 02:59.88-03:00.88
188,1,151,He's wearing a hat.,他戴着帽子。,,,,OCR_MISSING,F1-GMS-0151C 03:03.43-03:04.85
189,1,151,He's not writing a letter.,他没在写信。,,,,OCR_MISSING,F1-GMS-0151C 03:07.60-03:08.98
190,1,151,I'm not washing my hair.,我没在洗头。,,,,LOW_CONF;OCR_MISSING,F1-GMS-0151C 03:11.69-03:13.15
191,1,151,It isn't snowing.,外面没下雪。,,,,OCR_MISSING,F1-GMS-0151C 03:15.63-03:17.17
192,1,151,I'm sitting on a chair.,我坐在椅子上。,,,,OCR_MISSING,F1-GMS-0151C 03:19.93-03:21.45
193,1,151,I'm not eating.,我没在吃东西。,,,,OCR_MISSING,F1-GMS-0151C 03:24.21-03:25.82
194,1,151,It's raining.,外面正在下雨。,,,,OCR_MISSING,F1-GMS-0151C 03:28.36-03:30.07
195,1,151,I'm not studying English.,我没在学英语。,,,,OCR_MISSING,F1-GMS-0151C 03:32.80-03:34.46
196,1,151,I'm listening to music.,我在听音乐。,,,,OCR_MISSING,F1-GMS-0151C 03:37.16-03:38.40
197,1,151,The sun isn't shining.,外面没出太阳。,,,,OCR_MISSING,F1-GMS-0151C 03:40.92-03:42.52
198,1,151,I'm wearing my shoes.,我在穿鞋。,,,,OCR_MISSING,F1-GMS-0151C 03:45.02-03:46.23
199,1,151,I'm not reading the newspaper.,我没在看报纸。,,,,OCR_MISSING,F1-GMS-0151C 03:48.89-03:50.43
200,1,151,Are you feeling okay?,你还好吗?,,,,LOW_CONF;OCR_MISSING,F1-GMS-0151C 03:53.04-03:54.10
201,1,201,中文,"嗯,我还好。",,,,OCR_MISSING,F1-GMS-0201C 00:06.93-00:08.43
202,1,201,"嗯,我还好。",外面在下雨吗?,,,,OCR_MISSING,F1-GMS-0201C 00:10.82-00:12.26
203,1,201,外面在下雨吗?,"是的,你带把伞。",,,,OCR_MISSING,F1-GMS-0201C 00:14.70-00:16.81
204,1,201,"是的,你带把伞。",你为什么穿大衣?,,,,OCR_MISSING,F1-GMS-0201C 00:19.24-00:20.79
205,1,201,你为什么穿大衣? Why are you wearing a coat?,天气不冷,,,,OCR_MISSING,F1-GMS-0201C 00:23.18-00:24.47
206,1,201,天气不冷,他在干什么?,,,,OCR_MISSING,F1-GMS-0201C 00:26.93-00:28.10
207,1,201,他在干什么?,他在看报纸。,,,,LOW_CONF;OCR_MISSING,F1-GMS-0201C 00:30.60-00:31.94
208,1,201,她在看报纸 She was reading the newspaper.,孩子们在干什么?,,,,OCR_MISSING,F1-GMS-0201C 00:34.45-00:36.04
209,1,201,孩子们在干什么?,他们在看电视。,,,,OCR_MISSING,F1-GMS-0201C 00:38.54-00:39.93
210,1,201,他们在看电视。,他要去哪儿?,,,,OCR_MISSING,F1-GMS-0201C 00:42.36-00:43.52
211,1,201,他要去哪儿?,你在等谁?,,,,OCR_MISSING,F1-GMS-0201C 00:46.11-00:47.26
212,1,201,你在等谁?,你在等约翰吗?,,,,LOW_CONF;OCR_MISSING,F1-GMS-0201C 00:50.08-00:51.52
213,1,201,你在等约翰吗?,你现在要走了吗?,,,,LOW_CONF;OCR_MISSING,F1-GMS-0201C 00:54.69-00:56.17
214,1,201,你现在要走了吗?,"是的,我要走了。",,,,OCR_MISSING,F1-GMS-0201C 00:59.02-01:00.86
215,1,201,"是的,我要走了。",克里斯今天上班吗?,,,,LOW_CONF;OCR_MISSING,F1-GMS-0201C 01:04.03-01:05.96
216,1,201,克里斯今天上班吗?,"不用,他今天不上班。",,,,LOW_CONF;OCR_MISSING,F1-GMS-0201C 01:08.96-01:10.91
217,1,201,"不用,他今天不上班。",出太阳了吗?,,,,LOW_CONF;OCR_MISSING,F1-GMS-0201C 01:13.90-01:15.14
218,1,201,出太阳了吗?,"是的,出太阳了。",,,,OCR_MISSING,F1-GMS-0201C 01:18.06-01:19.82
219,1,201,"是的,出太阳了。",你朋友住在酒店吗?,,,,LOW_CONF;OCR_MISSING,F1-GMS-0201C 01:22.67-01:24.49
220,1,201,你朋友住在酒店吗?,"不,他们跟我一起住。",,,,OCR_MISSING,F1-GMS-0201C 01:27.37-01:29.26
221,1,201,"不,他们跟我一起住。",你在看电视吗?,,,,LOW_CONF;OCR_MISSING,F1-GMS-0201C 01:32.35-01:33.72
222,1,201,你在看电视吗?,"我没看,你可以把它关了。",,,,OCR_MISSING,F1-GMS-0201C 01:36.66-01:38.76
223,1,201,"我没看,你可以把它关了。",你要走了吗?,,,,LOW_CONF;OCR_MISSING,F1-GMS-0201C 01:41.75-01:42.96
224,1,201,你要走了吗?,"嗯,我要走了,明天见。",,,,LOW_CONF;OCR_MISSING,F1-GMS-0201C 01:45.96-01:47.89
225,1,201,"嗯,我要走了,明天见。",外面在下雨吗?,,,,LOW_CONF;OCR_MISSING,F1-GMS-0201C 01:50.90-01:52.37
226,1,201,外面在下雨吗?,"没有,现在没下。",,,,OCR_MISSING,F1-GMS-0201C 01:55.23-01:56.85
227,1,201,"没有,现在没下。",你喜欢这部电影吗?,,,,LOW_CONF;OCR_MISSING,F1-GMS-0201C 01:59.77-02:01.50
228,1,201,你喜欢这部电影吗?,"喜欢,非常有趣。",,,,OCR_MISSING,F1-GMS-0201C 02:04.37-02:06.27
229,1,201,喜欢非常有趣。,这只鸟走吗?,,,,OCR_MISSING,F1-GMS-0201C 02:09.16-02:10.46
230,1,201,这只鸟走吗?,"不,它坏了。",,,,OCR_MISSING,F1-GMS-0201C 02:13.34-02:14.68
231,1,201,"Bu, ta huai la.",你在懂公车吗?,,,,LOW_CONF;OCR_MISSING,F1-GMS-0201C 02:17.60-02:18.97
232,1,201,你在懂公车吗?,"不是,我在等出租车。",,,,OCR_MISSING,F1-GMS-0201C 02:21.91-02:23.77
233,1,201,"不是,我在等出租车。",你在看什么书?,,,,LOW_CONF;OCR_MISSING,F1-GMS-0201C 02:26.44-02:27.78
234,1,201,你在看什么书?,他要去哪儿?,,,,LOW_CONF;OCR_MISSING,F1-GMS-0201C 02:30.53-02:31.67
235,1,201,他要去哪儿?,你在吃什么?,,,,LOW_CONF;OCR_MISSING,F1-GMS-0201C 02:34.58-02:35.78
236,1,201,你在吃什么?,你为什么哭?,,,,OCR_MISSING,F1-GMS-0201C 02:38.59-02:39.86
237,1,201,你为什么哭? Why are you crying?,他们在看什么?,,,,OCR_MISSING,F1-GMS-0201C 02:42.50-02:43.88
238,1,201,他们在看什么?,他为什么笑?,,,,OCR_MISSING,F1-GMS-0201C 02:46.61-02:47.80
239,1,201,他为什么笑? Why is he laughing?,你在听吗?,,,,LOW_CONF;OCR_MISSING,F1-GMS-0201C 02:50.61-02:51.73
240,1,201,你在听吗?,你朋友要去哪儿?,,,,LOW_CONF;OCR_MISSING,F1-GMS-0201C 02:54.83-02:56.21
241,1,201,你朋友要去哪儿?,你的父母在看电视吗?,,,,LOW_CONF;OCR_MISSING,F1-GMS-0201C 02:59.30-03:01.16
242,1,201,你的父母在看电视吗?,克莱尔在做什么菜?,,,,OCR_MISSING,F1-GMS-0201C 03:04.44-03:06.05
243,1,201,What is Koehler cooking?,你干嘛看着我?,,,,LOW_CONF;OCR_MISSING,F1-GMS-0201C 03:09.19-03:10.54
244,1,201,你干嘛看着我?,公车要来了吗?,,,,OCR_MISSING,F1-GMS-0201C 03:13.59-03:15.04
245,1,201,公车要来了吗?,你在看电视吗?,,,,LOW_CONF;OCR_MISSING,F1-GMS-0201C 03:17.97-03:19.36
246,1,201,你在看电视吗?,"没有,我没看。",,,,OCR_MISSING,F1-GMS-0201C 03:21.96-03:23.35
247,1,201,"没有,我没看。",你戴手表了吗?,,,,LOW_CONF;OCR_MISSING,F1-GMS-0201C 03:26.28-03:27.73
248,1,201,你戴手表了吗?,我没代表。,,,,LOW_CONF;OCR_MISSING,F1-GMS-0201C 03:30.83-03:32.13
249,1,201,我没代表,他在吃东西吗?,,,,LOW_CONF;OCR_MISSING,F1-GMS-0201C 03:35.26-03:36.68
250,1,201,他在吃东西吗?,"没有,他没在吃。",,,,OCR_MISSING,F1-GMS-0201C 03:39.84-03:41.60
251,1,251,Is it raining?,外面下雨了吗?,,,,OCR_MISSING,F1-GMS-0251C 00:07.07-00:08.52
252,1,251,"No, it isn't.",没下,,,,OCR_MISSING;DURATION_CHECK,F1-GMS-0251C 00:11.25-00:12.12
253,1,251,Are you sitting on the floor?,你坐在地上吗?,,,,LOW_CONF;OCR_MISSING,F1-GMS-0251C 00:15.26-00:16.73
254,1,251,"Yes, I am.","对,我坐在地上。",,,,OCR_MISSING,F1-GMS-0251C 00:19.48-00:21.10
255,1,251,Are you feeling all right?,你还好吗?,,,,LOW_CONF;OCR_MISSING,F1-GMS-0251C 00:23.89-00:24.93
256,1,251,"No, I'm not.",我不太好。,,,,OCR_MISSING,F1-GMS-0251C 00:27.79-00:28.91
257,1,251,They're looking at their books.,他们在看书。,,,,LOW_CONF;OCR_MISSING,F1-GMS-0251C 00:31.86-00:33.20
258,1,251,They read a lot.,他们读了很多书。,,,,OCR_MISSING,F1-GMS-0251C 00:36.15-00:37.82
259,1,251,He's eating ice cream.,他在吃冰激凌。,,,,OCR_MISSING,F1-GMS-0251C 00:40.66-00:41.96
260,1,251,He likes ice cream.,他喜欢吃冰激凌。,,,,LOW_CONF;OCR_MISSING,F1-GMS-0251C 00:44.88-00:46.31
261,1,251,I work in an office.,我在办公室工作。,,,,LOW_CONF;OCR_MISSING,F1-GMS-0251C 00:49.16-00:50.78
262,1,251,My brother works in a bank.,我弟弟在银行工作。,,,,OCR_MISSING,F1-GMS-0251C 00:53.80-00:55.79
263,1,251,She lives in New York.,他住在纽约。,,,,OCR_MISSING,F1-GMS-0251C 00:58.62-00:59.93
264,1,251,Her parents live in Chicago.,他的父母住在芝加哥。,,,,OCR_MISSING,F1-GMS-0251C 01:02.64-01:05.03
265,1,251,It rains a lot in the winter.,冬天经常下雨。,,,,OCR_MISSING,F1-GMS-0251C 01:07.43-01:09.12
266,1,251,Mike has lunch at home every day.,迈克每天在家吃午饭。,,,,OCR_MISSING,F1-GMS-0251C 01:11.80-01:14.11
267,1,251,I like big cities.,我喜欢大城市。,,,,OCR_MISSING,F1-GMS-0251C 01:16.87-01:18.34
268,1,251,Your English is good.,你的英语很好。,,,,LOW_CONF;OCR_MISSING,F1-GMS-0251C 01:21.08-01:22.52
269,1,251,You speak English very well.,你英语说得很好。,,,,OCR_MISSING,F1-GMS-0251C 01:25.26-01:26.86
270,1,251,Minoru works very hard.,人工作很努力。,,,,OCR_MISSING,F1-GMS-0251C 01:29.64-01:31.34
271,1,251,He starts at 7.30.,他7点半开始。,,,,OCR_MISSING,F1-GMS-0251C 01:34.14-01:35.79
272,1,251,And he finishes at 8 o'clock at night.,他晚上8点结束。,,,,OCR_MISSING,F1-GMS-0251C 01:38.88-01:40.71
273,1,251,The earth goes around the sun.,地球绕着太阳转。,,,,OCR_MISSING,F1-GMS-0251C 01:43.82-01:45.63
274,1,251,We do a lot of different things in our free time.,"闲暇时,我们会做很多不同的事。",,,,OCR_MISSING,F1-GMS-0251C 01:48.69-01:51.44
275,1,251,It costs a lot of money.,这得花好多钱。,,,,OCR_MISSING,F1-GMS-0251C 01:54.49-01:56.04
276,1,251,She always goes to work early.,他总是很早去工作。,,,,LOW_CONF;OCR_MISSING,F1-GMS-0251C 01:59.31-02:01.24
277,1,251,She always gets to work early.,他总是提早到公司。,,,,OCR_MISSING,F1-GMS-0251C 02:04.22-02:06.07
278,1,251,We often sleep late on weekends.,周末我们都睡很晚。,,,,OCR_MISSING,F1-GMS-0251C 02:09.05-02:10.92
279,1,251,Megumi usually plays tennis on Sundays.,惠美通常星期天打网球。,,,,LOW_CONF;OCR_MISSING,F1-GMS-0251C 02:14.01-02:16.45
280,1,251,"I sometimes walk to work, but not often.","我有时走路上班,但不经常。",,,,OCR_MISSING,F1-GMS-0251C 02:19.59-02:22.49
281,1,251,"She reads,",他看书。,,,,OCR_MISSING;DURATION_CHECK,F1-GMS-0251C 02:25.34-02:26.28
282,1,251,He thinks.,他思考。,,,,OCR_MISSING,F1-GMS-0251C 02:29.02-02:30.15
283,1,251,It flies.,他会飞。,,,,OCR_MISSING,F1-GMS-0251C 02:32.84-02:33.88
284,1,251,He dances.,他跳舞。,,,,OCR_MISSING,F1-GMS-0251C 02:36.68-02:37.87
285,1,251,She has.,他有,,,,OCR_MISSING;DURATION_CHECK,F1-GMS-0251C 02:40.68-02:41.50
286,1,251,It finishes.,他完成。,,,,OCR_MISSING,F1-GMS-0251C 02:44.49-02:45.56
287,1,251,He plays the piano.,他弹钢琴,,,,OCR_MISSING,F1-GMS-0251C 02:48.60-02:49.88
288,1,251,They live in a very big house.,他们住在一个非常大的房子里。,,,,OCR_MISSING,F1-GMS-0251C 02:52.78-02:55.43
289,1,251,She eats a lot of fruit.,他吃很多水果。,,,,OCR_MISSING,F1-GMS-0251C 02:58.38-02:59.94
290,1,251,He plays tennis.,他打网球,,,,OCR_MISSING,F1-GMS-0251C 03:02.97-03:04.10
291,1,251,We go to the movies a lot.,我们经常去电影院看电影。,,,,LOW_CONF;OCR_MISSING,F1-GMS-0251C 03:07.11-03:09.26
292,1,251,He sleeps seven hours a night.,他每晚睡七个小时。,,,,OCR_MISSING,F1-GMS-0251C 03:12.47-03:14.68
293,1,251,She speaks four languages.,他说四种语言。,,,,OCR_MISSING,F1-GMS-0251C 03:17.82-03:19.54
294,1,251,Banks usually open at 9 in the morning.,银行通常早上9点开门。,,,,OCR_MISSING,F1-GMS-0251C 03:23.13-03:25.57
295,1,251,The museum closes at 5 in the afternoon.,博物馆下午5点关门,,,,OCR_MISSING,F1-GMS-0251C 03:28.77-03:30.97
296,1,251,She's a teacher. She teaches math to children.,"他是老师,他教小朋友数学。",,,,OCR_MISSING,F1-GMS-0251C 03:34.32-03:37.65
297,1,251,My job's very interesting. I meet a lot of people.,"我的工作非常有趣,我可以见到很多人。",,,,OCR_MISSING,F1-GMS-0251C 03:40.51-03:44.52
298,1,251,His car is always dirty. He never cleans it.,"他的车总是很脏,他从来不打扫。",,,,OCR_MISSING,F1-GMS-0251C 03:47.80-03:50.95
299,1,251,Food's expensive. It costs a lot of money.,"食物很贵,要花好多钱。",,,,OCR_MISSING,F1-GMS-0251C 03:54.01-03:56.60
300,1,251,Shoes are expensive. They cost a lot of money.,"鞋很贵,要花好多钱。",,,,OCR_MISSING,F1-GMS-0251C 03:59.48-04:01.90
301,1,301,Water boils at 100 degrees Celsius.,水在摄氏100度沸腾。,,,,OCR_MISSING,F1-GMS-0301C 00:07.02-00:09.58
302,1,301,We're good friends. I like her and she likes me.,"我们是好朋友,我喜欢他,他也喜欢我。",,,,OCR_MISSING,F1-GMS-0301C 00:12.15-00:15.45
303,1,301,She always arrives early.,他总是早到。,,,,OCR_MISSING,F1-GMS-0301C 00:18.15-00:19.57
304,1,301,I never go to the movies alone.,我从来不一个人去电影院看电影。,,,,OCR_MISSING,F1-GMS-0301C 00:22.23-00:24.84
305,1,301,She always works hard.,他一直努力工作。,,,,LOW_CONF;OCR_MISSING,F1-GMS-0301C 00:27.60-00:29.36
306,1,301,Children usually like chocolate.,孩子们大都喜欢吃巧克力。,,,,OCR_MISSING,F1-GMS-0301C 00:32.04-00:34.32
307,1,301,She always enjoys parties.,他总是很享受聚会。,,,,OCR_MISSING,F1-GMS-0301C 00:37.02-00:38.98
308,1,301,I often forget people's names.,我经常忘记别人的名字。,,,,OCR_MISSING,F1-GMS-0301C 00:41.63-00:43.79
309,1,301,He never watches TV.,他从来不看电视。,,,,OCR_MISSING,F1-GMS-0301C 00:46.41-00:47.97
310,1,301,We usually have dinner at 6.30.,我们通常6点半吃晚饭。,,,,OCR_MISSING,F1-GMS-0301C 00:50.64-00:52.75
311,1,301,She always wears nice clothes.,他总是穿漂亮的衣服。,,,,OCR_MISSING,F1-GMS-0301C 00:55.48-00:57.49
312,1,301,I usually watch TV in the evening.,"我经常晚上看电视,",,,,OCR_MISSING,F1-GMS-0301C 01:00.10-01:01.98
313,1,301,I never read in bed.,我从不在床上看书。,,,,OCR_MISSING,F1-GMS-0301C 01:04.69-01:06.48
314,1,301,I often get up before 7.,我一般7点前起床。,,,,OCR_MISSING,F1-GMS-0301C 01:09.38-01:11.45
315,1,301,I always go to work by bus.,我都是坐公共汽车上班。,,,,OCR_MISSING,F1-GMS-0301C 01:14.29-01:16.48
316,1,301,I usually go to school by bus.,我通常坐公共汽车上学。,,,,OCR_MISSING,F1-GMS-0301C 01:19.26-01:21.68
317,1,301,I always drink coffee in the morning.,我一直都在早上喝咖啡。,,,,OCR_MISSING,F1-GMS-0301C 01:24.33-01:26.57
318,1,301,She doesn't drink coffee.,他不喝咖啡。,,,,LOW_CONF;OCR_MISSING,F1-GMS-0301C 01:29.39-01:30.70
319,1,301,He doesn't like his job.,他不喜欢她的工作。,,,,OCR_MISSING,F1-GMS-0301C 01:33.52-01:35.25
320,1,301,"I drink coffee, but I don't drink tea.","我喝咖啡,但我不喝茶。",,,,OCR_MISSING,F1-GMS-0301C 01:38.11-01:40.44
321,1,301,"She drinks tea, but she doesn't drink coffee.","他喝茶,但他不喝咖啡。",,,,OCR_MISSING,F1-GMS-0301C 01:43.30-01:45.61
322,1,301,You don't work very hard.,你没有努力工作。,,,,OCR_MISSING,F1-GMS-0301C 01:48.48-01:50.21
323,1,301,We don't watch TV very often.,我们不经常看电视。,,,,OCR_MISSING,F1-GMS-0301C 01:53.11-01:54.90
324,1,301,The weather is usually nice.,天气通常都不错。,,,,OCR_MISSING,F1-GMS-0301C 01:57.61-01:59.42
325,1,301,It doesn't rain very often.,这里不会经常下雨。,,,,OCR_MISSING,F1-GMS-0301C 02:02.27-02:04.23
326,1,301,They don't know many people.,他们认识的人不多。,,,,OCR_MISSING,F1-GMS-0301C 02:07.15-02:08.91
327,1,301,They don't have many friends.,他们的朋友不多。,,,,OCR_MISSING,F1-GMS-0301C 02:11.72-02:13.29
328,1,301,I don't like football.,我不喜欢足球。,,,,OCR_MISSING,F1-GMS-0301C 02:15.91-02:17.48
329,1,301,He doesn't like football.,他不喜欢足球。,,,,OCR_MISSING,F1-GMS-0301C 02:20.10-02:21.64
330,1,301,"I don't like him, and he doesn't like me.","我不喜欢他,他也不喜欢我。",,,,OCR_MISSING,F1-GMS-0301C 02:24.43-02:27.03
331,1,301,My car doesn't use much gas.,我的车不怎么耗油。,,,,OCR_MISSING,F1-GMS-0301C 02:29.90-02:31.67
332,1,301,"Sometimes he's late, but not often.","有时候他会迟到,但不是很经常。",,,,OCR_MISSING,F1-GMS-0301C 02:34.48-02:37.67
333,1,301,I don't like to wash the car.,我不喜欢洗车。,,,,LOW_CONF;OCR_MISSING,F1-GMS-0301C 02:40.60-02:42.23
334,1,301,I don't do it very often.,我不会经常这么做。,,,,LOW_CONF;OCR_MISSING,F1-GMS-0301C 02:44.88-02:46.59
335,1,301,"She speaks Spanish, but she doesn't speak Italian.","他说西班牙语,但他不会说意大利语。",,,,OCR_MISSING,F1-GMS-0301C 02:49.23-02:53.14
336,1,301,He doesn't do his job very well.,他的工作做得不是太好。,,,,OCR_MISSING,F1-GMS-0301C 02:56.04-02:58.35
337,1,301,She doesn't usually have breakfast.,他经常不吃早餐。,,,,OCR_MISSING,F1-GMS-0301C 03:01.10-03:02.96
338,1,301,I don't play the piano very well.,我钢琴弹得不是很好。,,,,OCR_MISSING,F1-GMS-0301C 03:05.56-03:07.49
339,1,301,She doesn't play the piano very well.,他钢琴弹得不是很好。,,,,OCR_MISSING,F1-GMS-0301C 03:10.22-03:12.14
340,1,301,They don't know my phone number.,他们不知道我的电话号码。,,,,LOW_CONF;OCR_MISSING,F1-GMS-0301C 03:14.94-03:16.92
341,1,301,We don't work very hard.,我们没有非常努力的工作。,,,,OCR_MISSING,F1-GMS-0301C 03:19.60-03:21.85
342,1,301,David doesn't have a car.,大卫没有车,,,,OCR_MISSING,F1-GMS-0301C 03:24.55-03:25.85
343,1,301,You don't do the same thing every day.,你不会每天做同样的事。,,,,OCR_MISSING,F1-GMS-0301C 03:28.39-03:30.44
344,1,301,They like classical music.,他们喜欢古典音乐。,,,,OCR_MISSING,F1-GMS-0301C 03:33.29-03:35.14
345,1,301,She doesn't like jazz music.,他不喜欢爵士乐。,,,,LOW_CONF;OCR_MISSING,F1-GMS-0301C 03:37.79-03:39.51
346,1,301,I like rock and roll music.,我喜欢摇滚乐。,,,,LOW_CONF;OCR_MISSING,F1-GMS-0301C 03:42.26-03:43.63
347,1,301,They don't like boxing.,他们不喜欢拳击。,,,,OCR_MISSING,F1-GMS-0301C 03:46.29-03:47.91
348,1,301,She doesn't like baseball.,他不喜欢棒球。,,,,OCR_MISSING,F1-GMS-0301C 03:50.68-03:52.32
349,1,301,I like tennis.,我喜欢网球。,,,,LOW_CONF;OCR_MISSING,F1-GMS-0301C 03:55.05-03:56.46
350,1,301,They like horror movies.,他们喜欢恐怖片。,,,,OCR_MISSING,F1-GMS-0301C 03:59.31-04:00.80
351,1,351,She doesn't like action movies.,他不喜欢动作片。,,,,OCR_MISSING,F1-GMS-0351C 00:07.00-00:08.56
352,1,351,I like romantic movies.,我喜欢浪漫爱情片。,,,,OCR_MISSING,F1-GMS-0351C 00:11.40-00:13.30
353,1,351,I never watch TV.,我从来不看电视。,,,,LOW_CONF;OCR_MISSING,F1-GMS-0351C 00:16.01-00:17.70
354,1,351,I don't watch TV very often.,我不怎么看电视。,,,,OCR_MISSING,F1-GMS-0351C 00:20.49-00:22.03
355,1,351,I don't like to go to bars very often.,我不喜欢经常去酒吧。,,,,OCR_MISSING,F1-GMS-0351C 00:24.89-00:26.74
356,1,351,She likes to ride her bicycle every day.,他喜欢每天骑自行车。,,,,OCR_MISSING,F1-GMS-0351C 00:29.42-00:31.34
357,1,351,They always like to eat in restaurants.,他们总是喜欢去餐厅吃饭。,,,,OCR_MISSING,F1-GMS-0351C 00:34.09-00:36.27
358,1,351,I never liked to travel by train.,我从来不喜欢坐火车旅行。,,,,LOW_CONF;OCR_MISSING,F1-GMS-0351C 00:39.13-00:41.46
359,1,351,"I get the news every day, but sometimes I don't read it.","我每天收到新闻,但有时我不会看。",,,,OCR_MISSING,F1-GMS-0351C 00:44.39-00:47.19
360,1,351,"He has a car, but he doesn't use it very often.","他有车,但不常开。",,,,OCR_MISSING,F1-GMS-0351C 00:50.23-00:52.17
361,1,351,"His friends like the movies, but they usually watch movies at home.","他的朋友们喜欢看电影,但他们通常在家看。",,,,OCR_MISSING,F1-GMS-0351C 00:54.90-00:58.61
362,1,351,"She's married, but she doesn't wear a ring.","她结婚了,但是她没带钻戒。",,,,OCR_MISSING,F1-GMS-0351C 01:01.35-01:04.21
363,1,351,I don't know much about politics. I'm not interested in it.,"我对政治知道的不多,我对它不感兴趣。",,,,OCR_MISSING,F1-GMS-0351C 01:06.98-01:10.85
364,1,351,This hotel isn't expensive. It doesn't cost much to stay there.,"这个酒店不贵,住这儿花不了多少钱。",,,,OCR_MISSING,F1-GMS-0351C 01:13.62-01:16.60
365,1,351,"He lives near us, but we don't see him very often.","他住我们附近,但我们不常见到他。",,,,OCR_MISSING,F1-GMS-0351C 01:19.43-01:22.81
366,1,351,She speaks four languages.,他说四种语言。,,,,OCR_MISSING,F1-GMS-0351C 01:25.53-01:27.08
367,1,351,I don't like my job. It's very boring.,"我不喜欢我的工作,非常无聊。",,,,OCR_MISSING,F1-GMS-0351C 01:29.55-01:32.35
368,1,351,"I'm sorry, I don't know.","他在哪儿?不好意思,我不知道。",,,,OCR_MISSING,F1-GMS-0351C 01:35.01-01:37.64
369,1,351,She's a very quiet person. She doesn't talk very much.,"他是个非常安静的人,他话不多。",,,,OCR_MISSING,F1-GMS-0351C 01:40.38-01:43.22
370,1,351,He drinks a lot of coffee. It's his favorite drink.,"他喝很多咖啡,那是他最喜欢的饮料。",,,,OCR_MISSING,F1-GMS-0351C 01:45.99-01:49.02
371,1,351,It's not true. I don't believe it.,"这不是真的,我不相信。",,,,LOW_CONF;OCR_MISSING,F1-GMS-0351C 01:51.61-01:53.63
372,1,351,That's a very beautiful picture. I like it a lot.,"那幅画非常漂亮,我非常喜欢。",,,,OCR_MISSING,F1-GMS-0351C 01:56.11-01:59.01
373,1,351,He's a vegetarian. He doesn't eat meat.,"他是素食主义者,他不吃肉。",,,,OCR_MISSING,F1-GMS-0351C 02:01.58-02:04.26
374,1,351,Do you work on Sunday?,你星期天上班吗?,,,,LOW_CONF;OCR_MISSING,F1-GMS-0351C 02:06.86-02:08.45
375,1,351,Do your friends live near here?,你的朋友们住在这附近吗?,,,,LOW_CONF;OCR_MISSING,F1-GMS-0351C 02:11.03-02:13.12
376,1,351,Does Emily play tennis?,艾美丽会打网球吗?,,,,LOW_CONF;OCR_MISSING,F1-GMS-0351C 02:15.78-02:17.68
377,1,351,Where do your parents live?,你父母住哪儿?,,,,LOW_CONF;OCR_MISSING,F1-GMS-0351C 02:20.34-02:21.72
378,1,351,How often do you wash your hair?,你多久洗一次头?,,,,OCR_MISSING,F1-GMS-0351C 02:24.23-02:26.16
379,1,351,What does this word mean?,这个词是什么意思?,,,,OCR_MISSING,F1-GMS-0351C 02:29.07-02:30.86
380,1,351,How much does it cost to fly to New York?,飞到纽约要多少钱?,,,,OCR_MISSING,F1-GMS-0351C 02:33.54-02:35.51
381,1,351,Do you always have breakfast?,你平常吃早餐吗?,,,,OCR_MISSING,F1-GMS-0351C 02:38.16-02:39.88
382,1,351,Does Wenjie ever call you?,文杰打过电话给你吗?,,,,OCR_MISSING,F1-GMS-0351C 02:42.57-02:44.66
383,1,351,What do you usually do on weekends?,你周末通常都做些什么?,,,,OCR_MISSING,F1-GMS-0351C 02:47.36-02:49.49
384,1,351,Do they like music?,他们喜欢音乐吗?,,,,LOW_CONF;OCR_MISSING,F1-GMS-0351C 02:52.52-02:54.06
385,1,351,Does he like music?,他喜欢音乐吗?,,,,LOW_CONF;OCR_MISSING,F1-GMS-0351C 02:56.76-02:58.23
386,1,351,Do your parents speak English?,你父母会说英语吗?,,,,OCR_MISSING,F1-GMS-0351C 03:00.97-03:02.89
387,1,351,Does your father work hard?,你爸爸工作努力吗?,,,,OCR_MISSING,F1-GMS-0351C 03:05.73-03:07.61
388,1,351,Does your sister live in Canada?,你妹妹住在加拿大吗?,,,,OCR_MISSING,F1-GMS-0351C 03:10.44-03:12.47
389,1,351,I like chocolate. How about you? Do you like chocolate?,"我喜欢巧克力,你呢?你喜欢巧克力吗?",,,,OCR_MISSING,F1-GMS-0351C 03:15.28-03:18.80
390,1,351,I play tennis. How about you? Do you play tennis?,"我打网球,你呢?你打网球吗?",,,,OCR_MISSING,F1-GMS-0351C 03:21.50-03:24.42
391,1,351,You live near here. How about Fred? Does he live near here?,"你住在这附近,那弗莱德呢?他住这附近吗?",,,,OCR_MISSING,F1-GMS-0351C 03:27.25-03:31.37
392,1,351,Jisang plays tennis. How about his friends? Do they play tennis?,"志祥打网球,那他的朋友呢?他们打网球吗?",,,,OCR_MISSING,F1-GMS-0351C 03:34.19-03:38.04
393,1,351,You speak English. How about your brother? Does he speak English?,"你说英语,那你哥哥呢?他说英语吗?",,,,OCR_MISSING,F1-GMS-0351C 03:40.67-03:43.95
394,1,351,I do yoga every morning. How about you? Do you do yoga every morning?,"我每天早上做瑜伽,你呢?你每天早上做瑜伽吗?",,,,OCR_MISSING,F1-GMS-0351C 03:46.65-03:51.07
395,1,351,Yachin often travels on business. How about Gary? Does he often travel on business?,"雅琴经常出差,那盖瑞呢?他经常出差吗?",,,,OCR_MISSING,F1-GMS-0351C 03:53.71-03:57.98
396,1,351,I want to be famous. How about you? Do you want to be famous?,"我想出名,你呢?你想出名吗?",,,,OCR_MISSING,F1-GMS-0351C 04:00.74-04:03.71
397,1,351,You work hard. How about Huiyun? Does she work hard?,"你工作很努力,那修炎呢?他工作努力吗?",,,,OCR_MISSING,F1-GMS-0351C 04:06.55-04:10.31
398,1,351,Where do your parents live?,你的父母住在哪儿?,,,,OCR_MISSING,F1-GMS-0351C 04:13.08-04:14.71
399,1,351,Do you always get up early?,你平常都很早起吗?,,,,OCR_MISSING,F1-GMS-0351C 04:17.42-04:19.21
400,1,351,How often do you watch TV?,你多久看一次电视?,,,,LOW_CONF;OCR_MISSING,F1-GMS-0351C 04:21.91-04:23.60
401,1,401,The GMS Method. Fluency 1.,你晚饭想吃什么?,,,,OCR_MISSING,F1-GMS-0401C 00:06.99-00:08.67
402,1,401,你晚饭想吃什么?,你喜欢足球吗?,,,,OCR_MISSING,F1-GMS-0401C 00:11.40-00:12.89
403,1,401,你喜欢足球吗?,你弟弟喜欢足球吗?,,,,LOW_CONF;OCR_MISSING,F1-GMS-0401C 00:15.58-00:17.41
404,1,401,你弟弟喜欢足球吗?,你有空的时候做什么?,,,,OCR_MISSING,F1-GMS-0401C 00:19.98-00:21.93
405,1,401,你有空的时候做什么?,你姐姐在哪工作?,,,,OCR_MISSING,F1-GMS-0401C 00:24.66-00:26.42
406,1,401,你姐姐在哪工作?,你去电影院看过电影吗?,,,,LOW_CONF;OCR_MISSING,F1-GMS-0401C 00:29.26-00:31.29
407,1,401,你去电影院看过电影吗?,这个字是什么意思?,,,,OCR_MISSING,F1-GMS-0401C 00:33.88-00:35.77
408,1,401,这个字是什么意思?,这里多久下一次雪?,,,,OCR_MISSING,F1-GMS-0401C 00:38.56-00:40.40
409,1,401,这里多久下一次雪?,你一般几点上床睡觉?,,,,OCR_MISSING,F1-GMS-0401C 00:43.25-00:45.35
410,1,401,你一般几点上床睡觉?,打电话到墨西哥要多少钱?,,,,OCR_MISSING,F1-GMS-0401C 00:48.03-00:50.38
411,1,401,打电话到墨西哥要多少钱?,你早餐都吃什么?,,,,OCR_MISSING,F1-GMS-0401C 00:53.08-00:54.63
412,1,401,你早餐都吃什么?,你总看电视吗? 我没有。,,,,OCR_MISSING,F1-GMS-0401C 00:57.45-01:00.12
413,1,401,"No, I don't.",你住在大城市吗?我不是。,,,,OCR_MISSING,F1-GMS-0401C 01:02.88-01:05.64
414,1,401,Do you live in a big city?,你经常骑自行车吗? 不经常。,,,,OCR_MISSING,F1-GMS-0401C 01:08.36-01:11.51
415,1,401,你住在大城市吗? 我不是。,你住的地方常下雨吗? 下的不多。,,,,OCR_MISSING,F1-GMS-0401C 01:13.76-01:16.98
416,1,401,你经常骑自行车吗? 不经常。,你会弹光琴吗? 我不会。,,,,OCR_MISSING,F1-GMS-0401C 01:19.92-01:22.41
417,1,401,Not much.,志荣正在看电视。,,,,LOW_CONF;OCR_MISSING,F1-GMS-0401C 01:25.25-01:26.76
418,1,401,Do you play the piano?,他没在弹吉他。,,,,LOW_CONF;OCR_MISSING,F1-GMS-0401C 01:29.34-01:31.18
419,1,401,你会弹光琴吗? 我不会。,但芝蓉有一把吉他。,,,,LOW_CONF;OCR_MISSING,F1-GMS-0401C 01:33.70-01:35.35
420,1,401,Zhirong is watching TV.,"他经常弹吉他,而且弹得非常好。",,,,OCR_MISSING,F1-GMS-0401C 01:38.02-01:41.17
421,1,401,他没在弹吉他。,志荣弹吉他,,,,OCR_MISSING,F1-GMS-0401C 01:43.64-01:45.69
422,1,401,Dan Zhirong has a guitar.,但是他现在没有在弹吉他。,,,,OCR_MISSING,F1-GMS-0401C 01:47.70-01:49.83
423,1,401,"他经常弹吉他,而且弹得非常好。","芝蓉在弹吉他吗?不,她没弹。",,,,OCR_MISSING,F1-GMS-0401C 01:52.56-01:55.85
424,1,401,志荣弹吉他,"他会弹吉他吗? 对,他会弹。",,,,OCR_MISSING,F1-GMS-0401C 01:58.62-02:01.87
425,1,401,但是他现在没有在弹吉他。,"请安静,我正在工作。",,,,OCR_MISSING,F1-GMS-0401C 02:04.46-02:06.48
426,1,401,"志荣在弹吉他吗? 不,他没弹。",伊婷正在洗澡。,,,,OCR_MISSING,F1-GMS-0401C 02:09.19-02:10.71
427,1,401,"Yes, he does.","你带把伞,外面在下雨。",,,,OCR_MISSING,F1-GMS-0401C 02:13.63-02:15.79
428,1,401,Please be quiet. I'm working.,"你可以把电视关了,我没看。",,,,OCR_MISSING,F1-GMS-0401C 02:18.67-02:21.02
429,1,401,Eating's taking a shower at the moment.,"你怎么在桌子下面,你在干什么?",,,,OCR_MISSING,F1-GMS-0401C 02:23.83-02:26.38
430,1,401,Take an umbrella with you. It's raining.,我每天九点到五点半上班。,,,,OCR_MISSING,F1-GMS-0401C 02:29.05-02:31.51
431,1,401,You can turn off the TV. I'm not watching it.,霍华德每天早上洗澡,,,,OCR_MISSING,F1-GMS-0401C 02:34.24-02:36.59
432,1,401,Why are you under the table? What are you doing?,冬天经常下雨。,,,,OCR_MISSING,F1-GMS-0401C 02:39.38-02:41.16
433,1,401,I work every day from 9 to 5.30.,我不经常看电视。,,,,LOW_CONF;OCR_MISSING,F1-GMS-0401C 02:44.03-02:45.68
434,1,401,Howard takes a shower every morning.,你周末通常都做什么?,,,,OCR_MISSING,F1-GMS-0401C 02:48.55-02:50.57
435,1,401,It rains a lot in the winter.,你喜欢他吗?,,,,LOW_CONF;OCR_MISSING,F1-GMS-0401C 02:53.53-02:54.76
436,1,401,I don't watch TV very often.,你爱他吗?,,,,LOW_CONF;OCR_MISSING,F1-GMS-0401C 02:57.67-02:58.78
437,1,401,What do you usually do on weekends?,你想知道答案吗?,,,,LOW_CONF;OCR_MISSING,F1-GMS-0401C 03:01.48-03:02.95
438,1,401,Do you like her?,你了解我吗?,,,,OCR_MISSING,F1-GMS-0401C 03:05.84-03:06.98
439,1,401,Do you love her?,你记得那天吗?,,,,LOW_CONF;OCR_MISSING,F1-GMS-0401C 03:09.86-03:11.37
440,1,401,Do you want to know the answer?,听你的。,,,,OCR_MISSING;DURATION_CHECK,F1-GMS-0401C 03:14.36-03:15.25
441,1,401,Do you understand me?,你比较喜欢什么?,,,,LOW_CONF;OCR_MISSING,F1-GMS-0401C 03:17.97-03:19.33
442,1,401,Do you remember that day?,你恨我吗?,,,,LOW_CONF;OCR_MISSING,F1-GMS-0401C 03:22.29-03:23.35
443,1,401,It depends on you.,你需要什么?,,,,OCR_MISSING,F1-GMS-0401C 03:26.02-03:27.29
444,1,401,What do you prefer?,你是什么意思?,,,,LOW_CONF;OCR_MISSING,F1-GMS-0401C 03:30.11-03:31.72
445,1,401,Do you hate me?,你相信我吗?,,,,LOW_CONF;OCR_MISSING,F1-GMS-0401C 03:34.14-03:35.42
446,1,401,What do you need?,我不相信你。,,,,OCR_MISSING,F1-GMS-0401C 03:38.23-03:39.49
447,1,401,What do you mean?,你忘了答案了吗?,,,,OCR_MISSING,F1-GMS-0401C 03:42.21-03:43.85
448,1,401,Do you believe me?,他在拍照吗?,,,,LOW_CONF;OCR_MISSING,F1-GMS-0401C 03:46.83-03:48.17
449,1,401,I don't believe you.,他正在拍照吗?,,,,LOW_CONF;OCR_MISSING,F1-GMS-0401C 03:50.90-03:52.37
450,1,401,Do you forget the answer?,他现在在做什么?,,,,LOW_CONF;OCR_MISSING,F1-GMS-0401C 03:55.27-03:57.31
451,1,451,The GMS Method Fluency 1 English 中文 中文,他在开公共汽车吗?,,,,LOW_CONF;OCR_MISSING,F1-GMS-0451C 00:00.00-00:03.34
452,1,451,他在开公共汽车吗?,他是开公车的吗?,,,,OCR_MISSING;DURATION_CHECK,F1-GMS-0451C 00:03.82-00:04.69
453,1,451,他是开公车的吗?,他现在在做什么?,,,,OCR_MISSING,F1-GMS-0451C 00:07.03-00:08.79
454,1,451,他现在在做什么?,他擦窗户了吗?,,,,OCR_MISSING,F1-GMS-0451C 00:11.95-00:13.54
455,1,451,他擦窗户了吗?,他正在擦窗户吗?,,,,LOW_CONF;OCR_MISSING,F1-GMS-0451C 00:16.37-00:17.74
456,1,451,他正在擦窗户吗?,他现在在干什么?,,,,LOW_CONF;OCR_MISSING,F1-GMS-0451C 00:20.46-00:21.97
457,1,451,他现在在干什么?,他们正在上课吗?,,,,LOW_CONF;OCR_MISSING,F1-GMS-0451C 00:24.79-00:26.33
458,1,451,他们正在上课吗?,他们教书吗?,,,,OCR_MISSING,F1-GMS-0451C 00:29.12-00:30.54
459,1,451,Are they teaching?,他们从事什么工作?,,,,EN_LOW_CONF;OCR_MISSING,F1-GMS-0451C 00:33.36-00:34.86
460,1,451,他们从事什么工作?,"不好意思,你会说英语吗?",,,,LOW_CONF;OCR_MISSING,F1-GMS-0451C 00:37.76-00:38.99
461,1,451,"Sorry, can you speak English?",凯莉在哪儿?我不知道。,,,,OCR_MISSING,F1-GMS-0451C 00:41.87-00:43.52
462,1,451,凯莉在哪儿?我不知道。,"什么这么好笑,你为什么笑?",,,,LOW_CONF;OCR_MISSING,F1-GMS-0451C 00:46.32-00:48.48
463,1,451,什么这么好笑?你为什么笑?,你姐姐做什么工作的? 她是牙医。,,,,OCR_MISSING,F1-GMS-0451C 00:51.45-00:53.74
464,1,451,你姐姐做什么工作的? 她是牙医。,"外面下雨了,我不想雨天出门。",,,,OCR_MISSING,F1-GMS-0451C 00:56.88-00:59.29
465,1,451,"外面下雨了,我不想雨天出门。",你来自哪里?,,,,OCR_MISSING,F1-GMS-0451C 01:02.27-01:05.60
466,1,451,你来自哪里?,寄包裹到加拿大要多少钱?,,,,LOW_CONF;OCR_MISSING,F1-GMS-0451C 01:08.63-01:11.40
467,1,451,寄包裹到加拿大要多少钱?,"他是网球高手,但是他不经常打。",,,,OCR_MISSING,F1-GMS-0451C 01:14.11-01:15.28
468,1,451,"他是网球高手,但是他不经常打。",二郎在哪儿?他在洗澡。,,,,LOW_CONF;OCR_MISSING,F1-GMS-0451C 01:18.42-01:20.74
469,1,451,二郎在哪儿?他在洗澡。,我很少看电视。,,,,OCR_MISSING,F1-GMS-0451C 01:23.78-01:26.83
470,1,451,我很少看电视。,有人在唱歌。,,,,OCR_MISSING,F1-GMS-0451C 01:29.47-01:31.87
471,1,451,有人在唱歌。,"蠢子累了,他想现在回家。",,,,OCR_MISSING,F1-GMS-0451C 01:34.99-01:36.53
472,1,451,"蠢子累了,他想现在回家。",你多久看一次新闻?,,,,OCR_MISSING,F1-GMS-0451C 01:39.36-01:40.52
473,1,451,你多久看一次新闻?,"不好意思,这是我的位子,对不起。",,,,OCR_MISSING,F1-GMS-0451C 01:43.45-01:45.94
474,1,451,I'm sorry.,"不好意思,我没听懂,你可以说慢一点吗?",,,,OCR_MISSING,F1-GMS-0451C 01:48.80-01:50.60
475,1,451,"I'm sorry, I don't understand. Can you speak more slowly?","很晚了,我现在要回家了,你要跟我一起吗?",,,,OCR_MISSING,F1-GMS-0451C 01:53.48-01:55.48
476,1,451,It's late. I'm going home now. Are you coming with me?,你爸每天几点下班?,,,,LOW_CONF;OCR_MISSING;DURATION_CHECK,F1-GMS-0451C 01:55.94-01:56.71
477,1,451,What time does your father finish work every day?,"你可以把音乐关了,我没在听。",,,,OCR_MISSING,F1-GMS-0451C 01:59.58-02:02.67
478,1,451,You can turn the music off. I'm not listening to it.,他正在厨房做饭。,,,,OCR_MISSING,F1-GMS-0451C 02:06.00-02:09.62
479,1,451,He's in the kitchen cooking something.,"杰克不经常开车上班,他都走路去。",,,,OCR_MISSING,F1-GMS-0451C 02:12.58-02:14.29
480,1,451,Jack doesn't usually drive to work. He usually walks.,"露西不喜欢咖啡,她更喜欢茶。",,,,OCR_MISSING,F1-GMS-0451C 02:17.25-02:19.72
481,1,451,Lucy doesn't like coffee. She prefers tea.,我的眼睛是蓝色的。,,,,OCR_MISSING,F1-GMS-0451C 02:22.85-02:24.57
482,1,451,I have blue eyes. I've got blue eyes.,加尼斯有两个姐妹。,,,,OCR_MISSING,F1-GMS-0451C 02:27.56-02:31.04
483,1,451,Ganesh has two sisters. Ganesh has got two sisters.,我们的车有四个门。,,,,OCR_MISSING,F1-GMS-0451C 02:34.16-02:36.97
484,1,451,Our car has four doors. Our car's got four doors.,"他不舒服,他头疼。",,,,OCR_MISSING,F1-GMS-0451C 02:39.99-02:41.74
485,1,451,She isn't feeling well. She has a headache. She's got a headache.,"他们喜欢动物,他们有一匹马,三只狗,还有六只猫,他们有很多动物。",,,,OCR_MISSING,F1-GMS-0451C 02:44.82-02:46.78
486,1,451,"They like animals. They have a horse, three dogs, and six cats. They've got a lot of animals.","我有自行车,但是没有汽车。",,,,OCR_MISSING,F1-GMS-0451C 02:49.71-02:51.30
487,1,451,"I have a bike, but I don't have a car. I've got a bike, but I haven't got a car.",他们没有孩子。,,,,LOW_CONF;OCR_MISSING,F1-GMS-0451C 02:54.38-02:56.29
488,1,451,They don't have any children. They haven't got any children.,"这房子不错,但是没有车库。",,,,OCR_MISSING,F1-GMS-0451C 02:59.55-03:04.82
489,1,451,"It's a nice house, but it doesn't have a garage. It hasn't got a garage.",丽拉没有工作。,,,,OCR_MISSING,F1-GMS-0451C 03:05.27-03:06.73
490,1,451,Lila doesn't have a job. Lila hasn't got a job.,你的手机可以拍照吗?,,,,LOW_CONF;OCR_MISSING,F1-GMS-0451C 03:09.80-03:12.27
491,1,451,Does your phone have a camera?,你可有车吗?,,,,OCR_MISSING,F1-GMS-0451C 03:15.32-03:16.65
492,1,451,Does Nicole have a car? Has Nicole got a car?,他开什么车?,,,,OCR_MISSING,F1-GMS-0451C 03:20.04-03:22.68
493,1,451,What kind of car does she have?,你包里有什么?,,,,OCR_MISSING,F1-GMS-0451C 03:26.00-03:27.60
494,1,451,他开什么车?,你有相机吗? 我没有。,,,,OCR_MISSING,F1-GMS-0451C 03:30.55-03:32.45
495,1,451,你包里有什么?,你有相机吗? 我没有。,,,,OCR_MISSING,F1-GMS-0451C 03:35.01-03:36.30
496,1,451,你有相机吗? 我没有。,"他有车吗? 不,他没车。",,,,OCR_MISSING,F1-GMS-0451C 03:38.86-03:40.03
497,1,451,Nǐ yǒu xiàng jī ma? Wǒ méi yǒu.,"问问他有没有电脑。 有,他有电脑。",,,,OCR_MISSING,F1-GMS-0451C 03:42.54-03:43.86
498,1,451,"No, he doesn't have a car.","问问他有没有养狗。 没有,他没养狗。",,,,OCR_MISSING,F1-GMS-0451C 03:46.50-03:48.65
499,1,451,Ask if he has a computer.,"问问他有没有智能手机? 没有,他没有智能手机。",,,,OCR_MISSING,F1-GMS-0451C 03:51.42-03:53.59
500,1,451,"问问他有没有电脑。 有,他有电脑。","问问他有没有手表。 有,他有手表。",,,,OCR_MISSING,F1-GMS-0451C 03:56.35-03:57.47
501,1,501,"Ask if he has any brothers or sisters. Yes, he's got a brother and two sisters.","问问他有没有兄弟姐妹,有,他有一个哥哥和两个姐姐。",,,,OCR_MISSING,F1-GMS-0501C 00:06.92-00:11.96
502,1,501,I don't have a computer.,我没有电脑。,,,,OCR_MISSING,F1-GMS-0501C 00:14.55-00:16.00
503,1,501,You don't have a dog.,你没有养狗,,,,OCR_MISSING,F1-GMS-0501C 00:18.56-00:19.98
504,1,501,She doesn't have a bike.,他没有自行车。,,,,LOW_CONF;OCR_MISSING,F1-GMS-0501C 00:22.57-00:24.07
505,1,501,He has several brothers and sisters.,他有好几个兄弟姐妹。,,,,OCR_MISSING,F1-GMS-0501C 00:26.57-00:28.67
506,1,501,They have two children.,他们有两个孩子。,,,,OCR_MISSING,F1-GMS-0501C 00:31.24-00:32.80
507,1,501,She doesn't have a key.,他没有钥匙。,,,,LOW_CONF;OCR_MISSING,F1-GMS-0501C 00:35.47-00:36.79
508,1,501,He has a new job.,他有了份新工作。,,,,OCR_MISSING,F1-GMS-0501C 00:39.47-00:41.45
509,1,501,They don't have much money.,他们没多少钱。,,,,OCR_MISSING,F1-GMS-0501C 00:44.05-00:45.63
510,1,501,Do you have an umbrella?,你有雨伞吗?,,,,OCR_MISSING,F1-GMS-0501C 00:48.14-00:49.58
511,1,501,We have a lot of work to do.,我们有很多工作要做。,,,,OCR_MISSING,F1-GMS-0501C 00:52.09-00:54.28
512,1,501,I don't have your phone number.,我没有你电话号码。,,,,OCR_MISSING,F1-GMS-0501C 00:56.88-00:58.61
513,1,501,Does your father have a car?,你爸有车吗?,,,,OCR_MISSING,F1-GMS-0501C 01:01.26-01:02.69
514,1,501,How much money do you have with you?,你身上有多少钱?,,,,LOW_CONF;OCR_MISSING,F1-GMS-0501C 01:05.39-01:07.02
515,1,501,She doesn't have a car. She goes everywhere by bicycle.,"他没车,他去哪儿都骑自行车。",,,,OCR_MISSING,F1-GMS-0501C 01:09.59-01:12.66
516,1,501,They like animals. They have three dogs and two cats.,"他们喜欢动物,他们有三只狗和两只猫。",,,,OCR_MISSING,F1-GMS-0501C 01:15.26-01:18.94
517,1,501,Fahim isn't happy. He's got a lot of problems.,"法西姆不开心,他有很多问题。",,,,OCR_MISSING,F1-GMS-0501C 01:21.51-01:24.15
518,1,501,They don't read much. They don't have many books.,"他们看书不多,他们没有很多书。",,,,OCR_MISSING,F1-GMS-0501C 01:26.77-01:29.57
519,1,501,What's wrong? I've got something in my eye.,你怎么了?我眼睛里有东西。,,,,OCR_MISSING,F1-GMS-0501C 01:32.19-01:34.76
520,1,501,Where's my phone? I don't know. I don't have it.,"我的手机呢?我不知道,我没有拿。",,,,OCR_MISSING,F1-GMS-0501C 01:37.37-01:40.64
521,1,501,"She wants to go to the concert, but she doesn't have a ticket.","他想去听音乐会,但是他没有票。",,,,OCR_MISSING,F1-GMS-0501C 01:43.22-01:45.94
522,1,501,I'm not feeling well. I have a headache.,"我不太舒服,我头疼。",,,,OCR_MISSING,F1-GMS-0501C 01:48.48-01:50.70
523,1,501,"It's a nice house, but it doesn't have a big yard.","这房子不错,但是没有大院子。",,,,OCR_MISSING,F1-GMS-0501C 01:53.30-01:56.14
524,1,501,Most cars have four wheels.,大部分车有四个轮子。,,,,OCR_MISSING,F1-GMS-0501C 01:58.76-02:00.81
525,1,501,Everybody likes him. He's got a lot of friends.,"所有人都喜欢他,他有很多朋友。",,,,OCR_MISSING,F1-GMS-0501C 02:03.42-02:06.48
526,1,501,I can't open the door. I don't have the key.,"我开不了门,我没有钥匙。",,,,OCR_MISSING,F1-GMS-0501C 02:09.07-02:11.40
527,1,501,An insect has six legs.,昆虫有六条腿。,,,,OCR_MISSING,F1-GMS-0501C 02:14.11-02:15.63
528,1,501,"Hurry, we don't have much time.","快点,我们没多少时间了。",,,,OCR_MISSING,F1-GMS-0501C 02:18.22-02:20.50
529,1,501,Now he's at work.,他现在在上班。,,,,OCR_MISSING,F1-GMS-0501C 02:23.17-02:24.65
530,1,501,"Last night, he wasn't at work.",昨晚他没在工作。,,,,OCR_MISSING,F1-GMS-0501C 02:27.12-02:28.84
531,1,501,He was in bed.,他躺在床上。,,,,OCR_MISSING,F1-GMS-0501C 02:31.50-02:32.85
532,1,501,He was asleep.,他睡着了。,,,,OCR_MISSING,F1-GMS-0501C 02:35.47-02:36.56
533,1,501,He was in bed asleep.,他躺在床上睡着了。,,,,OCR_MISSING,F1-GMS-0501C 02:39.15-02:41.18
534,1,501,I was tired last night.,我昨晚很累。,,,,OCR_MISSING,F1-GMS-0501C 02:43.87-02:45.23
535,1,501,Where was Fatima yesterday?,法地马昨天在哪儿?,,,,OCR_MISSING,F1-GMS-0501C 02:47.85-02:49.58
536,1,501,The weather was nice last week.,上礼拜的天气很好。,,,,OCR_MISSING,F1-GMS-0501C 02:52.13-02:54.12
537,1,501,You were late yesterday.,你昨天迟到了。,,,,OCR_MISSING,F1-GMS-0501C 02:56.71-02:58.31
538,1,501,They weren't here last Sunday.,他们上个星期天不在这儿。,,,,OCR_MISSING,F1-GMS-0501C 03:00.88-03:02.80
539,1,501,"Last year, Rebecca was 22, so she's 23 now.","利贝卡去年22岁,所以他现在23岁了。",,,,OCR_MISSING,F1-GMS-0501C 03:05.46-03:09.76
540,1,501,"When I was a child, I was afraid of dogs.",我小时候很怕狗。,,,,OCR_MISSING,F1-GMS-0501C 03:12.41-03:14.20
541,1,501,"We were hungry after the trip, but we weren't tired.","旅行回来我们很饿,但不累。",,,,OCR_MISSING,F1-GMS-0501C 03:16.76-03:19.61
542,1,501,"The hotel was comfortable, but it wasn't expensive.","这家酒店很舒服,还不贵。",,,,LOW_CONF;OCR_MISSING,F1-GMS-0501C 03:22.28-03:24.77
543,1,501,Was the weather nice when you were on vacation?,你度假的时候天气好吗?,,,,OCR_MISSING,F1-GMS-0501C 03:27.36-03:29.55
544,1,501,Your shoes are nice. Were they expensive?,"你的鞋真不错,很贵吗?",,,,OCR_MISSING,F1-GMS-0501C 03:32.09-03:34.52
545,1,501,Why were you late this morning?,你今天早上为什么迟到了?,,,,LOW_CONF;OCR_MISSING,F1-GMS-0501C 03:37.18-03:39.29
546,1,501,"No, I wasn't.",你知道了吗?我没有。,,,,OCR_MISSING,F1-GMS-0501C 03:41.88-03:44.00
547,1,501,"Was Paul at work yesterday? Yes, he was.","保罗昨天上班了吗? 嗯,他上了。",,,,OCR_MISSING,F1-GMS-0501C 03:46.56-03:49.67
548,1,501,"Were they at the party? No, they weren't.","他们去聚会了吗? 没,他们没去。",,,,OCR_MISSING,F1-GMS-0501C 03:52.17-03:55.21
549,1,501,"Today the weather's nice, but yesterday it was very cold.","今天天气不错,但是昨天非常冷。",,,,OCR_MISSING,F1-GMS-0501C 03:57.86-04:00.66
550,1,501,I'm hungry. Can I have something to eat?,"我饿了,可以给我点吃的吗?",,,,OCR_MISSING,F1-GMS-0501C 04:03.25-04:05.54
551,1,551,The GMS Method. Fluency 1.,英文,,,,OCR_MISSING;DURATION_CHECK,F1-GMS-0551B 00:03.81-00:04.62
552,1,551,"我今天早上觉得还好,但昨晚非常累。","I feel fine this morning, but I was very tired last night.",,,,OCR_MISSING,F1-GMS-0551B 00:09.93-00:12.73
553,1,551,你上个星期五早上十一点在哪儿?,Where were you at 11 a.m. last Friday morning?,,,,OCR_MISSING,F1-GMS-0551B 00:22.10-00:24.37
554,1,551,"别买那双鞋,太贵了。",Don't buy those shoes. They're very expensive.,,,,OCR_MISSING,F1-GMS-0551B 00:32.95-00:35.42
555,1,551,"我喜欢你的新夹克,贵不贵?",I like your new jacket. Was it expensive?,,,,OCR_MISSING,F1-GMS-0551B 00:43.45-00:45.66
556,1,551,去年这个时候我在巴黎。,This time last year I was in Paris.,,,,OCR_MISSING,F1-GMS-0551B 00:54.18-00:56.32
557,1,551,I don't know. They were here a few minutes ago.,Where are the children?,,,,OCR_MISSING;DURATION_CHECK,F1-GMS-0551B 01:04.47-01:05.37
558,1,551,We weren't happy with the hotel. Our room was very small and it wasn't clean.,"孩子们在哪儿?我不知道,他们几分钟前还在这儿。",,,,OCR_MISSING,F1-GMS-0551B 01:10.98-01:14.72
559,1,551,Antonio wasn't at work last week because he was sick. He's better now.,"我们对这家酒店不满意,我们的房间非常小,还不干净。",,,,OCR_MISSING,F1-GMS-0551B 01:25.07-01:29.63
560,1,551,"Yesterday was a holiday, so the banks were closed. They're open today.","安东尼奥上星期没上班,因为他病了,他现在好多了。",,,,OCR_MISSING,F1-GMS-0551B 01:39.16-01:43.68
561,1,551,Were Annabelle and Richard at the party?,"昨天是假日,所以银行都没开门,不过今天会开。",,,,OCR_MISSING,F1-GMS-0551B 01:53.08-01:57.19
562,1,551,"安娜貝爾和理查德去聚會了嗎? 安娜貝爾去了,但是理查德沒去。","Annabelle was there, but Richard wasn't.",,,,OCR_MISSING,F1-GMS-0551B 02:02.19-02:04.21
563,1,551,"我的钥匙呢?我不知道,本来在桌上,但是现在不见了。",Where are my keys?,,,,OCR_MISSING,F1-GMS-0551B 02:16.20-02:17.25
564,1,551,"你昨晚不在家,你在哪儿?","我的钥匙呢,我不知道,本来在桌上,但是现在不见了。",,,,OCR_MISSING,F1-GMS-0551B 02:23.70-02:28.53
565,1,551,你今天早上为什么迟到了?,"你昨晚不在家,你在哪儿?",,,,OCR_MISSING,F1-GMS-0551B 02:36.34-02:38.57
566,1,551,路上太堵了。,你今天早上为什么迟到了?,,,,OCR_MISSING,F1-GMS-0551B 02:47.17-02:49.10
567,1,551,"你的考试难吗? 不难,很简单。",Was your exam difficult?,,,,OCR_MISSING,F1-GMS-0551B 02:53.32-02:54.40
568,1,551,他们上礼拜在哪儿?他们在度假。,"你的考试难吗? 不难,很简单。",,,,OCR_MISSING,F1-GMS-0551B 02:58.98-03:01.92
569,1,551,It was $300. It was 200 euros.,他们上礼拜在哪儿?他们在度假。,,,,OCR_MISSING,F1-GMS-0551B 03:10.26-03:13.23
570,1,551,Why were you angry yesterday? Because you were late.,It was three hundred dollars. It was two hundred euros.,,,,OCR_MISSING,F1-GMS-0551B 03:17.93-03:21.28
571,1,551,"Was the weather nice last week? Yes, it was beautiful.",Why were you angry yesterday? Because you were late.,,,,OCR_MISSING,F1-GMS-0551B 03:31.28-03:33.74
572,1,551,I brush my teeth every morning. This morning I brushed my teeth.,"Was the weather nice last week? Yes, it was beautiful.",,,,OCR_MISSING,F1-GMS-0551B 03:42.99-03:45.89
573,1,551,我每天早上刷牙。,I brush my teeth every morning. This morning I brushed my teeth.,,,,OCR_MISSING,F1-GMS-0551B 03:55.26-03:58.20
574,1,551,Tyree worked in the bank from 1995 to 2001.,我今早刷牙了。,,,,OCR_MISSING,F1-GMS-0551B 04:04.16-04:05.64
575,1,551,"昨天下了一早上的雨,午饭的时候才停。",泰瑞从1995年到2001年在银行工作。,,,,OCR_MISSING,F1-GMS-0551B 04:14.58-04:18.60
576,1,551,我们昨晚聚会玩得很开心。,"昨天下了一早上的雨,午饭的时候才停。",,,,OCR_MISSING,F1-GMS-0551B 04:27.80-04:31.45
577,1,551,"我们跳舞跳了很久,还跟很多人聊天。",我们昨晚聚会玩得很开心。,,,,OCR_MISSING,F1-GMS-0551B 04:38.67-04:41.07
578,1,551,派对在午夜结束。,"我们跳舞跳了很久,还跟很多人聊天。",,,,OCR_MISSING,F1-GMS-0551B 04:49.11-04:52.22
579,1,551,"我通常很早起床,但今天早上我九点半才起。",派对在午夜结束。,,,,OCR_MISSING,F1-GMS-0551B 04:59.62-05:01.42
580,1,551,我们昨天做了很多工作。,"我通常很早起床,但今天早上我九点半才起。",,,,OCR_MISSING,F1-GMS-0551B 05:10.37-05:14.40
581,1,551,"Last week, Sonya went to the cinema to watch three movies.",我们昨天做了很多工作。,,,,OCR_MISSING,F1-GMS-0551B 05:22.19-05:24.07
582,1,551,"恩佐走进房间,脱掉外套,然后坐了下来。",索尼亚上周去电影院看了三次电影。,,,,OCR_MISSING,F1-GMS-0551B 05:32.40-05:35.42
583,1,551,"房间里很热,所以我把窗户打开了。","恩佐走进房间,脱掉外套,然后坐了下来。",,,,OCR_MISSING,F1-GMS-0551B 05:45.17-05:48.80
584,1,551,"那部電影非常長,7點15開始,10點才結束。","房间里很热,所以我把窗户打开了。",,,,OCR_MISSING,F1-GMS-0551B 05:56.98-05:59.85
585,1,551,我小时候想当一名医生,"那部电影非常长,7点15开始,10点才结束。",,,,LOW_CONF;OCR_MISSING,F1-GMS-0551B 06:10.04-06:14.71
586,1,551,那场意外发生在上周日下午。,我小时候想当一名医生。,,,,OCR_MISSING,F1-GMS-0551B 06:22.70-06:24.77
587,1,551,"Today's weather is good, but it rained all day yesterday.",那场意外发生在上周日下午。,,,,OCR_MISSING,F1-GMS-0551B 06:32.87-06:35.50
588,1,551,"我们去年度假玩得很开心,我们住的地方很不错。","今天天气很好,但是昨天下雨下了一整天。",,,,OCR_MISSING,F1-GMS-0551B 06:44.27-06:47.93
589,1,551,Sicilian grandfather died at the age of 92.,"我们去年度假玩得很开心,我们住的地方很不错。",,,,OCR_MISSING,F1-GMS-0551B 06:57.42-07:01.59
590,1,551,我已经买单了。,西西利亚的爷爷92岁时去世了。,,,,OCR_MISSING,F1-GMS-0551B 07:10.71-07:14.04
591,1,551,我上礼拜去看望了他。,我已经买单了。,,,,OCR_MISSING,F1-GMS-0551B 07:21.05-07:22.31
592,1,551,我的票是在網上買的。,我上礼拜去看望了他。,,,,OCR_MISSING,F1-GMS-0551B 07:29.98-07:31.95
593,1,551,我复印了行程表。,我的票是在网上买的。,,,,OCR_MISSING,F1-GMS-0551B 07:39.08-07:41.00
594,1,551,我把包放在桌上了。,我复印了行程表。,,,,LOW_CONF;OCR_MISSING,F1-GMS-0551B 07:47.96-07:49.66
595,1,551,我昨天跟他通了电话。,我把包放在桌上了。,,,,OCR_MISSING,F1-GMS-0551B 07:56.88-07:58.61
596,1,551,"上周二,凡尼莎从洛杉矶飞到墨西哥城。","我昨天跟他通了电话,",,,,OCR_MISSING,F1-GMS-0551B 08:06.17-08:08.08
597,1,551,He got up at 6 a.m. and had a cup of coffee.,"上周二,凡尼莎从洛杉矶飞到墨西哥城。",,,,OCR_MISSING,F1-GMS-0551B 08:17.08-08:20.87
598,1,551,"他7点一刻从家出发,开车去机场。","他早上六点起床,然后喝了杯咖啡。",,,,OCR_MISSING,F1-GMS-0551B 08:28.99-08:32.22
599,1,551,"到了之后,他停好车,走到航站楼,到柜台领了登机牌。","他7点一刻从家出发,开车去机场。",,,,OCR_MISSING,F1-GMS-0551B 08:40.64-08:44.13
600,1,551,"然后他在机场的咖啡厅吃了早餐,等待登机。","到了之后,他停好车,走到航站楼,到柜台领了登机牌。",,,,OCR_MISSING,F1-GMS-0551B 08:53.42-08:58.47
601,1,601,Zoe meets her friends every night. She met them last night.,"左依每天晚上都跟她的朋友们见面,她昨晚也跟他们见了面。",,,,OCR_MISSING,F1-GMS-0601C 00:06.99-00:11.58
602,1,601,I usually buy two newspapers every day. Yesterday I bought two newspapers.,"我一般每天买两份报纸,我昨天也买了两份报纸。",,,,OCR_MISSING,F1-GMS-0601C 00:14.44-00:18.35
603,1,601,"We often go to the movies on weekends. Last Sunday, we went to the movies.","我们周末通常都会去看电影,我们上周日也去看了电影。",,,,OCR_MISSING,F1-GMS-0601C 00:21.17-00:25.75
604,1,601,I eat an orange every day. Yesterday I ate an orange.,"我每天都吃橙子,我昨天也吃了橙子。",,,,OCR_MISSING,F1-GMS-0601C 00:28.62-00:31.85
605,1,601,Tom always takes a shower in the morning. This morning he took a shower.,"汤姆一般早上洗澡,今天早上汤姆也洗了澡。",,,,OCR_MISSING,F1-GMS-0601C 00:34.68-00:38.47
606,1,601,Our friends often come to see us. They came to see us last Friday.,"我们的朋友经常来找我们,他们上周五也来了。",,,,OCR_MISSING,F1-GMS-0601C 00:41.35-00:45.05
607,1,601,I don't watch TV very often.,我不怎么看电视。,,,,OCR_MISSING,F1-GMS-0601C 00:47.80-00:49.17
608,1,601,I didn't watch TV yesterday.,我昨天没看电视。,,,,OCR_MISSING,F1-GMS-0601C 00:52.30-00:53.81
609,1,601,Does she go out often?,他经常出去吗?,,,,LOW_CONF;OCR_MISSING,F1-GMS-0601C 00:57.00-00:58.46
610,1,601,Did she go out last night?,他昨天晚上出去了吗?,,,,LOW_CONF;OCR_MISSING,F1-GMS-0601C 01:01.27-01:03.00
611,1,601,"I played tennis yesterday, but I didn't win.","我昨天打了网球,但是没赢。",,,,OCR_MISSING,F1-GMS-0601C 01:06.00-01:08.74
612,1,601,"Did you do your homework? No, I didn't have time.","你做作业了吗? 没有,我没时间做。",,,,OCR_MISSING,F1-GMS-0601C 01:11.90-01:14.92
613,1,601,"We went to the movies, but we didn't enjoy the film.","我们去看了场电影,但是不怎么喜欢那部电影。",,,,OCR_MISSING,F1-GMS-0601C 01:18.23-01:21.73
614,1,601,"Did you see Fabian yesterday? No, I didn't.","你昨天看见法比恩了吗? 没有,我没看见他。",,,,OCR_MISSING,F1-GMS-0601C 01:24.98-01:28.67
615,1,601,"Did it rain on Sunday? Yes, it did.","星期天下雨了吗? 有,下了。",,,,OCR_MISSING,F1-GMS-0601C 01:31.85-01:35.10
616,1,601,"Did Evelyn come to the party? No, she didn't.","伊芙琳去聚会了吗?没有,她没去。",,,,OCR_MISSING,F1-GMS-0601C 01:37.97-01:41.35
617,1,601,"Did your parents have a good trip? Yes, they did.","你父母去旅游玩得好吗? 嗯,他们玩得很好。",,,,OCR_MISSING,F1-GMS-0601C 01:44.66-01:48.57
618,1,601,"I saw Evita, but I didn't see Fausto.","我见到艾菲塔了,但没有见到福斯托。",,,,OCR_MISSING,F1-GMS-0601C 01:51.85-01:55.08
619,1,601,"They worked on Monday, but they didn't on Tuesday.","他们星期一去上班了,但是星期二没去。",,,,OCR_MISSING,F1-GMS-0601C 01:58.34-02:02.14
620,1,601,"We went to the post office, but we didn't go to the bank.","我们去了邮局,但没去银行。",,,,OCR_MISSING,F1-GMS-0601C 02:05.08-02:07.71
621,1,601,"She had a pen, but she didn't have any paper.","他那时有支笔,但没有纸。",,,,LOW_CONF;OCR_MISSING,F1-GMS-0601C 02:11.04-02:13.47
622,1,601,"Gerhardt did some work in the yard, but he didn't do any work in the house.","葛哈德打理了院子,但是他没有打扫房子。",,,,OCR_MISSING,F1-GMS-0601C 02:17.07-02:20.90
623,1,601,I watched TV last night. How about you? Did you watch TV last night?,"我昨天晚上看了电视,你呢?你昨天晚上看电视了吗?",,,,OCR_MISSING,F1-GMS-0601C 02:23.57-02:28.07
624,1,601,I enjoyed the party. How about you? Did you enjoy the party?,"我觉得去聚会非常好玩,你觉得呢?你觉得去聚会好玩吗?",,,,OCR_MISSING,F1-GMS-0601C 02:30.73-02:35.65
625,1,601,I had a nice vacation. How about you? Did you have a nice vacation?,"我假期过得很不错,你呢?你假期过得好吗?",,,,OCR_MISSING,F1-GMS-0601C 02:38.17-02:41.80
626,1,601,I finished work early. How about you? Did you finish work early?,"我提前完成了工作,你呢?你提前完工了吗?",,,,OCR_MISSING,F1-GMS-0601C 02:44.37-02:47.93
627,1,601,I slept well last night. How about you? Did you sleep well last night?,"我昨晚睡得很好,你呢?你昨晚睡得好吗?",,,,OCR_MISSING,F1-GMS-0601C 02:50.61-02:54.20
628,1,601,I watch TV.,我看电视了。,,,,LOW_CONF;OCR_MISSING,F1-GMS-0601C 02:56.77-02:57.95
629,1,601,I got up before 7 a.m.,我早上7点前就起床了。,,,,OCR_MISSING,F1-GMS-0601C 03:00.46-03:02.57
630,1,601,I took a shower.,我洗了澡。,,,,OCR_MISSING,F1-GMS-0601C 03:05.12-03:06.26
631,1,601,I bought a magazine.,我买了一本杂志。,,,,OCR_MISSING,F1-GMS-0601C 03:08.65-03:10.57
632,1,601,I went to bed before 10.30.,我十点半前就上床睡觉了。,,,,OCR_MISSING,F1-GMS-0601C 03:12.82-03:15.08
633,1,601,We went to Hong Kong last month.,"我们上个月去了香港,",,,,OCR_MISSING,F1-GMS-0601C 03:17.58-03:19.22
634,1,601,Where did you stay?,你住哪儿了?,,,,LOW_CONF;OCR_MISSING,F1-GMS-0601C 03:21.75-03:22.80
635,1,601,We stayed with some friends.,我们跟几个朋友一起住。,,,,OCR_MISSING,F1-GMS-0601C 03:25.31-03:27.15
636,1,601,I was late for the meeting.,我开会迟到了。,,,,OCR_MISSING,F1-GMS-0601C 03:29.86-03:31.28
637,1,601,What time did you get there?,你几点到那儿的?,,,,OCR_MISSING,F1-GMS-0601C 03:33.80-03:35.20
638,1,601,I got there at 9.30.,我9点半到那儿的。,,,,OCR_MISSING,F1-GMS-0601C 03:37.70-03:39.20
639,1,601,I played tennis this afternoon.,我今天下午打了网球。,,,,OCR_MISSING,F1-GMS-0601C 03:41.65-03:43.51
640,1,601,Did you win?,你赢了吗?,,,,LOW_CONF;OCR_MISSING,F1-GMS-0601C 03:45.92-03:46.92
641,1,601,"No, I lost.","没有,我输了。",,,,OCR_MISSING,F1-GMS-0601C 03:49.35-03:50.75
642,1,601,I had a nice vacation.,我假期过得很不错。,,,,OCR_MISSING,F1-GMS-0601C 03:53.24-03:55.06
643,1,601,Where did you go?,你去了哪里?,,,,LOW_CONF;OCR_MISSING,F1-GMS-0601C 03:57.54-03:58.65
644,1,601,I went to the mountains.,我去爬山了。,,,,OCR_MISSING,F1-GMS-0601C 04:01.14-04:02.29
645,1,601,We came home by taxi.,我们打车回家的。,,,,OCR_MISSING,F1-GMS-0601C 04:04.74-04:06.70
646,1,601,How much did it cost?,这花了多少钱?,,,,OCR_MISSING,F1-GMS-0601C 04:08.90-04:10.49
647,1,601,It cost $40. It cost 30 euros.,花了240块钱。,,,,OCR_MISSING,F1-GMS-0601C 04:13.21-04:15.19
648,1,601,I'm tired this morning.,我今天早上觉得好累。,,,,OCR_MISSING,F1-GMS-0601C 04:18.46-04:20.32
649,1,601,Did you sleep well last night?,你昨晚睡得好吗?,,,,LOW_CONF;OCR_MISSING,F1-GMS-0601C 04:23.16-04:24.59
650,1,601,"No, I didn't sleep very well.","没有,我睡得不太好。",,,,OCR_MISSING,F1-GMS-0601C 04:27.36-04:29.18
651,1,651,We went to the beach yesterday.,我们昨天去了海边。,,,,OCR_MISSING,F1-GMS-0651C 00:07.00-00:08.56
652,1,651,Was the weather nice?,那时天气好吗?,,,,LOW_CONF;OCR_MISSING,F1-GMS-0651C 00:11.59-00:12.95
653,1,651,"Yes, the weather was great.","很好,天气很不错。",,,,OCR_MISSING,F1-GMS-0651C 00:15.79-00:17.81
654,1,651,The window's broken.,窗户破了。,,,,OCR_MISSING,F1-GMS-0651C 00:20.82-00:22.46
655,1,651,How did it break?,怎么破的?,,,,LOW_CONF;OCR_MISSING,F1-GMS-0651C 00:24.89-00:25.93
656,1,651,I don't know how it broke.,我不知道它怎么破的。,,,,OCR_MISSING,F1-GMS-0651C 00:28.87-00:30.52
657,1,651,"We went to the movies, but the film wasn't very good. We didn't enjoy it.","我们去看了场电影,但那部电影不怎么样,我们不喜欢。",,,,OCR_MISSING,F1-GMS-0651C 00:33.71-00:37.92
658,1,651,"Giovanni bought some new clothes yesterday, two shirts and a pair of pants.","乔凡尼昨天买了几件新衣服,两件衬衫和一条裤子。",,,,OCR_MISSING,F1-GMS-0651C 00:41.00-00:45.49
659,1,651,"Did it rain yesterday? No, it was a nice day.","昨天下雨了吗? 没有,昨天天气很好。",,,,OCR_MISSING,F1-GMS-0651C 00:48.04-00:51.33
660,1,651,"We were tired, so we didn't stay long at the party.","我们当时很累了,所以没有在聚会待很久。",,,,OCR_MISSING,F1-GMS-0651C 00:53.99-00:57.89
661,1,651,"It was very warm in the room, so I opened a window.","房间里很热,所以我把窗户打开了。",,,,OCR_MISSING,F1-GMS-0651C 00:59.90-01:02.63
662,1,651,"Did you call Ingrid this morning? No, I didn't have time.","你早上打电话给英格丽了吗? 没有,我没时间打。",,,,OCR_MISSING,F1-GMS-0651C 01:05.21-01:09.30
663,1,651,I cut my hand this morning. How did you do that?,"我今天早上切到了手,你怎么弄的?",,,,OCR_MISSING,F1-GMS-0651C 01:11.79-01:14.91
664,1,651,Why weren't you at the meeting yesterday? I didn't know about a meeting.,你昨天怎么没去开会?我不知道要开会。,,,,OCR_MISSING,F1-GMS-0651C 01:17.51-01:20.91
665,1,651,It's 6 o'clock now. Luke is at home watching TV.,"现在6点,卢卡正在家看电视。",,,,OCR_MISSING,F1-GMS-0651C 01:23.53-01:26.38
666,1,651,"At 4 o'clock, he wasn't at home. He was at the gym.","4点的时候她不在家,她那时在健身房。",,,,OCR_MISSING,F1-GMS-0651C 01:28.87-01:32.08
667,1,651,"He was swimming in the pool, not watching TV.","她那时在游泳,不是在看电视。",,,,LOW_CONF;OCR_MISSING,F1-GMS-0651C 01:35.11-01:37.55
668,1,651,What were you doing at 11.30 yesterday? Were you working?,你昨天11点半在做什么?在工作吗?,,,,OCR_MISSING,F1-GMS-0651C 01:40.48-01:43.52
669,1,651,What did he say? I don't know. I wasn't listening.,"他说什么?我不知道,我没在听。",,,,OCR_MISSING,F1-GMS-0651C 01:46.43-01:49.54
670,1,651,"It was raining, so we didn't go out.","那时正在下雨,所以我们没出门。",,,,OCR_MISSING,F1-GMS-0651C 01:51.50-01:54.55
671,1,651,"In 2001, we were living in Japan.","我们2001年住在日本,",,,,OCR_MISSING,F1-GMS-0651C 01:57.06-01:59.14
672,1,651,"Today she's wearing a skirt, but yesterday she was wearing pants.","他今天穿了裙子,但他昨天穿了裤子。",,,,OCR_MISSING,F1-GMS-0651C 02:01.89-02:05.45
673,1,651,I woke up early yesterday. It was a beautiful morning.,"我昨天很早就醒了,那是个美丽的清晨。",,,,OCR_MISSING,F1-GMS-0651C 02:08.17-02:11.49
674,1,651,The sun was shining and the birds were singing.,"阳光明媚,鸟儿都在唱歌。",,,,OCR_MISSING,F1-GMS-0651C 02:14.17-02:16.60
675,1,651,I was working at 10.30 last night.,昨天晚上十点半的时候我在工作。,,,,OCR_MISSING,F1-GMS-0651C 02:19.17-02:21.69
676,1,651,It wasn't raining when we went out.,我们出门的时候没下雨。,,,,OCR_MISSING,F1-GMS-0651C 02:24.19-02:26.07
677,1,651,What were you doing at 3 o'clock?,你三点的时候在做什么?,,,,LOW_CONF;OCR_MISSING,F1-GMS-0651C 02:28.81-02:30.72
678,1,651,Dimitri and Irina were at the supermarket buying food.,迪米特里和伊琳娜那时在超市里买吃的。,,,,OCR_MISSING,F1-GMS-0651C 02:33.30-02:36.68
679,1,651,Santo was in his car driving.,桑多在开车。,,,,OCR_MISSING,F1-GMS-0651C 02:39.26-02:40.70
680,1,651,Dennis was at the station waiting for a train.,丹尼斯在火车站等火车。,,,,OCR_MISSING,F1-GMS-0651C 02:43.28-02:45.47
681,1,651,The old couple were in the park taking a walk.,"那对老夫妻在公园散步,",,,,OCR_MISSING,F1-GMS-0651C 02:47.92-02:50.10
682,1,651,"At 8.45, she was washing her car.","他8点45的时候在洗车,",,,,OCR_MISSING,F1-GMS-0651C 02:52.61-02:54.99
683,1,651,"At 10.45, she was playing tennis.",他10点45的时候在打网球。,,,,LOW_CONF;OCR_MISSING,F1-GMS-0651C 02:57.45-03:00.04
684,1,651,"At 8 o'clock, she was reading the news.",他8点的时候在看新闻。,,,,OCR_MISSING,F1-GMS-0651C 03:02.45-03:04.61
685,1,651,"At 12.10, she was cooking lunch.",他12点10分的时候在做午饭。,,,,OCR_MISSING,F1-GMS-0651C 03:07.12-03:09.59
686,1,651,"At 7.15, she was having breakfast.",他7点15的时候在吃早餐。,,,,OCR_MISSING,F1-GMS-0651C 03:12.23-03:14.80
687,1,651,"At 9.30, she was cleaning the kitchen.",他9点半的时候在打扫厨房。,,,,OCR_MISSING,F1-GMS-0651C 03:17.41-03:19.79
688,1,651,Where were you living in 1999?,你1999年的时候住在哪里?,,,,OCR_MISSING,F1-GMS-0651C 03:22.36-03:24.99
689,1,651,What were you doing at 2 o'clock?,你两点的时候在做什么?,,,,OCR_MISSING,F1-GMS-0651C 03:27.72-03:29.72
690,1,651,Was it raining when you got up?,你起床的时候下雨了吗?,,,,OCR_MISSING,F1-GMS-0651C 03:32.17-03:34.06
691,1,651,Why was she driving so fast?,他为什么开车开得这么快?,,,,OCR_MISSING,F1-GMS-0651C 03:36.50-03:38.56
692,1,651,Why was he wearing a suit yesterday?,他昨天为什么穿了西装?,,,,OCR_MISSING,F1-GMS-0651C 03:41.02-03:43.00
693,1,651,He wasn't wearing a jacket.,他没穿夹克。,,,,OCR_MISSING,F1-GMS-0651C 03:45.54-03:46.83
694,1,651,He was carrying a bag.,"他拿着一个包,",,,,OCR_MISSING,F1-GMS-0651C 03:49.26-03:50.54
695,1,651,He wasn't going to the dentist.,他不是要去看牙医。,,,,OCR_MISSING,F1-GMS-0651C 03:52.99-03:54.60
696,1,651,He was eating ice cream.,他在吃冰激凌。,,,,LOW_CONF;OCR_MISSING,F1-GMS-0651C 03:57.11-03:58.44
697,1,651,He wasn't carrying an umbrella.,他没带伞。,,,,OCR_MISSING,F1-GMS-0651C 04:00.91-04:02.06
698,1,651,He wasn't going home.,他不是要回家。,,,,LOW_CONF;OCR_MISSING,F1-GMS-0651C 04:04.74-04:06.12
699,1,651,He was wearing a hat.,"他戴着一顶帽子,",,,,OCR_MISSING,F1-GMS-0651C 04:09.43-04:11.00
700,1,651,He wasn't riding a bicycle.,他不是在骑自行车。,,,,OCR_MISSING,F1-GMS-0651C 04:14.02-04:15.95
701,1,701,What was Jose doing when the phone rang?,"电话响时,何塞在做什么?",,,,OCR_MISSING,F1-GMS-0701C 00:07.00-00:09.23
702,1,701,He was reading a book.,他在看书。,,,,OCR_MISSING,F1-GMS-0701C 00:11.94-00:13.08
703,1,701,What did he do when the phone rang?,"电话响了,他做了什么?",,,,OCR_MISSING,F1-GMS-0701C 00:16.02-00:18.13
704,1,701,He stopped reading and answered the phone.,"他停止看书,然后接了电话。",,,,OCR_MISSING,F1-GMS-0701C 00:20.87-00:23.38
705,1,701,What did you do yesterday morning?,你昨天早上做了什么?,,,,OCR_MISSING,F1-GMS-0701C 00:26.32-00:28.14
706,1,701,What were you doing at 10.30?,你十点半的时候在做什么?,,,,OCR_MISSING,F1-GMS-0701C 00:30.94-00:33.27
707,1,701,We played tennis from 10 to 11.30.,"我们打了网球,从10点打到11点半。",,,,OCR_MISSING,F1-GMS-0701C 00:36.01-00:39.60
708,1,701,We were playing tennis.,我们在打网球。,,,,OCR_MISSING,F1-GMS-0701C 00:42.26-00:43.77
709,1,701,Did you watch the basketball game on TV last night?,你昨晚看电视转播的篮球比赛了吗?,,,,OCR_MISSING,F1-GMS-0701C 00:46.50-00:49.50
710,1,701,Were you watching TV when I called you?,我答给你的时候你在看电视吗?,,,,OCR_MISSING,F1-GMS-0701C 00:52.08-00:54.59
711,1,701,It didn't rain while we were on vacation.,我们去度假的时候没有下雨。,,,,OCR_MISSING,F1-GMS-0701C 00:57.34-00:59.83
712,1,701,It wasn't raining when I got up.,我起床的时候没在下雨。,,,,OCR_MISSING,F1-GMS-0701C 01:02.52-01:04.70
713,1,701,"I started work at 9 and finished at 4.30, so at 2.30 I was in the middle of working.","我9点开始工作,4点半做完了工作,所以在2点半的时候,我正在工作中。",,,,OCR_MISSING,F1-GMS-0701C 01:07.41-01:13.67
714,1,701,It was raining when we went out.,"我们出门的时候在下雨,",,,,OCR_MISSING,F1-GMS-0701C 01:16.53-01:18.59
715,1,701,I saw them this morning. They were waiting at the bus stop.,"我早上看见他们了,他们在公车站等车。",,,,OCR_MISSING,F1-GMS-0701C 01:21.59-01:24.99
716,1,701,She fell asleep while reading.,他看书时睡着了。,,,,LOW_CONF;OCR_MISSING,F1-GMS-0701C 01:27.82-01:29.79
717,1,701,Khalid broke his arm last week.,哈里德上个礼拜手臂骨折了,,,,OCR_MISSING,F1-GMS-0701C 01:32.42-01:35.07
718,1,701,It happened when he was painting his room.,那是在他给房间刷油漆的时候发生的。,,,,OCR_MISSING,F1-GMS-0701C 01:37.80-01:40.94
719,1,701,He fell off the ladder.,他从梯子上摔下去了。,,,,OCR_MISSING,F1-GMS-0701C 01:43.60-01:45.49
720,1,701,The train arrived at the station and she got off.,"火车抵达了车站,然后他下了车。",,,,OCR_MISSING,F1-GMS-0701C 01:48.22-01:51.12
721,1,701,Two friends of hers were waiting to meet her.,他的两个朋友正等着要见他。,,,,OCR_MISSING,F1-GMS-0701C 01:53.80-01:56.32
722,1,701,"Yesterday, she was walking down the street when she met Albert.","昨天他走在路上时,遇到了艾伯特。",,,,OCR_MISSING,F1-GMS-0701C 01:58.86-02:01.82
723,1,701,"He was going to the station to catch a train, and he was carrying a bag.",他背着一个包正要去车站赶火车。,,,,OCR_MISSING,F1-GMS-0701C 02:04.26-02:07.42
724,1,701,They stopped to talk for a few minutes.,他们停下来聊了几分钟。,,,,OCR_MISSING,F1-GMS-0701C 02:10.15-02:12.16
725,1,701,Was Lara busy when you went to see her?,"你去找赖拉时,他在忙吗?",,,,OCR_MISSING,F1-GMS-0701C 02:14.83-02:17.11
726,1,701,"Yes, she was studying.","是的,他在学习。",,,,OCR_MISSING,F1-GMS-0701C 02:19.73-02:21.37
727,1,701,What time did the mail arrive this morning?,邮件是今天早上几点送到的。,,,,OCR_MISSING,F1-GMS-0701C 02:23.96-02:26.58
728,1,701,It came while he was having breakfast.,邮件在他吃早餐的时候送到了。,,,,OCR_MISSING,F1-GMS-0701C 02:29.15-02:31.69
729,1,701,Was Marta at work today?,马尔塔今天上班了吗?,,,,OCR_MISSING,F1-GMS-0701C 02:34.34-02:36.12
730,1,701,"No, she didn't go to work. She was sick.","没有,他没去上班,他生病了。",,,,OCR_MISSING,F1-GMS-0701C 02:38.75-02:41.65
731,1,701,How fast were you driving when the police stopped you?,"警察拦下你的时候,你车开得有多快?",,,,OCR_MISSING,F1-GMS-0701C 02:44.31-02:47.52
732,1,701,"I'm not sure, but I wasn't driving very fast.","我不确定,但我开的并不是很快。",,,,OCR_MISSING,F1-GMS-0701C 02:50.16-02:53.08
733,1,701,Did your team win the baseball game yesterday?,你们棒球队昨天赢了吗?,,,,LOW_CONF;OCR_MISSING,F1-GMS-0701C 02:55.80-02:57.74
734,1,701,"No, the weather was very bad, so we didn't play.","没有,天气很不好,所以我们没有打。",,,,OCR_MISSING,F1-GMS-0701C 03:00.44-03:03.48
735,1,701,We were playing baseball when I hit the ball and broke a window.,"我们在打棒球,我击球时打碎了窗户。",,,,OCR_MISSING,F1-GMS-0701C 03:06.17-03:09.50
736,1,701,Did you see Clara last night?,你昨天晚上看见克莱拉了吗?,,,,LOW_CONF;OCR_MISSING,F1-GMS-0701C 03:12.21-03:14.53
737,1,701,"Yes, she was wearing a very nice jacket.","看见了,他穿着一件很好看的夹克。",,,,OCR_MISSING,F1-GMS-0701C 03:17.19-03:20.39
738,1,701,What were you doing at 2 this morning?,你今天早上两点的时候在做什么?,,,,OCR_MISSING,F1-GMS-0701C 03:22.94-03:25.59
739,1,701,I was asleep.,我在睡觉。,,,,LOW_CONF;OCR_MISSING,F1-GMS-0701C 03:28.36-03:29.51
740,1,701,I lost my key last night.,昨晚我弄丢了钥匙。,,,,OCR_MISSING,F1-GMS-0701C 03:32.28-03:34.09
741,1,701,How did you get into your apartment?,你怎么进去你的公寓的?,,,,OCR_MISSING,F1-GMS-0701C 03:36.64-03:38.62
742,1,701,I climbed in through a window.,我从窗户爬进去的。,,,,OCR_MISSING,F1-GMS-0701C 03:41.28-03:42.87
743,1,701,Bernard used to work in a factory.,伯纳德以前在工厂工作。,,,,OCR_MISSING,F1-GMS-0701C 03:45.67-03:48.03
744,1,701,Now he works in a supermarket.,现在他在超市工作。,,,,OCR_MISSING,F1-GMS-0701C 03:50.72-03:52.76
745,1,701,"When I was a child, I used to like chocolate.",我小时候喜欢巧克力。,,,,OCR_MISSING,F1-GMS-0701C 03:55.49-03:57.33
746,1,701,"I used to read a lot of books, but I don't read much these days.","我以前读书很多,但现在读的不多。",,,,OCR_MISSING,F1-GMS-0701C 04:00.01-04:03.23
747,1,701,"Emilia has short hair now, but it used to be very long.","艾米丽娅现在是短发,但以前是长发。",,,,OCR_MISSING,F1-GMS-0701C 04:05.93-04:09.21
748,1,701,They used to live on the same street as us.,他们以前跟我们住在同一条街上。,,,,OCR_MISSING,F1-GMS-0701C 04:12.02-04:14.63
749,1,701,"We used to see them a lot, but we don't see them very often these days.","我们以前经常见到它们,但现在不常见到了。",,,,OCR_MISSING,F1-GMS-0701C 04:17.29-04:21.04
750,1,701,"Nadia used to have a piano, but she sold it a few years ago.","纳迪亚曾经有台钢琴,但她几年前卖掉了。",,,,OCR_MISSING,F1-GMS-0701C 04:23.76-04:27.24
751,1,751,The GMS Method. Fluency 1.,我小的时候不喜欢吃蘑菇。,,,,OCR_MISSING,F1-GMS-0751C 00:06.99-00:09.92
752,1,751,我小的时候不喜欢吃蘑菇。,你来这里之前住在哪里?,,,,OCR_MISSING,F1-GMS-0751C 00:12.09-00:14.22
753,1,751,你来这里之前住在哪里?,"他过去常打棒球,",,,,OCR_MISSING,F1-GMS-0751C 00:16.86-00:18.60
754,1,751,他过去常打棒球。,他以前是出租车司机。,,,,OCR_MISSING,F1-GMS-0751C 00:21.15-00:23.27
755,1,751,他以前是出租车司机。,他们以前住在乡下。,,,,OCR_MISSING,F1-GMS-0751C 00:25.99-00:27.94
756,1,751,他们以前住在乡下。,我以前一直戴眼镜。,,,,OCR_MISSING,F1-GMS-0751C 00:31.11-00:32.93
757,1,751,我以前一直戴眼镜。,这座楼以前是家酒店。,,,,OCR_MISSING,F1-GMS-0751C 00:36.27-00:38.31
758,1,751,这座楼以前是家酒店。,"你做运动吗? 没有,但以前我每天都游泳。",,,,OCR_MISSING,F1-GMS-0751C 00:41.99-00:45.83
759,1,751,"你做运动吗? 没有,但以前我每天都游泳。","你经常出去玩吗? 不常,但我以前每星期都出去玩三次。",,,,OCR_MISSING,F1-GMS-0751C 00:48.93-00:54.05
760,1,751,"No, I used to go out three nights a week, though.","你会什么乐器吗? 不会,但我以前弹过吉他。",,,,OCR_MISSING,F1-GMS-0751C 00:57.64-01:02.02
761,1,751,Do you play any instruments?,"你喜欢看书吗?我没时间,但我以前看书很多。",,,,OCR_MISSING,F1-GMS-0751C 01:04.70-01:08.73
762,1,751,"你会什么乐器吗? 不会,但我以前弹过吉他。","你经常旅行吗? 我想,我之前每年都会旅行好几次。",,,,OCR_MISSING,F1-GMS-0751C 01:11.32-01:16.20
763,1,751,"你喜欢看书吗?我没时间,但我以前看书很多。","我以前打网球,但好几年没打了。",,,,OCR_MISSING,F1-GMS-0751C 01:18.77-01:21.65
764,1,751,"I'd like to. I used to travel several times a year, though.","你做什么运动吗? 有,我打篮球。",,,,OCR_MISSING,F1-GMS-0751C 01:24.11-01:27.64
765,1,751,"I used to play tennis, but I stopped playing a few years ago.","你有车吗? 没有,我以前有,但卖掉了。",,,,OCR_MISSING,F1-GMS-0751C 01:30.62-01:34.36
766,1,751,Do you play any sports?,"伊格尔以前是服务员,现在他是酒店经理。",,,,OCR_MISSING,F1-GMS-0751C 01:37.28-01:41.03
767,1,751,"你做什么运动吗? 有,我打篮球。","你开车去上班吗? 有时,但我通常坐地铁。",,,,OCR_MISSING,F1-GMS-0751C 01:43.73-01:48.13
768,1,751,"你有车吗? 没有,我以前有,但卖掉了。","我小时候都不吃肉,但现在吃了。",,,,OCR_MISSING,F1-GMS-0751C 01:51.14-01:54.09
769,1,751,"Eager used to be a waiter, now he is a hotel manager.","安吉拉喜欢看电视,她每晚都看。",,,,OCR_MISSING,F1-GMS-0751C 01:56.97-02:00.07
770,1,751,"Sometimes, but most days I go by subway.","我们以前住机场附近,但几年前搬到市中心了。",,,,OCR_MISSING,F1-GMS-0751C 02:02.78-02:06.98
771,1,751,"When I was a child, I never used to eat meat, but I eat it now.","我通常早上七点开始工作,所以我都很早起。",,,,OCR_MISSING,F1-GMS-0751C 02:10.05-02:14.10
772,1,751,Angela loves to watch TV. She watches it every night.,你小时候喜欢玩什么游戏?,,,,LOW_CONF;OCR_MISSING,F1-GMS-0751C 02:17.22-02:19.40
773,1,751,"We used to live near the airport, but we moved downtown a few years ago.",你去过法国吗?我没去过。,,,,OCR_MISSING,F1-GMS-0751C 02:22.30-02:24.78
774,1,751,"Normally I start work at 7 a.m., so I get up very early.","我们去过加拿大,但没去过阿拉斯加。",,,,OCR_MISSING,F1-GMS-0751C 02:27.70-02:30.62
775,1,751,What games did you use to play when you were a child?,"夏琪拉是个有意思的人,她做过很多不同的工作,还住过很多地方。",,,,OCR_MISSING,F1-GMS-0751C 02:33.39-02:38.87
776,1,751,"Have you been to France? No, I haven't.","我见过那个男人,但我不记得在哪儿见的。",,,,OCR_MISSING,F1-GMS-0751C 02:41.80-02:45.06
777,1,751,"We've been to Canada, but we haven't been to Alaska.",巴西赢过几次世界杯,,,,OCR_MISSING,F1-GMS-0751C 02:47.81-02:49.89
778,1,751,Shakira is an interesting person. She's had many different jobs and has lived in many places.,"你看过这本书吗? 看过,我看过两次。",,,,LOW_CONF;OCR_MISSING,F1-GMS-0751C 02:52.76-02:55.98
779,1,751,"I've seen that man before, but I can't remember where.","他去过澳大利亚吗? 有,他去过一次。",,,,OCR_MISSING,F1-GMS-0751C 02:58.85-03:02.39
780,1,751,How many times has Brazil won the World Cup?,"你打过高尔夫球吗? 打过,我经常打。",,,,OCR_MISSING,F1-GMS-0751C 03:05.25-03:08.56
781,1,751,"Have you read this book? Yes, I've read it twice.",我妹妹从来没坐过飞机。,,,,OCR_MISSING,F1-GMS-0751C 03:11.57-03:13.72
782,1,751,"Has she ever been to Australia? Yes, once.",我从没骑过马。,,,,LOW_CONF;OCR_MISSING,F1-GMS-0751C 03:16.57-03:17.99
783,1,751,Have you ever played golf?,"那个男人是谁?我不知道,我从来没见过他。",,,,OCR_MISSING,F1-GMS-0751C 03:20.78-03:24.53
784,1,751,"你打过高尔夫球吗? 打过,我经常打。","你去过蒙特利尔吗? 没,我从没去过。",,,,OCR_MISSING,F1-GMS-0751C 03:27.43-03:31.51
785,1,751,我妹妹从来没坐过飞机。,"你打过高尔夫球吗? 没,我从没打过。",,,,OCR_MISSING,F1-GMS-0751C 03:34.25-03:37.75
786,1,751,我从没骑过马。,"你去过朝鲜吗? 有,去过一次。",,,,OCR_MISSING,F1-GMS-0751C 03:40.80-03:44.20
787,1,751,"那个男人是谁?我不知道,我从来没见过他。",你弄丢过护照吗?从来没有。,,,,OCR_MISSING,F1-GMS-0751C 03:47.21-03:50.10
788,1,751,"你去过蒙特利尔吗? 没,我从没去过。",你坐过直升飞机吗?从没坐过。,,,,OCR_MISSING,F1-GMS-0751C 03:53.17-03:55.98
789,1,751,"No, never.","你赢过比赛吗? 有,赢过几次。",,,,OCR_MISSING,F1-GMS-0751C 03:58.91-04:02.01
790,1,751,Have you ever been to South Korea?,"你去过秘鲁吗? 有,去过两次。",,,,OCR_MISSING,F1-GMS-0751C 04:04.93-04:08.12
791,1,751,"你去过朝鲜吗? 有,去过一次。",你开过公车吗? 从来没开过。,,,,OCR_MISSING,F1-GMS-0751C 04:11.30-04:14.22
792,1,751,你弄丢过护照吗?从来没有。,你摔断过腿吗?有一次。,,,,OCR_MISSING,F1-GMS-0751C 04:17.27-04:20.06
793,1,751,你坐过直升飞机吗? 从没坐过。,他去过两次西班牙。,,,,OCR_MISSING,F1-GMS-0751C 04:22.70-04:24.51
794,1,751,"Yes, a few times.",他去过一次日本。,,,,OCR_MISSING,F1-GMS-0751C 04:27.25-04:28.77
795,1,751,Have you ever been to Peru?,他赢过几次比赛。,,,,OCR_MISSING,F1-GMS-0751C 04:31.60-04:33.28
796,1,751,"你去过秘鲁吗? 有,去过两次。",他从来没坐过直升飞机。,,,,OCR_MISSING,F1-GMS-0751C 04:36.00-04:38.15
797,1,751,你开过公车吗?从来没开过。,我去过一次纽约。,,,,OCR_MISSING,F1-GMS-0751C 04:40.97-04:42.67
798,1,751,"Yes, once.",我没打过网球。,,,,LOW_CONF;OCR_MISSING,F1-GMS-0751C 04:45.27-04:46.70
799,1,751,She's been to Spain twice.,我没开过卡车。,,,,OCR_MISSING,F1-GMS-0751C 04:49.38-04:51.00
800,1,751,She's been to Japan once.,我上学迟到过好几次了。,,,,OCR_MISSING,F1-GMS-0751C 04:53.73-04:55.88
801,1,801,She's had many different jobs.,他做过很多不同的工作。,,,,OCR_MISSING,F1-GMS-0801C 00:07.00-00:09.13
802,1,801,She's written 10 books.,他写过十本书。,,,,OCR_MISSING,F1-GMS-0801C 00:12.00-00:13.52
803,1,801,She's written a lot of interesting things.,他写过很多有意思的东西。,,,,OCR_MISSING,F1-GMS-0801C 00:16.18-00:18.51
804,1,801,She's traveled all over the world.,他去世界各地旅行过。,,,,OCR_MISSING,F1-GMS-0801C 00:21.19-00:23.20
805,1,801,She's been married three times.,他结过三次婚。,,,,LOW_CONF;OCR_MISSING,F1-GMS-0801C 00:26.04-00:27.50
806,1,801,She's met a lot of interesting people.,他遇到过很多有趣的人。,,,,OCR_MISSING,F1-GMS-0801C 00:30.26-00:32.35
807,1,801,"I've seen that woman before, but I can't remember her name.","我曾经见过那个女人,但不记得她的名字。",,,,OCR_MISSING,F1-GMS-0801C 00:35.27-00:38.76
808,1,801,Have you ever played basketball? Just once.,你打过篮球吗? 只打过一次。,,,,OCR_MISSING,F1-GMS-0801C 00:41.54-00:44.36
809,1,801,"Have you ever written a poem? Yes, in high school.","你写过诗吗? 有,在高中的时候。",,,,OCR_MISSING,F1-GMS-0801C 00:47.07-00:50.39
810,1,801,"Does she know Claude? No, she's never met him.","他认识克劳德吗?没有,他没见过他。",,,,OCR_MISSING,F1-GMS-0801C 00:53.23-00:56.42
811,1,801,They have lots of books and I've read all of them.,"他们有很多书,而且全都看过了。",,,,OCR_MISSING,F1-GMS-0801C 00:59.40-01:02.28
812,1,801,"I've never been to New Zealand, but my brother's been there twice.","我从没去过新西兰,但我哥哥去过两次。",,,,OCR_MISSING,F1-GMS-0801C 01:05.02-01:08.28
813,1,801,"Gunter's favorite movie is Star Wars. He's seen it 20 times, but I've never seen it.","刚特最喜欢的电影是《星球大战》,他看了20遍,但我从没看过。",,,,OCR_MISSING,F1-GMS-0801C 01:11.22-01:16.61
814,1,801,"I've traveled by plane, bus, and train. Someday, I want to take a trip by boat.","我坐过飞机、巴士和火车旅行,改天我要坐船旅行。",,,,OCR_MISSING,F1-GMS-0801C 01:19.57-01:24.67
815,1,801,Caroline's on vacation in Brazil. She's there now.,"卡罗林在巴西度假,他现在在那里。",,,,OCR_MISSING,F1-GMS-0801C 01:27.11-01:30.12
816,1,801,She arrived in Brazil on Monday. Today is Thursday.,"他星期一到巴西,今天是星期四。",,,,OCR_MISSING,F1-GMS-0801C 01:32.87-01:35.99
817,1,801,How long has she been in Brazil?,他在巴西待多久了?,,,,OCR_MISSING,F1-GMS-0801C 01:38.68-01:40.41
818,1,801,She's been in Brazil since Monday.,他从星期一就在巴西了。,,,,OCR_MISSING,F1-GMS-0801C 01:43.01-01:45.07
819,1,801,She's been in Brazil for three days.,他在巴西待了三天了。,,,,OCR_MISSING,F1-GMS-0801C 01:47.82-01:49.77
820,1,801,Emil and Larissa are married. They've been married for five years.,"艾米尔和拉里萨结婚了,他们结婚五年了。",,,,OCR_MISSING,F1-GMS-0801C 01:52.53-01:56.33
821,1,801,Are you married? How long have you been married?,你们结婚了吗? 你们结婚多久了?,,,,OCR_MISSING,F1-GMS-0801C 01:59.16-02:02.25
822,1,801,Do you know her? How long have you known her?,你认识他吗?你认识他多久了?,,,,OCR_MISSING,F1-GMS-0801C 02:05.01-02:07.91
823,1,801,I know Charlotte. I've known her for a long time.,"我认识夏洛蒂,我认识她很久了。",,,,OCR_MISSING,F1-GMS-0801C 02:10.62-02:13.50
824,1,801,Carla lives in Tokyo. How long has she lived in Tokyo?,"卡拉住在东京,他住在东京多久了?",,,,OCR_MISSING,F1-GMS-0801C 02:16.28-02:19.55
825,1,801,She's lived there all her life.,他一辈子都住在那里。,,,,OCR_MISSING,F1-GMS-0801C 02:22.40-02:24.15
826,1,801,I have a car. How long have you had your car?,"我有车,你有车多长时间了?",,,,LOW_CONF;OCR_MISSING,F1-GMS-0801C 02:26.80-02:29.34
827,1,801,I've had it since April.,我4月份就有了。,,,,LOW_CONF;OCR_MISSING,F1-GMS-0801C 02:32.09-02:33.77
828,1,801,I'm studying German. How long have you been studying German?,"我在学德语,你学德语多久了?",,,,OCR_MISSING,F1-GMS-0801C 02:36.42-02:39.28
829,1,801,I've been studying German for two years.,我学德语两年了。,,,,OCR_MISSING,F1-GMS-0801C 02:42.01-02:43.59
830,1,801,Gerard's watching TV. How long has he been watching TV?,"葛哈德在看电视,他看电视看多长时间了。",,,,OCR_MISSING,F1-GMS-0801C 02:46.39-02:50.13
831,1,801,He's been watching TV since 5 o'clock.,他5点就开始看电视了。,,,,LOW_CONF;OCR_MISSING,F1-GMS-0801C 02:52.78-02:54.72
832,1,801,It's raining. It's been raining all day.,"现在正在下雨,雨下了一整天了。",,,,OCR_MISSING,F1-GMS-0801C 02:57.64-03:00.76
833,1,801,Svetlana and Maxim are married. They've been married since 1999.,"斯维特拉娜和马克西姆结婚了,他们1999年结婚。",,,,OCR_MISSING,F1-GMS-0801C 03:03.47-03:08.02
834,1,801,Severo's sick. He's been sick for the last few days.,"塞维罗生病了,已经病了好几天了。",,,,OCR_MISSING,F1-GMS-0801C 03:10.86-03:13.86
835,1,801,We live on Main Street. We've lived there for a long time.,"我们住在缅恩街,我们在那儿住了很久了。",,,,OCR_MISSING,F1-GMS-0801C 03:16.58-03:20.10
836,1,801,Florentine works in a bank. She's worked in a bank for five years.,"弗洛伦廷在银行工作,他在银行工作了五年了。",,,,OCR_MISSING,F1-GMS-0801C 03:22.74-03:27.08
837,1,801,Hubert has a headache. He's had a headache since he got up this morning.,"休伯特头痛,他今天早上起床就头痛了。",,,,OCR_MISSING,F1-GMS-0801C 03:29.79-03:33.53
838,1,801,I'm studying English. I've studied English for six months.,"我在学英语,我学英语6个月了。",,,,OCR_MISSING,F1-GMS-0801C 03:36.42-03:39.42
839,1,801,How long have they been in Brazil?,他们在巴西待多久了?,,,,OCR_MISSING,F1-GMS-0801C 03:42.24-03:44.17
840,1,801,How long have you known Olivia?,你认识奥利维亚多久了?,,,,OCR_MISSING,F1-GMS-0801C 03:47.18-03:49.41
841,1,801,How long has she studied Italian?,他学意大利语多久了?,,,,OCR_MISSING,F1-GMS-0801C 03:52.63-03:54.58
842,1,801,How long has he lived in Seattle?,他住在西雅图多久了?,,,,OCR_MISSING,F1-GMS-0801C 03:57.69-03:59.66
843,1,801,How long have you been a teacher?,你当老师多久了?,,,,OCR_MISSING,F1-GMS-0801C 04:02.72-04:04.37
844,1,801,How long has it been raining?,雨下了多久了?,,,,OCR_MISSING,F1-GMS-0801C 04:07.39-04:08.90
845,1,801,They've been married for 10 years.,他们结婚十年了。,,,,OCR_MISSING,F1-GMS-0801C 04:11.78-04:13.50
846,1,801,Leonardo's lived in Canada since April.,李奥纳多从4月就住在加拿大。,,,,OCR_MISSING,F1-GMS-0801C 04:16.46-04:19.22
847,1,801,Giselle and I are friends. I know her very well.,"吉塞尔和我是朋友,我很了解他。",,,,OCR_MISSING,F1-GMS-0801C 04:22.22-04:25.18
848,1,801,Luisa and I are friends. I've known her for a long time.,"路易莎和我是朋友,我认识她很久了。",,,,OCR_MISSING,F1-GMS-0801C 04:28.04-04:31.31
849,1,801,Sorry I'm late. How long have you been waiting?,"不好意思,我迟到了,你在这等多久了?",,,,LOW_CONF;OCR_MISSING,F1-GMS-0801C 04:33.99-04:37.08
850,1,801,Jean works in a hotel now. He likes his job a lot.,"让在这家酒店工作,他很喜欢这份工作。",,,,OCR_MISSING,F1-GMS-0801C 04:39.78-04:43.50
851,1,851,The GMS Method. Fluency 1.,英文,,,,OCR_MISSING;DURATION_CHECK,F1-GMS-0851B 00:03.81-00:04.62
852,1,851,Isabella is reading the newspaper. She has been reading for two hours.,Isabelle is reading the newspaper. She's been reading it for two hours.,,,,OCR_MISSING,F1-GMS-0851B 00:10.00-00:13.44
853,1,851,你在这房子里住了多长时间了?,How long have you lived in this house?,,,,OCR_MISSING,F1-GMS-0851B 00:23.72-00:25.26
854,1,851,"那是件新外套吗? 不是,我很久以前就有这件外套了。","Is that a new coat? No, I've had this coat for a long time.",,,,OCR_MISSING,F1-GMS-0851B 00:33.85-00:37.08
855,1,851,"马利克现在在西雅图,他这三天一直在那里。","Malik在 Seattle 现在,他在那里过了最后三天。",,,,OCR_MISSING,F1-GMS-0851B 00:47.33-00:50.68
856,1,851,"亚斯敏在巴西,他在巴西待了三天了。",Yasmine's in Brazil. She's been there for three days.,,,,OCR_MISSING,F1-GMS-0851B 01:00.37-01:03.14
857,1,851,"今天是星期三,他星期一就在那里了。",Today is Wednesday. She's been there since Monday.,,,,OCR_MISSING,F1-GMS-0851B 01:12.29-01:14.85
858,1,851,Lucien has been in Canada for six months.,Lucienne has been in Canada for six months.,,,,OCR_MISSING,F1-GMS-0851B 01:23.87-01:26.22
859,1,851,Lucien was in Canada in January.,Lucienne has been in Canada since January.,,,,OCR_MISSING,F1-GMS-0851B 01:34.56-01:36.72
860,1,851,我们已经等了两个小时了。,We've been waiting for two hours.,,,,OCR_MISSING,F1-GMS-0851B 01:44.80-01:46.44
861,1,851,我们九点就开始等了。,We've been waiting since 9 o'clock.,,,,OCR_MISSING,F1-GMS-0851B 01:54.62-01:56.42
862,1,851,我在芝加哥住了很久了。,I've lived in Chicago for a long time.,,,,OCR_MISSING,F1-GMS-0851B 02:04.34-02:06.34
863,1,851,"从十岁起,我就住在芝加哥了。",I've lived in Chicago since I was 10 years old.,,,,OCR_MISSING,F1-GMS-0851B 02:14.43-02:17.02
864,1,851,Jasmine started her new job three weeks ago.,Jasmine started her new job three weeks ago.,,,,OCR_MISSING,F1-GMS-0851B 02:25.28-02:27.82
865,1,851,He left 10 minutes ago.,When did Noboru leave?,,,,OCR_MISSING,F1-GMS-0851B 02:37.16-02:38.42
866,1,851,I had dinner an hour ago.,生什么时候走的?他十分钟前走的。,,,,OCR_MISSING,F1-GMS-0851B 02:43.31-02:46.70
867,1,851,Life was very different a hundred years ago.,"我一小时前吃晚餐,",,,,OCR_MISSING,F1-GMS-0851B 02:54.23-02:56.10
868,1,851,When did Michiko arrive in Brazil?,一百年前的生活很不一样。,,,,OCR_MISSING,F1-GMS-0851B 03:04.43-03:06.53
869,1,851,She arrived in Brazil three days ago.,美智子是什么时候到巴西的?,,,,OCR_MISSING,F1-GMS-0851B 03:14.31-03:16.76
870,1,851,How long has she been in Brazil?,他三天前到巴西的。,,,,OCR_MISSING,F1-GMS-0851B 03:24.70-03:26.53
871,1,851,She's been in Brazil for three days.,他在巴西待多久了?,,,,OCR_MISSING,F1-GMS-0851B 03:33.88-03:35.78
872,1,851,My aunt has lived in Australia for 15 years.,他在巴西待了三天了。,,,,OCR_MISSING,F1-GMS-0851B 03:43.93-03:45.93
873,1,851,Lillianne's in her office. She's been there since 7 o'clock.,我阿姨在澳大利亚住了15年了。,,,,OCR_MISSING,F1-GMS-0851B 03:54.55-03:57.34
874,1,851,Mexico has been an independent country since 1821.,"莉莉安在她的办公室,她七点就在那里了。",,,,OCR_MISSING,F1-GMS-0851B 04:06.43-04:09.89
875,1,851,The bus is late. We've been waiting for 20 minutes.,墨西哥自1821年就是独立的国家了。,,,,OCR_MISSING,F1-GMS-0851B 04:20.14-04:23.68
876,1,851,Nobody lives in those houses. They've been empty for many years.,"公车晚到了,我们已经等了20分钟了。",,,,OCR_MISSING,F1-GMS-0851B 04:32.24-04:35.19
877,1,851,Michel's been sick for a long time. He's been in the hospital since October of last year.,"没人住在那些房子里,他们已经空了很多年了。",,,,OCR_MISSING,F1-GMS-0851B 04:44.69-04:48.43
878,1,851,When was the last time you ate?,"米歇尔病了很久了,他去年十月就住院了。",,,,OCR_MISSING,F1-GMS-0851B 04:59.12-05:02.97
879,1,851,你上次进食是什么时候? 三小时前。,三个小时前,,,,OCR_MISSING,F1-GMS-0851B 05:08.24-05:09.26
880,1,851,你上次生病是什么时候? 五个月前。,When was the last time you were sick?,,,,OCR_MISSING,F1-GMS-0851B 05:18.70-05:20.35
881,1,851,你上次看电影是什么时候?,你上次生病是什么时候? 五个月前。,,,,OCR_MISSING,F1-GMS-0851B 05:25.21-05:28.67
882,1,851,"你上次坐汽车是什么时候,就今天早上。",你上次看电影是什么时候?,,,,OCR_MISSING,F1-GMS-0851B 05:38.08-05:40.12
883,1,851,A year ago.,你上次坐汽车是什么时候? 就今天早上。,,,,OCR_MISSING,F1-GMS-0851B 05:49.40-05:52.92
884,1,851,Mungol and Won-hye have been married for 20 years.,a year ago,,,,OCR_MISSING;DURATION_CHECK,F1-GMS-0851B 05:58.58-05:59.37
885,1,851,Mungol and Won Hieh got married 20 years ago.,Mungol and Won Hyuk have been married for 20 years.,,,,OCR_MISSING,F1-GMS-0851B 06:08.83-06:11.85
886,1,851,Nicholas arrived an hour ago.,Mungol and Won Hyuk got married 20 years ago.,,,,OCR_MISSING,F1-GMS-0851B 06:20.93-06:23.67
887,1,851,I bought these shoes a few days ago.,Nicholas arrived an hour ago.,,,,OCR_MISSING,F1-GMS-0851B 06:32.28-06:33.94
888,1,851,Miriam's been studying English for six months.,I bought these shoes a few days ago.,,,,OCR_MISSING,F1-GMS-0851B 06:42.09-06:43.77
889,1,851,Have you known Huizhong for a long time?,Miriam's been studying English for six months.,,,,OCR_MISSING,F1-GMS-0851B 06:52.12-06:54.70
890,1,851,Natalie's been in Brazil for three days.,Have you known Huizhong for a long time?,,,,OCR_MISSING,F1-GMS-0851B 07:04.02-07:05.93
891,1,851,Gun Hong's been here since Tuesday.,Natalie's been in Brazil for three days.,,,,OCR_MISSING,F1-GMS-0851B 07:14.07-07:16.25
892,1,851,It's been raining for an hour.,Gon Hongs been here since Tuesday.,,,,OCR_MISSING,F1-GMS-0851B 07:24.87-07:26.87
893,1,851,I've known Meng Juan since 2002.,It's been raining for an hour.,,,,OCR_MISSING,F1-GMS-0851B 07:34.98-07:36.54
894,1,851,Jaime and Pauline have been married for six months.,I've known Meng Juan since 2002.,,,,OCR_MISSING,F1-GMS-0851B 07:44.66-07:47.01
895,1,851,Hitomi has studied medicine at the university for three years.,Remy and Pauline have been married for six months.,,,,OCR_MISSING,F1-GMS-0851B 07:55.33-07:58.08
896,1,851,Ichiro's played the piano since he was seven years old.,Hitomi has studied medicine at the university for three years.,,,,OCR_MISSING,F1-GMS-0851B 08:06.55-08:09.80
897,1,851,His car's dirty. He's washing his car. He's washed his car. It's clean now.,Ichiro's played the piano since he was seven years old.,,,,OCR_MISSING,F1-GMS-0851B 08:18.46-08:21.26
898,1,851,They're at home. They're going out.,His car is dirty. He's washing his car. He's washed his car. It's clean now.,,,,OCR_MISSING,F1-GMS-0851B 08:29.83-08:35.31
899,1,851,"他们在家,他们正要出门,他们出门了,他们不在家了。",They're at home. They're going out.,,,,OCR_MISSING,F1-GMS-0851B 08:46.51-08:48.46
900,1,851,"我的护照不见了,我现在找不到我的护照了。","他们在家,他们正要出门,他们出门了,他们不在家了。",,,,OCR_MISSING,F1-GMS-0851B 08:54.36-08:59.52
901,1,901,The GMS Method. Fluency 1.,"君红去度假了,她去了哪里?她现在在哪儿?",,,,OCR_MISSING,F1-GMS-0901C 00:00.00-00:03.34
902,1,901,"君红去度假了,她去了哪里?",你见过我哥哥了吗?要不要我介绍你们认识?,,,,OCR_MISSING;DURATION_CHECK,F1-GMS-0901C 00:03.82-00:04.69
903,1,901,他现在在哪儿?,"我上大学时打字很慢,但现在变快了。",,,,OCR_MISSING,F1-GMS-0901C 00:06.87-00:10.34
904,1,901,你见过我哥哥了吗?要不要我介绍你们认识?,你的钥匙呢?我找不着了。,,,,LOW_CONF;OCR_MISSING,F1-GMS-0901C 00:10.95-00:12.17
905,1,901,"我上大学时打字很慢,但现在变快了。","奥利弗在这儿吗? 没,他回家了。",,,,OCR_MISSING,F1-GMS-0901C 00:14.65-00:18.27
906,1,901,你的钥匙呢?我找不着了。,我们买了一辆新汽车。,,,,OCR_MISSING,F1-GMS-0901C 00:20.70-00:24.02
907,1,901,"奥利佛在这儿吗? 没,他回家了。",我昨天弄丢了我的钥匙。,,,,OCR_MISSING,F1-GMS-0901C 00:26.51-00:28.84
908,1,901,我們買了一輛新汽車。,我上周弄丢了我的钥匙。,,,,OCR_MISSING,F1-GMS-0901C 00:31.23-00:34.47
909,1,901,我昨天弄丢了我的钥匙。,我这个月弄丢钥匙五次了。,,,,LOW_CONF;OCR_MISSING,F1-GMS-0901C 00:37.07-00:38.95
910,1,901,我上周弄丢了我的钥匙。,我们昨天买了一辆新汽车。,,,,OCR_MISSING,F1-GMS-0901C 00:41.40-00:43.49
911,1,901,I've lost my keys five times this month.,我们上个礼拜买了一辆新汽车。,,,,OCR_MISSING,F1-GMS-0901C 00:45.98-00:48.03
912,1,901,我們昨天買了一輛新汽車。,我们过去三年买了两辆新车。,,,,OCR_MISSING,F1-GMS-0901C 00:50.51-00:52.78
913,1,901,我們上個禮拜買了一輛新汽車。,"塞尔日不在这儿,他回家了,他已经回家了。",,,,OCR_MISSING,F1-GMS-0901C 00:55.29-00:57.62
914,1,901,We bought two new cars in the past three years.,"我不用给他们打电话,我发了电子邮件给他们,我已经发电子邮件给他们了。",,,,OCR_MISSING,F1-GMS-0901C 01:00.08-01:02.68
915,1,901,"塞尔日不在这儿,他回家了,他已经回家了。","沙宾娜不会来参加聚会,她的胳膊骨折了。",,,,OCR_MISSING,F1-GMS-0901C 01:05.23-01:07.82
916,1,901,I've already written them an email.,"我哥哥和嫂子不住这儿了,他们搬去西雅图了,他们已经搬到了西雅图。",,,,OCR_MISSING,F1-GMS-0901C 01:10.28-01:14.11
917,1,901,Sabine is not coming to the party. She broke her arm.,我犯了一个错误。,,,,OCR_MISSING,F1-GMS-0901C 01:16.69-01:22.37
918,1,901,"Sabina won't come to the party, her arm is fractured.","我的钱包不见了,我弄丢了我的钱包。",,,,OCR_MISSING,F1-GMS-0901C 01:24.95-01:28.64
919,1,901,"我哥哥和嫂子不住这儿了,他们搬去西雅图了,他们已经搬到了西雅图。",你见过他吗?,,,,LOW_CONF;OCR_MISSING,F1-GMS-0901C 01:31.22-01:36.86
920,1,901,I made a mistake.,你听见了吗?你听说过吗?,,,,OCR_MISSING,F1-GMS-0901C 01:39.59-01:41.08
921,1,901,我的钱包不见了 我弄丢了我的钱包,提要结婚了。,,,,LOW_CONF;OCR_MISSING,F1-GMS-0901C 01:43.62-01:46.78
922,1,901,你见过他吗?,我买完东西了。,,,,OCR_MISSING,F1-GMS-0901C 01:49.39-01:50.63
923,1,901,你听见了吗?你听说过吗?,古斯塔沃又没问我就把我的自行车骑走了。 古斯塔沃没问我就把我的自行车骑走了。,,,,OCR_MISSING,F1-GMS-0901C 01:53.28-01:55.76
924,1,901,提要結婚了。,你把好消息告诉你的朋友们了吗?,,,,LOW_CONF;OCR_MISSING,F1-GMS-0901C 01:58.42-01:59.73
925,1,901,我买完东西了。,我们还没付电子账单。,,,,OCR_MISSING,F1-GMS-0901C 02:02.44-02:03.75
926,1,901,古斯塔沃又没问我就把我的自行车骑走了 古斯塔沃没问我就把我的自行车骑走了,"文森特和瓦莱利在这儿吗?在,他们刚到。",,,,OCR_MISSING,F1-GMS-0901C 02:06.45-02:13.40
927,1,901,你把好消息告诉你的朋友们了吗?,"你饿吗?不饿,我刚吃了晚餐。",,,,OCR_MISSING,F1-GMS-0901C 02:15.94-02:18.44
928,1,901,我们还没付电子账单。,"你拉折在这儿吗?不在,他刚走了。",,,,OCR_MISSING,F1-GMS-0901C 02:20.98-02:22.89
929,1,901,"文森特和瓦莱利在这儿吗? 在,他们刚到。","尼古莱和维多利亚几点回来,他们已经到了。",,,,OCR_MISSING,F1-GMS-0901C 02:25.47-02:28.98
930,1,901,"No, I just had dinner.","现在才9点,但是伊内斯已经上床睡觉了。",,,,OCR_MISSING,F1-GMS-0901C 02:31.50-02:34.30
931,1,901,"Is Neeraj here? No, he just left.","这位是一方,嗯,我们已经见过了。",,,,OCR_MISSING,F1-GMS-0901C 02:36.83-02:39.84
932,1,901,What time are Nikolai and Victoria coming? They've already arrived.,"伊希多和桑德拉在这儿吗?不在,他们还没到。",,,,OCR_MISSING,F1-GMS-0901C 02:42.38-02:45.90
933,1,901,It's only 9 o'clock and Inez has already gone to bed.,"雅尼克知道你要走吗? 不知道,我还没跟他说。",,,,OCR_MISSING,F1-GMS-0901C 02:48.42-02:52.00
934,1,901,"This is Ivan. Yes, we've already met.","朵拉买了件新脸衣裙,但她还没穿过。",,,,OCR_MISSING,F1-GMS-0901C 02:54.49-02:57.45
935,1,901,"Are Isidore and Sandra here? No, they haven't arrived yet.","贱德拉和英迪拉到了没?还没,我们在等他们。",,,,OCR_MISSING,F1-GMS-0901C 02:59.99-03:03.61
936,1,901,Does Yannick know that you're going away?,"纪纳伊达开始新的工作了吗? 还没有,下礼拜才开始。",,,,OCR_MISSING,F1-GMS-0901C 03:06.15-03:10.12
937,1,901,"亚尼克知道你要走吗?不知道,我还没跟他说。","这是我的新连衣裙,很好看,你穿过吗?",,,,OCR_MISSING,F1-GMS-0901C 03:12.75-03:15.76
938,1,901,"朵拉买了件新脸衣裙,但她还没穿过。",史丹几点会来?他已经到了。,,,,OCR_MISSING,F1-GMS-0901C 03:18.42-03:22.49
939,1,901,"贱德拉和英迪拉到了没?还没,我们在等他们。","你的朋友们想看电影吗?不想,他们已经看过了。",,,,OCR_MISSING,F1-GMS-0901C 03:25.07-03:29.80
940,1,901,"纪纳伊达开始新的工作了吗? 还没有,下礼拜才开始。","别忘了打给瓦迪姆,我已经打了。",,,,OCR_MISSING,F1-GMS-0901C 03:32.37-03:35.91
941,1,901,"这是我的新连衣裙,很好看,你穿过吗?",秀树什么时候去上班? 她已经去上班了。,,,,OCR_MISSING,F1-GMS-0901C 03:38.41-03:41.15
942,1,901,史丹几点会来?他已经到了。,花子什么时候开始新工作? 已经开始了。,,,,OCR_MISSING,F1-GMS-0901C 03:43.62-03:47.49
943,1,901,"你的朋友们想看电影吗? 不想,他们已经看过了。",塔玛拉开始新工作了没?,,,,LOW_CONF;OCR_MISSING,F1-GMS-0901C 03:49.95-03:52.88
944,1,901,"别忘了打给瓦迪姆,我已经打了。",你告诉你爸那个事故了没?,,,,OCR_MISSING,F1-GMS-0901C 03:55.39-03:58.80
945,1,901,He's already gone to work.,"我刚吃完一顿大餐,所以我不饿。",,,,OCR_MISSING,F1-GMS-0901C 04:01.42-04:03.49
946,1,901,When does Hanako start her new job?,"因为孟璇写完作业了,所以她可以看电视了。",,,,OCR_MISSING,F1-GMS-0901C 04:04.10-04:05.20
947,1,901,已经开始了!It's already started!,"你不能去睡觉,你还没刷牙。",,,,LOW_CONF;OCR_MISSING,F1-GMS-0901C 04:07.80-04:09.77
948,1,901,Has Tamara started her new job yet?,"弗拉迪米尔才刚回家,所以你不能跟他说。",,,,OCR_MISSING,F1-GMS-0901C 04:12.53-04:14.62
949,1,901,Have you told your father about the accident yet?,"拉蒙娜刚刚出院,所以还不能去上班。",,,,OCR_MISSING,F1-GMS-0901C 04:17.20-04:19.97
950,1,901,"I've just eaten a big dinner, so I'm not hungry.",您把我们的新地址给邮局了吗?,,,,LOW_CONF;OCR_MISSING,F1-GMS-0901C 04:22.67-04:26.13
951,1,951,The postman hasn't come yet.,邮递员还没来,,,,OCR_MISSING,F1-GMS-0951C 00:12.27-00:13.63
952,1,951,I've just spoken to your sister.,我刚刚才跟你妹妹说了话。,,,,OCR_MISSING,F1-GMS-0951C 00:16.07-00:18.13
953,1,951,Has Jianwen bought a new computer yet?,建文买新电脑了没?,,,,OCR_MISSING,F1-GMS-0951C 00:20.61-00:22.34
954,1,951,Gon Ho and Ah Young haven't told anyone they're getting married yet.,建豪和亚灵还没跟任何人说他们要结婚了。,,,,OCR_MISSING,F1-GMS-0951C 00:24.98-00:28.64
955,1,951,We've already done our packing for our trip.,我们已经收拾好去旅行的行李了。,,,,OCR_MISSING,F1-GMS-0951C 00:31.22-00:33.73
956,1,951,I've just swum a mile and I feel great.,"我刚游了1000米,我感觉好急了。",,,,OCR_MISSING,F1-GMS-0951C 00:36.55-00:39.44
957,1,951,Your friend has a new job. Ask her if she has started her new job yet.,"你的朋友有了新的工作,问问他开始新工作了没?",,,,OCR_MISSING,F1-GMS-0951C 00:42.33-00:46.25
958,1,951,Your friend has some new neighbors. Ask him if he's met his new neighbors.,"你的朋友有了新邻居,问问他见过新邻居了没?",,,,OCR_MISSING,F1-GMS-0951C 00:49.18-00:53.13
959,1,951,Your friend has to pay her phone bill. Ask her if she's paid her phone bill yet.,"你的朋友必须要付电话账单,问问他付账单了没?",,,,OCR_MISSING,F1-GMS-0951C 00:56.04-01:00.07
960,1,951,Victor was trying to sell his car. Ask him if you sold his car yet.,"维克托之前想把他的车卖了,问问他车卖了没?",,,,OCR_MISSING,F1-GMS-0951C 01:03.05-01:07.14
961,1,951,I saw Malika yesterday.,我昨天看到了玛丽卡。,,,,OCR_MISSING,F1-GMS-0951C 01:10.15-01:11.86
962,1,951,Where were you on Sunday afternoon?,你星期天下午在哪里?,,,,OCR_MISSING,F1-GMS-0951C 01:14.63-01:16.47
963,1,951,We didn't take a vacation last year.,我们去年没有休假。,,,,OCR_MISSING,F1-GMS-0951C 01:19.02-01:20.75
964,1,951,What did you do last night? I stayed at home.,你昨天晚上做了什么? 我待在家。,,,,OCR_MISSING,F1-GMS-0951C 01:23.35-01:26.34
965,1,951,Shakespeare was a writer and wrote many plays and poems.,"莎士比亚身为作家,写了很多戏剧和诗。",,,,OCR_MISSING,F1-GMS-0951C 01:29.04-01:32.79
966,1,951,When did you buy your computer?,你什么时候买电脑的?,,,,LOW_CONF;OCR_MISSING,F1-GMS-0951C 01:35.41-01:37.15
967,1,951,What time did Jamal go out?,贾曼尔几点出去的?,,,,OCR_MISSING,F1-GMS-0951C 01:39.90-01:41.67
968,1,951,Kenji went home.,建制回家了。,,,,LOW_CONF;OCR_MISSING,F1-GMS-0951C 01:44.27-01:45.63
969,1,951,Did you have lunch today?,你今天吃午餐了吗?,,,,LOW_CONF;OCR_MISSING,F1-GMS-0951C 01:48.49-01:50.13
970,1,951,The email didn't arrive at all.,根本没收到电子邮件。,,,,OCR_MISSING,F1-GMS-0951C 01:52.91-01:54.79
971,1,951,Have you ever been to Spain? Did you go to Spain last year?,你去过西班牙吗?你去年去了西班牙吗?,,,,OCR_MISSING,F1-GMS-0951C 01:57.60-02:00.97
972,1,951,My friend has written many books. Shakespeare wrote many plays and poems.,"我朋友写了很多书,莎士比亚写了很多戏剧和诗。",,,,OCR_MISSING,F1-GMS-0951C 02:03.93-02:08.16
973,1,951,The email hasn't arrived yet. The email didn't arrive today.,"还没收到电子邮件,今天没收到电子邮件。",,,,OCR_MISSING,F1-GMS-0951C 02:11.10-02:14.61
974,1,951,"We've lived in Paris for six years. We lived in Paris for six years, but now we live in Rome.","我们已经在巴黎住了六年了,我们曾住在巴黎六年,但我们现在住在罗马。",,,,OCR_MISSING,F1-GMS-0951C 02:17.49-02:24.17
975,1,951,I had lunch an hour ago.,我一小时前吃了午餐。,,,,OCR_MISSING,F1-GMS-0951C 02:27.92-02:29.87
976,1,951,I started my new job last week.,我上个礼拜开始了我的新工作。,,,,OCR_MISSING,F1-GMS-0951C 02:32.34-02:34.74
977,1,951,My friends arrived on Friday.,我朋友们周五就到了。,,,,OCR_MISSING,F1-GMS-0951C 02:37.61-02:39.49
978,1,951,Keiko went out at 5 o'clock.,惠子5点时出去了。,,,,OCR_MISSING,F1-GMS-0951C 02:42.28-02:44.14
979,1,951,I wore my new suit yesterday.,我昨天穿了我的新西装。,,,,OCR_MISSING,F1-GMS-0951C 02:46.85-02:48.82
980,1,951,Have you seen VEDA? Did you see VEDA yesterday?,你看见过维达吗?你昨天看到维达了吗?,,,,OCR_MISSING,F1-GMS-0951C 02:51.50-02:54.71
981,1,951,I've finished my work. I finished my work at 2 o'clock.,"我做完我的工作了,我2点时完成了我的工作。",,,,OCR_MISSING,F1-GMS-0951C 02:57.45-03:01.15
982,1,951,Have you finished? What time did you finish your work?,你做完了吗?你几点做完工作的?,,,,OCR_MISSING,F1-GMS-0951C 03:03.83-03:06.44
983,1,951,Li Ting isn't here. She's gone out.,"丽婷不在这,她出去了。",,,,OCR_MISSING,F1-GMS-0951C 03:09.28-03:11.31
984,1,951,Sanjit's grandmother has died. Sanjit's grandmother died two years ago.,"山吉特的奶奶去世了,山吉特的奶奶两年前过世了。",,,,OCR_MISSING,F1-GMS-0951C 03:13.88-03:18.55
985,1,951,Where have you been? Where were you last night?,你去哪儿了?你昨晚在哪儿?,,,,OCR_MISSING,F1-GMS-0951C 03:21.17-03:23.55
986,1,951,My friend is a writer and has written many books.,"我的朋友是作家,他写了很多书。",,,,OCR_MISSING,F1-GMS-0951C 03:26.15-03:28.97
987,1,951,I played tennis yesterday afternoon.,我昨天下午打了网球。,,,,OCR_MISSING,F1-GMS-0951C 03:31.46-03:33.41
988,1,951,What time did you go to bed last night?,你昨晚几点睡觉的?,,,,LOW_CONF;OCR_MISSING,F1-GMS-0951C 03:36.05-03:37.64
989,1,951,Have you ever met a famous person?,你遇到过名人吗?,,,,OCR_MISSING,F1-GMS-0951C 03:40.38-03:42.05
990,1,951,The weather wasn't very good yesterday.,昨天天气不是很好。,,,,OCR_MISSING,F1-GMS-0951C 03:44.67-03:46.38
991,1,951,Mira travels a lot. She's visited many countries.,"米拉经常旅行,他去过很多国家了。",,,,OCR_MISSING,F1-GMS-0951C 03:48.86-03:51.91
992,1,951,I turned off the light before leaving this morning.,我今天早上出门前把灯关了。,,,,OCR_MISSING,F1-GMS-0951C 03:54.72-03:57.08
993,1,951,"I live in New York now, but I've lived in Mexico for many years.","我们现在住在纽约,但是之前我们在墨西哥住了很多年。",,,,OCR_MISSING,F1-GMS-0951C 03:59.84-04:04.15
994,1,951,What's Taiwan like? Is it beautiful? I don't know. I've never been there.,"台湾怎么样?漂亮吗?我不知道,我没去过。",,,,OCR_MISSING,F1-GMS-0951C 04:06.93-04:10.77
995,1,951,Have you ever been to Florida?,你去过佛罗里达吗?,,,,OCR_MISSING,F1-GMS-0951C 04:13.68-04:15.34
996,1,951,We went there on vacation two years ago.,"我们两年前去那里度假,",,,,OCR_MISSING,F1-GMS-0951C 04:18.14-04:20.16
997,1,951,Did you have a good time?,你们玩得好吗?,,,,LOW_CONF;OCR_MISSING,F1-GMS-0951C 04:23.09-04:24.33
998,1,951,We had a great time. It was wonderful.,"我们玩得很开心,棒极了。",,,,OCR_MISSING,F1-GMS-0951C 04:26.85-04:29.08
999,1,951,What does your girlfriend do?,你女朋友从事什么工作?,,,,LOW_CONF;OCR_MISSING,F1-GMS-0951C 04:31.87-04:33.91
1000,1,951,She's a painter. She won many prizes for her paintings.,"他是画家,他的作品得过很多奖。",,,,OCR_MISSING,F1-GMS-0951C 04:36.51-04:39.27
1001,2,1001,The GMS Method Fluency 2,你看过他画的画吗?,,,,OCR_MISSING,F2-GMS-1001C 00:06.86-00:08.68
1002,2,1001,你看过他画的画吗?,我上个礼拜看了一些他的作品。,,,,OCR_MISSING,F2-GMS-1001C 00:11.40-00:13.82
1003,2,1001,我上个礼拜看了一些他的作品。,"布里奇特在工厂工作,不过他曾经做过很多份不同的工作。",,,,OCR_MISSING,F2-GMS-1001C 00:16.56-00:21.59
1004,2,1001,"布里奇特在工厂工作,不过他曾经做过很多份不同的工作。",他五年前是餐厅的服务员。,,,,OCR_MISSING,F2-GMS-1001C 00:24.62-00:26.98
1005,2,1001,He was a waiter at a restaurant five years ago.,"之后,他在农场工作,但他不怎么喜欢那份工作。",,,,OCR_MISSING,F2-GMS-1001C 00:29.81-00:33.90
1006,2,1001,"之后他在农场工作,但他不怎么喜欢那份工作。",你认识建宏的妹妹吗?,,,,OCR_MISSING,F2-GMS-1001C 00:36.96-00:38.82
1007,2,1001,你认识建宏的妹妹吗?,"我看到过他几次,但没跟他说过话。",,,,OCR_MISSING,F2-GMS-1001C 00:41.66-00:44.81
1008,2,1001,"我看到过他几次,但没跟他说过话。",你跟他说过话吗?,,,,LOW_CONF;OCR_MISSING,F2-GMS-1001C 00:47.79-00:49.21
1009,2,1001,你跟他说过话吗?,"我上周在聚会认识的他,他人不错。",,,,OCR_MISSING,F2-GMS-1001C 00:52.31-00:55.41
1010,2,1001,"我上周在聚会认识的他,他人不错。","有人每天打扫办公室,办公室每天都被打扫。",,,,OCR_MISSING,F2-GMS-1001C 00:58.34-01:02.12
1011,2,1001,The office is cleaned every day.,"昨天有人打扫了办公室,昨天办公室被打扫了。",,,,OCR_MISSING,F2-GMS-1001C 01:05.11-01:09.06
1012,2,1001,Somebody cleaned the office yesterday. The office was cleaned yesterday.,奶油是牛奶做成的。,,,,OCR_MISSING,F2-GMS-1001C 01:12.20-01:14.16
1013,2,1001,Butter is made from milk.,橙子进口到加拿大。,,,,OCR_MISSING,F2-GMS-1001C 01:17.28-01:19.31
1014,2,1001,Oranges are imported into Canada.,这些房间多久打扫一次?,,,,OCR_MISSING,F2-GMS-1001C 01:22.50-01:24.76
1015,2,1001,How often are these rooms cleaned?,我从没被邀请过去参加聚会。,,,,OCR_MISSING,F2-GMS-1001C 01:28.00-01:30.65
1016,2,1001,I'm never invited to parties.,这房子是一百年前盖的。,,,,OCR_MISSING,F2-GMS-1001C 01:33.57-01:35.90
1017,2,1001,This house was built 100 years ago.,这些房子是一百年前盖的。,,,,OCR_MISSING,F2-GMS-1001C 01:38.82-01:41.17
1018,2,1001,These houses were built 100 years ago.,电话是什么时候发明的?,,,,OCR_MISSING,F2-GMS-1001C 01:44.10-01:46.05
1019,2,1001,When was the telephone invented?,我们上个礼拜没有被邀请去参加聚会。,,,,OCR_MISSING,F2-GMS-1001C 01:49.20-01:52.27
1020,2,1001,We weren't invited to the party last week.,事故中有人受伤吗?,,,,LOW_CONF;OCR_MISSING,F2-GMS-1001C 01:55.47-01:57.42
1021,2,1001,Was anybody injured in the accident?,两个人被送去了医院。,,,,OCR_MISSING,F2-GMS-1001C 02:00.27-02:01.98
1022,2,1001,Two people were taken to the hospital.,我1989年在哥伦比亚出生。,,,,OCR_MISSING,F2-GMS-1001C 02:05.03-02:07.71
1023,2,1001,I was born in Colombia in 1989.,你在哪儿出生的? 在台北。,,,,OCR_MISSING,F2-GMS-1001C 02:10.69-02:12.93
1024,2,1001,Where were you born?,电话是贝尔在1876年发明的。,,,,OCR_MISSING,F2-GMS-1001C 02:15.89-02:18.74
1025,2,1001,你在哪儿出生的? 在台北。,我前几天被狗咬了。,,,,OCR_MISSING,F2-GMS-1001C 02:21.81-02:23.56
1026,2,1001,The phone was invented by Bayer in 1876.,你喜欢这些画吗?这些是我的一个朋友画的。,,,,OCR_MISSING,F2-GMS-1001C 02:26.65-02:30.21
1027,2,1001,我前几天被狗咬了。,这些房间每天都有人打扫吗?,,,,LOW_CONF;OCR_MISSING,F2-GMS-1001C 02:33.23-02:35.59
1028,2,1001,你喜欢这些画吗?这些是我的一个朋友画的。,玻璃是沙子做的。,,,,OCR_MISSING,F2-GMS-1001C 02:37.93-02:39.53
1029,2,1001,Are these rooms cleaned every day?,邮票在邮局出售。,,,,OCR_MISSING,F2-GMS-1001C 02:42.42-02:44.22
1030,2,1001,玻璃是沙子做的。,这个字不常用。,,,,OCR_MISSING,F2-GMS-1001C 02:47.19-02:48.60
1031,2,1001,邮票在邮局出售。,我们可以把车停在这儿吗?,,,,LOW_CONF;OCR_MISSING,F2-GMS-1001C 02:51.60-02:53.41
1032,2,1001,这个字不常用。,这个字怎么读?,,,,LOW_CONF;OCR_MISSING,F2-GMS-1001C 02:56.38-02:57.81
1033,2,1001,Can we park our car here?,这个房子上个月重新刷了油漆。,,,,OCR_MISSING,F2-GMS-1001C 03:00.68-03:03.43
1034,2,1001,这个字怎么读?,我的手机前几天被偷了。,,,,LOW_CONF;OCR_MISSING,F2-GMS-1001C 03:06.51-03:08.58
1035,2,1001,This house has been renovated last month.,有三个人在车祸中受伤。,,,,OCR_MISSING,F2-GMS-1001C 03:11.50-03:13.50
1036,2,1001,My phone was stolen a few days ago.,这座桥是什么时候建造的?,,,,OCR_MISSING,F2-GMS-1001C 03:16.37-03:18.49
1037,2,1001,有三个人在车祸中受伤,我没有被噪音吵醒。,,,,OCR_MISSING,F2-GMS-1001C 03:21.33-03:23.04
1038,2,1001,这座桥是什么时候建造的?,这些窗户是怎么破的?,,,,OCR_MISSING,F2-GMS-1001C 03:25.97-03:27.75
1039,2,1001,我没有被噪音吵醒。,你上周被邀请去雅德利安的聚会了吗?,,,,OCR_MISSING,F2-GMS-1001C 03:30.62-03:33.64
1040,2,1001,How did these windows break?,足球在世界上大部分国家都很流行。,,,,OCR_MISSING,F2-GMS-1001C 03:36.56-03:39.52
1041,2,1001,你上周被邀请去雅德利安的聚会了吗?,为什么这封邮件寄到了错误的地址?,,,,OCR_MISSING,F2-GMS-1001C 03:42.63-03:45.41
1042,2,1001,Football is very popular in most countries around the world.,修车场是维修汽车的地方。,,,,OCR_MISSING,F2-GMS-1001C 03:48.50-03:50.95
1043,2,1001,为什么这封邮件寄到了错误的地址,你在哪里出生的?,,,,LOW_CONF;OCR_MISSING,F2-GMS-1001C 03:53.88-03:55.37
1044,2,1001,修车场是维修汽车的地方。,瑞士有几种语言?,,,,OCR_MISSING,F2-GMS-1001C 03:58.19-03:59.87
1045,2,1001,你在哪里出生的?,"有人闯进了我们家,但没丢东西。",,,,OCR_MISSING,F2-GMS-1001C 04:02.76-04:05.39
1046,2,1001,瑞士有几种语言?,自行车是什么时候发明的?,,,,OCR_MISSING,F2-GMS-1001C 04:08.49-04:10.48
1047,2,1001,"有人闯进了我们家,但没丢东西。","我昨天目睹了一场车祸,有两个人被送去了医院。",,,,OCR_MISSING,F2-GMS-1001C 04:13.53-04:17.40
1048,2,1001,自行车是什么时候发明的?,纸是木头做的。,,,,OCR_MISSING,F2-GMS-1001C 04:21.02-04:22.48
1049,2,1001,"我昨天目睹了一場車禍,有兩個人被送去了醫院。","上礼拜旅馆发生了一场火灾,两个房间被烧毁了。",,,,OCR_MISSING,F2-GMS-1001C 04:25.54-04:29.70
1050,2,1001,纸是木头做的。,"你怎么会有这张照片的,我的一个朋友给我的。",,,,OCR_MISSING,F2-GMS-1001C 04:32.95-04:36.71
1051,2,1051,The GMS Method Fluency 2,很多英国的电视节目会在美国的电视台播出。,,,,OCR_MISSING,F2-GMS-1051C 00:06.85-00:10.31
1052,2,1051,很多英国的电视节目会在美国的电视台播出,"阿列克谢和安娜斯塔西亚去参加婚礼了吗?没有,他们没收到邀请。",,,,OCR_MISSING,F2-GMS-1051C 00:13.65-00:19.24
1053,2,1051,"No, they weren't invited.",这部电影有多少年了?是1965年拍的。,,,,OCR_MISSING,F2-GMS-1051C 00:22.49-00:26.31
1054,2,1051,How old is this movie?,"我的车上个礼拜被偷了,但隔天警察就找到了。",,,,OCR_MISSING,F2-GMS-1051C 00:29.48-00:33.16
1055,2,1051,这部电影有多少年了?是1965年拍的。,阿图罗出生在哈瓦那。,,,,OCR_MISSING,F2-GMS-1051C 00:36.52-00:38.48
1056,2,1051,"我的车上个礼拜被偷了,但隔天警察就找到了。",安娜出行在罗马。,,,,LOW_CONF;OCR_MISSING,F2-GMS-1051C 00:41.61-00:43.21
1057,2,1051,阿图罗出生在哈瓦那,他的父母出生在里约热内卢。,,,,OCR_MISSING,F2-GMS-1051C 00:46.23-00:48.55
1058,2,1051,Anna was born in Rome.,我出生在伦敦。,,,,OCR_MISSING,F2-GMS-1051C 00:51.62-00:53.09
1059,2,1051,他的父母出生在里約熱內盧。,我妈出生在巴黎。,,,,OCR_MISSING,F2-GMS-1051C 00:56.26-00:57.85
1060,2,1051,我出生在伦敦,"有人在给门刷油漆,门正在被粉刷。",,,,OCR_MISSING,F2-GMS-1051C 01:00.81-01:04.20
1061,2,1051,我妈出生在巴黎。,"我的车在修理厂,它正在维修。",,,,OCR_MISSING,F2-GMS-1051C 01:07.57-01:10.32
1062,2,1051,"有人在给门刷油漆,门正在被粉刷。",公园对面有房子正在兴建中。,,,,OCR_MISSING,F2-GMS-1051C 01:13.64-01:16.22
1063,2,1051,"我的车在修理厂,它正在维修。",办公室正在清扫中。,,,,OCR_MISSING,F2-GMS-1051C 01:19.42-01:21.23
1064,2,1051,公园对面有房子正在兴建中。,办公室每天会被打扫。,,,,OCR_MISSING,F2-GMS-1051C 01:24.36-01:26.25
1065,2,1051,办公室正在清扫中。,"在美国,足球一般都在周末比赛,但下个周末没有什么重要比赛。",,,,OCR_MISSING,F2-GMS-1051C 01:29.43-01:34.81
1066,2,1051,办公室每天会被打扫,"有人给门刷了油漆,门被刷上了油漆。",,,,OCR_MISSING,F2-GMS-1051C 01:38.42-01:41.81
1067,2,1051,"In the U.S., football is usually played on weekends, but there are no important games next weekend.","有人偷了我的钥匙,我的钥匙被偷了。",,,,OCR_MISSING,F2-GMS-1051C 01:45.37-01:48.41
1068,2,1051,"有人给门刷了油漆,门被刷上了油漆。","有人偷走了我的钥匙,我的钥匙被偷了。",,,,OCR_MISSING,F2-GMS-1051C 01:51.83-01:54.87
1069,2,1051,"有人偷了我的钥匙,我的钥匙被偷了。","没有人邀请我去聚会,我没有被邀请去聚会。",,,,OCR_MISSING,F2-GMS-1051C 01:58.45-02:02.12
1070,2,1051,"有人偷走了我的钥匙,我的钥匙被偷了。",有人把这件T恤洗了吗?这件T恤被洗过了吗?,,,,OCR_MISSING,F2-GMS-1051C 02:05.54-02:09.35
1071,2,1051,"没有人邀请我去聚会,我没有被邀请去聚会。","这房间不脏了,已经被打扫过了。",,,,OCR_MISSING,F2-GMS-1051C 02:12.71-02:15.48
1072,2,1051,Has this shirt been washed?,房间昨天被打扫过了。,,,,OCR_MISSING,F2-GMS-1051C 02:18.97-02:20.75
1073,2,1051,The room isn't dirty anymore. It's been cleaned.,"我找不到我的钥匙了,我觉得是被偷了。",,,,LOW_CONF;OCR_MISSING,F2-GMS-1051C 02:24.16-02:26.92
1074,2,1051,The room was cleaned yesterday.,我的钥匙上个礼拜被偷了。,,,,OCR_MISSING,F2-GMS-1051C 02:29.77-02:31.93
1075,2,1051,I can't find my keys. I think they've been stolen.,车正在维修中。,,,,OCR_MISSING,F2-GMS-1051C 02:35.22-02:36.71
1076,2,1051,My keys were stolen last week.,桥正在修建中。,,,,OCR_MISSING,F2-GMS-1051C 02:39.86-02:41.53
1077,2,1051,The car is being repaired. The car is getting repaired.,窗户正在被清洗。,,,,OCR_MISSING,F2-GMS-1051C 02:44.59-02:46.26
1078,2,1051,A bridge is being built. A bridge is getting built.,有人正在修剪草皮。,,,,OCR_MISSING,F2-GMS-1051C 02:49.28-02:51.09
1079,2,1051,The windows are being washed. The windows are getting washed.,办公室正在打扫中。,,,,OCR_MISSING,F2-GMS-1051C 02:54.14-02:56.01
1080,2,1051,The grass is being cut.,衬衫已经被运过了。,,,,LOW_CONF;OCR_MISSING,F2-GMS-1051C 02:59.12-03:00.85
1081,2,1051,有人正在修剪草皮,窗户被打破了。,,,,LOW_CONF;OCR_MISSING,F2-GMS-1051C 03:03.89-03:05.29
1082,2,1051,The office is being cleaned.,屋顶正在修缮中。,,,,OCR_MISSING,F2-GMS-1051C 03:08.26-03:09.95
1083,2,1051,衬衫已经被运过了。,汽车被损坏了,,,,OCR_MISSING,F2-GMS-1051C 03:12.65-03:14.14
1084,2,1051,The window got broken.,房子正在被拆除。,,,,OCR_MISSING,F2-GMS-1051C 03:17.10-03:18.87
1085,2,1051,The roof is being repaired.,树被砍了。,,,,LOW_CONF;OCR_MISSING,F2-GMS-1051C 03:21.86-03:23.21
1086,2,1051,屋顶正在修缮中。,他们被邀请去聚会。,,,,OCR_MISSING,F2-GMS-1051C 03:26.47-03:28.09
1087,2,1051,汽车被损坏了。,"我现在不能用我的办公室,正在刷油漆。",,,,OCR_MISSING,F2-GMS-1051C 03:31.32-03:34.38
1088,2,1051,房子正在被拆除,"我们没去聚会,我们没被邀请。",,,,OCR_MISSING,F2-GMS-1051C 03:37.38-03:40.00
1089,2,1051,树被砍了。,"洗衣机之前坏了,现在修好了。",,,,LOW_CONF;OCR_MISSING,F2-GMS-1051C 03:43.17-03:46.00
1090,2,1051,They got invited to a party.,洗衣机昨天下午在维修。,,,,OCR_MISSING,F2-GMS-1051C 03:49.15-03:51.30
1091,2,1051,I can't use my office right now. It's being painted.,工厂是制造东西的地方。,,,,OCR_MISSING,F2-GMS-1051C 03:54.20-03:56.38
1092,2,1051,We didn't go to the party. We weren't invited.,"这些房子有多少年了,什么时候盖的?",,,,OCR_MISSING,F2-GMS-1051C 03:59.47-04:02.42
1093,2,1051,The washing machine was broken. It's been repaired now.,"电脑现在有人在用吗? 有,鲍里斯在用。",,,,OCR_MISSING,F2-GMS-1051C 04:05.61-04:09.23
1094,2,1051,The washing machine was getting repaired yesterday afternoon.,"我没见过这些花,它们叫什么?",,,,OCR_MISSING,F2-GMS-1051C 04:12.63-04:15.00
1095,2,1051,A factory is a place where things are made.,我的墨镜昨天在海边被偷了。,,,,OCR_MISSING,F2-GMS-1051C 04:18.34-04:20.58
1096,2,1051,How old are these houses? When were they built?,"桥封闭了,桥上个礼拜受损,还没有修好。",,,,OCR_MISSING,F2-GMS-1051C 04:23.83-04:28.10
1097,2,1051,Is the computer being used at the moment?,它还没修好。,,,,LOW_CONF;OCR_MISSING,F2-GMS-1051C 04:31.20-04:32.46
1098,2,1051,"电脑现在有人在用吗? 有,鲍里斯在用。","请安静,我正在工作。",,,,OCR_MISSING,F2-GMS-1051C 04:35.40-04:37.21
1099,2,1051,"我没见过这些花儿,它们叫什么?",现在没下雨。,,,,OCR_MISSING,F2-GMS-1051C 04:40.40-04:41.66
1100,2,1051,我的墨镜昨天在海边被偷了。,今晚你要做什么?,,,,OCR_MISSING,F2-GMS-1051C 04:44.63-04:46.07
1101,2,1101,I was working when she arrived.,他到的时候我正在工作。,,,,OCR_MISSING,F2-GMS-1101C 00:06.86-00:08.86
1102,2,1101,"It wasn't raining, so we didn't need an umbrella.","当时没下雨,所以我们没带雨伞。",,,,OCR_MISSING,F2-GMS-1101C 00:11.69-00:14.19
1103,2,1101,What were you doing at 3 o'clock?,你三点的时候在做什么?,,,,LOW_CONF;OCR_MISSING,F2-GMS-1101C 00:18.14-00:19.91
1104,2,1101,These offices aren't cleaned every day.,这几间办公室不是每天打扫。,,,,OCR_MISSING,F2-GMS-1101C 00:23.84-00:26.18
1105,2,1101,The office was cleaned yesterday. The office got cleaned yesterday.,办公室昨天打扫过了。,,,,OCR_MISSING,F2-GMS-1101C 00:29.80-00:31.65
1106,2,1101,How was the window broken? How did the window get broken?,窗户怎么破的?,,,,LOW_CONF;OCR_MISSING,F2-GMS-1101C 00:35.35-00:36.75
1107,2,1101,I've lived in this house for 10 years.,我住在这间房子十年了。,,,,OCR_MISSING,F2-GMS-1101C 00:39.52-00:41.68
1108,2,1101,Dietrich has never ridden a horse.,迪特里希从来没骑过马。,,,,LOW_CONF;OCR_MISSING,F2-GMS-1101C 00:45.44-00:47.40
1109,2,1101,Philippa hasn't been to South America.,菲利帕没去过南美洲,,,,OCR_MISSING,F2-GMS-1101C 00:50.62-00:52.70
1110,2,1101,Where have Daisuke and Aiko gone?,大介和艾子去哪儿了?,,,,LOW_CONF;OCR_MISSING,F2-GMS-1101C 00:56.10-00:58.00
1111,2,1101,"I like coffee, but I don't like tea.","我喜欢喝咖啡,但我不喜欢喝茶。",,,,OCR_MISSING,F2-GMS-1101C 01:01.32-01:04.06
1112,2,1101,Gabrielle doesn't go out very often.,加布里尔不经常出门。,,,,OCR_MISSING,F2-GMS-1101C 01:06.99-01:08.81
1113,2,1101,What do you usually do on weekends?,你周末通常都做什么?,,,,LOW_CONF;OCR_MISSING,F2-GMS-1101C 01:11.66-01:13.38
1114,2,1101,Does Fyodor live alone?,菲奥多尔一个人住吗?,,,,OCR_MISSING,F2-GMS-1101C 01:16.51-01:18.50
1115,2,1101,I didn't watch TV yesterday.,我昨天没看电视。,,,,OCR_MISSING,F2-GMS-1101C 01:21.69-01:23.21
1116,2,1101,It didn't rain last week.,上周没下雨。,,,,OCR_MISSING,F2-GMS-1101C 01:26.56-01:27.84
1117,2,1101,What time did Fabio and Donatella go out?,法比奥和唐纳提拉急电出去的,,,,OCR_MISSING,F2-GMS-1101C 01:31.12-01:33.78
1118,2,1101,Do you work at night?,你晚上上班吗?,,,,LOW_CONF;OCR_MISSING,F2-GMS-1101C 01:37.04-01:38.31
1119,2,1101,Where are they going?,他们要去哪儿?,,,,LOW_CONF;OCR_MISSING,F2-GMS-1101C 01:41.53-01:42.66
1120,2,1101,Why are you looking at me?,你为什么看着我?,,,,OCR_MISSING,F2-GMS-1101C 01:45.95-01:47.24
1121,2,1101,Does Xenia live near you?,奇尼亚住在你附近吗?,,,,LOW_CONF;OCR_MISSING,F2-GMS-1101C 01:50.60-01:52.55
1122,2,1101,Do you like to cook?,你喜欢做饭吗?,,,,LOW_CONF;OCR_MISSING,F2-GMS-1101C 01:55.88-01:57.34
1123,2,1101,Is the sun shining?,有太阳吗?,,,,OCR_MISSING,F2-GMS-1101C 01:59.97-02:01.11
1124,2,1101,What time do the stores close?,商店几点关门,,,,LOW_CONF;OCR_MISSING,F2-GMS-1101C 02:03.91-02:05.38
1125,2,1101,Is France working today?,佛朗支今天工作吗?,,,,LOW_CONF;OCR_MISSING,F2-GMS-1101C 02:08.48-02:10.38
1126,2,1101,What does this word mean?,这个词是什么意思?,,,,OCR_MISSING,F2-GMS-1101C 02:13.60-02:15.16
1127,2,1101,Are you feeling all right?,你感觉还好吗?,,,,OCR_MISSING,F2-GMS-1101C 02:18.36-02:19.70
1128,2,1101,Heidi doesn't work at night.,海地晚上不工作,,,,OCR_MISSING,F2-GMS-1101C 02:22.87-02:24.44
1129,2,1101,I'm very tired. I don't want to go out tonight.,"我很累,我今晚不想出去了。",,,,OCR_MISSING,F2-GMS-1101C 02:27.67-02:30.15
1130,2,1101,I'm very tired. I'm not going out tonight.,"我很累,我今晚不出去了。",,,,OCR_MISSING,F2-GMS-1101C 02:33.45-02:35.69
1131,2,1101,Takahiro's not working this week. He's on vacation.,"高广这个礼拜不上班,他在休假。",,,,OCR_MISSING,F2-GMS-1101C 02:39.02-02:41.83
1132,2,1101,My parents are usually at home. They don't go out very often.,"我爸妈通常待在家,他们不常出去。",,,,OCR_MISSING,F2-GMS-1101C 02:44.85-02:47.73
1133,2,1101,"Mitsuko has traveled a lot, but she doesn't speak any foreign languages.","光子去过很多地方旅行,但他不会说任何外语。",,,,OCR_MISSING,F2-GMS-1101C 02:51.10-02:54.95
1134,2,1101,You can turn off the television. I'm not watching it.,"你可以把电视关了,我没在看。",,,,LOW_CONF;OCR_MISSING,F2-GMS-1101C 02:58.21-03:00.42
1135,2,1101,"Flora has invited us to her party next week, but we're not going.","佛洛拉邀请了我们下个礼拜去他的派对,但我们不会去。",,,,OCR_MISSING,F2-GMS-1101C 03:03.56-03:08.00
1136,2,1101,Where were your shoes made?,你的鞋在哪里生产的?,,,,OCR_MISSING,F2-GMS-1101C 03:11.39-03:13.31
1137,2,1101,Did you go out last night?,你昨晚出去了吗?,,,,LOW_CONF;OCR_MISSING,F2-GMS-1101C 03:16.59-03:17.93
1138,2,1101,What were you doing at 10.30?,你十点半的时候在做什么?,,,,LOW_CONF;OCR_MISSING,F2-GMS-1101C 03:20.98-03:22.85
1139,2,1101,Where was your mother born?,你母亲在哪出生的?,,,,OCR_MISSING,F2-GMS-1101C 03:26.00-03:27.62
1140,2,1101,Has Marco gone home?,马可回家了吗?,,,,LOW_CONF;OCR_MISSING,F2-GMS-1101C 03:31.21-03:32.58
1141,2,1101,What time did he go?,他几点走的?,,,,OCR_MISSING,F2-GMS-1101C 03:35.72-03:37.00
1142,2,1101,When were these houses built?,这些房子是什么时候盖的?,,,,OCR_MISSING,F2-GMS-1101C 03:40.32-03:42.30
1143,2,1101,Has Constantine arrived yet?,康斯坦丁到了吗?,,,,OCR_MISSING,F2-GMS-1101C 03:45.64-03:47.13
1144,2,1101,Why did you go home early?,为什么你提前回家了?,,,,LOW_CONF;OCR_MISSING,F2-GMS-1101C 03:49.95-03:51.68
1145,2,1101,How long have they been married?,他们结婚多久了?,,,,LOW_CONF;OCR_MISSING,F2-GMS-1101C 03:54.75-03:56.20
1146,2,1101,Milena has lost her passport.,米莱娜弄丢了她的护照。,,,,OCR_MISSING,F2-GMS-1101C 03:59.51-04:01.58
1147,2,1101,This bridge was built 10 years ago.,这座桥是十几年前建的。,,,,OCR_MISSING,F2-GMS-1101C 04:04.33-04:06.42
1148,2,1101,Have you finished your work yet?,你做完工作了吗?,,,,LOW_CONF;OCR_MISSING,F2-GMS-1101C 04:09.17-04:10.52
1149,2,1101,This town is always clean. The streets get cleaned every day.,"这个小镇总是很干净,街道每天都会被打扫。",,,,OCR_MISSING,F2-GMS-1101C 04:13.61-04:17.31
1150,2,1101,I've just made some coffee. Would you like some?,"我刚煮了咖啡,你要喝点吗?",,,,OCR_MISSING,F2-GMS-1101C 04:20.73-04:23.10
1151,2,1151,This is a very old photograph. It was taken a long time ago.,"这张照片有年头了,是很久以前拍的。",,,,OCR_MISSING,F2-GMS-1151C 00:06.88-00:10.01
1152,2,1151,Palos bought a new car.,保罗买了一辆新车。,,,,OCR_MISSING,F2-GMS-1151C 00:13.18-00:14.97
1153,2,1151,I'm going to take an umbrella with me. It's raining.,"我要带把雨伞,正在下雨。",,,,OCR_MISSING,F2-GMS-1151C 00:18.35-00:20.57
1154,2,1151,Why are you so tired? Did you go to bed late last night?,"你怎么这么疲惫,你昨天晚上很晚睡吗?",,,,OCR_MISSING,F2-GMS-1151C 00:24.04-00:27.28
1155,2,1151,Where are the chocolates? Have you eaten all of them?,巧克力在哪里?你都吃光了吗?,,,,OCR_MISSING,F2-GMS-1151C 00:30.69-00:33.26
1156,2,1151,How's your new job? Are you enjoying it?,你的新工作怎么样?你喜欢吗?,,,,OCR_MISSING,F2-GMS-1151C 00:36.30-00:38.81
1157,2,1151,"My car was badly damaged in the accident, but I was okay.","我的车在车祸中损坏得很严重,但我还好。",,,,OCR_MISSING,F2-GMS-1151C 00:42.10-00:45.54
1158,2,1151,"Juliana has a car, but she doesn't drive it very often.","朱利安娜有车,但她不常开。",,,,OCR_MISSING,F2-GMS-1151C 00:49.19-00:51.69
1159,2,1151,Kasumi isn't at home. She's gone away for a few days.,"家纯不在家,他已经出门好几天了。",,,,OCR_MISSING,F2-GMS-1151C 00:55.00-00:57.83
1160,2,1151,I don't understand the problem. Can you explain it again?,"我不明白这个问题,你可以再解释一次吗?",,,,OCR_MISSING,F2-GMS-1151C 01:00.77-01:04.03
1161,2,1151,Ken Ichi's in his room. He's listening to music.,"建一在房间里,他在听音乐。",,,,OCR_MISSING,F2-GMS-1151C 01:06.86-01:09.34
1162,2,1151,I don't know how to say this word. How is it pronounced?,"我不知道怎么念这个字,这个字怎么念?",,,,OCR_MISSING,F2-GMS-1151C 01:12.36-01:15.61
1163,2,1151,How do you open this window? Can you show me?,"这扇窗户要怎么打开,你能演示一遍吗?",,,,OCR_MISSING,F2-GMS-1151C 01:18.77-01:22.25
1164,2,1151,I cleaned my room yesterday.,我昨天打扫了我的房间。,,,,OCR_MISSING,F2-GMS-1151C 01:25.32-01:27.09
1165,2,1151,Henrik studied engineering in college.,亨利克在大学读工程专业。,,,,OCR_MISSING,F2-GMS-1151C 01:30.10-01:32.41
1166,2,1151,I've cleaned my room.,我打扫过我的房间了。,,,,OCR_MISSING,F2-GMS-1151C 01:35.51-01:37.19
1167,2,1151,Magda's lived in Miami for 13 years.,马格达住在迈阿密13年了。,,,,OCR_MISSING,F2-GMS-1151C 01:40.39-01:43.07
1168,2,1151,These rooms are cleaned every day. These rooms get cleaned every day.,这几间房间每天都会被打扫。,,,,LOW_CONF;OCR_MISSING,F2-GMS-1151C 01:45.99-01:48.25
1169,2,1151,My car's been repaired.,我的车修好了。,,,,LOW_CONF;OCR_MISSING,F2-GMS-1151C 01:51.28-01:52.75
1170,2,1151,I made a cake yesterday.,我昨天做了一个蛋糕。,,,,OCR_MISSING,F2-GMS-1151C 01:55.62-01:57.31
1171,2,1151,I've made some coffee.,我煮好了咖啡。,,,,OCR_MISSING,F2-GMS-1151C 02:00.28-02:01.57
1172,2,1151,Somebody broke this window last night.,有人昨天打破了这扇窗户。,,,,OCR_MISSING,F2-GMS-1151C 02:04.61-02:06.59
1173,2,1151,Somebody's broken this window.,有人打破了这扇窗户。,,,,OCR_MISSING,F2-GMS-1151C 02:09.64-02:11.38
1174,2,1151,This window was broken last night. This window got broken last night.,窗户昨晚被打破了。,,,,OCR_MISSING,F2-GMS-1151C 02:14.12-02:15.86
1175,2,1151,I washed my hands because they were dirty.,"我洗了手,因为手很脏。",,,,OCR_MISSING,F2-GMS-1151C 02:18.99-02:21.03
1176,2,1151,I feel good. I slept very well last night.,"我觉得精神很好,我昨晚睡得很好。",,,,LOW_CONF;OCR_MISSING,F2-GMS-1151C 02:24.25-02:26.78
1177,2,1151,We saw a really good movie yesterday.,我们昨天晚上看了一部很不错的电影。,,,,OCR_MISSING,F2-GMS-1151C 02:29.82-02:32.48
1178,2,1151,It rained a lot while we were on vacation.,我们去度假的时候下了很多场雨。,,,,OCR_MISSING,F2-GMS-1151C 02:35.73-02:38.22
1179,2,1151,I've lost my bag. Have you seen it?,"我的包不见了,你看见过吗?",,,,OCR_MISSING,F2-GMS-1151C 02:41.37-02:43.84
1180,2,1151,Linda's bicycle was stolen last week.,林达的自行车上礼拜被偷了。,,,,OCR_MISSING,F2-GMS-1151C 02:47.10-02:49.38
1181,2,1151,I went to bed early because I was tired.,"我很早就上床了,因为我很累。",,,,LOW_CONF;OCR_MISSING,F2-GMS-1151C 02:52.57-02:55.00
1182,2,1151,The shopping mall was built about 20 years ago.,这个购物中心是20年前盖的。,,,,OCR_MISSING,F2-GMS-1151C 02:57.83-03:00.22
1183,2,1151,Pietro learned to drive when he was 16.,彼得罗16岁时学了开车。,,,,OCR_MISSING,F2-GMS-1151C 03:03.15-03:05.66
1184,2,1151,I've never ridden a horse.,我没骑过马。,,,,LOW_CONF;OCR_MISSING,F2-GMS-1151C 03:08.49-03:09.55
1185,2,1151,Monica's a good friend of mine. I've known her for a long time.,"莫妮卡是我的一个好朋友,我认识她很久了。",,,,OCR_MISSING,F2-GMS-1151C 03:12.31-03:15.64
1186,2,1151,"Yesterday, I fell and hurt my leg.","昨天我摔了一跤,弄伤了脚。",,,,OCR_MISSING,F2-GMS-1151C 03:18.50-03:20.91
1187,2,1151,My brother ran in the Boston Marathon last year. Have you ever run in a marathon?,"我哥去年跑了波士顿马拉松,你跑过马拉松吗?",,,,OCR_MISSING,F2-GMS-1151C 03:23.69-03:27.48
1188,2,1151,Have you told Herman about your new job?,你告诉赫尔曼你的新工作了吗?,,,,OCR_MISSING,F2-GMS-1151C 03:30.36-03:32.66
1189,2,1151,"We played basketball on Sunday. We didn't play very well, but we won the game.","我们星期天打了篮球,我们打得不是很好,但我们赢了比赛。",,,,OCR_MISSING,F2-GMS-1151C 03:35.54-03:40.05
1190,2,1151,"I know Masaru, but I've never met his wife.","我认识盛,但我没见过他太太。",,,,OCR_MISSING,F2-GMS-1151C 03:42.88-03:45.39
1191,2,1151,We were woken up by loud music in the middle of the night.,我们半夜被大声的音乐吵醒了。,,,,OCR_MISSING,F2-GMS-1151C 03:48.28-03:50.75
1192,2,1151,Kimiko jumped into the river and swam to the other side.,"公子跳进了河里,游到了对岸。",,,,OCR_MISSING,F2-GMS-1151C 03:53.52-03:56.18
1193,2,1151,"Did you like the movie? Yeah, I thought it was very good.","你喜欢这部电影吗? 喜欢,我觉得很不错。",,,,OCR_MISSING,F2-GMS-1151C 03:59.04-04:02.47
1194,2,1151,Many different languages are spoken in the Philippines.,菲律宾说很多种语言。,,,,OCR_MISSING,F2-GMS-1151C 04:05.50-04:07.42
1195,2,1151,Our vacation cost a lot of money because we stayed in an expensive hotel.,"我们度假花了很多钱,因为我们住的酒店很贵。",,,,OCR_MISSING,F2-GMS-1151C 04:10.50-04:13.96
1196,2,1151,Have you ever driven a fast car?,你开过跑车吗?,,,,OCR_MISSING,F2-GMS-1151C 04:17.10-04:18.43
1197,2,1151,All the tickets for the concert was sold very quickly.,音乐会的票卖的很快。,,,,OCR_MISSING,F2-GMS-1151C 04:21.67-04:23.43
1198,2,1151,A bird flew in through the open window while we were having our dinner.,"我们在吃晚餐的时候,一只鸟从开着的窗户飞了进来。",,,,OCR_MISSING,F2-GMS-1151C 04:26.63-04:30.90
1199,2,1151,Where are Deepak and Lakshmi? They're playing tennis in the park.,迪帕克和拉克西米在哪儿?他们在公园打网球。,,,,OCR_MISSING,F2-GMS-1151C 04:34.23-04:38.34
1200,2,1151,Pavel's playing tennis tomorrow.,帕维尔明天要去打网球。,,,,OCR_MISSING,F2-GMS-1151C 04:41.75-04:43.80
1201,2,1201,I'm not working next week.,我下周不用工作。,,,,OCR_MISSING,F2-GMS-1201C 00:06.78-00:08.36
1202,2,1201,Juliana is going to the dentist on Friday.,有李安娜周五要去看牙医。,,,,OCR_MISSING,F2-GMS-1201C 00:11.55-00:13.77
1203,2,1201,We're having a party next weekend.,我们下个周末有一场聚会。,,,,OCR_MISSING,F2-GMS-1201C 00:16.99-00:19.07
1204,2,1201,Are you meeting your friends tonight?,你今晚要见你的朋友们吗?,,,,LOW_CONF;OCR_MISSING,F2-GMS-1201C 00:22.30-00:24.27
1205,2,1201,What are you doing tomorrow night?,你明天晚上要做什么?,,,,LOW_CONF;OCR_MISSING,F2-GMS-1201C 00:27.49-00:29.10
1206,2,1201,I'm not going out tonight. I'm staying at home.,"我今天晚上不出门了,我要待在家里。",,,,OCR_MISSING,F2-GMS-1201C 00:32.31-00:34.95
1207,2,1201,I'm staying at home this evening.,我今晚要待在家里。,,,,OCR_MISSING,F2-GMS-1201C 00:38.25-00:39.92
1208,2,1201,Are you going out tonight?,你今天晚上要出门吗?,,,,LOW_CONF;OCR_MISSING,F2-GMS-1201C 00:43.10-00:44.81
1209,2,1201,Wilma isn't coming to the party next week.,维尔玛下周不会去参加聚会。,,,,OCR_MISSING,F2-GMS-1201C 00:48.00-00:50.36
1210,2,1201,The plane arrives in New York at 7.30 tomorrow morning.,飞机明天早上7点半抵达纽约。,,,,OCR_MISSING,F2-GMS-1201C 00:53.53-00:56.04
1211,2,1201,What time does the movie end tonight?,电影今晚几点结束。,,,,OCR_MISSING,F2-GMS-1201C 00:59.23-01:01.00
1212,2,1201,I'm going to a concert tomorrow.,我明天要去听音乐会。,,,,OCR_MISSING,F2-GMS-1201C 01:04.17-01:05.90
1213,2,1201,The concert starts at 7.30.,音乐会7点半开始。,,,,OCR_MISSING,F2-GMS-1201C 01:09.17-01:10.97
1214,2,1201,What time are you leaving?,你几点离开?,,,,OCR_MISSING,F2-GMS-1201C 01:14.38-01:15.57
1215,2,1201,What time does your plane leave?,你的航班几点起飞?,,,,OCR_MISSING,F2-GMS-1201C 01:18.87-01:20.63
1216,2,1201,Julius is playing tennis on Saturday.,朱利叶斯星期六要去打网球。,,,,LOW_CONF;OCR_MISSING,F2-GMS-1201C 01:23.83-01:26.37
1217,2,1201,Claudio's going to the movies.,克劳迪奥要去看电影,,,,LOW_CONF;OCR_MISSING,F2-GMS-1201C 01:29.60-01:31.28
1218,2,1201,Camila's meeting with Valerio.,卡米拉正在跟瓦莱里奥会面。,,,,OCR_MISSING,F2-GMS-1201C 01:34.75-01:37.12
1219,2,1201,Priscilla's having lunch with Wen Cai.,普里希拉正在跟文才共进午餐。,,,,OCR_MISSING,F2-GMS-1201C 01:40.29-01:43.12
1220,2,1201,Vitale and Rosetta are going to a party.,北塔莱和罗赛塔正要去party。,,,,OCR_MISSING,F2-GMS-1201C 01:47.10-01:49.54
1221,2,1201,Are you working next week?,你下星期要上班吗?,,,,LOW_CONF;OCR_MISSING,F2-GMS-1201C 01:52.70-01:54.47
1222,2,1201,What time are your friends coming?,你的朋友们几点会来?,,,,OCR_MISSING,F2-GMS-1201C 01:57.79-01:59.57
1223,2,1201,When is Ijen going on vacation?,宜娟什么时候去度假?,,,,LOW_CONF;OCR_MISSING,F2-GMS-1201C 02:02.84-02:04.58
1224,2,1201,I'm going to the movies on Monday.,我星期一要去看电影。,,,,OCR_MISSING,F2-GMS-1201C 02:07.76-02:09.44
1225,2,1201,Listen to this. Elisa's getting married next month.,"听听这个,伊丽莎下个月要结婚了。",,,,OCR_MISSING,F2-GMS-1201C 02:12.76-02:15.70
1226,2,1201,My parents are going on vacation next week. Sounds good. Where are they going?,"我爸妈下个礼拜要去度假,听起来不错,他们要去哪?",,,,OCR_MISSING,F2-GMS-1201C 02:18.97-02:23.25
1227,2,1201,Esteban's taking an English course this semester. The course is ending on Friday.,"艾斯特班这学期在修一门英语课,这门课星期五结束。",,,,OCR_MISSING,F2-GMS-1201C 02:26.58-02:31.58
1228,2,1201,"There's a party tomorrow night, but I'm not going.","明天晚上有个party,但我不会去。",,,,OCR_MISSING,F2-GMS-1201C 02:34.85-02:37.46
1229,2,1201,I'm going out with some friends tonight. Why don't you come too?,"我今晚要跟一些朋友出去,你为什么不一起去?",,,,OCR_MISSING,F2-GMS-1201C 02:40.73-02:44.38
1230,2,1201,We're meeting at Raj's house at 8 o'clock.,我们8点在拉兹家见。,,,,OCR_MISSING,F2-GMS-1201C 02:47.66-02:49.53
1231,2,1201,How are you getting home after the party tomorrow? By taxi?,明天聚会结束后你怎么回家?坐出租车吗?,,,,LOW_CONF;OCR_MISSING,F2-GMS-1201C 02:52.67-02:56.30
1232,2,1201,I can go by bus. The last bus leaves at midnight.,"我可以坐公车,最后一班公车12点发车。",,,,OCR_MISSING,F2-GMS-1201C 02:59.72-03:03.14
1233,2,1201,Do you want to go to the movies tonight? Sure. What time does the movie begin?,"你今晚要去看电影吗? 当然好,电影几点开始?",,,,OCR_MISSING,F2-GMS-1201C 03:06.44-03:10.54
1234,2,1201,What are you doing tomorrow afternoon? I'm working.,你明天下午要做什么? 我要工作。,,,,OCR_MISSING,F2-GMS-1201C 03:13.76-03:16.59
1235,2,1201,I'm going to watch TV tonight.,我今天晚上要看电视。,,,,LOW_CONF;OCR_MISSING,F2-GMS-1201C 03:19.84-03:21.46
1236,2,1201,She's going to watch TV tonight.,他今天晚上要看电视。,,,,LOW_CONF;OCR_MISSING,F2-GMS-1201C 03:24.75-03:26.35
1237,2,1201,I'm going to buy some books tomorrow.,我明天要去买几本书。,,,,LOW_CONF;OCR_MISSING,F2-GMS-1201C 03:29.56-03:31.31
1238,2,1201,Shakti's going to sell her car.,下课题要把他的车卖了。,,,,OCR_MISSING,F2-GMS-1201C 03:34.50-03:36.43
1239,2,1201,I'm not going to have breakfast this morning. I'm not hungry.,"我今天早上不吃早餐了,我不饿。",,,,OCR_MISSING,F2-GMS-1201C 03:39.60-03:42.35
1240,2,1201,What are you going to wear to the wedding next week?,下个礼拜的婚礼你要穿什么?,,,,OCR_MISSING,F2-GMS-1201C 03:45.53-03:47.62
1241,2,1201,I'm going to wash my hands.,我要去洗手。,,,,LOW_CONF;OCR_MISSING,F2-GMS-1201C 03:50.77-03:51.98
1242,2,1201,Are you going to invite Walter to your party?,你会邀请沃尔特去你的派对吗?,,,,OCR_MISSING,F2-GMS-1201C 03:55.42-03:57.89
1243,2,1201,I'm playing tennis with Satomi tomorrow.,我明天要跟李美打网球。,,,,LOW_CONF;OCR_MISSING,F2-GMS-1201C 04:01.14-04:03.01
1244,2,1201,Something is going to happen.,有事情要发生了。,,,,OCR_MISSING,F2-GMS-1201C 04:06.22-04:07.67
1245,2,1201,Look at the sky. It's going to rain.,"看,天要下雨了。",,,,LOW_CONF;OCR_MISSING,F2-GMS-1201C 04:10.86-04:12.49
1246,2,1201,It's nine o'clock and I'm not ready. I'm going to be late.,"9点了,我还没准备好,我要迟到了。",,,,LOW_CONF;OCR_MISSING,F2-GMS-1201C 04:15.72-04:18.14
1247,2,1201,What are you going to wear to the party tonight?,今天晚上的聚会你要穿什么?,,,,OCR_MISSING,F2-GMS-1201C 04:21.45-04:23.55
1248,2,1201,It's a nice day. I don't want to take the bus. I'm going to walk.,"今天天气真好,我不想坐公车,我要走路。",,,,OCR_MISSING,F2-GMS-1201C 04:26.73-04:30.20
1249,2,1201,Yevgeny's going to St. Petersburg next week. He's going to go with some friends.,"耶夫跟您下礼拜要去圣彼得堡,他会跟几个朋友一起去。",,,,OCR_MISSING,F2-GMS-1201C 04:33.39-04:37.59
1250,2,1201,I'm hungry. I'm going to have a sandwich.,"我饿了,我要去吃个三明治。",,,,LOW_CONF;OCR_MISSING,F2-GMS-1201C 04:40.83-04:43.09
1251,2,1251,The GMS Method Fluency 2,"下周是维奥莱塔的生日,我们要给他买个礼物。",,,,OCR_MISSING,F2-GMS-1251C 00:06.77-00:10.30
1252,2,1251,"下周是维奥莱塔的生日,我们要给他买个礼物。","费利西亚娜说她感觉很累,她要躺下休息一个小时。",,,,OCR_MISSING,F2-GMS-1251C 00:13.60-00:17.64
1253,2,1251,Feliciana said she felt very tired. She had to lie down and rest for an hour.,"今天晚上电视会播出总统的演讲,你要看吗?",,,,OCR_MISSING,F2-GMS-1251C 00:20.86-00:24.51
1254,2,1251,"今天晚上电视会播出总统的演讲,你要看吗?",杰拉尔多毕业后要做什么?,,,,OCR_MISSING,F2-GMS-1251C 00:27.75-00:29.86
1255,2,1251,杰拉尔多毕业后要做什么?,"阿丽亚每天去上班,她从八点半到四点半都在。",,,,OCR_MISSING,F2-GMS-1251C 00:33.05-00:36.76
1256,2,1251,Aaliyah goes to work every day. She's there from 8.30 to 4.30.,"现在是11点,艾丽娅在上班。",,,,OCR_MISSING,F2-GMS-1251C 00:39.98-00:42.68
1257,2,1251,"现在是11点,艾丽亚在上班。","昨天11点的时候,他在上班。",,,,LOW_CONF;OCR_MISSING,F2-GMS-1251C 00:45.87-00:48.20
1258,2,1251,"昨天11点的时候,他在上班。","明天11点的时候,他会在上班。",,,,LOW_CONF;OCR_MISSING,F2-GMS-1251C 00:51.37-00:53.74
1259,2,1251,"明天十一点的时候,他会在上班。","优子经常旅行,他今天在法兰克福,明天他会在迪拜,下个礼拜他会在新加坡。",,,,OCR_MISSING,F2-GMS-1251C 00:57.00-01:03.06
1260,2,1251,"优子经常旅行,他今天在法兰克福,明天他会在迪拜,下个礼拜他会在新加坡。","你可以今晚打给我,我会在家。",,,,LOW_CONF;OCR_MISSING,F2-GMS-1251C 01:06.30-01:08.47
1261,2,1251,You can call me tonight. I will be at home.,"把剩下的面包放在庭院呢,小鸟会来吃。",,,,OCR_MISSING,F2-GMS-1251C 01:11.68-01:14.96
1262,2,1251,"把剩下的面包放在庭院呢,小鸟会来吃。",我们今天晚上可能会出去。,,,,LOW_CONF;OCR_MISSING,F2-GMS-1251C 01:18.12-01:20.06
1263,2,1251,我们今天晚上可能会出去。,你今天晚上会在家吗?,,,,LOW_CONF;OCR_MISSING,F2-GMS-1251C 01:23.36-01:25.07
1264,2,1251,你今天晚上会在家吗?,我明天不会在这儿。,,,,OCR_MISSING,F2-GMS-1251C 01:28.25-01:29.56
1265,2,1251,我明天不会在这儿。,"别在睡前喝咖啡,不然你会睡不着。",,,,OCR_MISSING,F2-GMS-1251C 01:32.88-01:35.58
1266,2,1251,"别在睡前喝咖啡,不然你会睡不着。",我觉得爱曼可以通过驾照考试。,,,,OCR_MISSING,F2-GMS-1251C 01:38.87-01:41.29
1267,2,1251,我觉得爱曼可以通过驾照考试。,我觉得今天下午不会下雨。,,,,OCR_MISSING,F2-GMS-1251C 01:44.45-01:46.58
1268,2,1251,我觉得今天下午不会下雨。,你觉得考试会很难吗?,,,,OCR_MISSING,F2-GMS-1251C 01:49.66-01:51.56
1269,2,1251,你觉得考试会很难吗?,"我们星期六要去看电影,你跟我们一起去吗?",,,,LOW_CONF;OCR_MISSING,F2-GMS-1251C 01:54.72-01:57.91
1270,2,1251,"我们星期六要去看电影,你跟我们一起去吗?",我明天不上班。,,,,LOW_CONF;OCR_MISSING,F2-GMS-1251C 02:01.24-02:02.39
1271,2,1251,我明天不上班。,你明天要去考驾照吗?,,,,LOW_CONF;OCR_MISSING,F2-GMS-1251C 02:05.60-02:07.25
1272,2,1251,你明天要去考驾照吗?,"他昨天在里约热内卢,",,,,OCR_MISSING,F2-GMS-1251C 02:10.53-02:12.22
1273,2,1251,她昨天在里约热内卢。,他明天会在加拉加斯。,,,,OCR_MISSING,F2-GMS-1251C 02:15.47-02:17.32
1274,2,1251,他明天会在加拉加斯。,他上个礼拜在立马。,,,,OCR_MISSING,F2-GMS-1251C 02:19.85-02:21.33
1275,2,1251,He was in Lima last week.,他下个星期会在波哥大。,,,,OCR_MISSING,F2-GMS-1251C 02:24.56-02:26.39
1276,2,1251,他下个星期会在波哥大。,他现在在布宜诺斯艾利斯。,,,,OCR_MISSING,F2-GMS-1251C 02:29.64-02:31.80
1277,2,1251,He is now in Buenos Aires.,"他三天前在圣地亚哥,",,,,OCR_MISSING,F2-GMS-1251C 02:34.92-02:36.88
1278,2,1251,"她三天前在圣地亚哥,",他旅行结束会很累。,,,,OCR_MISSING,F2-GMS-1251C 02:40.19-02:42.04
1279,2,1251,他旅行绝术会很累。,"一小时后我会在电影院,",,,,OCR_MISSING,F2-GMS-1251C 02:45.24-02:47.08
1280,2,1251,一小时后我会在电影院,我半夜12点会睡着。,,,,LOW_CONF;OCR_MISSING,F2-GMS-1251C 02:50.29-02:52.20
1281,2,1251,我半夜十二点会睡着。,我明天下午三点会在工作。,,,,OCR_MISSING,F2-GMS-1251C 02:55.50-02:57.63
1282,2,1251,我明天下午三点会在工作。,我两年后会有新的工作。,,,,LOW_CONF;OCR_MISSING,F2-GMS-1251C 03:00.78-03:02.73
1283,2,1251,我两年后会有新的工作。,"你准备好了吗?还没,我五分钟内准备好。",,,,OCR_MISSING,F2-GMS-1251C 03:05.50-03:08.83
1284,2,1251,Not yet. I'll be ready in five minutes.,"我会有几天不在,我今晚出发,所以明天不在家。",,,,OCR_MISSING,F2-GMS-1251C 03:12.09-03:15.81
1285,2,1251,"I'm going away for a few days. I'm leaving tonight, so I won't be at home tomorrow.","外面没下雨,你不用带雨伞。",,,,OCR_MISSING,F2-GMS-1251C 03:19.11-03:21.24
1286,2,1251,"It won't rain, so you don't need to take an umbrella.",我今天晚上感觉不太好。,,,,OCR_MISSING,F2-GMS-1251C 03:24.48-03:26.32
1287,2,1251,I don't feel very well tonight.,"嗯,早点睡,明天早上会感觉好点。",,,,OCR_MISSING,F2-GMS-1251C 03:29.47-03:32.44
1288,2,1251,Go to bed early and you'll feel better in the morning.,"下周一是卡西姆的生日,到时他就25岁了。",,,,OCR_MISSING,F2-GMS-1251C 03:35.69-03:39.65
1289,2,1251,It's Cosim's birthday next Monday. He'll be 25.,"我很抱歉,今天早上迟到了,以后不会再发生了。",,,,OCR_MISSING,F2-GMS-1251C 03:42.92-03:46.54
1290,2,1251,I'm sorry I was late this morning. It won't happen again.,我觉得恩雅可以考到驾照。,,,,OCR_MISSING,F2-GMS-1251C 03:49.88-03:51.76
1291,2,1251,I think Eunha will pass her driver's test.,我觉得志荣不会通过驾照考试。,,,,OCR_MISSING,F2-GMS-1251C 03:55.03-03:57.32
1292,2,1251,I don't think Jiyong will pass his driver's test.,我觉得我们会赢得比赛。,,,,OCR_MISSING,F2-GMS-1251C 04:00.54-04:02.37
1293,2,1251,I think we'll win the game.,"我明天不在这儿,我想我明天不会在这儿。",,,,OCR_MISSING,F2-GMS-1251C 04:05.56-04:08.48
1294,2,1251,I won't be here tomorrow. I don't think I'll be here tomorrow.,我觉得爱丽丝会喜欢这个礼物。,,,,OCR_MISSING,F2-GMS-1251C 04:11.76-04:14.02
1295,2,1251,I think Iris will like her present.,他们不会结婚。 我想他们不会结婚。,,,,OCR_MISSING,F2-GMS-1251C 04:17.27-04:18.62
1296,2,1251,They won't get married. I don't think they'll get married.,"我不喜欢这部电影,我想你不会喜欢这部电影。",,,,OCR_MISSING,F2-GMS-1251C 04:19.20-04:20.91
1297,2,1251,他们不会结婚。,"我们今天晚上要去剧院,我们有票。",,,,OCR_MISSING,F2-GMS-1251C 04:24.16-04:27.54
1298,2,1251,"我不喜欢这部电影,我想你不会喜欢这部电影。","你明天晚上要做什么? 没什么事,我有空。",,,,OCR_MISSING,F2-GMS-1251C 04:30.73-04:33.57
1299,2,1251,"我们今天晚上要去剧院,我们有票。",他们明天早上出发8点40的火车。,,,,OCR_MISSING,F2-GMS-1251C 04:36.95-04:40.35
1300,2,1251,"Nothing, I'm free.",你干嘛穿外套?我要出门。,,,,OCR_MISSING,F2-GMS-1251C 04:43.67-04:46.61
1301,2,1301,The GMS Method Fluency 2,你说乔治今晚会答给我们吗?,,,,OCR_MISSING,F2-GMS-1301C 00:06.78-00:09.26
1302,2,1301,你说乔治今晚会答给我们吗?,"法利德星期六跟我们见不了面,他要工作。",,,,OCR_MISSING,F2-GMS-1301C 00:12.58-00:16.04
1303,2,1301,"法利德星期六跟我们见不了面,他要工作。","咱们改坐飞机去巴塞罗那吧,别开车了,这样就不会花那么长时间。",,,,OCR_MISSING,F2-GMS-1301C 00:19.47-00:24.77
1304,2,1301,"咱们改坐飞机去巴塞罗那吧,别开车了,这样就不会花那么长时间。",你周末计划做什么?,,,,LOW_CONF;OCR_MISSING,F2-GMS-1301C 00:28.01-00:29.47
1305,2,1301,你周末计划做什么?,几个朋友要来跟我们一起住。,,,,LOW_CONF;OCR_MISSING,F2-GMS-1301C 00:32.64-00:34.69
1306,2,1301,几个朋友要来跟我们一起住。,"我的行李非常重,我来帮你拿。",,,,OCR_MISSING,F2-GMS-1301C 00:37.92-00:40.57
1307,2,1301,"我的行李非常重,我来帮你拿。",我明天打给你行吗?,,,,LOW_CONF;OCR_MISSING,F2-GMS-1301C 00:43.72-00:45.26
1308,2,1301,我明天打给你行吗?,"我累了,我今晚应该会早睡。",,,,OCR_MISSING,F2-GMS-1301C 00:48.45-00:50.70
1309,2,1301,"我累了,我今晚应该会早睡。","今天天气不错,我应该会坐在外面。",,,,OCR_MISSING,F2-GMS-1301C 00:53.97-00:56.47
1310,2,1301,Today's weather is not bad. I should be sitting outside.,"下雨了,我应该不会出门了。",,,,OCR_MISSING,F2-GMS-1301C 00:59.63-01:01.94
1311,2,1301,"下雨了,我应该不会出门了。",我明天要上班。,,,,OCR_MISSING,F2-GMS-1301C 01:05.26-01:06.49
1312,2,1301,我明天要上班。,"今天晚上有个很好看的电视节目,我要看。",,,,OCR_MISSING,F2-GMS-1301C 01:09.73-01:13.11
1313,2,1301,"今天晚上有个很好看的电视节目,我要看。",你这周末要干什么?,,,,OCR_MISSING,F2-GMS-1301C 01:16.24-01:17.87
1314,2,1301,你这周末要干什么?,"这个房间有点热,我可以开窗吗?",,,,OCR_MISSING,F2-GMS-1301C 01:21.02-01:23.80
1315,2,1301,"这个房间有点热,我可以开窗吗?",那我今晚打给你。,,,,LOW_CONF;OCR_MISSING,F2-GMS-1301C 01:26.98-01:28.25
1316,2,1301,那我今晚打给你。,"天气不错,咱们出去散步吧。",,,,OCR_MISSING,F2-GMS-1301C 01:31.40-01:33.69
1317,2,1301,It's a nice day. Let's go for a walk.,咱们晚上吃什么?,,,,LOW_CONF;OCR_MISSING,F2-GMS-1301C 01:36.93-01:38.23
1318,2,1301,咱们晚上吃什么?,我要今晚答给你吗?,,,,LOW_CONF;OCR_MISSING,F2-GMS-1301C 01:41.37-01:42.85
1319,2,1301,我要今晚答给你吗?,"天气不错,咱们是不是该出去走走?",,,,LOW_CONF;OCR_MISSING,F2-GMS-1301C 01:46.02-01:48.79
1320,2,1301,"天气不错,咱们是不是该出去走走?",咱们晚上该吃什么?,,,,OCR_MISSING,F2-GMS-1301C 01:51.97-01:53.49
1321,2,1301,咱们晚上该吃什么?,"祝你有个美好的假期,我会给你寄明信片的。",,,,OCR_MISSING,F2-GMS-1301C 01:56.64-02:00.08
1322,2,1301,"祝你有个美好的假期,我会给你寄明信片的。","我不想吃香蕉,我饿了给我吃。",,,,OCR_MISSING,F2-GMS-1301C 02:03.33-02:06.63
1323,2,1301,"I'm hungry, I'll have it.","你要这张椅子吗? 不用了,没事,我坐地上。",,,,OCR_MISSING,F2-GMS-1301C 02:09.89-02:13.73
1324,2,1301,Do you want a chair?,"你给贾美拉打电话了吗? 哎呀,我忘了,我现在打给她。",,,,OCR_MISSING,F2-GMS-1301C 02:17.14-02:21.60
1325,2,1301,"你要这张椅子吗? 不用了,没事,我坐地上。","你要跟我去吗? 不去了,我待在这儿。",,,,OCR_MISSING,F2-GMS-1301C 02:24.80-02:27.75
1326,2,1301,"你给贾美拉打电话了吗? 哎呀,我忘了,我现在打给她。","这相机怎么使?给我,我教你。",,,,LOW_CONF;OCR_MISSING,F2-GMS-1301C 02:30.97-02:33.51
1327,2,1301,"你要跟我去吗? 不去了,我待在这儿。","今天很冷,我应该不会出门了。",,,,OCR_MISSING,F2-GMS-1301C 02:36.69-02:38.96
1328,2,1301,Give it to me and I'll show you.,"我饿了,我想我要去买点吃的。",,,,OCR_MISSING,F2-GMS-1301C 02:42.12-02:44.50
1329,2,1301,It's cold today. I don't think I'll go out.,"我觉得很累,我今天应该不会去打网球了。",,,,LOW_CONF;OCR_MISSING,F2-GMS-1301C 02:47.79-02:50.73
1330,2,1301,I'm hungry. I think I'll buy something to eat.,"我喜欢这顶帽子,我想我会买。",,,,OCR_MISSING,F2-GMS-1301C 02:53.95-02:56.32
1331,2,1301,I feel very tired. I don't think I'll play tennis today.,"这台相机太贵了,我应该不会买。",,,,OCR_MISSING,F2-GMS-1301C 02:59.51-03:02.00
1332,2,1301,I like this hat. I think I'll buy it.,"我还没去买东西,我晚点再去。",,,,OCR_MISSING,F2-GMS-1301C 03:05.31-03:07.85
1333,2,1301,This camera is too expensive. I don't think I'll buy it.,"我喜欢运动,我经常看电视的体育节目。",,,,OCR_MISSING,F2-GMS-1301C 03:11.15-03:14.37
1334,2,1301,I haven't done the shopping yet. I'll do it later.,"我得锻炼了,我想我会去散步。",,,,OCR_MISSING,F2-GMS-1301C 03:17.55-03:20.00
1335,2,1301,I like sports. I watch a lot of sports on TV.,"上时要买新车,他上个礼拜告诉我的。",,,,OCR_MISSING,F2-GMS-1301C 03:23.40-03:26.67
1336,2,1301,I need some exercise. I think I'll go for a walk.,"这封信是给左之子的,好,我会转交给他。",,,,OCR_MISSING,F2-GMS-1301C 03:29.94-03:33.83
1337,2,1301,"Yoshi's going to buy a new car, he told me last week.",你今天晚上要做什么吗?,,,,LOW_CONF;OCR_MISSING,F2-GMS-1301C 03:37.08-03:38.86
1338,2,1301,This letter is for Sachiko.,"有,我要跟几个朋友出去。",,,,OCR_MISSING,F2-GMS-1301C 03:42.38-03:44.54
1339,2,1301,"这封信是给左之子的,好,我会转交给他。","我明天晚上不能跟你出去了,因为我要工作。",,,,OCR_MISSING,F2-GMS-1301C 03:47.74-03:51.03
1340,2,1301,你今天晚上要做什么吗?,"房间里很暗,要不要我开灯?",,,,OCR_MISSING,F2-GMS-1301C 03:54.29-03:56.67
1341,2,1301,"有,我要跟几个朋友出去。","要在这儿等吗?不是,跟我来。",,,,OCR_MISSING,F2-GMS-1301C 03:59.82-04:02.41
1342,2,1301,"我明天晚上不能跟你出去了,因为我要工作。","要不要我去买东西? 不用,我去。",,,,OCR_MISSING,F2-GMS-1301C 04:05.60-04:08.46
1343,2,1301,"房间里很暗,要不要我开灯?","咱们要不要组织个聚会? 好啊,要邀请谁?",,,,OCR_MISSING,F2-GMS-1301C 04:11.69-04:15.36
1344,2,1301,"要在这儿等吗?不是,跟我来。","我还不确定去哪度假,我可能会去哥斯达黎加。",,,,OCR_MISSING,F2-GMS-1301C 04:18.56-04:22.26
1345,2,1301,"要不要我去买东西? 不用,我去。",看起来好像会下雨。,,,,OCR_MISSING,F2-GMS-1301C 04:25.55-04:27.16
1346,2,1301,"Yes, who shall we invite?","我可能今天晚上会去看电影,但不确定。",,,,OCR_MISSING,F2-GMS-1301C 04:30.46-04:34.07
1347,2,1301,I'm not sure where to go on vacation. I might go to Costa Rica.,"法鲁克什么时候会给你打电话? 我不知道,可能今天下午。",,,,OCR_MISSING,F2-GMS-1301C 04:37.30-04:41.62
1348,2,1301,It looks like it might rain.,"你带把伞吧,可能会下雨。",,,,LOW_CONF;OCR_MISSING,F2-GMS-1301C 04:44.81-04:47.19
1349,2,1301,"I might go to the movies tonight, but I'm not sure.","买张彩票,你可能会走运。",,,,OCR_MISSING,F2-GMS-1301C 04:50.41-04:52.56
1350,2,1301,When's Farouk going to call you?,你今天晚上要出去吗? 可能会。,,,,OCR_MISSING,F2-GMS-1301C 04:55.81-04:58.59
1351,2,1351,The GMS Method Fluency 2 English 中文 中文,"我明天会去打网球,我明天可能会去打网球。",,,,OCR_MISSING,F2-GMS-1351C 00:00.00-00:03.28
1352,2,1351,"我明天会去打网球,我明天可能会去打网球。",哈迪亚过一会儿会打电话过来。,,,,OCR_MISSING;DURATION_CHECK,F2-GMS-1351C 00:03.73-00:04.60
1353,2,1351,Hadiyah will call me later.,哈迪亚可能过一会儿打电话过来。,,,,OCR_MISSING,F2-GMS-1351C 00:06.78-00:10.22
1354,2,1351,Hadiyah might call me later.,我明天可能不去上班。,,,,OCR_MISSING,F2-GMS-1351C 00:13.45-00:15.86
1355,2,1351,我明天可能不去上班。,书媒可能不会去派对。,,,,OCR_MISSING,F2-GMS-1351C 00:19.04-00:21.42
1356,2,1351,书媒可能不会去派对。,我今天晚上可能会去看电影。,,,,OCR_MISSING,F2-GMS-1351C 00:24.80-00:26.70
1357,2,1351,我今天晚上可能会去看电影。,见好可能不会去聚会。,,,,OCR_MISSING,F2-GMS-1351C 00:29.90-00:31.90
1358,2,1351,见好可能不会去聚会。,我能问个问题吗?,,,,OCR_MISSING,F2-GMS-1351C 00:35.05-00:36.96
1359,2,1351,我能问个问题吗?,我可以坐这儿吗? 当然可以。,,,,OCR_MISSING,F2-GMS-1351C 00:40.11-00:42.02
1360,2,1351,我可以坐这儿吗? 当然可以。,"我有可能会去看电影,我也许会去看电影。",,,,OCR_MISSING,F2-GMS-1351C 00:45.23-00:46.68
1361,2,1351,I may go to the movies.,"我明天有可能会见到你,我可能明天会见你。",,,,OCR_MISSING,F2-GMS-1351C 00:49.85-00:52.22
1362,2,1351,It's possible that I'll see you tomorrow. I might see you tomorrow.,"哈吉姆有可能会忘了打电话,他可能会忘了打电话。",,,,OCR_MISSING,F2-GMS-1351C 00:55.48-00:57.06
1363,2,1351,It's possible that Hakim will forget to call.,"今天有可能会下雪,今天也许会下雪。",,,,OCR_MISSING,F2-GMS-1351C 00:57.70-00:59.19
1364,2,1351,哈吉姆有可能会忘了打电话。 他可能会忘了打电话。,"我今晚有可能会晚点回来,我今天晚上也许会晚点回来。",,,,OCR_MISSING,F2-GMS-1351C 01:02.75-01:06.34
1365,2,1351,今天有可能会下雪。 今天也许会下雪。,"杰米拉下个礼拜有可能不在这儿, 他可能下个礼拜不在这里。",,,,OCR_MISSING,F2-GMS-1351C 01:09.72-01:13.76
1366,2,1351,I might be late tonight.,"我有可能没时间出去,我可能没有时间出去。",,,,OCR_MISSING,F2-GMS-1351C 01:17.09-01:20.90
1367,2,1351,It's possible that Jamila won't be here next week. She might not be here next week.,"你要去哪儿度假?我还不确定,我可能会去意大利。",,,,OCR_MISSING,F2-GMS-1351C 01:24.11-01:28.55
1368,2,1351,It's possible that I won't have time to go out. I might not have time to go out.,"你这个周末要做什么? 我不知道,我也许会去爬山。",,,,OCR_MISSING,F2-GMS-1351C 01:31.82-01:36.51
1369,2,1351,Where are you going for your vacation?,"你什么时候会再见到帕布鲁?我不确定,也许这个夏天。",,,,OCR_MISSING,F2-GMS-1351C 01:39.69-01:41.66
1370,2,1351,"你要去哪儿度假? 我还不确定,我可能会去意大利。","你晚上要吃什么? 我不知道,我也许会吃意大利菜。",,,,OCR_MISSING,F2-GMS-1351C 01:42.16-01:44.03
1371,2,1351,"你这个周末要做什么? 我不知道,我也许会去爬山。","你今晚要怎么回家? 我不确定,我可能坐公车。",,,,OCR_MISSING,F2-GMS-1351C 01:47.38-01:51.52
1372,2,1351,"你什么时候会再见到帕布鲁 我不确定,也许这个夏天","听说你赢了钱,你要用这些钱来做什么? 我还没决定,可能会开个餐厅。",,,,OCR_MISSING,F2-GMS-1351C 01:54.73-01:58.85
1373,2,1351,"你晚上要吃什么? 我不知道,我也许会吃意大利菜。",他明天下午要去打网球。,,,,LOW_CONF;OCR_MISSING,F2-GMS-1351C 02:02.04-02:06.54
1374,2,1351,"你今晚要怎么回家? 我不确定,我可能坐公车。",他明天傍晚可能会出去。,,,,OCR_MISSING,F2-GMS-1351C 02:09.74-02:13.66
1375,2,1351,I haven't decided yet. I might open a restaurant.,他可能会早起。,,,,OCR_MISSING,F2-GMS-1351C 02:16.86-02:20.71
1376,2,1351,He's playing tennis tomorrow afternoon.,他明天不用上班。,,,,LOW_CONF;OCR_MISSING,F2-GMS-1351C 02:23.88-02:27.20
1377,2,1351,He might go out tomorrow evening.,他明天可能会在家。,,,,OCR_MISSING,F2-GMS-1351C 02:27.69-02:30.13
1378,2,1351,He might get up early.,他可能会看电视。,,,,OCR_MISSING,F2-GMS-1351C 02:33.37-02:35.33
1379,2,1351,He won't be working tomorrow.,他下午肯定会出门。,,,,OCR_MISSING,F2-GMS-1351C 02:38.62-02:40.56
1380,2,1351,He might be at home tomorrow morning.,"他有可能去买东西,但不确定。",,,,OCR_MISSING,F2-GMS-1351C 02:43.83-02:45.28
1381,2,1351,He might watch television.,"我会弹钢琴,我弟弟也会弹钢琴。",,,,OCR_MISSING,F2-GMS-1351C 02:48.44-02:49.91
1382,2,1351,He's going out in the afternoon for sure.,"马利索尔会说意大利语和西班牙语,但他不会说法语。",,,,OCR_MISSING,F2-GMS-1351C 02:53.20-02:54.86
1383,2,1351,"He might go shopping, but he's not sure.","你会游泳吗? 会,但游的不是很好。",,,,OCR_MISSING,F2-GMS-1351C 02:58.33-02:59.84
1384,2,1351,I can play the piano. My brother can play the piano too.,"你可以帮我换20块的零钱吗? 不好意思,我没有。",,,,OCR_MISSING,F2-GMS-1351C 03:03.05-03:04.62
1385,2,1351,"Marisol can speak Italian and Spanish, but she can't speak French.","我下个礼拜要办个派对,但是贤荣和孟叔来不了。",,,,OCR_MISSING,F2-GMS-1351C 03:07.93-03:10.35
1386,2,1351,"Can you swim? Yes, but I'm not a very good swimmer.",我年轻的时候能跑得很快。,,,,OCR_MISSING,F2-GMS-1351C 03:13.61-03:16.49
1387,2,1351,"Can you change a $20 bill? I'm sorry, I can't.","努力来美国之前不太听得懂英语,现在他都能听懂了。",,,,OCR_MISSING,F2-GMS-1351C 03:19.79-03:24.07
1388,2,1351,"I'm having a party next week, but Hyunyoung and Mengsuk can't come.","我昨天晚上很累,但我睡不着。",,,,OCR_MISSING,F2-GMS-1351C 03:27.22-03:30.25
1389,2,1351,"When I was young, I could run very fast.","我上个礼拜办了个party,但伊姆兰和拉提法没法来。",,,,OCR_MISSING,F2-GMS-1351C 03:33.37-03:37.56
1390,2,1351,"Before Nuria came to the United States, she couldn't understand much English. Now she can understand everything.",你能帮我开一下门吗? 可以麻烦您帮我开一下门吗?,,,,OCR_MISSING,F2-GMS-1351C 03:40.93-03:44.97
1391,2,1351,"I was tired last night, but I couldn't sleep.",你可以等一下吗? 麻烦您稍等一下好吗?,,,,OCR_MISSING,F2-GMS-1351C 03:48.16-03:50.41
1392,2,1351,"I had a party last week, but Imran and Latifa couldn't come.",我可以换一块钱零钱吗? 可以麻烦您帮我换一块钱零钱吗?,,,,OCR_MISSING,F2-GMS-1351C 03:53.68-03:58.53
1393,2,1351,Can you open the door please? Could you open the door please?,"西尔维奥,我可以借你的雨伞用一下吗?",,,,OCR_MISSING,F2-GMS-1351C 04:01.69-04:04.23
1394,2,1351,"Can you wait a minute, please? Could you wait a moment, please?","喂,我找托马斯。 喂,可以帮我转接托马斯吗?",,,,OCR_MISSING,F2-GMS-1351C 04:07.60-04:12.22
1395,2,1351,"Can I have change for a dollar, please? Could I have change for a dollar, please?",你会游泳吗?,,,,OCR_MISSING,F2-GMS-1351C 04:15.60-04:17.21
1396,2,1351,"Silvio, can I borrow your umbrella? Silvio, could I borrow your umbrella?",你会滑雪吗?,,,,OCR_MISSING,F2-GMS-1351C 04:17.78-04:19.84
1397,2,1351,"Hello, can I speak to Tomas, please?",你会下国际象棋吗?,,,,OCR_MISSING,F2-GMS-1351C 04:23.06-04:26.65
1398,2,1351,"Hello, I'm looking for Thomas. Hello, can you help me transfer Thomas?",你可以跑十公里吗?,,,,OCR_MISSING,F2-GMS-1351C 04:29.91-04:34.69
1399,2,1351,你会游泳吗?,你会开车吗?,,,,LOW_CONF;OCR_MISSING,F2-GMS-1351C 04:37.91-04:40.94
1400,2,1351,你会滑雪吗?,你会骑摩托车吗?,,,,OCR_MISSING,F2-GMS-1351C 04:44.13-04:48.76
1401,2,1401,The GMS Method Fluency 2,你会骑马吗?,,,,LOW_CONF;OCR_MISSING,F2-GMS-1401C 00:06.78-00:08.15
1402,2,1401,你会骑马吗?,"不好意思,我们下个礼拜去不了你的聚会了。",,,,OCR_MISSING,F2-GMS-1401C 00:11.37-00:14.75
1403,2,1401,"Sorry, we can't go to your party next week.","我喜欢这家酒店的房间,可以从窗户看到山。",,,,OCR_MISSING,F2-GMS-1401C 00:18.08-00:21.89
1404,2,1401,"我喜欢这家酒店的房间,可以从窗户看到山。","你说话太小声,我听不见。",,,,OCR_MISSING,F2-GMS-1401C 00:25.10-00:27.30
1405,2,1401,"你说话太小声,我听不见。",你看见我的行李了吗?我找不到了。,,,,OCR_MISSING,F2-GMS-1401C 00:30.42-00:33.17
1406,2,1401,I can't find it.,奥尔加能得到这份工作是因为他会说五种语言。,,,,OCR_MISSING,F2-GMS-1401C 00:36.38-00:40.46
1407,2,1401,Olga got the job because she can speak five languages.,"我很累,但我睡不着。",,,,LOW_CONF;OCR_MISSING,F2-GMS-1401C 00:43.69-00:45.60
1408,2,1401,"I was tired, but I couldn't sleep.","我昨天不是很饿,晚餐我没吃完。",,,,OCR_MISSING,F2-GMS-1401C 00:48.72-00:51.40
1409,2,1401,I wasn't hungry yesterday. I couldn't finish dinner.,"拉希德不知道该怎么办,他没法决定。",,,,OCR_MISSING,F2-GMS-1401C 00:54.47-00:57.53
1410,2,1401,Rashid doesn't know what to do. He can't decide.,"我昨天想跟夏琪拉说话,但我找不着她。",,,,OCR_MISSING,F2-GMS-1401C 01:00.78-01:03.89
1411,2,1401,"I wanted to speak to Shakira yesterday, but I couldn't find her.","维克拉姆去不了下个礼拜的音乐会,他得工作。",,,,OCR_MISSING,F2-GMS-1401C 01:07.04-01:10.89
1412,2,1401,Vikram can't go to the concert next weekend. He has to work.,"拉克西米上礼拜没能去开会,他生病了。",,,,OCR_MISSING,F2-GMS-1401C 01:14.11-01:17.52
1413,2,1401,Lakshmi couldn't go to the meeting last week. She was sick.,"你今天工作了十个小时,你一定很累。",,,,OCR_MISSING,F2-GMS-1401C 01:20.68-01:23.81
1414,2,1401,You worked 10 hours today. You must be tired.,"我哥在你公司上班上了好几年了,你肯定认识他。",,,,OCR_MISSING,F2-GMS-1401C 01:26.88-01:30.77
1415,2,1401,My brother has worked at your company for years. You must know him.,"我朋友的游边跟你的一样,他们一定是住你附近。",,,,OCR_MISSING,F2-GMS-1401C 01:33.89-01:37.61
1416,2,1401,My friends have the same postal code as you. They must live near you.,"这不是威尔逊家吗? 不好意思,我打错了。",,,,OCR_MISSING,F2-GMS-1401C 01:40.67-01:43.99
1417,2,1401,"This isn't the Wilsons? I'm sorry, I must have the wrong number.","电话响了8次沙米亚都没接,他肯定是不在家。",,,,OCR_MISSING,F2-GMS-1401C 01:47.06-01:50.68
1418,2,1401,The phone rang eight times and Samia didn't answer. She must not be at home.,"泽维尔去哪儿都坐公车,他肯定没车。",,,,OCR_MISSING,F2-GMS-1401C 01:53.79-01:56.82
1419,2,1401,Javier takes the bus everywhere. He must not have a car.,"席尔瓦全家每周五都在家,他们应该都不用上班。",,,,OCR_MISSING,F2-GMS-1401C 01:59.94-02:03.91
1420,2,1401,The Silvas are always home on Fridays. They must not work then.,"你用这把刀的时候一定要小心,它很锋利。",,,,OCR_MISSING,F2-GMS-1401C 02:07.01-02:10.29
1421,2,1401,You must be careful with this knife. It's very sharp.,工人用这台机器的时候必须要戴护目镜。,,,,OCR_MISSING,F2-GMS-1401C 02:13.36-02:16.46
1422,2,1401,Workers must wear safety glasses at this machine.,"在美国,得满18岁才有选举权。",,,,OCR_MISSING,F2-GMS-1401C 02:19.54-02:22.52
1423,2,1401,"In the United States, you must be 18 to vote.","他们的处境很危险,他们一定得小心。",,,,OCR_MISSING,F2-GMS-1401C 02:25.59-02:28.82
1424,2,1401,They were in a dangerous situation. They had to be careful.,"上礼拜我们去参观工厂时都得戴上护目镜,",,,,OCR_MISSING,F2-GMS-1401C 02:31.88-02:35.25
1425,2,1401,We had to wear safety glasses when we visited the factory last week.,骑自行车不可以骑在人行道上。,,,,OCR_MISSING,F2-GMS-1401C 02:38.32-02:40.83
1426,2,1401,Bicyclists must not ride on the sidewalk.,你上学不能再迟到了。,,,,OCR_MISSING,F2-GMS-1401C 02:44.01-02:46.00
1427,2,1401,You must not be late for school again.,"现在都晚上了,你一天都没有吃东西,你肯定饿了。",,,,OCR_MISSING,F2-GMS-1401C 02:49.10-02:53.08
1428,2,1401,"It's evening, and you haven't eaten anything all day. You must be hungry.","这是市区最有人气的餐厅,一定很好吃。",,,,OCR_MISSING,F2-GMS-1401C 02:56.17-02:59.48
1429,2,1401,"It's the most popular restaurant in town, so the food must be good.","我被录用了,真的吗?你一定很激动吧?",,,,OCR_MISSING,F2-GMS-1401C 03:02.76-03:06.27
1430,2,1401,I got the job.,"电话在响,我知道不是找我的,肯定是找你的。",,,,OCR_MISSING,F2-GMS-1401C 03:09.58-03:13.60
1431,2,1401,我被录用了。 真的吗?你一定很激动吧?,"我的钥匙不在客厅,所以肯定在厨房。",,,,OCR_MISSING,F2-GMS-1401C 03:16.77-03:19.81
1432,2,1401,"电话在响,我知道不是找我的,肯定是找你的。","瑞纳塔每天的穿着都有蓝色,她一定很喜欢蓝色。",,,,OCR_MISSING,F2-GMS-1401C 03:22.97-03:27.29
1433,2,1401,"我的钥匙不在客厅,所以肯定在厨房。","加西亚斯加有六个孩子和三只狗,他们的房子一定很大。",,,,OCR_MISSING,F2-GMS-1401C 03:30.43-03:34.99
1434,2,1401,Renata wears blue clothes every day. She must love blue.,"陈太太在商店买了三升的牛奶, 她的孩子要喝好多牛奶。",,,,OCR_MISSING,F2-GMS-1401C 03:38.15-03:42.45
1435,2,1401,"加西亚斯家有六个孩子和三只狗,他们的房子一定很大。","我知道汤普森太太有工作,但她白天都在家,她肯定是晚上工作。",,,,OCR_MISSING,F2-GMS-1401C 03:45.56-03:50.65
1436,2,1401,"陈太太在商店买了三升的牛奶, 她的孩子要喝好多牛奶。",这不是卡尔森家吗?我打错号码了。,,,,OCR_MISSING,F2-GMS-1401C 03:53.78-03:56.89
1437,2,1401,"我知道汤普森太太有工作,但她白天都在家,她肯定是晚上工作。","奥尔玛非常瘦,他肯定吃的不多。",,,,OCR_MISSING,F2-GMS-1401C 04:00.01-04:02.77
1438,2,1401,这不是卡尔森家吗?我打错号码了。,"我早上都看不到我邻居,他肯定很早就出去工作了。",,,,OCR_MISSING,F2-GMS-1401C 04:05.84-04:09.84
1439,2,1401,"奥尔玛非常瘦,他肯定吃的不多。","我跟游子说话都得重复好几次,他肯定是听力不太好。",,,,OCR_MISSING,F2-GMS-1401C 04:12.94-04:17.08
1440,2,1401,"我早上都看不到我邻居,他肯定很早就出去工作了。","路德维希每天都穿一样的衣服,他的衣服一定不多。",,,,OCR_MISSING,F2-GMS-1401C 04:20.25-04:24.23
1441,2,1401,"我跟游子说话都得重复好几次,他肯定是听力不太好。","你感冒还发烧了?真可怜,你肯定很不舒服吧?",,,,OCR_MISSING,F2-GMS-1401C 04:27.44-04:31.14
1442,2,1401,"路德维希每天都穿一样的衣服,他的衣服一定不多。","在美国大部分地方,年满16岁才可以考驾照。",,,,OCR_MISSING,F2-GMS-1401C 04:34.30-04:38.05
1443,2,1401,"你感冒还发烧了?真可怜,你肯定很不舒服吧?","对于这份工作,你必须得懂西班牙语和德语。",,,,OCR_MISSING,F2-GMS-1401C 04:41.22-04:44.71
1444,2,1401,"美国大部分地方,年满16岁才可以考驾照。",坐在车前排座位的人必须得系安全带。,,,,OCR_MISSING,F2-GMS-1401C 04:47.81-04:50.70
1445,2,1401,"For this job, you must understand Spanish and German.",想上大学的高中生一定得成绩很好。,,,,OCR_MISSING,F2-GMS-1401C 04:53.85-04:56.82
1446,2,1401,坐在车前排座位的人必须得系安全带。,"这条高速封路了,司机得走另一条路。",,,,OCR_MISSING,F2-GMS-1401C 04:59.90-05:02.91
1447,2,1401,想上大学的高中生一定得成绩很好。,网球选手必须打得非常好才能成为职业选手。,,,,OCR_MISSING,F2-GMS-1401C 05:06.23-05:09.78
1448,2,1401,"这条高速封路了,司机得走另一条路。",咱们千万别忘了寄生日贺卡给丽塔。,,,,OCR_MISSING,F2-GMS-1401C 05:12.87-05:15.53
1449,2,1401,网球选手必须打得非常好才能成为职业选手。,"我得快一点,否则就迟到了。",,,,OCR_MISSING,F2-GMS-1401C 05:18.75-05:20.82
1450,2,1401,Let's not forget to send a birthday card to Lita.,"你怎么迟到了这么长时间,我等了半个小时公车才来。",,,,OCR_MISSING,F2-GMS-1401C 05:23.95-05:28.28
1451,2,1451,Keep these papers in a safe place. You must not lose them.,"好好保存这些文件,千万别弄丢了。",,,,OCR_MISSING,F2-GMS-1451C 00:06.77-00:09.42
1452,2,1451,Bicyclists must follow the same traffic rules as drivers.,"骑自行车跟驾驶机动车一样,都必须遵守交通规则。",,,,OCR_MISSING,F2-GMS-1451C 00:12.54-00:16.81
1453,2,1451,We must not forget to turn off the lights when we leave.,咱们走时别忘了关灯。,,,,OCR_MISSING,F2-GMS-1451C 00:19.91-00:21.84
1454,2,1451,"I don't usually work on Saturdays, but last Saturday I had to work.","我通常星期六不上班,但是上个星期六我得上班。",,,,OCR_MISSING,F2-GMS-1451C 00:24.94-00:28.68
1455,2,1451,严华 doesn't study enough. She should study harder.,"莲花学习还不够努力,她应该再努力点。",,,,OCR_MISSING,F2-GMS-1451C 00:31.76-00:34.96
1456,2,1451,It's a good movie. You should go and see it.,"这部电影很好看,你应该看看。",,,,OCR_MISSING,F2-GMS-1451C 00:38.08-00:40.47
1457,2,1451,"When you play tennis, you should always watch the ball.","打网球时,你要一直注意着球。",,,,OCR_MISSING,F2-GMS-1451C 00:43.74-00:46.47
1458,2,1451,Should I invite Sarah to dinner?,我应该约萨拉吃晚餐吗?,,,,OCR_MISSING,F2-GMS-1451C 00:49.60-00:51.61
1459,2,1451,Should we make something special for dinner?,我们晚上该做点什么特别的菜吗?,,,,OCR_MISSING,F2-GMS-1451C 00:54.72-00:57.10
1460,2,1451,Leopold shouldn't go to bed so late.,利尔波德不该这么晚才睡觉。,,,,OCR_MISSING,F2-GMS-1451C 01:00.21-01:02.75
1461,2,1451,You watch TV all the time. You shouldn't watch TV so much.,"你总在看电视,你不该看这么久的电视。",,,,OCR_MISSING,F2-GMS-1451C 01:05.89-01:09.20
1462,2,1451,I think Zahida should buy some new clothes.,我觉得扎西达该买几件新衣服了。,,,,OCR_MISSING,F2-GMS-1451C 01:12.33-01:15.16
1463,2,1451,It's late. I think I should go home now.,"很晚了,我想我现在该回家了。",,,,OCR_MISSING,F2-GMS-1451C 01:18.38-01:20.89
1464,2,1451,"Shall I buy this coat? Yes, I think you should.","我应该买这件外套吗?嗯,我觉得可以。",,,,OCR_MISSING,F2-GMS-1451C 01:24.08-01:27.42
1465,2,1451,I don't think you should work so hard.,我认为你不应该这么辛苦工作。,,,,LOW_CONF;OCR_MISSING,F2-GMS-1451C 01:30.54-01:33.00
1466,2,1451,I don't think we should go yet. It's too early.,"我想我们还不用出发,还早着呢。",,,,LOW_CONF;OCR_MISSING,F2-GMS-1451C 01:36.34-01:38.65
1467,2,1451,Do you think I should buy this hat?,你说我该买这顶帽子吗?,,,,LOW_CONF;OCR_MISSING,F2-GMS-1451C 01:41.71-01:43.64
1468,2,1451,What time do you think we should go home?,你觉得我们应该几点回家?,,,,LOW_CONF;OCR_MISSING,F2-GMS-1451C 01:46.75-01:48.69
1469,2,1451,"I should study tonight, but I think I'll go to the movies.","我今晚本该学习,但我想去看电影。",,,,OCR_MISSING,F2-GMS-1451C 01:51.84-01:54.65
1470,2,1451,I have to study tonight. I can't go to the movies.,"我今天晚上得学习,我不能去看电影。",,,,OCR_MISSING,F2-GMS-1451C 01:57.76-02:00.65
1471,2,1451,"I ought to study tonight, but I think I'll go to the movies.","我今晚本该学习,但我想去看电影。",,,,OCR_MISSING,F2-GMS-1451C 02:03.94-02:06.88
1472,2,1451,I think Mahmoud ought to buy some new clothes.,我觉得马哈茂德需要买几件新衣服。,,,,OCR_MISSING,F2-GMS-1451C 02:09.99-02:12.93
1473,2,1451,It's late and you're very tired. You should go to bed.,"现在很晚了,而且你很累了,你该去睡觉了。",,,,OCR_MISSING,F2-GMS-1451C 02:16.13-02:19.57
1474,2,1451,You should eat plenty of fruit and vegetables.,你应该多吃点水果和蔬菜。,,,,OCR_MISSING,F2-GMS-1451C 02:22.71-02:24.86
1475,2,1451,"If you have time, you should visit the Science Museum. It's very interesting.","如果你有时间的话,应该去参观科技馆,那里很有趣。",,,,OCR_MISSING,F2-GMS-1451C 02:27.97-02:32.29
1476,2,1451,"When you're driving, you should wear a seatbelt.","你开车的时候,要系好安全带。",,,,OCR_MISSING,F2-GMS-1451C 02:35.39-02:37.85
1477,2,1451,It's a very good book. You should read it.,"这是一本好书,你该读一读。",,,,OCR_MISSING,F2-GMS-1451C 02:40.96-02:43.14
1478,2,1451,She shouldn't watch TV so much.,他不应该看这么久的电视。,,,,OCR_MISSING,F2-GMS-1451C 02:46.29-02:48.28
1479,2,1451,He shouldn't eat too much.,你不应该吃这么多。,,,,OCR_MISSING,F2-GMS-1451C 02:51.40-02:52.93
1480,2,1451,You shouldn't work so hard.,你不应该工作得这么辛苦。,,,,OCR_MISSING,F2-GMS-1451C 02:56.04-02:58.04
1481,2,1451,I shouldn't drive so fast.,我不该开得这么快。,,,,OCR_MISSING,F2-GMS-1451C 03:01.23-03:02.75
1482,2,1451,You're trying on a jacket. Do you think I should buy this jacket?,"你正在试穿一件外套,你说我该买这件外套吗?",,,,OCR_MISSING,F2-GMS-1451C 03:05.86-03:09.99
1483,2,1451,You can't drive. Do you think I should learn how to drive?,"你不会开车,你说我该学开车吗?",,,,OCR_MISSING,F2-GMS-1451C 03:13.19-03:16.17
1484,2,1451,You don't like your job. Do you think I should get another job?,"你不喜欢你的工作,你说我该找别的工作吗?",,,,OCR_MISSING,F2-GMS-1451C 03:19.30-03:22.91
1485,2,1451,You're going to have a party. Do you think I should invite Oscar?,"你要办一个派对,你说我该邀请奥斯卡吗?",,,,OCR_MISSING,F2-GMS-1451C 03:26.05-03:29.71
1486,2,1451,We have to get up early tomorrow. I think we should go home now.,"咱们明天得早起,我觉得咱们现在该回家了。",,,,OCR_MISSING,F2-GMS-1451C 03:32.83-03:36.24
1487,2,1451,That code is too big for you. I don't think you should buy it.,"这件外套你穿太大了,我不建议你买。",,,,OCR_MISSING,F2-GMS-1451C 03:39.54-03:42.65
1488,2,1451,You don't need your car. You should sell it.,"你用不着汽车,你应该把它卖了。",,,,OCR_MISSING,F2-GMS-1451C 03:46.05-03:48.49
1489,2,1451,Valentina needs a change. I think she should take a trip.,"马伦提纳需要一些变化,我觉得他该去旅行。",,,,OCR_MISSING,F2-GMS-1451C 03:51.64-03:55.26
1490,2,1451,Nur and Zayinah are too young. I don't think they should get married.,"努尔和塞纳还太年轻,我觉得他们不该结婚。",,,,OCR_MISSING,F2-GMS-1451C 03:58.35-04:02.14
1491,2,1451,You're still sick. I don't think you should go to work.,"你还在生病,我觉得你不该去工作。",,,,OCR_MISSING,F2-GMS-1451C 04:05.22-04:08.07
1492,2,1451,Simon isn't feeling well today. I think he should go see the doctor.,"西蒙今天不太舒服,我觉得他应该去看医生。",,,,OCR_MISSING,F2-GMS-1451C 04:11.21-04:14.94
1493,2,1451,The hotel is too expensive for us. I don't think we should stay there.,"那家酒店对我们来说太贵了,我觉得我们不该住在那。",,,,OCR_MISSING,F2-GMS-1451C 04:18.02-04:21.93
1494,2,1451,I think everybody should learn another language.,我觉得每个人都该学另一种语言。,,,,OCR_MISSING,F2-GMS-1451C 04:25.05-04:27.43
1495,2,1451,I think everybody should travel to another country.,我觉得每个人都要去别的国家旅行。,,,,OCR_MISSING,F2-GMS-1451C 04:30.51-04:33.01
1496,2,1451,I don't think people should smoke.,我觉得人们不应该抽烟。,,,,OCR_MISSING,F2-GMS-1451C 04:36.22-04:38.27
1497,2,1451,I think I should save more money.,我觉得我该多存点钱。,,,,OCR_MISSING,F2-GMS-1451C 04:41.35-04:43.29
1498,2,1451,I'll be late for work tomorrow. I have to go to the dentist.,"我明天上班会晚点到,我得去看牙医。",,,,OCR_MISSING,F2-GMS-1451C 04:46.37-04:49.41
1499,2,1451,"Yolanda starts work at 7 o'clock, so she has to get up at 6 o'clock.","尤兰达7点开始上班,所以她6点就得起床。",,,,OCR_MISSING,F2-GMS-1451C 04:52.51-04:56.00
1500,2,1451,You have to pass a test before you can get a driver's license.,你得通过考试才能拿到驾照。,,,,OCR_MISSING,F2-GMS-1451C 04:59.13-05:01.38
1501,2,1501,The GMS Method Fluency 2,你必须通过考试才能拿到驾照。,,,,OCR_MISSING,F2-GMS-1501C 00:06.78-00:09.27
1502,2,1501,你必须通过考试才能拿到驾照。,"我昨天上班迟到了,我昨天得去看牙医。",,,,OCR_MISSING,F2-GMS-1501C 00:12.44-00:15.66
1503,2,1501,"我昨天上班遲到了,我昨天得去看牙醫。","我们昨天晚上得走路回家,没有公车了。",,,,OCR_MISSING,F2-GMS-1501C 00:18.81-00:22.10
1504,2,1501,"我们昨天晚上得走路回家,没有公车了。",你明天要几点去看牙医?,,,,OCR_MISSING,F2-GMS-1501C 00:25.29-00:27.18
1505,2,1501,你明天要几点去看牙医?,阿曼达星期六都得上班吗?,,,,OCR_MISSING,F2-GMS-1501C 00:30.39-00:32.65
1506,2,1501,"Amanda, do you have to go to work on Saturdays?",他们聚会为什么非要提前走?,,,,LOW_CONF;OCR_MISSING,F2-GMS-1501C 00:35.82-00:38.11
1507,2,1501,他们聚会为什么非要提前走?,"我明天不用上班,所以不用早起。",,,,OCR_MISSING,F2-GMS-1501C 00:41.31-00:43.87
1508,2,1501,"我明天不用上班,所以不用早起。","艾伦不用很辛苦工作,其实他的工作很轻松。",,,,OCR_MISSING,F2-GMS-1501C 00:47.04-00:50.79
1509,2,1501,"艾伦不用很辛苦工作,其实他的工作很轻松。","我们没花太久等公车,几分钟就来了。",,,,OCR_MISSING,F2-GMS-1501C 00:54.17-00:57.33
1510,2,1501,"我们没花太久等公车,几分钟就来了。","很多国家,男性必须要服兵役。",,,,OCR_MISSING,F2-GMS-1501C 01:00.70-01:03.53
1511,2,1501,"很多国家,男性必须要服兵役。","我眼睛不太好,我必须要戴眼镜。",,,,OCR_MISSING,F2-GMS-1501C 01:06.69-01:09.40
1512,2,1501,"我眼睛不太好,我必须要戴眼镜。","课程要结束时,学生们都必须参加考试。",,,,OCR_MISSING,F2-GMS-1501C 01:12.76-01:16.27
1513,2,1501,"When the class is about to end, the students must take the exam.","蕾拉在学习文学,她必须要读很多书。",,,,OCR_MISSING,F2-GMS-1501C 01:19.54-01:22.70
1514,2,1501,Layla is studying literature. She has to read a lot of books.,"哈桑懂的英文不多,跟他说话必须得慢点说。",,,,OCR_MISSING,F2-GMS-1501C 01:25.98-01:29.94
1515,2,1501,You have to speak very slowly to him.,"芭芭拉不经常在家,她的工作必须要经常出差。",,,,OCR_MISSING,F2-GMS-1501C 01:33.20-01:37.12
1516,2,1501,Barbara isn't at home much. She has to travel a lot for her job.,"打网球时,球要打过网。",,,,OCR_MISSING,F2-GMS-1501C 01:40.45-01:42.72
1517,2,1501,"In tennis, you have to hit the ball over the net.","昨天晚上我们不得不走路回家,没有公车了。",,,,OCR_MISSING,F2-GMS-1501C 01:45.98-01:49.32
1518,2,1501,We had to walk home last night. There were no buses.,"很晚了,我得走了,明天见。",,,,OCR_MISSING,F2-GMS-1501C 01:52.60-01:54.99
1519,2,1501,It's late. I have to go now. I'll see you tomorrow.,"我昨天下班不得不去了趟商店,我得买点吃的。",,,,OCR_MISSING,F2-GMS-1501C 01:58.18-02:02.04
1520,2,1501,I went to the store after work yesterday. I had to buy some food.,"这班火车不到市区,你得在下一站转车。",,,,OCR_MISSING,F2-GMS-1501C 02:05.29-02:08.94
1521,2,1501,This train doesn't go all the way downtown. You have to change at the next station.,"我们昨天考试,10道题得答对6道。",,,,OCR_MISSING,F2-GMS-1501C 02:12.21-02:15.20
1522,2,1501,We took a test yesterday. We had to answer 6 questions out of 10.,"我去睡觉了,我明天得早起。",,,,OCR_MISSING,F2-GMS-1501C 02:18.40-02:20.52
1523,2,1501,I'm going to bed. I have to get up early tomorrow.,"跟他的表妹泰拉今晚不能跟我们出去,他们得照顾泰拉的弟弟。",,,,OCR_MISSING,F2-GMS-1501C 02:23.68-02:28.82
1524,2,1501,Ravi and his cousin Tara can't go out with us tonight.,"我明天得早起,你要几点起?",,,,OCR_MISSING,F2-GMS-1501C 02:32.03-02:34.45
1525,2,1501,"今晚不能跟我们出去,他们得照顾泰拉的弟弟。","克里斯不得不等了很久,他等了多久?",,,,OCR_MISSING,F2-GMS-1501C 02:37.59-02:40.94
1526,2,1501,"我明天得早起,你要几点起?","克莱尔得去别的地方,他非得去哪儿?",,,,OCR_MISSING,F2-GMS-1501C 02:44.27-02:47.15
1527,2,1501,克里斯不得不等了很久。 他等了多久?,"我不得不付了很多钱,那你得付多少钱?",,,,OCR_MISSING,F2-GMS-1501C 02:50.37-02:53.61
1528,2,1501,"克莱尔得去别的地方,他非得去哪儿?","我必须得工作了,你究竟必须要做什么工作?",,,,OCR_MISSING,F2-GMS-1501C 02:56.83-03:00.36
1529,2,1501,How much money did you have to pay?,"他们得早走,他们为什么要早走?",,,,OCR_MISSING,F2-GMS-1501C 03:03.77-03:06.52
1530,2,1501,I have to do some work.,"牧师需要去莫斯科,他什么时候要去?",,,,OCR_MISSING,F2-GMS-1501C 03:09.74-03:13.26
1531,2,1501,"我必须得工作了,你究竟必须要做什么工作?","你为什么要出去,你不一定非得出去。",,,,OCR_MISSING,F2-GMS-1501C 03:16.49-03:19.54
1532,2,1501,他们得早走。他们为什么要早走?,惠美为什么在等?她不一定非得等。,,,,OCR_MISSING,F2-GMS-1501C 03:22.77-03:25.61
1533,2,1501,When does he have to go?,你为什么起这么早?你用不着起这么早。,,,,OCR_MISSING,F2-GMS-1501C 03:29.32-03:32.31
1534,2,1501,Why are you going out?,"大卫为什么工作这么辛苦,他用不着工作这么辛苦。",,,,OCR_MISSING,F2-GMS-1501C 03:35.60-03:39.62
1535,2,1501,你为什么要出去?你不一定非得出去。,"你为什么非想要现在离开,我们不一定非得现在离开。",,,,OCR_MISSING,F2-GMS-1501C 03:42.83-03:47.16
1536,2,1501,惠美为什么在等?她不一定非得等。,"他们为什么告诉我我已经知道的事,他们用不着告诉我。",,,,OCR_MISSING,F2-GMS-1501C 03:50.49-03:54.68
1537,2,1501,你为什么起这么早?你用不着起这么早。,我每天上班得开80公里的车。,,,,OCR_MISSING,F2-GMS-1501C 03:58.27-04:01.42
1538,2,1501,Why is David working so hard? He doesn't need to work so hard.,我每天得坐地铁去上课。,,,,OCR_MISSING,F2-GMS-1501C 04:04.50-04:06.47
1539,2,1501,你为什么非想要现在离开?我们不一定非得现在离开。,我昨天得跟我家人一起吃晚餐。,,,,OCR_MISSING,F2-GMS-1501C 04:09.80-04:12.50
1540,2,1501,他们为什么告诉我我已经知道的事儿?他们用不着告诉我。,我上个礼拜必须得去医院探望我爷爷。,,,,OCR_MISSING,F2-GMS-1501C 04:15.65-04:18.56
1541,2,1501,我每天上班得开80公里的车。,"我小时候必须得上很多课,",,,,OCR_MISSING,F2-GMS-1501C 04:21.87-04:24.00
1542,2,1501,我每天得坐地铁去上课。,你想喝咖啡吗?,,,,OCR_MISSING,F2-GMS-1501C 04:27.17-04:28.45
1543,2,1501,I had dinner with my family yesterday.,你想吃糖吗?,,,,LOW_CONF;OCR_MISSING,F2-GMS-1501C 04:31.65-04:32.86
1544,2,1501,我上个礼拜必须得去医院探望我爷爷。,你想喝茶还是咖啡?,,,,OCR_MISSING,F2-GMS-1501C 04:36.31-04:38.09
1545,2,1501,我小时候必须得上很多课。,你想去散步吗?,,,,LOW_CONF;OCR_MISSING,F2-GMS-1501C 04:41.35-04:42.70
1546,2,1501,你想喝咖啡吗?,你周日想跟我们一起吃晚餐吗?,,,,OCR_MISSING,F2-GMS-1501C 04:46.03-04:48.39
1547,2,1501,你想吃糖吗?,我很乐意周日一起吃晚餐。,,,,OCR_MISSING,F2-GMS-1501C 04:51.71-04:53.99
1548,2,1501,你想喝茶还是咖啡?,你今晚想干嘛?,,,,LOW_CONF;OCR_MISSING,F2-GMS-1501C 04:57.27-04:58.55
1549,2,1501,你想去散步吗?,"我很渴,我想喝点东西。",,,,OCR_MISSING,F2-GMS-1501C 05:01.76-05:03.91
1550,2,1501,你周日想跟我们一起吃晚餐吗?,我想询问有关酒店的信息。,,,,OCR_MISSING,F2-GMS-1501C 05:07.31-05:09.61
1551,2,1551,The GMS Method Fluency 2,"我很累,我今晚想待在家。",,,,OCR_MISSING,F2-GMS-1551C 00:06.77-00:08.81
1552,2,1551,中文,你今天晚上想去看电影吗?,,,,LOW_CONF;OCR_MISSING,F2-GMS-1551C 00:12.19-00:14.17
1553,2,1551,"我很累,我今晚想待在家。","你喜欢去电影院看电影吗? 喜欢,我经常去看电影。",,,,OCR_MISSING,F2-GMS-1551C 00:17.44-00:21.56
1554,2,1551,你今天晚上想去看电影吗?,"请给我一杯橙汁,可以给我一杯橙汁吗?",,,,OCR_MISSING,F2-GMS-1551C 00:24.76-00:28.17
1555,2,1551,"Yes, I go to the movies a lot.",我喜欢橙汁。,,,,OCR_MISSING,F2-GMS-1551C 00:31.45-00:32.63
1556,2,1551,"I'd like an orange juice, please. Can I have an orange juice?",你下个周末想干嘛?,,,,OCR_MISSING,F2-GMS-1551C 00:35.78-00:37.80
1557,2,1551,I like orange juice.,你周末一般都喜欢干什么?,,,,OCR_MISSING,F2-GMS-1551C 00:40.88-00:42.83
1558,2,1551,What would you like to do next weekend?,"你今天晚上想去看电影,说不定艾美丽会跟你一起去。",,,,OCR_MISSING,F2-GMS-1551C 00:45.99-00:50.43
1559,2,1551,What do you like to do on weekends?,你今天晚上想跟我去看电影吗?,,,,OCR_MISSING,F2-GMS-1551C 00:53.77-00:55.96
1560,2,1551,You want to go to the movies tonight. Perhaps Emily will go with you.,"你明天想打网球,没准文杰也会去打。",,,,OCR_MISSING,F2-GMS-1551C 00:59.14-01:02.47
1561,2,1551,Would you like to go to the movies with me tonight?,你明天想跟我一起去打网球吗?,,,,LOW_CONF;OCR_MISSING,F2-GMS-1551C 01:05.70-01:08.12
1562,2,1551,You want to play tennis tomorrow. Perhaps Wen Jie will play too.,"下个礼拜的音乐会,你有多的一张票,说不定海伦会去。",,,,OCR_MISSING,F2-GMS-1551C 01:11.39-01:15.84
1563,2,1551,Would you like to play tennis with me tomorrow?,下个礼拜要跟我去音乐会吗?,,,,OCR_MISSING,F2-GMS-1551C 01:19.14-01:21.41
1564,2,1551,You have an extra ticket for a concert next week. Perhaps Helen will come.,"现在下雨了,雅琴要出门,她没有伞,但你有一把。",,,,OCR_MISSING,F2-GMS-1551C 01:24.60-01:29.04
1565,2,1551,Would you like to go to a concert with me next week?,你要不要借我的雨伞?,,,,OCR_MISSING,F2-GMS-1551C 01:32.25-01:34.04
1566,2,1551,"It's raining and Yatin's going out. She doesn't have an umbrella, but you have one.",你想喝什么?,,,,OCR_MISSING,F2-GMS-1551C 01:37.39-01:38.47
1567,2,1551,Would you like to borrow my umbrella?,你要不要去散步?,,,,LOW_CONF;OCR_MISSING,F2-GMS-1551C 01:41.75-01:42.99
1568,2,1551,What would you like to drink?,"我喜欢洋葱,但我不经常吃。",,,,OCR_MISSING,F2-GMS-1551C 01:46.23-01:48.58
1569,2,1551,Would you like to go out for a walk?,你今天想几点吃晚饭?,,,,OCR_MISSING,F2-GMS-1551C 01:51.81-01:53.64
1570,2,1551,"I like onions, but I don't eat them very often.",你想吃点什么吗?,,,,LOW_CONF;OCR_MISSING,F2-GMS-1551C 01:56.91-01:58.21
1571,2,1551,What time would you like to have dinner tonight?,你喜欢你的新工作吗?,,,,LOW_CONF;OCR_MISSING,F2-GMS-1551C 02:01.04-02:02.76
1572,2,1551,Would you like something to eat?,"我好累,我想现在睡觉了。",,,,LOW_CONF;OCR_MISSING,F2-GMS-1551C 02:05.99-02:08.10
1573,2,1551,Do you like your new job?,"我想要一份饺子,谢谢。",,,,OCR_MISSING,F2-GMS-1551C 02:11.47-02:13.52
1574,2,1551,I'm tired. I'd like to go to bed now.,你喜欢什么类型的音乐?,,,,OCR_MISSING,F2-GMS-1551C 02:16.73-02:18.45
1575,2,1551,"I'd like some dumplings, please.","机员喜欢坐在地上,他不喜欢坐在椅子上。",,,,OCR_MISSING,F2-GMS-1551C 02:21.73-02:25.13
1576,2,1551,What kind of music do you like?,"我宁愿坐在地上,我更喜欢坐在地上。",,,,OCR_MISSING,F2-GMS-1551C 02:28.33-02:31.27
1577,2,1551,Huiyun likes to sit on the floor. She doesn't want to sit on a chair.,"我不是很想出去,我更愿意待在家里。",,,,OCR_MISSING,F2-GMS-1551C 02:34.47-02:37.45
1578,2,1551,I'd rather sit on the floor.,"咱们该走了吗? 还没,我想晚点走。",,,,OCR_MISSING,F2-GMS-1551C 02:40.66-02:43.61
1579,2,1551,"我宁愿坐在地上,我更喜欢坐在地上。","我想现在走,但是凯瑞想晚点走。",,,,OCR_MISSING,F2-GMS-1551C 02:46.80-02:49.71
1580,2,1551,"我不是很想出去,我更愿意待在家里。","我不喜欢迟到,我宁可早到。",,,,OCR_MISSING,F2-GMS-1551C 02:52.86-02:55.45
1581,2,1551,"No, not yet.","我好累,我晚上不想出去了。",,,,OCR_MISSING,F2-GMS-1551C 02:58.92-03:01.19
1582,2,1551,"咱们该走了吗? 还没,我想晚点走。","志祥觉得很累,他晚上不想出去了。",,,,OCR_MISSING,F2-GMS-1551C 03:04.38-03:07.24
1583,2,1551,"我想现在走,但是凯瑞想晚点走。","我们不饿,我们还不想吃东西。",,,,LOW_CONF;OCR_MISSING,F2-GMS-1551C 03:10.51-03:12.69
1584,2,1551,"我不喜欢迟到,我宁可早到。",你晚上想出去吗?我不想出去了。,,,,OCR_MISSING,F2-GMS-1551C 03:15.94-03:18.60
1585,2,1551,"我好累,我晚上不想出去了。","你想喝牛奶还是果汁? 我想喝果汁,谢谢。",,,,OCR_MISSING,F2-GMS-1551C 03:21.87-03:25.62
1586,2,1551,"志祥觉得很累,他晚上不想出去了。",你更想去看电影还是在家看DVD?,,,,OCR_MISSING,F2-GMS-1551C 03:28.81-03:31.36
1587,2,1551,"我们不饿,我们还不想吃东西。",我宁可站着也不坐着。,,,,OCR_MISSING,F2-GMS-1551C 03:34.61-03:36.45
1588,2,1551,I'd rather not.,杰西卡不想出去了。,,,,LOW_CONF;OCR_MISSING,F2-GMS-1551C 03:39.77-03:41.44
1589,2,1551,Would you rather have milk or juice?,"比起站着,我更喜欢坐着。",,,,OCR_MISSING,F2-GMS-1551C 03:44.67-03:47.04
1590,2,1551,"你想喝牛奶还是果汁? 我想喝果汁,谢谢。",我更愿意坐着而不是站着。,,,,OCR_MISSING,F2-GMS-1551C 03:50.34-03:52.56
1591,2,1551,你更想去看电影还是在家看DVD?,志荣不想出门,,,,LOW_CONF;OCR_MISSING,F2-GMS-1551C 03:55.76-03:57.33
1592,2,1551,我宁可站着也不坐着。,"我想出门,不想待在家里。",,,,OCR_MISSING,F2-GMS-1551C 04:00.53-04:02.66
1593,2,1551,Jessica doesn't want to go out.,"比起养猫,我更想养狗。",,,,OCR_MISSING,F2-GMS-1551C 04:05.84-04:07.86
1594,2,1551,"比起站着,我更喜欢坐着。","我们想去电影院看电影,而不是在家看DVD。",,,,OCR_MISSING,F2-GMS-1551C 04:11.33-04:14.62
1595,2,1551,"我更愿意坐着,而不是站着。",我宁愿现在在家里而不是在这儿。,,,,OCR_MISSING,F2-GMS-1551C 04:17.82-04:20.12
1596,2,1551,Zhirong doesn't want to go out.,"你不想看电视吗? 不想,我宁愿看小说。",,,,OCR_MISSING,F2-GMS-1551C 04:23.33-04:26.63
1597,2,1551,"我想出门,不想待在家里。","你想喝茶吗? 嗯,如果你有咖啡的话,我想喝咖啡。",,,,OCR_MISSING,F2-GMS-1551C 04:29.93-04:34.22
1598,2,1551,"比起养猫,我更想养狗。",我们该走了吗?我想等到雨停再走。,,,,OCR_MISSING,F2-GMS-1551C 04:37.43-04:38.66
1599,2,1551,"我们想去电影院看电影,而不是在家看DVD。",我们要现在吃晚餐吗?还是等会儿?,,,,OCR_MISSING,F2-GMS-1551C 04:39.32-04:40.95
1600,2,1551,我宁愿现在在家里而不是在这儿。,你想喝果汁还是水?,,,,OCR_MISSING,F2-GMS-1551C 04:44.15-04:46.84
1601,2,1601,The GMS Method Fluency 2,你想去看电影吗?还是看电视就行了。,,,,OCR_MISSING,F2-GMS-1601C 00:06.78-00:09.95
1602,2,1601,你想去看电影吗?还是看电视就行了?,"咱们要今晚给你哥打电话,还是明天早上打比较好。",,,,OCR_MISSING,F2-GMS-1601C 00:12.99-00:16.92
1603,2,1601,"咱们要今晚给你哥打电话,还是明天早上打比较好。","我今天晚上想待在家里,不太想出去。",,,,OCR_MISSING,F2-GMS-1601C 00:20.08-00:23.21
1604,2,1601,"我今天晚上想待在家里,不太想出去。","咱们走路回家,还是你想打车?",,,,OCR_MISSING,F2-GMS-1601C 00:26.43-00:29.07
1605,2,1601,"咱们走路回家,还是你想打车?",你想让我跟你一起去还是自己去?,,,,OCR_MISSING,F2-GMS-1601C 00:32.38-00:35.07
1606,2,1601,你想让我跟你一起去还是自己去?,"怡婷不想上大学,她更愿意先工作。",,,,OCR_MISSING,F2-GMS-1601C 00:38.29-00:41.34
1607,2,1601,"怡婷不想上大学,她更愿意先工作。","我帮你拿行李吧。 不用了,谢谢,我自己来就可以了。",,,,OCR_MISSING,F2-GMS-1601C 00:44.56-00:48.25
1608,2,1601,"No, thank you. I'd rather do it myself.","我不想打电话给他,我更愿意给他发电子邮件。",,,,OCR_MISSING,F2-GMS-1601C 00:51.64-00:55.08
1609,2,1601,I'd rather not call him. I prefer to write him an email.,你更想当公交车司机还是飞行员?,,,,OCR_MISSING,F2-GMS-1601C 00:58.57-01:01.16
1610,2,1601,"Which would you prefer to be, a bus driver or an airplane pilot?","比起当公交车司机,我更想当飞行员。",,,,OCR_MISSING,F2-GMS-1601C 01:04.33-01:07.58
1611,2,1601,I'd rather be an airplane pilot than a bus driver.,你更想当记者还是老师?,,,,OCR_MISSING,F2-GMS-1601C 01:11.03-01:13.05
1612,2,1601,"Which would you prefer to be, a journalist or a school teacher?","比起当老师,我更想当记者。",,,,OCR_MISSING,F2-GMS-1601C 01:16.24-01:18.69
1613,2,1601,I'd rather be a journalist than a schoolteacher.,你更喜欢住在大城市还是小城镇?,,,,OCR_MISSING,F2-GMS-1601C 01:22.23-01:24.90
1614,2,1601,Where would you prefer to live? In a big city or a small town?,"第七小城镇,我更喜欢住在大城市。",,,,OCR_MISSING,F2-GMS-1601C 01:28.20-01:31.03
1615,2,1601,I'd rather live in a big city than a small town.,你更想要小房子还是大房子?,,,,OCR_MISSING,F2-GMS-1601C 01:34.36-01:37.12
1616,2,1601,"Which would you prefer to have, a small house or a big one?","比起小房子,我更想要大房子。",,,,OCR_MISSING,F2-GMS-1601C 01:40.17-01:42.74
1617,2,1601,I'd rather have a big house than a small one.,你更想学电子还是哲学?,,,,OCR_MISSING,F2-GMS-1601C 01:46.34-01:48.55
1618,2,1601,"Which would you prefer to study, electronics or philosophy?","比起学电子,我更想学哲学。",,,,OCR_MISSING,F2-GMS-1601C 01:51.88-01:54.55
1619,2,1601,I'd rather study philosophy than electronics.,你更想看足球赛还是电影?,,,,OCR_MISSING,F2-GMS-1601C 01:57.77-01:59.95
1620,2,1601,"Which would you prefer to watch, a football game or a movie?","比起看球赛,我更想看电影。",,,,OCR_MISSING,F2-GMS-1601C 02:03.11-02:05.38
1621,2,1601,I'd rather watch a movie than a football game.,"快过来看这个,这是什么?",,,,OCR_MISSING,F2-GMS-1601C 02:08.73-02:11.05
1622,2,1601,Come here and look at this.,"我不想跟你说话,走开。",,,,OCR_MISSING,F2-GMS-1601C 02:14.39-02:16.15
1623,2,1601,"快过来看这个,这是什么?","我还没准备好,请等我一下。",,,,OCR_MISSING,F2-GMS-1601C 02:19.45-02:21.75
1624,2,1601,"我不想跟你说话,走开。","请安静,我需要专心。",,,,OCR_MISSING,F2-GMS-1601C 02:25.04-02:27.07
1625,2,1601,"我还没准备好,请等我一下。",旅途愉快。,,,,OCR_MISSING;DURATION_CHECK,F2-GMS-1601C 02:30.48-02:31.44
1626,2,1601,Please be quiet. I need to concentrate.,"来,吃点糖吧。",,,,OCR_MISSING,F2-GMS-1601C 02:34.69-02:36.38
1627,2,1601,旅途愉快!,小心别掉下去了。,,,,LOW_CONF;OCR_MISSING,F2-GMS-1601C 02:39.54-02:41.12
1628,2,1601,"来,吃点糖吧!","请别走,在这陪我吧。",,,,OCR_MISSING,F2-GMS-1601C 02:44.44-02:46.43
1629,2,1601,"小心,别掉下去了!Be careful, don't fall!","要准时到着,别迟到。",,,,OCR_MISSING,F2-GMS-1601C 02:49.67-02:51.69
1630,2,1601,"请别走,在这陪我吧。","天气不错,咱们出去吧。",,,,LOW_CONF;OCR_MISSING,F2-GMS-1601C 02:55.16-02:57.18
1631,2,1601,"要准时到着,别迟到!","来,咱们去跳舞。",,,,LOW_CONF;OCR_MISSING,F2-GMS-1601C 03:00.53-03:01.96
1632,2,1601,"天气不错,咱们出去吧。",准备好了吗?咱们走吧!,,,,OCR_MISSING,F2-GMS-1601C 03:05.17-03:07.00
1633,2,1601,"来,咱们去跳舞!",咱们今天晚上去吃鱼吧。,,,,LOW_CONF;OCR_MISSING,F2-GMS-1601C 03:10.39-03:12.60
1634,2,1601,准备好了吗?咱们走吧。,"咱们今晚要出去吗? 不出去了,我很累,咱们在家待着吧。",,,,OCR_MISSING,F2-GMS-1601C 03:15.85-03:20.37
1635,2,1601,Let's go eat fish tonight.,"天气很冷,咱们别出去了,在家待着吧。",,,,OCR_MISSING,F2-GMS-1601C 03:23.61-03:26.74
1636,2,1601,"咱们今晚要出去吗? 不出去了,我很累,咱们在家待着吧。","咱们晚上别吃鱼了,吃鸡肉吧。",,,,OCR_MISSING,F2-GMS-1601C 03:29.94-03:32.56
1637,2,1601,"天气很冷,咱们别出去了,在家待着吧。","我跟你吵架很累,咱们别再这样了。",,,,OCR_MISSING,F2-GMS-1601C 03:35.73-03:38.42
1638,2,1601,"咱们晚上别吃鱼了,吃鸡肉吧!","你想去打网球吗? 不想,咱们去游泳吧。",,,,OCR_MISSING,F2-GMS-1601C 03:41.65-03:45.26
1639,2,1601,"我跟你吵架很累,咱们别再这样了。","你想走路回家吗? 不想,咱们坐公交车吧。",,,,OCR_MISSING,F2-GMS-1601C 03:48.60-03:52.38
1640,2,1601,"No, let's go for a swim.","要我放点音乐吗?不要,咱们看电影吧。",,,,OCR_MISSING,F2-GMS-1601C 03:55.65-03:59.14
1641,2,1601,Do you want to walk home?,"咱们晚上在家吃饭吗? 不要,咱们去餐厅吃吧。",,,,OCR_MISSING,F2-GMS-1601C 04:02.41-04:06.37
1642,2,1601,"你想走路回家吗? 不想,咱们坐公交车吧。","你要现在走吗? 不要,咱们再等一会儿吧。",,,,OCR_MISSING,F2-GMS-1601C 04:09.66-04:12.95
1643,2,1601,"要我放点音乐吗?不要,咱们看电影吧。","要我等你吗? 不了,不用等我。",,,,OCR_MISSING,F2-GMS-1601C 04:16.41-04:19.04
1644,2,1601,"No, let's go to a restaurant.","咱们现在回家吗? 不要,先别回家了。",,,,OCR_MISSING,F2-GMS-1601C 04:22.42-04:25.53
1645,2,1601,Would you like to go now?,"咱们要出去吗? 不要,咱们先别出去了。",,,,OCR_MISSING,F2-GMS-1601C 04:29.02-04:32.25
1646,2,1601,"你要现在走吗? 不要,咱们再等一会儿吧。","要我关窗户吗?不用,就开着吧。",,,,OCR_MISSING,F2-GMS-1601C 04:35.45-04:38.13
1647,2,1601,"要我等你吗? 不了,不用等我。","我要今晚打给你吗? 不要,你早上打给我吧。",,,,OCR_MISSING,F2-GMS-1601C 04:41.25-04:44.68
1648,2,1601,"No, let's not go home yet.","你说我们应该要等霍华德吗? 不要,咱们别等他了。",,,,OCR_MISSING,F2-GMS-1601C 04:47.98-04:52.30
1649,2,1601,Shall we go out?,"要我开灯吗?不用,关着就行了。",,,,OCR_MISSING,F2-GMS-1601C 04:55.62-04:58.37
1650,2,1601,"咱们要出去吗? 不要,咱们先别出去了。","咱们要打车吗? 不要,咱们坐公共汽车吧。",,,,OCR_MISSING,F2-GMS-1601C 05:01.58-05:05.23
1651,2,1651,The GMS Method Fluency 2,"有个男的在房顶上,",,,,OCR_MISSING,F2-GMS-1651C 00:06.77-00:08.46
1652,2,1651,"有个男的在房顶上,","10点半,有一班火车。",,,,OCR_MISSING,F2-GMS-1651C 00:11.63-00:13.37
1653,2,1651,十点半有一班火车。,一周有七天。,,,,OCR_MISSING,F2-GMS-1651C 00:16.56-00:18.21
1654,2,1651,一周有七天,院子里有棵大树。,,,,LOW_CONF;OCR_MISSING,F2-GMS-1651C 00:21.26-00:23.00
1655,2,1651,院子里有棵大树。,今天晚上没什么好看的电视。,,,,LOW_CONF;OCR_MISSING,F2-GMS-1651C 00:26.17-00:28.31
1656,2,1651,今天晚上没什么好看的电视。,"你有钱吗? 有,我的钱包里有一点钱。",,,,OCR_MISSING,F2-GMS-1651C 00:31.74-00:35.39
1657,2,1651,"Yes, there's some in my wallet.","不好意思,这附近有旅馆吗? 有的,没有。",,,,OCR_MISSING,F2-GMS-1651C 00:38.47-00:43.38
1658,2,1651,"Excuse me, is there a hotel near here?","咱们不能去滑雪了,那没下雪。",,,,OCR_MISSING,F2-GMS-1651C 00:46.48-00:49.36
1659,2,1651,"不好意思,这附近有旅馆吗? 有的,没有。",院子里有好几棵大树。,,,,OCR_MISSING,F2-GMS-1651C 00:52.52-00:54.65
1660,2,1651,"咱们不能去滑雪了,那没下雪。",这条路上很容易发生车祸。,,,,OCR_MISSING,F2-GMS-1651C 00:57.92-01:00.25
1661,2,1651,There are several big trees in the yard.,"这附近有什么餐厅吗? 有的,没有。",,,,OCR_MISSING,F2-GMS-1651C 01:03.65-01:07.47
1662,2,1651,这条路上很容易发生车祸。,"今天餐厅非常安静,里面人不多。",,,,OCR_MISSING,F2-GMS-1651C 01:10.76-01:13.72
1663,2,1651,"No, there aren't.",一支足球队有几个球员?,,,,OCR_MISSING,F2-GMS-1651C 01:16.82-01:18.86
1664,2,1651,This restaurant is very quiet. There aren't many people here.,一支足球队有11个球员。,,,,OCR_MISSING,F2-GMS-1651C 01:22.06-01:24.53
1665,2,1651,How many players are there on a football team?,桌子上有一本书。,,,,OCR_MISSING,F2-GMS-1651C 01:27.75-01:29.31
1666,2,1651,There are 11 players on a football team.,"10点半有一班火车,是特快。",,,,LOW_CONF;OCR_MISSING,F2-GMS-1651C 01:32.58-01:35.26
1667,2,1651,There's a book on the table.,这汤里放了好多盐。,,,,OCR_MISSING,F2-GMS-1651C 01:38.67-01:40.58
1668,2,1651,There's a train at 10.30. It's an express train.,"我不喜欢这汤,太咸了。",,,,LOW_CONF;OCR_MISSING,F2-GMS-1651C 01:43.87-01:45.84
1669,2,1651,There's a lot of salt in this soup.,"贝德福德不是个古老的城市,那里没有古老的建筑。",,,,OCR_MISSING,F2-GMS-1651C 01:49.35-01:53.43
1670,2,1651,I don't like this soup. It's too salty.,"快看,报纸上有你哥的照片。",,,,OCR_MISSING,F2-GMS-1651C 01:56.68-01:59.08
1671,2,1651,Bedford isn't an old town. There aren't any old buildings.,"不好意思,这附近有银行吗? 有,下个路口就是。",,,,OCR_MISSING,F2-GMS-1651C 02:02.56-02:07.22
1672,2,1651,"Look, there's a photo of your brother in the newspaper.","我家有五个人,我的爸爸妈妈,两个妹妹和我。",,,,OCR_MISSING,F2-GMS-1651C 02:10.45-02:14.50
1673,2,1651,"Excuse me, is there a bank near here?",这个班有几个学生? 20个。,,,,OCR_MISSING,F2-GMS-1651C 02:17.85-02:20.45
1674,2,1651,"不好意思,这附近有银行吗? 有,下个路口就是。","这条路一般很安静,车不多。",,,,OCR_MISSING,F2-GMS-1651C 02:23.89-02:26.54
1675,2,1651,"我家有五个人,我的爸爸妈妈,两个妹妹和我。","市中心有公车可以到机场吗? 有,每20分钟一班。",,,,OCR_MISSING,F2-GMS-1651C 02:29.88-02:34.72
1676,2,1651,20.,"有什么问题吗?没有,一切都好。",,,,EN_LOW_CONF;OCR_MISSING,F2-GMS-1651C 02:38.02-02:40.90
1677,2,1651,The road is usually very quiet. There isn't much traffic.,"这里没有地方坐,这里没有椅子。",,,,OCR_MISSING,F2-GMS-1651C 02:44.13-02:47.20
1678,2,1651,Is there a bus from downtown to the airport?,太阳系有八个行星。,,,,OCR_MISSING,F2-GMS-1651C 02:50.76-02:52.59
1679,2,1651,"市中心有公车可以到机场吗? 有,每20分钟一班。",英文字母有26个。,,,,OCR_MISSING,F2-GMS-1651C 02:55.75-02:57.63
1680,2,1651,"有什么问题吗? 没有,一切都好。",9月有30天。,,,,OCR_MISSING,F2-GMS-1651C 03:00.83-03:02.39
1681,2,1651,"这里没有地方坐,这里没有椅子。","美国有50个州,",,,,OCR_MISSING,F2-GMS-1651C 03:05.56-03:07.16
1682,2,1651,There are eight stars in the solar system.,一支篮球队有五个球员。,,,,OCR_MISSING,F2-GMS-1651C 03:10.58-03:12.82
1683,2,1651,There are 26 English sentences.,"10点半有一班飞机,那是直飞的航班吗?",,,,OCR_MISSING,F2-GMS-1651C 03:15.97-03:19.54
1684,2,1651,九月有三十天。,"我不会买这件衣服,太贵了。",,,,LOW_CONF;OCR_MISSING,F2-GMS-1651C 03:22.88-03:25.81
1685,2,1651,There are 50 states in the United States.,怎么了?我的眼睛里有东西。,,,,OCR_MISSING,F2-GMS-1651C 03:29.16-03:31.80
1686,2,1651,There are five players in a basketball team.,"你家外面有一辆红色的车,是你的吗?",,,,OCR_MISSING,F2-GMS-1651C 03:35.29-03:38.30
1687,2,1651,Is it a non-stop flight?,"今天晚上有什么好看的电视吗? 有啊,八点有一部电影。",,,,OCR_MISSING,F2-GMS-1651C 03:41.51-03:45.74
1688,2,1651,I'm not going to buy this shirt. It's too expensive.,那栋建筑物是什么?是学校。,,,,OCR_MISSING,F2-GMS-1651C 03:49.06-03:51.84
1689,2,1651,What's wrong?,"这家旅店里有餐厅吗?没有,恐怕没有。",,,,OCR_MISSING,F2-GMS-1651C 03:54.99-03:58.56
1690,2,1651,怎么了?我的眼睛里有东西。,每个小时都有一班火车。,,,,OCR_MISSING,F2-GMS-1651C 04:01.83-04:03.88
1691,2,1651,"你家外面有一辆红色的车,是你的吗?","现在时间是11点15分,11点的时候有一班火车。",,,,OCR_MISSING,F2-GMS-1651C 04:07.12-04:11.94
1692,2,1651,"今天晚上有什么好看的电视吗? 有啊,八点有一部电影。",今天晚上电视会播一个很好看的关于大自然的节目。,,,,OCR_MISSING,F2-GMS-1651C 04:15.30-04:19.43
1693,2,1651,It's a school.,昨天晚上电视有个很好看的关于大自然的节目。,,,,OCR_MISSING,F2-GMS-1651C 04:22.65-04:26.15
1694,2,1651,Is there a restaurant in this hotel?,"我们正住在一个很大的饭店,有1250个房间。",,,,OCR_MISSING,F2-GMS-1651C 04:29.32-04:33.83
1695,2,1651,"这家旅店里有餐厅吗? 没有,恐怕没有。","我们住在一个很大的饭店,那有1250个房间。",,,,OCR_MISSING,F2-GMS-1651C 04:37.12-04:41.12
1696,2,1651,每个小时都有一班火车。,今天早上有我的语音留言吗?,,,,OCR_MISSING,F2-GMS-1651C 04:44.32-04:46.54
1697,2,1651,"现在时间是11点15分,11点的时候有一班火车。",昨天有我的语音留言吗?,,,,OCR_MISSING,F2-GMS-1651C 04:49.77-04:51.90
1698,2,1651,今天晚上电视会播一个很好看的关于大自然的节目。,"我饿了,但没有什么东西可以吃。",,,,LOW_CONF;OCR_MISSING,F2-GMS-1651C 04:55.24-04:57.76
1699,2,1651,"Last night, there was a very good TV program about nature.","我回家的时候很饿,但没有什么东西可以吃。",,,,OCR_MISSING,F2-GMS-1651C 05:01.00-05:04.25
1700,2,1651,"我们正住在一个很大的饭店,有1250个房间。","快看,那有车祸。",,,,LOW_CONF;OCR_MISSING,F2-GMS-1651C 05:07.44-05:09.09
1701,2,1701,The GMS Method Fluency 2,"这条路很危险,发生过很多次车祸。",,,,OCR_MISSING,F2-GMS-1701C 00:06.78-00:10.07
1702,2,1701,This road is very dangerous. There have been many car accidents.,昨天晚上那里发生了车祸。,,,,OCR_MISSING,F2-GMS-1701C 00:13.25-00:15.33
1703,2,1701,"Last night, there was a car accident.",你说星期六的派对会有很多人吗?,,,,OCR_MISSING,F2-GMS-1701C 00:18.51-00:21.16
1704,2,1701,你说星期六的派对会有很多人吗?,"这家公司的经理离职了,所以很快就会有新的经理了。",,,,OCR_MISSING,F2-GMS-1701C 00:24.48-00:28.54
1705,2,1701,"这家公司的经理离职了,所以很快就会有新的经理了。","我明天要去外地,我今天在收拾行李,因为明天没有时间。",,,,OCR_MISSING,F2-GMS-1701C 00:31.81-00:36.36
1706,2,1701,"我明天要去外地,我今天在收拾行李,因为明天没有时间。",明天下午会下雨。,,,,LOW_CONF;OCR_MISSING,F2-GMS-1701C 00:39.53-00:40.84
1707,2,1701,明天下午会下雨,这周末会有台风。,,,,OCR_MISSING,F2-GMS-1701C 00:44.03-00:45.57
1708,2,1701,There will be a typhoon this weekend.,这个夏天已经来过三次飓风了。,,,,OCR_MISSING,F2-GMS-1701C 00:49.15-00:51.49
1709,2,1701,There have been three typhoons this summer.,之前有一个时钟挂在窗户旁的墙上。,,,,OCR_MISSING,F2-GMS-1701C 00:54.84-00:57.99
1710,2,1701,之前有一个时钟挂在窗户旁的墙上。,"桌子上之前有个花瓶,里面插着几朵花。",,,,OCR_MISSING,F2-GMS-1701C 01:01.27-01:04.52
1711,2,1701,"桌子上之前有个花瓶,里面插着几朵花。",之前有些书放在书架上。,,,,LOW_CONF;OCR_MISSING,F2-GMS-1701C 01:07.88-01:10.04
1712,2,1701,之前有些书放在书架上。,门旁边的角落以前有张扶手椅。,,,,OCR_MISSING,F2-GMS-1701C 01:13.35-01:15.96
1713,2,1701,门旁边的角落以前有张扶手椅。,扶手与对面本来有一张沙发。,,,,OCR_MISSING,F2-GMS-1701C 01:19.12-01:21.49
1714,2,1701,扶手与对面本来有一张沙发。,"我打开信封,但里面是空的,什么都没有。",,,,OCR_MISSING,F2-GMS-1701C 01:24.70-01:28.57
1715,2,1701,"我打开信封,但里面是空的,什么都没有。","我们之前住在一个很不错的酒店,真的吗?有游泳池吗?",,,,OCR_MISSING,F2-GMS-1701C 01:31.98-01:36.67
1716,2,1701,Really? Was there a swimming pool?,"你买樱桃了吗? 没买,商店里没有卖的。",,,,OCR_MISSING,F2-GMS-1701C 01:39.74-01:42.91
1717,2,1701,Did you buy any cherries?,"钱包是空的,里面没有钱。",,,,OCR_MISSING,F2-GMS-1701C 01:46.15-01:48.38
1718,2,1701,"你买樱桃了吗? 没买,商店里没有卖的。","开会会有很多人吗?没有,人很少。",,,,OCR_MISSING,F2-GMS-1701C 01:51.61-01:54.73
1719,2,1701,"钱包是空的,里面没有钱。","我们没去博物馆,时间不够。",,,,OCR_MISSING,F2-GMS-1701C 01:58.05-02:00.44
1720,2,1701,"台会会有很多人吗? 没有,人很少。","很抱歉,我迟到了,刚才车太多了。",,,,OCR_MISSING,F2-GMS-1701C 02:03.66-02:06.47
1721,2,1701,"我们没去博物馆,时间不够。","20年前这里没有多少游客,现在很多了。",,,,OCR_MISSING,F2-GMS-1701C 02:09.67-02:13.24
1722,2,1701,I'm sorry I'm late. There were too many cars just now.,一天有24个小时。,,,,OCR_MISSING,F2-GMS-1701C 02:16.56-02:18.48
1723,2,1701,"二十年前这里没有多少游客,现在很多了。","上个礼拜五,公司举办了派对,但我没去。",,,,OCR_MISSING,F2-GMS-1701C 02:21.66-02:24.97
1724,2,1701,一天有二十四个小时。,哪里有卖水的?下个路口有一家便利店。,,,,OCR_MISSING,F2-GMS-1701C 02:28.39-02:31.84
1725,2,1701,"上个礼拜五公司举办了派对,但我没去。",为什么银行外面有警察?刚刚有人抢劫。,,,,OCR_MISSING,F2-GMS-1701C 02:35.25-02:38.71
1726,2,1701,There's a convenience store at the end of the block.,"我们到剧院的时候,外面排了很长的队。",,,,OCR_MISSING,F2-GMS-1701C 02:41.91-02:44.92
1727,2,1701,Why are the police outside the bank?,"你明天到机场的时候,会有人接你。",,,,OCR_MISSING,F2-GMS-1701C 02:48.18-02:50.96
1728,2,1701,"为什么银行外面有警察,刚刚有人抢劫?","10年前,这个学校有500个学生,现在有超过1000个学生。",,,,OCR_MISSING,F2-GMS-1701C 02:54.20-02:58.98
1729,2,1701,"我们到剧院的时候,外面排了很长的队。","上个礼拜我回到了我出生的小镇,现在变得非常不一样,发生了很多变化。",,,,OCR_MISSING,F2-GMS-1701C 03:02.18-03:08.54
1730,2,1701,"你明天到机场的时候,会有人接你。","我觉得都会没事的,我觉得不会有什么问题。",,,,OCR_MISSING,F2-GMS-1701C 03:11.78-03:15.18
1731,2,1701,"Ten years ago, there were 500 students in this school. Now there are more than 1,000 students.","听说你要搬去柏林了,是真的吗?",,,,OCR_MISSING,F2-GMS-1701C 03:18.47-03:21.30
1732,2,1701,"上个礼拜我回到了我出生的小镇,现在变得非常不一样,发生了很多变化。","我得走了,很晚了。",,,,OCR_MISSING,F2-GMS-1701C 03:24.68-03:26.54
1733,2,1701,"我觉得都会没事的,我觉得不会有什么问题。","听说二郎会开直升飞机,是真的吗?",,,,OCR_MISSING,F2-GMS-1701C 03:29.92-03:32.90
1734,2,1701,"听说你要搬去柏林了,是真的吗?","今天星期几?星期二吗? 不是,今天是星期三。",,,,OCR_MISSING,F2-GMS-1701C 03:36.16-03:40.32
1735,2,1701,"我得走了,很晚了。",市中心距离机场10公里。,,,,LOW_CONF;OCR_MISSING,F2-GMS-1701C 03:43.66-03:46.09
1736,2,1701,"听说二郎会开直升飞机,是真的吗?",可以打电话到你办公室吗?,,,,OCR_MISSING,F2-GMS-1701C 03:49.33-03:51.27
1737,2,1701,"今天星期几? 星期二吗? 不是,今天是星期三。","你想走路去酒店吗?我不知道,有多远?",,,,OCR_MISSING,F2-GMS-1701C 03:54.50-03:57.96
1738,2,1701,市中心距离机场10公里。,"今天是凯莉的生日,她27岁了。",,,,OCR_MISSING,F2-GMS-1701C 04:01.14-04:04.00
1739,2,1701,Can I call your office?,"我不相信,这不可能。",,,,OCR_MISSING,F2-GMS-1701C 04:07.31-04:09.13
1740,2,1701,"你想走路去酒店吗?我不知道,有多远?",这里到火车站有多远?,,,,OCR_MISSING,F2-GMS-1701C 04:12.31-04:14.23
1741,2,1701,"今天是凱莉的生日,她27岁了。",饭店到海边有多远?,,,,LOW_CONF;OCR_MISSING,F2-GMS-1701C 04:17.32-04:19.30
1742,2,1701,"我不相信,这不可能。",台北到东京有多远?,,,,OCR_MISSING,F2-GMS-1701C 04:22.62-04:24.54
1743,2,1701,这里到火车站有多远?,从你家到机场有多远?,,,,OCR_MISSING,F2-GMS-1701C 04:27.74-04:29.76
1744,2,1701,饭店到海边有多远?,"今天天气不是很好,是阴天。",,,,OCR_MISSING,F2-GMS-1701C 04:33.05-04:35.39
1745,2,1701,台北到东京有多远?,昨天风很大。,,,,LOW_CONF;OCR_MISSING,F2-GMS-1701C 04:38.76-04:39.86
1746,2,1701,从你家到机场有多远?,"房间里好热,把窗户打开吧。",,,,LOW_CONF;OCR_MISSING,F2-GMS-1701C 04:43.11-04:45.66
1747,2,1701,"今天天气不是很好,是阴天。","昨天天气很好,很温暖,而且天气晴朗。",,,,OCR_MISSING,F2-GMS-1701C 04:48.73-04:51.84
1748,2,1701,"昨天风很大,昨天风很大。","昨天有暴风雨,你听到了吗?",,,,OCR_MISSING,F2-GMS-1701C 04:55.10-04:57.33
1749,2,1701,"房间里好热,把窗户打开吧。","我很害怕,因为很黑。",,,,OCR_MISSING,F2-GMS-1701C 05:00.65-05:02.49
1750,2,1701,"昨天天气很好,很温暖,而且天气晴朗。","这里经常会很冷,但是不怎么下雨。",,,,OCR_MISSING,F2-GMS-1701C 05:05.65-05:08.61
1751,2,1751,The GMS Method Fluency 2,从这里到最近的加油站还有一段很远的距离。,,,,OCR_MISSING,F2-GMS-1751C 00:06.77-00:10.36
1752,2,1751,"From here to the nearest gas station, there is still a very far distance.","如果你太晚睡觉,第二天早起就会很难。",,,,OCR_MISSING,F2-GMS-1751C 00:13.64-00:16.94
1753,2,1751,"如果你太晚睡觉,第二天早起就会很难。","你好,淳子,很高兴再见到你,你好吗?",,,,OCR_MISSING,F2-GMS-1751C 00:20.11-00:23.31
1754,2,1751,"你好,淳子。很高兴再见到你。你好吗?","这间办公室里没法工作,噪音太大了。",,,,OCR_MISSING,F2-GMS-1751C 00:26.64-00:29.53
1755,2,1751,"这间办公室里没法工作,噪音太大了。","公司里每个人都很好,很容易交到朋友。",,,,OCR_MISSING,F2-GMS-1751C 00:32.72-00:35.90
1756,2,1751,"公司里每个人都很好,很容易交到朋友。","我喜欢旅行,到不同的地方游览很有趣。",,,,OCR_MISSING,F2-GMS-1751C 00:39.14-00:42.51
1757,2,1751,"我喜欢旅行,到不同的地方游览很有趣。","有些城市不安全,晚上会很危险。",,,,OCR_MISSING,F2-GMS-1751C 00:45.70-00:48.67
1758,2,1751,"有些城市不安全,晚上会很危险。","他不累,但他很累。",,,,OCR_MISSING,F2-GMS-1751C 00:51.95-00:53.91
1759,2,1751,"他不累,但他很累。","他喜欢喝茶,但他不喜欢。",,,,OCR_MISSING,F2-GMS-1751C 00:57.37-00:59.80
1760,2,1751,"He likes to drink tea, but he doesn't like it.","我没看过这部电影,但我姐姐看过。",,,,OCR_MISSING,F2-GMS-1751C 01:02.94-01:05.71
1761,2,1751,"我没看过这部电影,但我姐姐看过。","请帮帮我,不好意思,我不行。",,,,OCR_MISSING,F2-GMS-1751C 01:08.89-01:11.51
1762,2,1751,"请帮帮我,不好意思,我不行。","你累了吗?我本来很累,但现在不累了。",,,,OCR_MISSING,F2-GMS-1751C 01:14.78-01:18.11
1763,2,1751,"你累了吗?我本来很累,但现在不累了。",你说露西今天晚上会打电话来吗? 可能会。,,,,OCR_MISSING,F2-GMS-1751C 01:21.27-01:25.12
1764,2,1751,She might.,"你今天晚上学习吗? 我应该学习,但我可能不会。",,,,OCR_MISSING,F2-GMS-1751C 01:28.38-01:32.67
1765,2,1751,Are you going to study tonight?,"我妹妹看过这部电影了,但我还没看过。",,,,OCR_MISSING,F2-GMS-1751C 01:35.97-01:38.96
1766,2,1751,"你今天晚上学习吗? 我应该学习,但我可能不会。","你和杰克明天工作吗? 我要,但杰克不用。",,,,OCR_MISSING,F2-GMS-1751C 01:42.35-01:46.15
1767,2,1751,"我妹妹看过这部电影了,但我还没看过。","你累了吗?嗯,我很累。 不会,我不累。",,,,OCR_MISSING,F2-GMS-1751C 01:49.65-01:53.75
1768,2,1751,"你和杰克明天工作吗? 我要,但杰克不用。","家内时明天在这儿吗?他会在,不会他不在。",,,,OCR_MISSING,F2-GMS-1751C 01:57.27-02:01.73
1769,2,1751,"Yes, I am.","这里有公车去机场吗? 有,这里有。 没有,这里没有。",,,,OCR_MISSING,F2-GMS-1751C 02:04.99-02:10.14
1770,2,1751,"你累了吗? 嗯,我很累。","我不喜欢炎热的天气,但丽拉喜欢。",,,,OCR_MISSING,F2-GMS-1751C 02:13.45-02:16.28
1771,2,1751,"Yes, he will.","马丁工作很努力,但我不是。",,,,OCR_MISSING,F2-GMS-1751C 02:19.41-02:22.14
1772,2,1751,"家内时明天在这儿吗?他会在,不会他不在。",你喜欢你的工作吗?喜欢。,,,,OCR_MISSING,F2-GMS-1751C 02:25.48-02:27.86
1773,2,1751,"这里有公车去机场吗? 有,这里有。 没有,这里没有。","你跟妮可喜欢这部电影吗? 我喜欢,但妮可不喜欢。",,,,OCR_MISSING,F2-GMS-1751C 02:31.21-02:35.65
1774,2,1751,"我不喜欢炎热的天气,但丽拉喜欢。","我玩得很开心,我也是。",,,,OCR_MISSING,F2-GMS-1751C 02:39.06-02:41.36
1775,2,1751,"Martin works hard, but I don't.","法蒂玛不饿,但我们饿了。",,,,OCR_MISSING,F2-GMS-1751C 02:44.69-02:46.98
1776,2,1751,"Yes, I do.","我还没结婚,但我哥哥结婚了。",,,,OCR_MISSING,F2-GMS-1751C 02:50.28-02:52.68
1777,2,1751,Did you and Nicole like the movie?,"法西姆不能包你,但我可以。",,,,OCR_MISSING,F2-GMS-1751C 02:55.94-02:58.32
1778,2,1751,"你跟你可喜欢这部电影吗? 我喜欢,但你可不喜欢。","我还没看过这本书,但保罗看过了。",,,,OCR_MISSING,F2-GMS-1751C 03:01.76-03:04.63
1779,2,1751,"我玩得很开心,我也是。","利贝卡不会在这,但安东尼奥会在。",,,,OCR_MISSING,F2-GMS-1751C 03:07.87-03:10.93
1780,2,1751,"Fatima is not hungry, but we are hungry.","你没迟到,但我迟到了。",,,,OCR_MISSING,F2-GMS-1751C 03:14.24-03:16.35
1781,2,1751,"我还没结婚,但我哥哥结婚了。","我姐姐会弹钢琴,但我不会。",,,,OCR_MISSING,F2-GMS-1751C 03:19.56-03:22.16
1782,2,1751,"法西姆不能包你,但我可以。","安娜贝尔今天工作,但我不用工作。",,,,OCR_MISSING,F2-GMS-1751C 03:25.63-03:28.52
1783,2,1751,"我還沒看過這本書,但保羅看過了。","我在工作,但我的朋友们不用工作。",,,,OCR_MISSING,F2-GMS-1751C 03:31.99-03:34.75
1784,2,1751,"Rebecca will not be here, but Antonia will be here.","理查德去过中国,但我没去过。",,,,OCR_MISSING,F2-GMS-1751C 03:38.18-03:40.77
1785,2,1751,"你没迟到,但我迟到了。","我准备好可以出发了,但索尼亚还没好。",,,,OCR_MISSING,F2-GMS-1751C 03:44.34-03:47.50
1786,2,1751,"我姐姐会弹钢琴,但我不会。","我看过那部电影,但恩佐还没看过。",,,,OCR_MISSING,F2-GMS-1751C 03:50.78-03:53.66
1787,2,1751,"Anna Bell works today, but I don't need to work.","我不喜欢炎热的天气,但西西利亚喜欢。",,,,OCR_MISSING,F2-GMS-1751C 03:56.88-04:00.18
1788,2,1751,"我在工作,但我的朋友们不用工作。","史蒂夫喜欢炎热的天气,但我不喜欢。",,,,OCR_MISSING,F2-GMS-1751C 04:03.38-04:06.64
1789,2,1751,"Richard has been to China, but I have not been there.","我妈戴眼镜,但我爸不戴眼镜。",,,,OCR_MISSING,F2-GMS-1751C 04:09.99-04:12.68
1790,2,1751,"我准备好可以出发了,但索尼亚还没好。","你跟凡尼莎不太熟,但我跟她很熟。",,,,OCR_MISSING,F2-GMS-1751C 04:15.94-04:18.98
1791,2,1751,"我看过那部电影,但恩佐还没看过。","我在派对玩得不是很开心,但我朋友们都玩得很开心。",,,,OCR_MISSING,F2-GMS-1751C 04:22.12-04:26.46
1792,2,1751,"我不喜欢炎热的天气,但西西利亚喜欢。","我不怎么看电视,但爱哈德经常看。",,,,OCR_MISSING,F2-GMS-1751C 04:29.63-04:32.58
1793,2,1751,"史蒂夫喜歡炎熱的天氣,但我不喜歡。","汉娜住在瑞士,但她父母不住在瑞士。",,,,OCR_MISSING,F2-GMS-1751C 04:36.12-04:39.37
1794,2,1751,"我妈戴眼镜,但我爸不戴眼镜。","你吃了早餐,但我没吃。",,,,OCR_MISSING,F2-GMS-1751C 04:42.69-04:44.95
1795,2,1751,"你跟凡尼莎不太熟,但我跟她很熟。","我昨天晚上没出门,但我朋友们出门了。",,,,OCR_MISSING,F2-GMS-1751C 04:48.46-04:51.66
1796,2,1751,"我在派对玩得不是很开心,但我朋友们都玩得很开心。","我喜欢运动,但我妹妹不喜欢。",,,,OCR_MISSING,F2-GMS-1751C 04:54.85-04:57.39
1797,2,1751,"我不怎么看电视,但爱哈德经常看。","我不吃肉,带汤姆吃肉。",,,,LOW_CONF;OCR_MISSING,F2-GMS-1751C 05:00.95-05:03.21
1798,2,1751,"Hannah lives in Switzerland, but her parents don't live in Switzerland.","我是日本人,但我先生不是。",,,,OCR_MISSING,F2-GMS-1751C 05:06.33-05:08.74
1799,2,1751,"你吃了早餐,但我没吃。","我没去过墨西哥,但佐伊去过。",,,,OCR_MISSING,F2-GMS-1751C 05:12.16-05:14.82
1800,2,1751,"我昨天晚上沒出門,但我朋友們出門了。","你累吗?我刚才很累,但现在不累了。",,,,OCR_MISSING,F2-GMS-1751C 05:18.01-05:21.35
1801,2,1801,The GMS Method. Fluency 2. English.,"法比恩今天心情不错,但昨天他不太开心。",,,,OCR_MISSING,F2-GMS-1801C 00:06.94-00:10.83
1802,2,1801,"Fabian's happy today, but he wasn't yesterday.","商店还没开,但博物馆开了。",,,,OCR_MISSING,F2-GMS-1801C 00:14.00-00:16.67
1803,2,1801,"The stores aren't open yet, but the museum is.","我没有望远镜,但我知道谁有。",,,,LOW_CONF;OCR_MISSING,F2-GMS-1801C 00:19.84-00:22.35
1804,2,1801,"I don't have a telescope, but I know somebody who does.","我很想帮你,但很抱歉我不修。",,,,OCR_MISSING,F2-GMS-1801C 00:25.58-00:28.17
1805,2,1801,"I would like to help you, but I'm sorry I can't.","我不经常开车上班,但昨天我开了。",,,,OCR_MISSING,F2-GMS-1801C 00:31.45-00:34.30
1806,2,1801,"I don't usually drive to work, but I did yesterday.","你去过秘鲁吗? 没有,但伊夫林去过,他去年去那里度假。",,,,OCR_MISSING,F2-GMS-1801C 00:37.74-00:42.71
1807,2,1801,"Have you ever been to Peru? No, but Evelyn has. She went there on vacation last year.","你跟福斯托经常看电视吗? 我经常看,但他不常看。",,,,OCR_MISSING,F2-GMS-1801C 00:45.87-00:50.19
1808,2,1801,Do you and Fausto watch TV a lot?,"我收到邀请去参加葛哈德的婚礼,但艾维塔没被邀请。",,,,OCR_MISSING,F2-GMS-1801C 00:53.27-00:57.51
1809,2,1801,"你跟福斯托经常看电视吗? 我经常看,但他不常看。","你说英格丽能考到驾照吗? 会啊,我肯定她可以。",,,,OCR_MISSING,F2-GMS-1801C 01:00.72-01:05.17
1810,2,1801,"我收到邀请去参加葛哈德的婚礼,但艾维塔没被邀请。","你今天晚上要出去吗?可能吧,我不确定。",,,,OCR_MISSING,F2-GMS-1801C 01:08.46-01:11.76
1811,2,1801,"你说英格力能考到驾照吗? 会啊,我肯定他可以。",你是巴西人吗?我不是。,,,,OCR_MISSING,F2-GMS-1801C 01:14.97-01:17.15
1812,2,1801,"你今天晚上要出去吗? 可能吧,我不确定。","你有车吗? 没有,我没车。",,,,OCR_MISSING,F2-GMS-1801C 01:20.51-01:23.03
1813,2,1801,你是巴西人吗? 我不是。,"你还好吗? 嗯,还好。",,,,LOW_CONF;OCR_MISSING,F2-GMS-1801C 01:26.40-01:28.70
1814,2,1801,"你有车吗? 没有,我没车。","在下雪吗? 没有,没下雪。",,,,OCR_MISSING,F2-GMS-1801C 01:32.01-01:34.68
1815,2,1801,"你还好吗? 嗯,还好。","你饿了吗?嗯,我饿了。",,,,OCR_MISSING,F2-GMS-1801C 01:37.85-01:39.99
1816,2,1801,"Is it snowing? No, it's not snowing.",你喜欢古典音乐吗? 我喜欢。,,,,OCR_MISSING,F2-GMS-1801C 01:43.32-01:46.08
1817,2,1801,"你饿了吗?嗯,我饿了。","你明天会在迈阿密吗? 不,我不在。",,,,OCR_MISSING,F2-GMS-1801C 01:49.47-01:52.63
1818,2,1801,你喜欢古典音乐吗? 我喜欢。,"你的胳膊骨折过吗? 对,骨折过。",,,,OCR_MISSING,F2-GMS-1801C 01:56.03-01:59.33
1819,2,1801,"你明天会在迈阿密吗? 不,我不在。","你昨天买了什么吗? 嗯,买了。",,,,OCR_MISSING,F2-GMS-1801C 02:02.80-02:05.65
1820,2,1801,"你的胳膊骨折过吗? 对,骨折过。","你三点的时候睡着了吗? 嗯,睡了。",,,,OCR_MISSING,F2-GMS-1801C 02:08.95-02:11.98
1821,2,1801,"你昨天买了什么吗? 嗯,买了。","你迟到了,是吗?抱歉。",,,,OCR_MISSING,F2-GMS-1801C 02:15.35-02:17.77
1822,2,1801,"Yes, I was.","我上个礼拜生病了,是吗?我都不知道。",,,,OCR_MISSING,F2-GMS-1801C 02:21.09-02:24.47
1823,2,1801,You're late. I am? Sorry.,"又下雨了,真的吗?十分钟前还是晴天。",,,,OCR_MISSING,F2-GMS-1801C 02:27.72-02:31.37
1824,2,1801,I was sick last week. You were? I didn't know that.,"有你的信息,是吗?在哪?",,,,OCR_MISSING,F2-GMS-1801C 02:34.65-02:37.61
1825,2,1801,It's raining again.,"乔凡尼不会开车,他不会吗?我都不知道。",,,,OCR_MISSING,F2-GMS-1801C 02:40.85-02:44.40
1826,2,1801,It's raining again. Really? Ten minutes ago it was still sunny.,"我不饿,真的吗?但我饿了。",,,,OCR_MISSING,F2-GMS-1801C 02:47.76-02:50.61
1827,2,1801,"有你的信息,是吗?在哪儿?","艾米丽亚今天没来上班,她没来吗?她生病了吗?",,,,OCR_MISSING,F2-GMS-1801C 02:53.96-02:57.95
1828,2,1801,"乔凡尼不会开车,他不会吗?我都不知道。","我会说四种语言,真的吗?有哪些?",,,,OCR_MISSING,F2-GMS-1801C 03:01.20-03:04.27
1829,2,1801,"我不饿,真的吗?但我饿了。","卢卡不吃肉,他不吃吗?那他吃鱼吗?",,,,OCR_MISSING,F2-GMS-1801C 03:07.47-03:10.67
1830,2,1801,She isn't? Is she sick?,"纳迪亚上个礼拜结婚了,她结婚了,真的吗?",,,,OCR_MISSING,F2-GMS-1801C 03:14.13-03:18.02
1831,2,1801,I speak four languages. You do? Which ones?,"我买了一辆车。 哦,你已经买了?",,,,OCR_MISSING,F2-GMS-1801C 03:21.42-03:24.42
1832,2,1801,Luka doesn't eat meat. He doesn't? Does he eat fish?,"我在写一本书,真的吗?关于什么的?",,,,OCR_MISSING,F2-GMS-1801C 03:27.65-03:30.77
1833,2,1801,Nadia got married last week. She did? Really?,"我不喜欢迪米特里,你不喜欢他,为什么?",,,,OCR_MISSING,F2-GMS-1801C 03:34.06-03:37.32
1834,2,1801,"I've bought a new car. Oh, you have?","今天真是美好的一天,对吧? 嗯,很完美。",,,,OCR_MISSING,F2-GMS-1801C 03:40.58-03:44.42
1835,2,1801,I'm writing a book. You are? What about?,"桑多住在米兰,对吧? 对,没错。",,,,OCR_MISSING,F2-GMS-1801C 03:47.69-03:51.06
1836,2,1801,I don't like Dimitri. You don't? Why not?,"你把窗户关上了,是吧? 对,我记得是。",,,,OCR_MISSING,F2-GMS-1801C 03:54.25-03:57.91
1837,2,1801,"It's a nice day, isn't it?","这双鞋真不错,是不是?嗯,很好看。",,,,OCR_MISSING,F2-GMS-1801C 04:01.10-04:04.60
1838,2,1801,"今天真是美好的一天,对吧? 嗯,很完美。","马尔塔很快就到了,是吧?应该吧。",,,,OCR_MISSING,F2-GMS-1801C 04:07.90-04:10.02
1839,2,1801,"桑多住在米兰,对吧? 对,没错。","那不是你的车,对吧? 嗯,是我妈的车。",,,,OCR_MISSING;DURATION_CHECK,F2-GMS-1801C 04:10.54-04:11.38
1840,2,1801,"Yes, I think so.","你还没见过我妈吧? 嗯,还没见过。",,,,OCR_MISSING,F2-GMS-1801C 04:14.49-04:18.20
1841,2,1801,"Those shoes are nice, aren't they? Yes, very nice.","克莱拉不怎么出门是吧? 对,她不怎么出门。",,,,OCR_MISSING,F2-GMS-1801C 04:21.44-04:24.36
1842,2,1801,"Marta will be here soon, won't she? Yes, probably.","你不会迟到的,是不是? 不会,我从来不迟到。",,,,OCR_MISSING,F2-GMS-1801C 04:27.69-04:31.63
1843,2,1801,"That isn't your car, is it? No, it's my mother's.","我在银行工作,是吗?我也在银行工作。",,,,OCR_MISSING,F2-GMS-1801C 04:34.77-04:38.50
1844,2,1801,"You haven't met my mother, have you?","我昨天没去上班,这样啊,你生病了吗?",,,,OCR_MISSING,F2-GMS-1801C 04:41.60-04:45.30
1845,2,1801,"你还没见过我妈吧? 嗯,还没见过。","丹尼斯不喜欢我,这样啊,为什么不喜欢?",,,,LOW_CONF;OCR_MISSING,F2-GMS-1801C 04:48.63-04:51.92
1846,2,1801,"克莱拉不怎么出门是吧? 对,她不怎么出门。","你看起来很疲惫,有吗?我觉得还好。",,,,OCR_MISSING,F2-GMS-1801C 04:55.07-04:58.49
1847,2,1801,"你不会迟到的,是不是? 不会,我从来不迟到。","莱拉昨天晚上给我打电话了,真的吗?她说什么?",,,,OCR_MISSING,F2-GMS-1801C 05:01.86-05:05.40
1848,2,1801,"我在银行工作,是吗?我也在银行工作。","我买了一辆新车,真的吗?什么牌子的?",,,,OCR_MISSING,F2-GMS-1801C 05:08.49-05:12.39
1849,2,1801,You did it? Were you sick?,"艾伯特不吃肉,这样啊,那他吃鸡蛋吗?",,,,OCR_MISSING,F2-GMS-1801C 05:15.62-05:18.95
1850,2,1801,Dennis doesn't like me.,"我的钥匙不见了,这样啊,什么时候不见的?",,,,OCR_MISSING,F2-GMS-1801C 05:22.18-05:25.73
1851,2,1851,The GMS Method Fluency 2 English 中文 中文,"安吉拉不会开车,她不会吗?她应该学一下。",,,,OCR_MISSING,F2-GMS-1851C 00:06.78-00:10.65
1852,2,1851,安吉拉不会开车。 他不会吗? 他应该学一下。,"我出生在意大利,真的吗?我都不知道。",,,,OCR_MISSING,F2-GMS-1851C 00:14.11-00:17.20
1853,2,1851,"我出生在意大利,真的吗?我都不知道。","我昨天晚上睡得不好,这样啊,是因为床不舒服吗?",,,,OCR_MISSING,F2-GMS-1851C 00:20.66-00:24.86
1854,2,1851,You didn't? Was the bed uncomfortable?,"今天晚上电视会播足球比赛,是吗?你要看吗?",,,,OCR_MISSING,F2-GMS-1851C 00:28.01-00:32.09
1855,2,1851,There's a football game on TV tonight.,"我不开心,这样哦,为什么不开心呀?",,,,OCR_MISSING,F2-GMS-1851C 00:35.24-00:38.48
1856,2,1851,"今天晚上电视会播足球比赛,是吗?你要看吗?","我昨天看见哈利德了,是吗?他好吗?",,,,OCR_MISSING,F2-GMS-1851C 00:41.75-00:44.99
1857,2,1851,"我不开心。这样哦,为什么不开心呀?","夏琪拉在工厂上班,真的吗?什么工厂?",,,,OCR_MISSING,F2-GMS-1851C 00:48.25-00:51.52
1858,2,1851,"我昨天看见哈利德了,是吗?他好吗?","我下礼拜不在这儿,这样啊,你会在哪儿?",,,,OCR_MISSING,F2-GMS-1851C 00:54.76-00:57.96
1859,2,1851,She does? What kind of factory?,"表坏了,是吗?昨天还好好的。",,,,OCR_MISSING,F2-GMS-1851C 01:01.29-01:04.35
1860,2,1851,I won't be here next week. You won't? Where will you be?,"今天天气不错是吧? 是啊,很不错。",,,,OCR_MISSING,F2-GMS-1851C 01:07.66-01:11.01
1861,2,1851,The clock isn't working. It isn't? It was working yesterday.,"这些花真好看,你觉得呢? 是啊,这是什么花?",,,,OCR_MISSING,F2-GMS-1851C 01:14.27-01:18.59
1862,2,1851,"It's a nice day, isn't it? Yes, it's beautiful.","伯纳德去了聚会,不是吗? 对,但我没跟他说话。",,,,OCR_MISSING,F2-GMS-1851C 01:22.08-01:26.59
1863,2,1851,"These flowers are nice, aren't they?","你去过巴西,对吧? 对,好几次了。",,,,OCR_MISSING,F2-GMS-1851C 01:29.94-01:32.99
1864,2,1851,"这些花真好看,你觉得呢? 是啊,这是什么花?","你会说中文,对吧? 对,但说的不是很好。",,,,OCR_MISSING,F2-GMS-1851C 01:36.31-01:39.78
1865,2,1851,"伯纳德去了聚会,不是吗? 对,但我没跟他说话。","卡罗琳看起来很疲惫是不是? 对,她工作很辛苦。",,,,OCR_MISSING,F2-GMS-1851C 01:42.84-01:47.34
1866,2,1851,"Yes, many times.","你会帮我的,对吧? 是啊,当然。",,,,OCR_MISSING,F2-GMS-1851C 01:50.67-01:53.36
1867,2,1851,"You speak Chinese, don't you? Yes, but not very well.","你还没吃东西是吧? 是,但我不饿。",,,,OCR_MISSING,F2-GMS-1851C 01:56.57-01:59.92
1868,2,1851,"Caroline looks tired, doesn't she?","你不累是吧? 嗯,我还好。",,,,LOW_CONF;OCR_MISSING,F2-GMS-1851C 02:03.21-02:05.66
1869,2,1851,"卡罗琳看起来很疲惫是不是? 对,她工作很辛苦。","一个人不错吧?嗯,大家都喜欢他。",,,,OCR_MISSING,F2-GMS-1851C 02:09.04-02:12.28
1870,2,1851,"你会帮我的,对吧? 是啊,当然。","你会弹钢琴,对吧? 嗯,但我弹得不太好。",,,,OCR_MISSING,F2-GMS-1851C 02:15.58-02:19.61
1871,2,1851,"No, I'm not hungry.","你不认识拉里萨的妹妹吧? 对,我从没见过她。",,,,OCR_MISSING,F2-GMS-1851C 02:22.87-02:26.57
1872,2,1851,"You aren't tired, are you?","克劳德上大学了,对吧? 对,他念心理学。",,,,OCR_MISSING,F2-GMS-1851C 02:29.84-02:33.69
1873,2,1851,你不累是吧? 我还好。,"电影不好看吧?嗯,非常烂。",,,,OCR_MISSING,F2-GMS-1851C 02:36.97-02:39.69
1874,2,1851,"一个人不错吧? 嗯,大家都喜欢他。","夏洛蒂住在你附近是吧? 对,只离我几条街的距离。",,,,OCR_MISSING,F2-GMS-1851C 02:43.00-02:47.64
1875,2,1851,"Yes, but I'm not very good.",你不会把我说的话告诉别人吧? 当然不会。,,,,OCR_MISSING,F2-GMS-1851C 02:50.87-02:54.20
1876,2,1851,"You don't know Larissa's sister, do you?","黛安工作很努力,听说她一天工作16个小时。",,,,OCR_MISSING,F2-GMS-1851C 02:57.41-03:01.02
1877,2,1851,"你不认识拉里萨的妹妹吧? 对,我从没见过她。","警方正在寻找一名失踪的男孩,有目击者最后看到他走路回家。",,,,OCR_MISSING,F2-GMS-1851C 03:04.27-03:09.24
1878,2,1851,"Claude went to college, right? Yes, he studied psychology.","罢工是三个星期前开始的,大家希望它可以赶快结束。",,,,OCR_MISSING,F2-GMS-1851C 03:12.45-03:16.76
1879,2,1851,"电影不好看吧?嗯,非常烂。","我的一个朋友被逮捕了,据称他袭警。",,,,OCR_MISSING,F2-GMS-1851C 03:20.06-03:23.13
1880,2,1851,"下落地住在你附近是吧? 对,只离我几条街的距离。","报道说,两个人在爆炸中受伤了。",,,,OCR_MISSING,F2-GMS-1851C 03:26.28-03:29.22
1881,2,1851,"No, of course not.","我们去看那部电影吧,听说很不错。",,,,OCR_MISSING,F2-GMS-1851C 03:32.74-03:35.40
1882,2,1851,Diane works very hard. It's said that she works 16 hours a day.,"听说艾米尔打了警察,但我不相信。",,,,OCR_MISSING,F2-GMS-1851C 03:38.66-03:41.15
1883,2,1851,The police are looking for a missing boy. It's believed that he was last seen walking home.,"这个计划本应该是个秘密,但大家好像都知道了。",,,,OCR_MISSING,F2-GMS-1851C 03:44.44-03:47.98
1884,2,1851,The strike started three weeks ago. It's expected that it'll end soon.,"你怎么在上班,你不是应该在休假吗?",,,,OCR_MISSING,F2-GMS-1851C 03:51.19-03:53.95
1885,2,1851,A friend of mine has been arrested. It's alleged that he hit a police officer.,"斯维特拉娜昨天晚上本来应该打电话给我,但她没打。",,,,OCR_MISSING,F2-GMS-1851C 03:57.35-04:01.69
1886,2,1851,It's reported that two people were injured in the explosion.,"我们的客人本来应该七点半到,但是他们迟到了。",,,,OCR_MISSING,F2-GMS-1851C 04:04.89-04:08.57
1887,2,1851,Let's go and see that movie. It's supposed to be good.,"我们最好快点,我十分钟要跟马克西姆见面。",,,,OCR_MISSING,F2-GMS-1851C 04:11.93-04:15.31
1888,2,1851,"Emil is supposed to have hit a police officer, but I don't believe it.","你不应该在这停车,这是私人车位。",,,,OCR_MISSING,F2-GMS-1851C 04:18.59-04:21.37
1889,2,1851,"The plan is supposed to be secret, but everybody seems to know about it.","葛哈德手术后恢复的好多了,但是他还不可以提重物。",,,,OCR_MISSING,F2-GMS-1851C 04:24.68-04:29.04
1890,2,1851,What are you doing at work? You're supposed to be on vacation.,"这件外套很脏,你应该把它洗了。",,,,OCR_MISSING,F2-GMS-1851C 04:32.16-04:34.89
1891,2,1851,"Spitlana was supposed to call me last night, but she didn't.",我觉得你应该把头发剪得很短。,,,,OCR_MISSING,F2-GMS-1851C 04:38.23-04:40.75
1892,2,1851,"Our guests were supposed to arrive at 7.30, but they were late.",你多久保养一次车?,,,,OCR_MISSING,F2-GMS-1851C 04:44.16-04:45.97
1893,2,1851,I'd better hurry. I'm supposed to meet Maxim in 10 minutes.,我不喜欢被拍照。,,,,OCR_MISSING,F2-GMS-1851C 04:49.10-04:50.56
1894,2,1851,You're not supposed to park your car here. It's private parking only.,我们邻居的房子刚装了空调。,,,,OCR_MISSING,F2-GMS-1851C 04:53.74-04:56.09
1895,2,1851,"Gerard is feeling much better after his operation, but he's still not supposed to do any heavy lifting.","卡斯帕因为又一次炒肃,所以被吊销了驾照。",,,,OCR_MISSING,F2-GMS-1851C 04:59.26-05:02.72
1896,2,1851,This coat is dirty. You should get it cleaned.,奥利维亚的护照被偷了。,,,,OCR_MISSING,F2-GMS-1851C 05:05.90-05:07.88
1897,2,1851,I think you should get your hair cut really short.,你遇到过航班被取消的情况吗?,,,,OCR_MISSING,F2-GMS-1851C 05:11.08-05:13.77
1898,2,1851,How often do you have your car serviced?,我跟你说过路易莎的事儿吗? 她的钱包上个礼拜被偷了。,,,,OCR_MISSING,F2-GMS-1851C 05:17.05-05:21.22
1899,2,1851,I don't like having my picture taken.,"休伯特昨天晚上跟人打架,鼻梁断了。",,,,OCR_MISSING,F2-GMS-1851C 05:24.55-05:27.59
1900,2,1851,Our neighbor just got air conditioning installed in their house.,"Olivia说她会离开几天,然后回来的时候会给我打电话。",,,,OCR_MISSING,F2-GMS-1851C 05:30.77-05:35.44
1901,2,1901,The GMS Method Fluency 2 English 中文 中文,The GMS Method Fluency 2,,,,OCR_MISSING,F2-GMS-1901C 00:00.00-00:03.28
1902,2,1901,Leonardo will attend the party tonight.,中文,,,,OCR_MISSING;DURATION_CHECK,F2-GMS-1901C 00:03.73-00:04.60
1903,2,1901,是吗?我以为你说他不会来。,李奥纳多今天晚上会来参加派对。,,,,OCR_MISSING,F2-GMS-1901C 00:06.82-00:09.50
1904,2,1901,"我认识很多人,真的吗?我以为你说你谁都不认识。",是吗?我以为你说他不会来。,,,,LOW_CONF;OCR_MISSING,F2-GMS-1901C 00:10.46-00:12.79
1905,2,1901,She will? But didn't you say she wouldn't be here?,"我认识很多人,真的吗?我以为你说你谁都不认识。",,,,OCR_MISSING,F2-GMS-1901C 00:16.00-00:20.13
1906,2,1901,I'm going out tonight.,"伊莎贝拉下个礼拜会来这儿,真的吗?但你不是说她不会来这儿吗?",,,,OCR_MISSING,F2-GMS-1901C 00:23.38-00:28.52
1907,2,1901,"我今天晚上要出去。 这样啊,但你本来说你会待在家里。",我今天晚上要出去。,,,,OCR_MISSING,F2-GMS-1901C 00:31.78-00:33.36
1908,2,1901,我会说一点法语。 真的吗? 但之前你说你不会。,"这样啊,但你本来说你会待在家里。",,,,OCR_MISSING,F2-GMS-1901C 00:34.01-00:36.69
1909,2,1901,我已经很久没去看过电影了。 真的吗?我以为你说你几天前才去看过。,"我会说一点法语,真的吗?但之前你说你不会。",,,,OCR_MISSING,F2-GMS-1901C 00:40.00-00:44.26
1910,2,1901,"Malik said he didn't feel well when he just got up, so he didn't go to work.","我已经很久没去看过电影了,真的吗?我以为你说你几天前才去看过。",,,,OCR_MISSING,F2-GMS-1901C 00:47.67-00:53.10
1911,2,1901,Jasmine said her new job was quite interesting.,"阿黎克说他刚起床的时候觉得不太舒服,所以他没去上班。",,,,OCR_MISSING,F2-GMS-1901C 00:56.36-01:00.91
1912,2,1901,他跟我说他明年想去南美洲。 他跟我说他本来明年想去南美洲。,贾斯敏说他的新工作还挺有意思的。 贾斯敏说他的新工作本来还挺有意思的。,,,,OCR_MISSING,F2-GMS-1901C 01:04.13-01:10.34
1913,2,1901,Doctor asked me to rest in bed for a few days.,"他跟我说,他明天想去南美洲。",,,,OCR_MISSING,F2-GMS-1901C 01:14.52-01:17.29
1914,2,1901,"我叫路西恩,不要大喊大叫。","他跟我说他本来明天想去南美洲,",,,,OCR_MISSING,F2-GMS-1901C 01:17.75-01:20.28
1915,2,1901,美智子叫我不要跟别人说发生了什么。,医生让我卧床休息几天。,,,,OCR_MISSING,F2-GMS-1901C 01:23.63-01:25.87
1916,2,1901,"生花了很多时间准备,所以我叫他快一点。","我叫路西恩,不要大喊大叫。",,,,OCR_MISSING,F2-GMS-1901C 01:28.94-01:31.12
1917,2,1901,"莉莉安对这种状况感到很紧张,所以我叫她放轻松。",美智子叫我不要跟别人说发生了什么。,,,,OCR_MISSING,F2-GMS-1901C 01:34.25-01:37.19
1918,2,1901,"海关用很怀疑的眼神看着我,让我把行李打开。","声花了很多时间准备,所以我叫他快一点。",,,,OCR_MISSING,F2-GMS-1901C 01:40.42-01:43.96
1919,2,1901,你昨天晚上遇到什么事儿了?,"莉莉安对这种状况感到很紧张,所以我叫她放轻松。",,,,OCR_MISSING,F2-GMS-1901C 01:47.18-01:51.21
1920,2,1901,有多少人去开会?,"海关用很怀疑的眼神看着我,让我把行李打开。",,,,OCR_MISSING,F2-GMS-1901C 01:54.38-01:58.10
1921,2,1901,几路车到市中心,你昨天晚上遇到什么事了?,,,,OCR_MISSING,F2-GMS-1901C 02:01.28-02:03.26
1922,2,1901,你想要跟谁说话?,有多少人去开会?,,,,OCR_MISSING,F2-GMS-1901C 02:06.47-02:07.95
1923,2,1901,昨天天气怎样?,几路车到市中心。,,,,OCR_MISSING,F2-GMS-1901C 02:11.20-02:12.96
1924,2,1901,你想要跟谁说话?,你想要跟谁说话?,,,,OCR_MISSING,F2-GMS-1901C 02:16.20-02:17.60
1925,2,1901,Have we met before?,昨天天气怎样?,,,,OCR_MISSING,F2-GMS-1901C 02:20.53-02:21.83
1926,2,1901,"你不想去聚会吗? 对,我不想去。",你想要跟谁说话?,,,,OCR_MISSING,F2-GMS-1901C 02:25.08-02:26.47
1927,2,1901,咱们今天晚上出去吃饭吗?,咱们之前是不是在哪见过?,,,,OCR_MISSING,F2-GMS-1901C 02:29.65-02:31.64
1928,2,1901,Why didn't Nicholas go to work yesterday?,"你不想去聚会吗? 对,我不想去。",,,,OCR_MISSING,F2-GMS-1901C 02:34.84-02:37.93
1929,2,1901,Why not? Isn't she coming?,咱们今天晚上出去吃饭吗?,,,,LOW_CONF;OCR_MISSING,F2-GMS-1901C 02:41.23-02:43.06
1930,2,1901,I'll have to borrow some money.,为什么尼古拉斯昨天没去上班?,,,,LOW_CONF;OCR_MISSING,F2-GMS-1901C 02:46.34-02:48.69
1931,2,1901,我得借点钱。 为什么?你没钱吗?,"我们今天晚上见不到米利亚姆,为什么?他不来吗?",,,,OCR_MISSING,F2-GMS-1901C 02:51.86-02:55.96
1932,2,1901,几点了?你知道现在几点了吗?,我得借点钱。 为什么?你没钱吗?,,,,OCR_MISSING,F2-GMS-1901C 02:59.39-03:02.41
1933,2,1901,这些人是谁? 我不知道这些人是谁?,你知道现在几点了吗?,,,,LOW_CONF;OCR_MISSING,F2-GMS-1901C 03:05.67-03:08.13
1934,2,1901,我去哪儿找奥利佛?你能告诉我去哪儿才能找到奥利佛吗?,这些人是谁?,,,,OCR_MISSING,F2-GMS-1901C 03:11.45-03:12.63
1935,2,1901,这个多少钱?你知道这个多少钱吗?,我不知道这些人是谁。,,,,LOW_CONF;OCR_MISSING,F2-GMS-1901C 03:13.13-03:14.71
1936,2,1901,电影几点开始?你知道电影几点开始吗?,我去哪儿找奥利佛?你能告诉我去哪儿才能找到奥利佛吗?,,,,OCR_MISSING,F2-GMS-1901C 03:18.24-03:22.54
1937,2,1901,你是什么意思?请解释一下你是什么意思?,这个多少钱?你知道这个多少钱吗?,,,,OCR_MISSING,F2-GMS-1901C 03:25.79-03:28.77
1938,2,1901,他为什么早走?我在想为什么他早走?,电影几点开始?你知道电影几点开始吗?,,,,OCR_MISSING,F2-GMS-1901C 03:32.00-03:35.57
1939,2,1901,机场离这里多远?你知道机场离这里多远吗?,你是什么意思?,,,,LOW_CONF;OCR_MISSING,F2-GMS-1901C 03:38.80-03:39.97
1940,2,1901,你知道在这里停车要多少钱吗?,请解释一下你是什么意思。,,,,OCR_MISSING,F2-GMS-1901C 03:40.51-03:42.48
1941,2,1901,He asked me if I was willing to go on a trip.,"他为什么早走?我在想,为什么他早走?",,,,OCR_MISSING,F2-GMS-1901C 03:45.82-03:49.21
1942,2,1901,他想知道我空闲时间都做什么。,机场离这里多远?,,,,OCR_MISSING,F2-GMS-1901C 03:52.53-03:53.98
1943,2,1901,他问我现在的工作做多久了?,你知道机场离这里多远吗?,,,,LOW_CONF;OCR_MISSING,F2-GMS-1901C 03:54.48-03:56.55
1944,2,1901,He asked me why I applied for this job.,在这里停车要多少钱?,,,,LOW_CONF;OCR_MISSING,F2-GMS-1901C 03:59.87-04:01.58
1945,2,1901,他想知道我会不会说其他语言。,你知道在这里停车要多少钱吗?,,,,LOW_CONF;OCR_MISSING,F2-GMS-1901C 04:02.07-04:04.34
1946,2,1901,He asked me if I had a driving license.,"他问我,愿不愿意去旅行?",,,,OCR_MISSING,F2-GMS-1901C 04:07.88-04:10.26
1947,2,1901,"Natalie doesn't have a car, so does Oliver.",他想知道我空闲时间都做什么。,,,,OCR_MISSING,F2-GMS-1901C 04:13.75-04:16.28
1948,2,1901,I hope not.,他问我现在的工作做多久了?,,,,OCR_MISSING,F2-GMS-1901C 04:19.58-04:21.98
1949,2,1901,Do you think Remy will get the job?,他问我为什么要应征这份工作。,,,,OCR_MISSING,F2-GMS-1901C 04:25.22-04:27.69
1950,2,1901,你觉得雷米会得到这份工作吗? 我猜会吧。,他想知道我会不会说其他语言。,,,,OCR_MISSING,F2-GMS-1901C 04:30.95-04:33.51
1951,2,1951,Is the concert at 7.30? I think so.,音乐会是七点半开始吗?我想是的。,,,,OCR_MISSING,F2-GMS-1951C 00:12.17-00:15.47
1952,2,1951,Is Hitomi working tomorrow? I suppose so.,同明天上班吗?我想是的。,,,,OCR_MISSING,F2-GMS-1951C 00:18.60-00:21.29
1953,2,1951,"You notice the sky is blue and the sun is shining. You say, it's a beautiful day, isn't it?","你注意到天空很蓝,而且阳光很好,你说,今天天气很好,不是吗?",,,,OCR_MISSING,F2-GMS-1951C 00:24.82-00:30.73
1954,2,1951,"You notice the restaurant prices are very high. You say, it's pretty expensive, isn't it?","你发现餐厅的价格很高,你说,好贵啊,是吧?",,,,OCR_MISSING,F2-GMS-1951C 00:33.94-00:38.36
1955,2,1951,"You really enjoyed your training course, you say. The course was great, wasn't it?","你很喜欢训练课程,你说,这课程不错,对吧?",,,,OCR_MISSING,F2-GMS-1951C 00:41.55-00:45.82
1956,2,1951,"You notice your friend's hair is much shorter than last time. You say, You had your hair cut, didn't you?","你注意到你朋友的头发短了好多,你说,你剪头发了吧?",,,,OCR_MISSING,F2-GMS-1951C 00:49.15-00:53.82
1957,2,1951,"You notice the woman singing has a nice voice. You say, she has a good voice, doesn't she?","你发现那个女人唱歌很好听,你说,她的声音真好听,是不是?",,,,OCR_MISSING,F2-GMS-1951C 00:57.11-01:02.71
1958,2,1951,"You're trying on a new jacket and don't like it. You say, this doesn't look very good on me, does it?","你在试穿新外套,但不太喜欢,你说,我穿起来不怎么好看吧?",,,,OCR_MISSING,F2-GMS-1951C 01:05.91-01:11.33
1959,2,1951,"The cashier is putting your groceries in a plastic bag. You say, excuse me, don't you have any paper bags?","收银员把你买的东西放进塑料袋,你说,不好意思,你没有纸袋吗?",,,,OCR_MISSING,F2-GMS-1951C 01:14.66-01:20.32
1960,2,1951,"You're looking for your keys. Maybe Ichiro has seen them. You ask, you haven't seen my keys, have you?","你正在找钥匙,伊朗可能见过,你问,你看见我的钥匙了吗?",,,,OCR_MISSING,F2-GMS-1951C 01:23.65-01:29.10
1961,2,1951,"Sergei has a car and you need a ride to the station. You ask, could you give me a ride to the station?","夏尔日有车,而你需要有人开车送你去车站,你问,你可以开车送我去车站吗?",,,,OCR_MISSING,F2-GMS-1951C 01:32.36-01:38.96
1962,2,1951,Would you mind closing the door?,你介意我把门关上吗?,,,,OCR_MISSING,F2-GMS-1951C 01:42.24-01:44.17
1963,2,1951,Would you mind turning off the lights?,你介意我关灯吗?,,,,OCR_MISSING,F2-GMS-1951C 01:47.38-01:49.01
1964,2,1951,Renee suggested going to the movies.,瑞尼提议去看电影,,,,OCR_MISSING,F2-GMS-1951C 01:52.38-01:54.04
1965,2,1951,"Suddenly, everybody stopped talking. There was silence.","大家突然不聊天了,变得好安静。",,,,OCR_MISSING,F2-GMS-1951C 01:57.22-01:59.89
1966,2,1951,I'll do the shopping when I've finished cleaning the apartment.,我打扫完公寓后去买点东西。,,,,OCR_MISSING,F2-GMS-1951C 02:03.02-02:05.33
1967,2,1951,He tried to avoid answering my question.,他试图逃避我的问题。,,,,OCR_MISSING,F2-GMS-1951C 02:08.68-02:10.51
1968,2,1951,"Have you ever considered going to live in another country? Sure, but I don't know how much it would cost.","你考虑过去别的国家住吗? 当然有,但我不知道会花多少钱。",,,,OCR_MISSING,F2-GMS-1951C 02:13.94-02:18.73
1969,2,1951,"When I'm on vacation, I enjoy not having to get up early.",我放假的时候很享受可以不用那么早起。,,,,OCR_MISSING,F2-GMS-1951C 02:22.02-02:25.12
1970,2,1951,Rashmi has given up trying to lose weight.,拉什米放弃减肥了,,,,OCR_MISSING,F2-GMS-1951C 02:28.26-02:30.15
1971,2,1951,Neeraj doesn't want to retire. He wants to go on working.,"尼拉哲不想退休,他想继续工作。",,,,OCR_MISSING,F2-GMS-1951C 02:33.33-02:36.06
1972,2,1951,You keep interrupting when I'm talking.,你一直打断我说话。,,,,LOW_CONF;OCR_MISSING,F2-GMS-1951C 02:39.39-02:41.04
1973,2,1951,I can't imagine Theo riding a motorcycle.,我没有办法想象提奥基摩托车的样子。,,,,OCR_MISSING,F2-GMS-1951C 02:44.18-02:47.11
1974,2,1951,I don't mind being kept waiting.,我不介意继续等。,,,,OCR_MISSING,F2-GMS-1951C 02:50.30-02:51.74
1975,2,1951,They admitted to having stolen the money.,他们承认偷了钱。,,,,OCR_MISSING,F2-GMS-1951C 02:55.08-02:56.72
1976,2,1951,I now regret saying what I said.,现在我为自己说过的话感到后悔。,,,,OCR_MISSING,F2-GMS-1951C 02:59.86-03:02.61
1977,2,1951,She denied that she had stolen the money.,他否认偷了钱。,,,,LOW_CONF;OCR_MISSING,F2-GMS-1951C 03:05.80-03:07.19
1978,2,1951,Sabina suggested that we go to the movies.,沙宾娜建议我们去看电影。,,,,OCR_MISSING,F2-GMS-1951C 03:10.45-03:12.32
1979,2,1951,"Should we postpone leaving today until tomorrow? No, we should try leaving as soon as possible.","我们要延期,把今天改成明天再走吗? 不行,我们要尽早离开。",,,,OCR_MISSING,F2-GMS-1951C 03:15.51-03:21.35
1980,2,1951,My car isn't very reliable. It keeps breaking down.,"我的车不太稳定,它总是出问题。",,,,OCR_MISSING,F2-GMS-1951C 03:24.66-03:27.43
1981,2,1951,It was very funny. I couldn't stop laughing.,"这太好笑了,我忍不住想笑。",,,,OCR_MISSING,F2-GMS-1951C 03:30.80-03:33.79
1982,2,1951,"It was late, so we decided to take a taxi home.","那时候很晚了,所以我们决定打车回家。",,,,OCR_MISSING,F2-GMS-1951C 03:36.87-03:40.01
1983,2,1951,"Vincent was in a difficult situation, so I agreed to help him.","文森特那时候正处在困境中,所以我同意帮他。",,,,OCR_MISSING,F2-GMS-1951C 03:43.36-03:47.37
1984,2,1951,How old were you when you learned to drive?,你几岁学的开车?,,,,OCR_MISSING,F2-GMS-1951C 03:50.56-03:52.12
1985,2,1951,Valerie failed to make a good impression at the job interview.,法莱利在工作面试中没有让人留下好的印象。,,,,OCR_MISSING,F2-GMS-1951C 03:55.51-03:59.34
1986,2,1951,We decided not to go out because of the weather.,"因为天气的原因,我们决定不出门了。",,,,OCR_MISSING,F2-GMS-1951C 04:02.71-04:05.58
1987,2,1951,I promised not to be late.,我答应过不会迟到。,,,,LOW_CONF;OCR_MISSING,F2-GMS-1951C 04:08.92-04:10.60
1988,2,1951,"Are you thinking of buying a car? Yeah, but I still haven't made up my mind.","你想买车吗? 是啊,但我还没有决定。",,,,OCR_MISSING,F2-GMS-1951C 04:13.82-04:17.29
1989,2,1951,They seem to have plenty of money.,他们好像很有钱。,,,,OCR_MISSING,F2-GMS-1951C 04:20.62-04:22.11
1990,2,1951,"I like Victoria, but I think she tends to talk too much.","我喜欢维多利亚,但我觉得她的话太多了。",,,,OCR_MISSING,F2-GMS-1951C 04:25.32-04:28.47
1991,2,1951,Nikolai pretended not to see me when he passed me on the street.,"你古来在路上碰到我的时候,假装没看到。",,,,OCR_MISSING,F2-GMS-1951C 04:31.81-04:34.89
1992,2,1951,I pretended to be reading the newspaper.,我假装在看报纸。,,,,LOW_CONF;OCR_MISSING,F2-GMS-1951C 04:38.26-04:39.72
1993,2,1951,You seem to have lost weight.,你好像瘦了。,,,,LOW_CONF;OCR_MISSING,F2-GMS-1951C 04:42.90-04:43.93
1994,2,1951,Yannick seems to be enjoying his new job.,亚尼克似乎很喜欢他的新工作。,,,,OCR_MISSING,F2-GMS-1951C 04:47.23-04:49.54
1995,2,1951,I wouldn't dare tell him.,我不敢告诉他。,,,,OCR_MISSING,F2-GMS-1951C 04:52.73-04:54.01
1996,2,1951,"Can somebody show me how to change the cartridge in this printer? Sure, I will.","有谁可以教我怎么换打印机的墨水吗? 当然,我来。",,,,OCR_MISSING,F2-GMS-1951C 04:57.25-05:01.77
1997,2,1951,Yvonne tends to forget things.,"一方总是望东望西,",,,,OCR_MISSING,F2-GMS-1951C 05:05.22-05:06.86
1998,2,1951,They claim to have solved the problem.,他们声称问题已经得到了解决。,,,,OCR_MISSING,F2-GMS-1951C 05:10.05-05:12.63
1999,2,1951,Would you know what to do if there was a fire in the building? Not really.,你知道如果这栋大楼发生火灾该怎么办吗?我不知道。,,,,OCR_MISSING,F2-GMS-1951C 05:15.88-05:20.25
2000,2,1951,I was really astonished. I didn't know what to say.,"我那时候很震惊,不知道该说什么。",,,,OCR_MISSING,F2-GMS-1951C 05:23.42-05:26.08
2001,3,2001,The GMS Method. Fluency 3. English. Zhongwen. Zhongwen. Licensed by HLXKAG. Brought to you by Glossika.,中文,,,,OCR_MISSING;DURATION_CHECK,F3-GMS-2001B 00:06.78-00:07.65
2002,3,2001,Can you remind me to call Sandra tomorrow?,你可以提醒我明天给桑德拉打电话吗?,,,,OCR_MISSING,F3-GMS-2001B 00:14.91-00:17.87
2003,3,2001,是谁教你开车的?,是谁教你开车的?,,,,OCR_MISSING,F3-GMS-2001B 00:25.70-00:27.36
2004,3,2001,我不是自己搬的这架钢琴。,我不是自己搬的这架钢琴。,,,,OCR_MISSING,F3-GMS-2001B 00:37.47-00:39.54
2005,3,2001,"蝶哥说这个开关很危险,并且警告我不要碰它。","蝶哥说这个开关很危险,并且警告我不要碰它。",,,,OCR_MISSING,F3-GMS-2001B 00:50.08-00:54.14
2006,3,2001,有人警告我不要碰这个开关,有人警告我不要碰这个开关。,,,,LOW_CONF;OCR_MISSING,F3-GMS-2001B 01:02.76-01:05.08
2007,3,2001,史丹建議我問問你的意見。,史丹建议我问问你的意见。,,,,OCR_MISSING,F3-GMS-2001B 01:14.21-01:16.38
2008,3,2001,我不建议住在那间旅馆。,我不建议住在那间旅馆。,,,,OCR_MISSING,F3-GMS-2001B 01:28.25-01:30.14
2009,3,2001,他们不允许在大楼前停车。,他们不允许在大楼前停车。,,,,OCR_MISSING,F3-GMS-2001B 01:41.75-01:43.98
2010,3,2001,这栋大楼前不允许停车。,You aren't allowed to park in front of the building.,,,,OCR_MISSING,F3-GMS-2001B 01:49.96-01:52.12
2011,3,2001,"我要他保证,他不会告诉任何人发生了什么。",I made him promise that he wouldn't tell anybody what happened.,,,,OCR_MISSING,F3-GMS-2001B 02:00.45-02:03.12
2012,3,2001,炎热的天气让我感到很疲倦。,Hot weather makes me feel tired.,,,,OCR_MISSING,F3-GMS-2001B 02:12.77-02:14.63
2013,3,2001,他的父母不让他单独出门。,Her parents wouldn't let her go out alone.,,,,OCR_MISSING,F3-GMS-2001B 02:23.41-02:25.64
2014,3,2001,我来帮你提包吧。,Let me carry your bag for you.,,,,OCR_MISSING,F3-GMS-2001B 02:33.71-02:35.11
2015,3,2001,我们被迫等了两个小时。,We were made to wait for two hours.,,,,OCR_MISSING,F3-GMS-2001B 02:42.75-02:45.32
2016,3,2001,My lawyer advised me not to say anything to the police.,My lawyer said I shouldn't say anything to the police.,,,,OCR_MISSING,F3-GMS-2001B 02:53.71-02:56.49
2017,3,2001,I was told that I shouldn't believe everything he says. I was warned not to believe anything he says.,"我的律师让我什么都不要告诉警方,我的律师建议我不要跟警方说任何事。",,,,OCR_MISSING,F3-GMS-2001B 03:03.51-03:09.29
2018,3,2001,"If you have a car, you're able to get around more easily. Having a car enables you to get around more easily.","有人告诉我,他说什么我都不应该相信,有人警告我不要相信他说的任何事。",,,,OCR_MISSING,F3-GMS-2001B 03:22.08-03:28.19
2019,3,2001,I know I locked the door. I clearly remember locking it.,"如果你有车,去哪儿都会很方便。",,,,OCR_MISSING,F3-GMS-2001B 03:40.66-03:43.67
2020,3,2001,"我锁了门,但却忘了关窗户。","I remembered to lock the door, but I forgot to shut the windows.",,,,OCR_MISSING,F3-GMS-2001B 03:51.01-03:54.33
2021,3,2001,"He could remember driving along the road just before the accident, but he couldn't remember the accident itself.","我锁了门,但却忘了关窗户。",,,,OCR_MISSING,F3-GMS-2001B 04:00.94-04:03.71
2022,3,2001,Please remember to mail the letter on your way to work.,"他只记得意外发生前他在开车,却完全不记得意外是怎么发生的。",,,,OCR_MISSING,F3-GMS-2001B 04:15.76-04:20.80
2023,3,2001,I now regret saying what I said. I shouldn't have said it.,你去上班的路上记得把这封信记了。,,,,OCR_MISSING,F3-GMS-2001B 04:29.75-04:32.41
2024,3,2001,It began to get cold and he regretted not wearing his coat.,"我现在很后悔说过这些话,我不应该这样说的。",,,,OCR_MISSING,F3-GMS-2001B 04:41.65-04:45.30
2025,3,2001,We regret to inform you that we cannot offer you the job.,"天气开始变冷了,她很后悔没有穿外套。",,,,OCR_MISSING,F3-GMS-2001B 04:54.99-04:58.55
2026,3,2001,The president went on talking for hours.,"我们很遗憾地通知你,我们不能给你提供这份工作。",,,,OCR_MISSING,F3-GMS-2001B 05:08.03-05:11.70
2027,3,2001,"After discussing the economy, the president then went on to talk about foreign policy.",总统持续讨论了好几个小时。,,,,OCR_MISSING,F3-GMS-2001B 05:20.58-05:23.20
2028,3,2001,We need to change. We can't go on living like this.,"讨论完经济议题后,总统继续讨论外交政策。",,,,OCR_MISSING,F3-GMS-2001B 05:34.71-05:38.36
2029,3,2001,Don't bother locking the door. I'll be right back.,"我们必须改变,我们不能继续这样的方式生活。",,,,OCR_MISSING,F3-GMS-2001B 05:48.05-05:51.63
2030,3,2001,I lent you some money a few months ago.,"不用麻烦锁门了,我马上回来。",,,,OCR_MISSING,F3-GMS-2001B 06:00.78-06:03.23
2031,3,2001,"我几个月前借过钱给你,你确定吗?我不记得你借过我钱。",Are you sure? I don't remember you lending me money.,,,,OCR_MISSING,F3-GMS-2001B 06:09.31-06:11.80
2032,3,2001,"你记得给你妈打电话了吗? 糟了,我彻底忘了,我明天打给她。",Did you remember to call your mother?,,,,OCR_MISSING,F3-GMS-2001B 06:23.37-06:24.83
2033,3,2001,Kendra joined this company nine years ago and became a vice manager two years later.,"你记得给你妈打电话了吗? 糟了,我彻底忘了,我明天打给她。",,,,OCR_MISSING,F3-GMS-2001B 06:31.86-06:36.56
2034,3,2001,She became the manager of this company a few years later.,"钱德拉九年前加入这家公司,两年后成为副经理。",,,,OCR_MISSING,F3-GMS-2001B 06:47.88-06:52.13
2035,3,2001,"I try to stay awake, but I'm too sleepy.","几年后,他成了这家公司的经理。",,,,LOW_CONF;OCR_MISSING,F3-GMS-2001B 07:01.76-07:04.15
2036,3,2001,"你回家后要轻松点,大家都睡了。","我试图保持清醒,但我太困了。",,,,LOW_CONF;OCR_MISSING,F3-GMS-2001B 07:12.85-07:15.28
2037,3,2001,"我们找不到可以住的地方,我们问了城里的各个旅馆,都没有空房了。","你回家后要轻松点,大家都睡了。",,,,OCR_MISSING,F3-GMS-2001B 07:25.27-07:27.95
2038,3,2001,"这台复印机好像坏了,试试按那个绿色按钮。","我们找不到可以住的地方,我们问了城里的各个旅馆,都没有空房了。",,,,OCR_MISSING,F3-GMS-2001B 07:38.97-07:44.43
2039,3,2001,I need to start working out more.,"这台复印机好像坏了,试试按那个绿色按钮。",,,,OCR_MISSING,F3-GMS-2001B 07:55.39-07:59.11
2040,3,2001,He needs to work harder if he wants to make progress.,I need to start working out more.,,,,OCR_MISSING,F3-GMS-2001B 08:04.59-08:06.30
2041,3,2001,My cell phone needs to be charged. My cell phone needs charging.,He needs to work harder if he wants to make progress.,,,,OCR_MISSING,F3-GMS-2001B 08:15.82-08:18.62
2042,3,2001,Do you think my pants need to be washed? Do you think my pants need washing?,My cell phone needs to be charged. My cell phone needs charging.,,,,OCR_MISSING,F3-GMS-2001B 08:28.57-08:33.01
2043,3,2001,"They needed help to clean up after the party, so everybody helped clean up.",Do you think my pants need to be washed? Do you think my pants need washing?,,,,OCR_MISSING,F3-GMS-2001B 08:40.94-08:44.84
2044,3,2001,I need your help to move this table. Do you think you could help me move this table?,"They needed help to clean up after the party, so everybody helped clean up.",,,,OCR_MISSING,F3-GMS-2001B 08:53.06-08:57.17
2045,3,2001,I need you to help me move this table.,I need your help to move this table. Do you think you could help me move this table?,,,,OCR_MISSING,F3-GMS-2001B 09:07.71-09:11.38
2046,3,2001,"我虽然不喜欢他,但他有很多困难,我忍不住要同情他。",你能帮我一起搬这张桌子吗?,,,,LOW_CONF;OCR_MISSING,F3-GMS-2001B 09:17.40-09:19.45
2047,3,2001,"He tried to be a little more serious, but he couldn't help laughing.","我虽然不喜欢他,但他有很多困难,我忍不住要同情他。",,,,LOW_CONF;OCR_MISSING,F3-GMS-2001B 09:30.46-09:34.93
2048,3,2001,"我很抱歉,我太紧张了,我控制不了。","他试着想严肃一点,但是他忍不住笑了出来。",,,,OCR_MISSING,F3-GMS-2001B 09:43.88-09:47.18
2049,3,2001,你喜欢早起吗?,"我很抱歉,我太紧张了,我控制不了。",,,,OCR_MISSING,F3-GMS-2001B 09:56.01-09:59.04
2050,3,2001,Vadim hates to sit on the plane.,你喜欢早起吗?,,,,LOW_CONF;OCR_MISSING,F3-GMS-2001B 10:08.12-10:09.42
2051,3,2051,The GMS Method Fluency 3 English 中文 中文,中文,,,,OCR_MISSING;DURATION_CHECK,F3-GMS-2051B 00:06.78-00:07.65
2052,3,2051,"我之前工作的那家公司太可怕了,我讨厌在那里工作。","我之前工作的那家公司太可怕了,我讨厌在那里工作。",,,,OCR_MISSING,F3-GMS-2051B 00:16.64-00:20.93
2053,3,2051,"This is not my favorite job, but I like to clean the kitchen as often as possible.","这不是我最喜欢的工作,但我喜欢尽量经常打扫厨房。",,,,OCR_MISSING,F3-GMS-2051B 00:31.39-00:35.60
2054,3,2051,"我喜欢打扫厨房,我不介意打扫厨房。","我喜欢打扫厨房,我不介意打扫厨房。",,,,OCR_MISSING,F3-GMS-2051B 00:45.54-00:48.98
2055,3,2051,我很乐意见见你的家人。,我很乐意见见你的家人。,,,,OCR_MISSING,F3-GMS-2051B 00:56.56-00:58.54
2056,3,2051,"你想现在吃饭还是晚一点,晚一点好了。",I'd prefer later.,,,,OCR_MISSING;DURATION_CHECK,F3-GMS-2051B 01:04.93-01:05.92
2057,3,2051,Not at all.,"Would you mind closing the door, please?",,,,OCR_MISSING,F3-GMS-2051B 01:16.01-01:17.74
2058,3,2051,It's too bad we didn't see Hideki when we were in Tokyo. I would have liked to have seen him again.,"你介意我把门关上吗?没事,可以关。",,,,OCR_MISSING,F3-GMS-2051B 01:22.00-01:25.44
2059,3,2051,"We'd like to have gone on vacation, but we didn't have enough money.","很遗憾我们在东京的时候没有见到英树,我很希望能再见到它。",,,,OCR_MISSING,F3-GMS-2051B 01:36.81-01:41.76
2060,3,2051,Poor Hanako. I would hate to have been in her position.,"我们想去度个假,但我们钱不够。",,,,OCR_MISSING,F3-GMS-2051B 01:50.98-01:53.60
2061,3,2051,"I'd love to have gone to the party, but it was impossible.","可怜的花子,我可不想遇到她那种情况。",,,,OCR_MISSING,F3-GMS-2051B 02:03.10-02:06.31
2062,3,2051,I prefer driving over traveling by train.,"我很想去派对,但这不可能。",,,,OCR_MISSING,F3-GMS-2051B 02:15.87-02:18.13
2063,3,2051,"比起坐火車,我更喜歡開車旅行。",I prefer to drive rather than travel by train.,,,,OCR_MISSING,F3-GMS-2051B 02:24.75-02:27.45
2064,3,2051,"比起住在农村,塔玛拉更喜欢住在城市。",Tamara prefers to live in the country rather than in the city.,,,,OCR_MISSING,F3-GMS-2051B 02:36.42-02:39.79
2065,3,2051,"比起去电影院看电影,我今晚更想在家里待着。",I'd prefer to stay at home tonight rather than go to the movies. I'd rather stay at home tonight than go to the movies.,,,,OCR_MISSING,F3-GMS-2051B 02:49.46-02:55.51
2066,3,2051,"我累了,如果你不介意,我今晚不想出去了。","I'm tired. I'd rather not go out tonight, if you don't mind.",,,,OCR_MISSING,F3-GMS-2051B 03:05.37-03:08.87
2067,3,2051,"我明天会把你的车修好,我更希望你今天就把它们修好了。",I'll fix your car tomorrow. I'd rather you did it today.,,,,OCR_MISSING,F3-GMS-2051B 03:18.96-03:22.01
2068,3,2051,"我要告诉他们吗?还是你希望他们不知道? 不用,我会告诉他们。",Should I tell them or would you rather they didn't know?,,,,OCR_MISSING,F3-GMS-2051B 03:32.80-03:35.19
2069,3,2051,我希望你没告诉任何人我说了什么。,"我要告诉他们吗?还是你希望他们不知道? 不用,我会告诉他们。",,,,OCR_MISSING,F3-GMS-2051B 03:40.04-03:45.24
2070,3,2051,"我更愿意坐出租车,而不是走路回家。",我希望你没告诉任何人我说了什么。,,,,LOW_CONF;OCR_MISSING,F3-GMS-2051B 03:53.88-03:56.33
2071,3,2051,"比起打篮球,我更喜欢游泳。","我更愿意坐出租车,而不是走路回家。",,,,OCR_MISSING,F3-GMS-2051B 04:05.05-04:08.18
2072,3,2051,"No, I'll tell them.","比起打篮球,我更喜欢游泳。",,,,OCR_MISSING,F3-GMS-2051B 04:17.33-04:19.61
2073,3,2051,"你要告诉弗拉迪米尔发生了什么事,还是你想要我告诉他?","不,我会告诉他们。",,,,OCR_MISSING,F3-GMS-2051B 04:27.11-04:28.33
2074,3,2051,"出门前,我给建文打了电话。","不用,我会告诉他。",,,,LOW_CONF;OCR_MISSING,F3-GMS-2051B 04:36.03-04:37.46
2075,3,2051,毕业后你做了什么?,"出门前,我给建文打了电话。",,,,OCR_MISSING,F3-GMS-2051B 04:46.31-04:48.68
2076,3,2051,窃贼打破窗户爬进了屋子,毕业后你做了什么?,,,,LOW_CONF;OCR_MISSING,F3-GMS-2051B 04:56.89-04:58.47
2077,3,2051,You can improve your language skills by reading more books.,窃贼打破窗户爬进了屋子。,,,,OCR_MISSING,F3-GMS-2051B 05:08.69-05:11.05
2078,3,2051,她因为饮食不正常生病了。,你可以通过读更多的书来提高自己的语言能力。,,,,OCR_MISSING,F3-GMS-2051B 05:19.95-05:23.44
2079,3,2051,许多车祸都是因为人们驾驶速度太快所造成的。,他因为饮食不正常生病了。,,,,OCR_MISSING,F3-GMS-2051B 05:32.21-05:34.65
2080,3,2051,我们连续跑了十公里。,许多车祸都是因为人们驾驶速度太快所造成的。,,,,OCR_MISSING,F3-GMS-2051B 05:43.92-05:47.62
2081,3,2051,"我说的话很蠢,我说的时候没经过思考。",我们连续跑了10公里。,,,,OCR_MISSING,F3-GMS-2051B 05:56.67-05:58.48
2082,3,2051,他需要在没人打扰的状况下工作。,"我说的话很蠢,我说的时候没经过思考。",,,,OCR_MISSING,F3-GMS-2051B 06:07.88-06:11.03
2083,3,2051,"我自己的问题就够多的了,还要再担心你的。",他需要在没人打扰的状况下工作。,,,,OCR_MISSING,F3-GMS-2051B 06:19.76-06:22.36
2084,3,2051,"我们明天午餐时碰个面吗? 当然,咱们一起吃午餐吧!","我自己的问题就够多的了,还要再担心你的。",,,,OCR_MISSING,F3-GMS-2051B 06:32.28-06:35.50
2085,3,2051,"你期待周末吗? 是啊,我期待。","我们明天午餐时碰个面吗? 当然,咱们一起吃午餐吧。",,,,OCR_MISSING,F3-GMS-2051B 06:45.40-06:50.04
2086,3,2051,"你干嘛不出门去,而要整天坐在家里?","你期待周末吗? 是啊,我期待。",,,,OCR_MISSING,F3-GMS-2051B 06:59.10-07:02.03
2087,3,2051,我们进去看展览都不用排队。,"你干嘛不出门去,而要整天坐在家里?",,,,OCR_MISSING,F3-GMS-2051B 07:11.05-07:14.03
2088,3,2051,"北克托因为借了太多钱而让自己陷入了财务困境,","我们进去看展览,都不用排队。",,,,OCR_MISSING,F3-GMS-2051B 07:23.52-07:25.95
2089,3,2051,"拉蒙娜独自生活,她一个人过了15年,对她来说这一点也不奇怪。",北克托因为借了太多钱而让自己陷入了财务困境。,,,,OCR_MISSING,F3-GMS-2051B 07:36.28-07:40.37
2090,3,2051,"他已经习惯了,他习惯了自己生活。","拉蒙娜独自生活,她一个人过了15年,对她来说这一点也不奇怪。",,,,OCR_MISSING,F3-GMS-2051B 07:52.21-07:57.78
2091,3,2051,"我买了几双新鞋,第一次穿觉得有点奇怪,因为还没习惯。","他已经习惯了,他习惯了自己生活。",,,,OCR_MISSING,F3-GMS-2051B 08:07.13-08:10.52
2092,3,2051,"I expect we'll get used to the noise, but for now it's very annoying.","我买了几双新鞋,第一次穿觉得有点奇怪,因为还没习惯。",,,,OCR_MISSING,F3-GMS-2051B 08:21.03-08:25.92
2093,3,2051,Jamal has a new job. He has to get up much earlier now than before. He finds it difficult because he isn't used to getting up so early.,"I expect we'll get used to the noise, but for now it's very annoying.",,,,OCR_MISSING,F3-GMS-2051B 08:32.08-08:35.78
2094,3,2051,Malika's husband is often away. She doesn't mind. She's used to him being away.,Jamal has a new job. He has to get up much earlier now than before. He finds it difficult because he isn't used to getting up so early.,,,,LOW_CONF;OCR_MISSING,F3-GMS-2051B 08:48.26-08:56.11
2095,3,2051,Keiko had to get used to driving on the left when she moved back to Japan.,Malika's husband is often away. She doesn't mind. She's used to him being away.,,,,OCR_MISSING,F3-GMS-2051B 09:09.81-09:14.67
2096,3,2051,I'm used to driving on the left because I grew up in England.,"Keiko 当她回到日本时, 她必须习惯了左轮驾驶。",,,,OCR_MISSING,F3-GMS-2051B 09:25.64-09:29.93
2097,3,2051,"I used to drive to work every day, but these days I usually ride my bike.",I'm used to driving on the left because I grew up in England.,,,,OCR_MISSING,F3-GMS-2051B 09:39.52-09:42.24
2098,3,2051,"We used to live in a small town, but now we live in Los Angeles.","I used to drive to work every day, but these days I usually ride my bike.",,,,LOW_CONF;OCR_MISSING,F3-GMS-2051B 09:52.27-09:56.15
2099,3,2051,We talked about the problem.,"We used to live in a small town, but now we live in Los Angeles.",,,,OCR_MISSING,F3-GMS-2051B 10:06.36-10:09.77
2100,3,2051,You should apologize for what you said.,We talked about the problem.,,,,OCR_MISSING,F3-GMS-2051B 10:20.50-10:22.29
2101,3,2101,I'm thinking of buying a house.,我正在考虑买个房子。,,,,OCR_MISSING,F3-GMS-2101C 00:06.76-00:08.68
2102,3,2101,I wouldn't dream of asking them for money.,我绝不会想管他们要钱。,,,,OCR_MISSING,F3-GMS-2101C 00:11.90-00:13.96
2103,3,2101,He doesn't approve of swearing.,我不赞成说脏话。,,,,OCR_MISSING,F3-GMS-2101C 00:17.21-00:18.82
2104,3,2101,We've decided against moving to Australia.,我们已经决定不移民去澳大利亚了。,,,,LOW_CONF;OCR_MISSING,F3-GMS-2101C 00:22.07-00:24.64
2105,3,2101,Do you feel like going out tonight?,你今晚想出去吗?,,,,LOW_CONF;OCR_MISSING,F3-GMS-2101C 00:28.23-00:29.58
2106,3,2101,I'm looking forward to meeting her.,我很期盼跟他见面。,,,,OCR_MISSING,F3-GMS-2101C 00:33.05-00:34.75
2107,3,2101,I congratulated Mira on getting a new job.,"我对米拉找到了新工作,表示祝贺。",,,,OCR_MISSING,F3-GMS-2101C 00:38.34-00:41.13
2108,3,2101,They accused us of telling lies.,他们指责我们说谎。,,,,LOW_CONF;OCR_MISSING,F3-GMS-2101C 00:44.48-00:46.13
2109,3,2101,Nobody suspected the employee of being a spy.,没有人怀疑这个员工是间谍。,,,,OCR_MISSING,F3-GMS-2101C 00:49.56-00:51.89
2110,3,2101,What prevented you from coming to see us?,是什么原因你不能来见我们?,,,,OCR_MISSING,F3-GMS-2101C 00:55.12-00:57.19
2111,3,2101,The noise keeps me from falling asleep.,噪音让我无法入睡。,,,,OCR_MISSING,F3-GMS-2101C 01:00.41-01:02.25
2112,3,2101,The rain didn't stop us from enjoying our vacation.,这场雨无法阻止我们享受假期。,,,,OCR_MISSING,F3-GMS-2101C 01:05.61-01:08.20
2113,3,2101,I forgot to thank them for helping me.,我忘了谢谢他们对我的帮助。,,,,OCR_MISSING,F3-GMS-2101C 01:11.44-01:13.68
2114,3,2101,Please excuse me for not returning your call.,请原谅我没回你电话。,,,,OCR_MISSING,F3-GMS-2101C 01:16.88-01:18.94
2115,3,2101,There's no point in having a car if you never use it.,"如果你都不用车,那买车也没什么意义。",,,,OCR_MISSING,F3-GMS-2101C 01:22.17-01:25.27
2116,3,2101,"There was no point in waiting any longer, so we left.","再等下去也没有意义,所以我们离开了。",,,,OCR_MISSING,F3-GMS-2101C 01:28.46-01:31.57
2117,3,2101,"There's nothing you can do about the situation, so there's no use worrying about it.","你无法改变现状,所以担心也没有用。",,,,OCR_MISSING,F3-GMS-2101C 01:34.89-01:37.83
2118,3,2101,"I live only a short walk from here, so it's not worth taking a taxi.","我家离这儿就几步的距离,所以不值得打车过去。",,,,OCR_MISSING,F3-GMS-2101C 01:41.10-01:45.05
2119,3,2101,"Our flight was very early in the morning, so it wasn't worth going to bed.","我们的航班在凌晨,所以睡觉也没什么意义。",,,,OCR_MISSING,F3-GMS-2101C 01:48.30-01:51.65
2120,3,2101,What was the movie like? Was it worth seeing?,电影怎么样?值得去看吗?,,,,LOW_CONF;OCR_MISSING,F3-GMS-2101C 01:54.83-01:57.06
2121,3,2101,"Thieves broke into the house, but there was nothing worth stealing.","小偷闯进了房子,但没什么东西值得偷。",,,,OCR_MISSING,F3-GMS-2101C 02:00.28-02:03.58
2122,3,2101,I had no trouble finding a place to live.,要找个住的地方对我来说不成问题。,,,,OCR_MISSING,F3-GMS-2101C 02:06.79-02:09.64
2123,3,2101,Did you have any trouble getting a visa?,"办签证时,你遇到什么问题了吗?",,,,LOW_CONF;OCR_MISSING,F3-GMS-2101C 02:12.81-02:15.37
2124,3,2101,People often have a lot of trouble reading my handwriting.,很多人都看不懂我写的字。,,,,OCR_MISSING,F3-GMS-2101C 02:18.65-02:20.66
2125,3,2101,I had trouble finding a place to live. I had difficulty finding a place to live.,要找个住的地方对我来说好难。,,,,OCR_MISSING,F3-GMS-2101C 02:23.90-02:26.48
2126,3,2101,He spent hours trying to repair the clock.,他花了好几个小时修这个钟。,,,,OCR_MISSING,F3-GMS-2101C 02:29.62-02:31.78
2127,3,2101,I waste a lot of time daydreaming.,我浪费了很多时间在做白日梦。,,,,LOW_CONF;OCR_MISSING,F3-GMS-2101C 02:34.98-02:37.43
2128,3,2101,How often do you go swimming?,你多久去游一次游?,,,,OCR_MISSING,F3-GMS-2101C 02:40.61-02:42.25
2129,3,2101,When was the last time you went shopping?,你上次逛街是什么时候?,,,,OCR_MISSING,F3-GMS-2101C 02:45.41-02:47.28
2130,3,2101,I have a problem remembering people's names.,记住人们的名字对我来说很难。,,,,OCR_MISSING,F3-GMS-2101C 02:50.53-02:52.86
2131,3,2101,She had no difficulty getting a job.,找一份工作对他来说并不难。,,,,LOW_CONF;OCR_MISSING,F3-GMS-2101C 02:56.07-02:58.29
2132,3,2101,You won't have any trouble getting a ticket for the game.,要买到这场球赛的门票对你来说不成问题。,,,,OCR_MISSING,F3-GMS-2101C 03:01.54-03:04.82
2133,3,2101,I think you waste too much time watching television.,我觉得你浪费了太多时间看电视。,,,,OCR_MISSING,F3-GMS-2101C 03:07.93-03:10.45
2134,3,2101,It's hard to find a place to park downtown.,要在市中心找个停车位很难。,,,,OCR_MISSING,F3-GMS-2101C 03:13.68-03:15.95
2135,3,2101,I get lonely if there's nobody to talk to.,"如果没有人能说说话,我会觉得很寂寞。",,,,OCR_MISSING,F3-GMS-2101C 03:19.14-03:22.13
2136,3,2101,I need something to open this bottle with.,我需要个什么东西来开这个瓶子。,,,,OCR_MISSING,F3-GMS-2101C 03:25.36-03:27.87
2137,3,2101,They gave us some money to buy some food.,他们给了我们些钱去买点吃的。,,,,OCR_MISSING,F3-GMS-2101C 03:31.06-03:33.49
2138,3,2101,Do you have much opportunity to practice your foreign language?,你练习外语的机会多吗?,,,,OCR_MISSING,F3-GMS-2101C 03:36.66-03:38.57
2139,3,2101,I need a few days to think about your proposal.,我需要几天的时间来考虑你的提议。,,,,OCR_MISSING,F3-GMS-2101C 03:41.73-03:44.54
2140,3,2101,"Since there weren't any chairs for us to sit on, we had to sit on the floor.","因为没有椅子坐了,所以我们得坐在地板上。",,,,OCR_MISSING,F3-GMS-2101C 03:47.83-03:51.03
2141,3,2101,I hurried so that I wouldn't be late.,我得赶快点才不会迟到。,,,,OCR_MISSING,F3-GMS-2101C 03:54.29-03:56.18
2142,3,2101,Leave early so that you won't miss the bus.,"你早点走,这样才不会错过公车。",,,,OCR_MISSING,F3-GMS-2101C 03:59.54-04:02.28
2143,3,2101,She's learning English so that she can study in Australia.,"他在学英语,这样他才能去澳大利亚读书。",,,,OCR_MISSING,F3-GMS-2101C 04:05.45-04:08.64
2144,3,2101,We moved to the city so that we could see our children more often.,"我们搬到了城市,以便我们能更经常见到我们的孩子。",,,,OCR_MISSING,F3-GMS-2101C 04:11.84-04:15.88
2145,3,2101,I put on warmer clothes so I wouldn't feel cold.,"我穿上暖和的衣服,这样我就不会觉得冷了。",,,,OCR_MISSING,F3-GMS-2101C 04:19.11-04:22.77
2146,3,2101,I left Kenji my phone number so he'd be able to contact me.,"我留了我的电话号码给建制,这样他就能联系到我了。",,,,OCR_MISSING,F3-GMS-2101C 04:26.02-04:29.84
2147,3,2101,We whispered so that nobody could hear our conversation.,"我们悄悄地说,这样别人就不会听到我们的对话了。",,,,OCR_MISSING,F3-GMS-2101C 04:33.06-04:36.61
2148,3,2101,Please arrive early so that we'll be able to start the meeting on time.,"请早点到,以便我们能准时开会。",,,,OCR_MISSING,F3-GMS-2101C 04:39.82-04:42.68
2149,3,2101,Sanjit locked the door so that he wouldn't be disturbed.,"山吉特锁上了门,以便不会受到打扰。",,,,OCR_MISSING,F3-GMS-2101C 04:45.99-04:49.26
2150,3,2101,I slowed down so that the car behind me could pass.,我减速以便让后面的车超车。,,,,OCR_MISSING,F3-GMS-2101C 04:52.45-04:55.20
2151,3,2151,Do you think it's safe to drink this water? Do you think this water is safe to drink?,你说喝这水安全吗?,,,,OCR_MISSING,F3-GMS-2151C 00:12.04-00:14.68
2152,3,2151,It was impossible to answer the questions on the exam. They were impossible to answer.,"在考试中回答这些问题是不可能的,这些问题是不可能回答的。",,,,OCR_MISSING,F3-GMS-2151C 00:15.20-00:17.14
2153,3,2151,It's interesting to talk to Veda. She's interesting to talk to.,跟维达说话很有意思。,,,,OCR_MISSING,F3-GMS-2151C 00:20.55-00:22.33
2154,3,2151,This is a difficult question for me to answer.,这对我来说是个很难回答的问题。,,,,OCR_MISSING,F3-GMS-2151C 00:25.71-00:28.26
2155,3,2151,It was nice of you to take me to the airport.,谢谢你送我去机场。,,,,OCR_MISSING,F3-GMS-2151C 00:31.48-00:33.21
2156,3,2151,It's foolish of Li Ting to quit her job when she needs the money.,"丽婷在她需要钱的时候辞掉了工作,真的很傻。",,,,OCR_MISSING,F3-GMS-2151C 00:36.45-00:40.31
2157,3,2151,I think it was very unfair of him to criticize me.,他的批评对我来说很不公平。,,,,OCR_MISSING,F3-GMS-2151C 00:43.69-00:46.10
2158,3,2151,I was sorry to hear that your father is ill.,"听说你父亲生病了,我很遗憾。",,,,LOW_CONF;OCR_MISSING,F3-GMS-2151C 00:49.25-00:51.84
2159,3,2151,Was Adrian surprised to see you?,亚德里安看到你有没有很惊喜?,,,,OCR_MISSING,F3-GMS-2151C 00:55.03-00:57.38
2160,3,2151,It was a long and tiring trip. We were glad to get home.,"这是个漫长而劳累的旅程,我们回到家很开心。",,,,OCR_MISSING,F3-GMS-2151C 01:00.51-01:04.45
2161,3,2151,"If I have any more news, you'll be the first person to know.","如果有任何消息,你会是第一个知道的人。",,,,OCR_MISSING,F3-GMS-2151C 01:07.63-01:10.76
2162,3,2151,The next plane to arrive at gate 4 will be flight 512 from Beijing.,下个将抵达4号登机门的是从北京起飞的512航班。,,,,OCR_MISSING,F3-GMS-2151C 01:13.90-01:18.72
2163,3,2151,"Everybody was late, except me. I was the only one to arrive on time.","除了我,大家都迟到了,我是唯一一个准时到的。",,,,OCR_MISSING,F3-GMS-2151C 01:21.89-01:25.67
2164,3,2151,Anastasia is a very good student. She's bound to pass the exam.,"安娜斯塔西亚是个不错的学生,她肯定能通过考试。",,,,OCR_MISSING,F3-GMS-2151C 01:29.02-01:33.05
2165,3,2151,I'm likely to get home late tonight.,我今天晚上可能会晚点回家。,,,,OCR_MISSING,F3-GMS-2151C 01:36.22-01:38.45
2166,3,2151,I was the second customer to complain to the restaurant manager.,我是第二个对餐厅经理抱怨的客人。,,,,OCR_MISSING,F3-GMS-2151C 01:41.69-01:44.37
2167,3,2151,That chair is not safe to stand on.,那张椅子不稳。,,,,OCR_MISSING,F3-GMS-2151C 01:47.54-01:48.77
2168,3,2151,"After such a long trip, you're bound to be tired.","经过这么长时间旅行,你一定觉得很累。",,,,OCR_MISSING,F3-GMS-2151C 01:51.93-01:55.05
2169,3,2151,"Since the holiday begins this Friday, there's likely going to be a lot of traffic on the roads.","由于这次假期是从星期五开始,交通可能会很拥挤。",,,,OCR_MISSING,F3-GMS-2151C 01:58.30-02:02.52
2170,3,2151,This part of town is dangerous. People are afraid to walk here at night.,"城里的这个地方很危险,大家都很害怕晚上经过这里。",,,,OCR_MISSING,F3-GMS-2151C 02:05.74-02:09.77
2171,3,2151,Alexei was afraid to tell his parents what happened.,埃列克谢不敢告诉他的父母发生了什么事。,,,,OCR_MISSING,F3-GMS-2151C 02:13.01-02:16.05
2172,3,2151,"The sidewalk was icy, so we walked very carefully. We were afraid of falling.","人行道上结冰了,所以我们走得很小心,我们担心摔倒。",,,,OCR_MISSING,F3-GMS-2151C 02:19.24-02:23.76
2173,3,2151,I don't like dogs. I'm always afraid of getting bitten.,"我不喜欢狗,我总是害怕被咬。",,,,OCR_MISSING,F3-GMS-2151C 02:27.02-02:29.56
2174,3,2151,I was afraid to go near the dog because I was afraid of getting bitten.,"我很怕靠近那只狗,因为我怕它咬我。",,,,OCR_MISSING,F3-GMS-2151C 02:32.77-02:35.81
2175,3,2151,Let me know if you're interested in joining the club.,"如果你有兴趣加入俱乐部,就告诉我。",,,,OCR_MISSING,F3-GMS-2151C 02:39.18-02:41.84
2176,3,2151,"I tried to sell my car, but nobody was interested in buying it.","我试图把我的车卖了,但没有人有兴趣要买。",,,,OCR_MISSING,F3-GMS-2151C 02:45.06-02:48.47
2177,3,2151,"I was interested to hear that Arturo quit his job. I, on the other hand, was surprised to hear it.","我对阿图罗辞职的事很感兴趣,我听到这件事倒是很惊讶。",,,,OCR_MISSING,F3-GMS-2151C 02:51.92-02:57.17
2178,3,2151,Ask Anna for her opinion. I'd be interested to know what she thinks.,"问问安娜的意见,我很想知道她怎么想。",,,,OCR_MISSING,F3-GMS-2151C 03:00.45-03:03.47
2179,3,2151,I was sorry to hear that Boris lost his job.,"听到鲍里斯没了工作,我感到很惋惜。",,,,OCR_MISSING,F3-GMS-2151C 03:06.75-03:09.98
2180,3,2151,I've enjoyed my stay here. I'll be sorry to leave.,"我很享受住在这里的日子,离开我会感到很惋惜。",,,,OCR_MISSING,F3-GMS-2151C 03:13.27-03:17.35
2181,3,2151,"I'm sorry to call you so late, but I need to ask you something.","很抱歉这么晚答给你,但我有事要问你。",,,,OCR_MISSING,F3-GMS-2151C 03:20.59-03:23.81
2182,3,2151,I'm sorry for shouting at you yesterday. I'm sorry I shouted at you yesterday.,我对昨天对你好很抱歉。,,,,OCR_MISSING,F3-GMS-2151C 03:26.98-03:29.20
2183,3,2151,We weren't allowed to leave the building. We were prevented from leaving the building.,"我们不允许离开这栋大楼,我们被禁止离开这栋大楼。",,,,OCR_MISSING,F3-GMS-2151C 03:32.37-03:34.32
2184,3,2151,"Daisuke failed to solve the problem, whereas Aiko succeeded in solving the problem.","大戒没能解决这个问题,而艾子成功地解决了。",,,,OCR_MISSING,F3-GMS-2151C 03:34.91-03:36.98
2185,3,2151,Fabio promised to buy me lunch. Fabio insisted on buying me lunch.,"法比奥答应了中午请我吃饭,法比奥坚持要中午请我吃饭。",,,,OCR_MISSING,F3-GMS-2151C 03:40.29-03:44.18
2186,3,2151,I saw Donna get into her car and drive away.,"我看到Donna上车,然后开走了。",,,,OCR_MISSING,F3-GMS-2151C 03:47.50-03:52.28
2187,3,2151,I saw Fyodor waiting for a bus.,我看见菲奥多尔在等公车。,,,,OCR_MISSING,F3-GMS-2151C 03:55.55-03:58.29
2188,3,2151,I saw him fall off his bike.,我看见他从自行车上摔了下来。,,,,OCR_MISSING,F3-GMS-2151C 04:01.56-04:03.70
2189,3,2151,Did you see the accident happen?,你看到意外的发生经过了吗?,,,,LOW_CONF;OCR_MISSING,F3-GMS-2151C 04:06.95-04:09.23
2190,3,2151,I saw him walking along the street.,"我看见他独自走在街上,",,,,OCR_MISSING,F3-GMS-2151C 04:12.55-04:14.70
2191,3,2151,I didn't hear you come in.,我没听见你进来。,,,,LOW_CONF;OCR_MISSING,F3-GMS-2151C 04:18.14-04:20.14
2192,3,2151,Xenia suddenly felt somebody touch her on the shoulder.,奇尼亚突然感觉有人碰她的肩膀。,,,,OCR_MISSING,F3-GMS-2151C 04:23.39-04:24.83
2193,3,2151,Did you notice anyone go out?,你有没有注意到有人出去了?,,,,LOW_CONF;OCR_MISSING,F3-GMS-2151C 04:28.01-04:30.45
2194,3,2151,I could hear it raining.,我能听见雨声。,,,,OCR_MISSING,F3-GMS-2151C 04:33.83-04:35.88
2195,3,2151,The missing children were last seen playing near the river.,失踪的儿童最后一次被看到是在河边玩。,,,,OCR_MISSING,F3-GMS-2151C 04:39.19-04:40.57
2196,3,2151,Can you smell something burning?,你文件有东西被烧焦的味道了吗?,,,,OCR_MISSING,F3-GMS-2151C 04:43.85-04:47.00
2197,3,2151,I found friends in my room reading my email.,我发现弗朗兹在我房间里看我的电子邮件。,,,,OCR_MISSING,F3-GMS-2151C 04:50.28-04:52.76
2198,3,2151,Everyone heard the bomb explode.,所有人都听到了炸弹爆炸的声音。,,,,OCR_MISSING,F3-GMS-2151C 04:55.92-04:59.36
2199,3,2151,I heard someone slamming the door in the middle of the night.,我听到有人在半夜砰的一声关上门。,,,,OCR_MISSING,F3-GMS-2151C 05:02.57-05:05.23
2200,3,2151,Heidi hurt her knee playing volleyball.,海地打排球时弄伤了他的膝盖。,,,,OCR_MISSING,F3-GMS-2151C 05:08.36-05:11.27
2201,3,2201,Takehiro's in the kitchen making coffee.,高广在厨房煮咖啡。,,,,OCR_MISSING,F3-GMS-2201C 00:11.79-00:14.42
2202,3,2201,A man ran out of the house shouting.,有个男的从家里大叫着跑了出来。,,,,OCR_MISSING,F3-GMS-2201C 00:17.73-00:19.87
2203,3,2201,Do something. Don't just stand there doing nothing.,"快做事,别站着无所事事。",,,,OCR_MISSING,F3-GMS-2201C 00:23.25-00:25.08
2204,3,2201,Did you cut yourself shaving?,你刮胡子时割伤了吗?,,,,OCR_MISSING,F3-GMS-2201C 00:28.31-00:29.90
2205,3,2201,Be careful when crossing the street.,过马路时要小心。,,,,OCR_MISSING,F3-GMS-2201C 00:33.03-00:36.24
2206,3,2201,"Having finally found a hotel, we looked for some place to have dinner.","终于找到了酒店,我们要找个地方吃晚餐。",,,,OCR_MISSING,F3-GMS-2201C 00:39.51-00:41.36
2207,3,2201,"After getting off work, she went straight home.",他下班后直接回家了。,,,,OCR_MISSING,F3-GMS-2201C 00:44.58-00:47.36
2208,3,2201,"Taking a key out of his pocket, he unlocked the door.","他把钥匙从兜里拿出来,开了门。",,,,OCR_MISSING,F3-GMS-2201C 00:50.73-00:53.16
2209,3,2201,"Feeling tired, I went to bed early.","我很累,就早早去睡觉了。",,,,OCR_MISSING,F3-GMS-2201C 00:56.38-00:58.97
2210,3,2201,Being unemployed means he doesn't have much money.,"没有工作,说明他没有多少钱。",,,,OCR_MISSING,F3-GMS-2201C 01:02.15-01:04.57
2211,3,2201,Not having a car can make getting around difficult in some places.,有些地方没车就很不方便。,,,,OCR_MISSING,F3-GMS-2201C 01:07.71-01:11.72
2212,3,2201,"Having already seen the movie twice, I didn't want to go again with my friends.","这部电影我看过两次了,就不想跟朋友们再去看一遍了。",,,,OCR_MISSING,F3-GMS-2201C 01:15.13-01:18.97
2213,3,2201,Not being able to speak the local language meant that I had trouble communicating.,不会说当地的语言就意味着我沟通会遇到障碍。,,,,OCR_MISSING,F3-GMS-2201C 01:22.21-01:25.00
2214,3,2201,"Being a vegetarian, Mitsuko doesn't eat any kind of meat.","光子吃素,所以他不吃任何肉类。",,,,OCR_MISSING,F3-GMS-2201C 01:28.19-01:31.52
2215,3,2201,The police want to talk to anybody who saw the accident.,警察想要跟任何目击到这起意外的人谈谈。,,,,OCR_MISSING,F3-GMS-2201C 01:34.74-01:38.84
2216,3,2201,The new city hall isn't a very beautiful building. Most people don't like it.,"新的市政厅大楼不怎么好看,大部分人都不喜欢。",,,,OCR_MISSING,F3-GMS-2201C 01:42.00-01:43.81
2217,3,2201,The people were injured in the accident.,有人在车祸中受了伤。,,,,OCR_MISSING,F3-GMS-2201C 01:47.02-01:48.83
2218,3,2201,Do the police know the cause of the explosion?,警察知道爆炸的原因吗?,,,,OCR_MISSING,F3-GMS-2201C 01:52.05-01:54.11
2219,3,2201,The police are looking for the stolen car.,警察正在寻找失窃的车。,,,,OCR_MISSING,F3-GMS-2201C 01:57.44-01:59.96
2220,3,2201,"I need my glasses, but I can't find them.","我需要我的眼镜,但我找不到了。",,,,OCR_MISSING,F3-GMS-2201C 02:03.24-02:05.44
2221,3,2201,I'm going to buy some new jeans today.,我今天要去买条新的牛仔裤。,,,,OCR_MISSING,F3-GMS-2201C 02:08.68-02:10.69
2222,3,2201,Did you hear a noise just now?,你刚才听见什么声音了吗?,,,,OCR_MISSING,F3-GMS-2201C 02:13.99-02:16.69
2223,3,2201,I can't work here. There's too much noise.,"在这儿我没法工作,太吵了。",,,,OCR_MISSING,F3-GMS-2201C 02:19.98-02:21.65
2224,3,2201,There's a hair in my soup.,我的汤里有根头发。,,,,OCR_MISSING,F3-GMS-2201C 02:24.80-02:26.31
2225,3,2201,You've got very long hair.,你的头发真长。,,,,OCR_MISSING,F3-GMS-2201C 02:29.47-02:32.86
2226,3,2201,You can stay with us. We have a spare room.,"你可以跟我们一起住,我们还有多余的房间。",,,,OCR_MISSING,F3-GMS-2201C 02:36.06-02:38.75
2227,3,2201,You can't sit here. There isn't any room.,"你不能坐在这里,这里没有位子了。",,,,OCR_MISSING,F3-GMS-2201C 02:42.16-02:44.96
2228,3,2201,I had some interesting experiences while I was traveling.,我的旅程中有些很有趣的经历。,,,,OCR_MISSING,F3-GMS-2201C 02:48.15-02:50.91
2229,3,2201,They offered me the job because I had a lot of experience.,"因为我很有经验,所以他们雇佣了我。",,,,OCR_MISSING,F3-GMS-2201C 02:54.07-02:55.55
2230,3,2201,I'm going to go buy a loaf of bread.,我要去买个面包。,,,,OCR_MISSING,F3-GMS-2201C 02:58.82-03:01.62
2231,3,2201,Enjoy your vacation. I hope you have good weather.,"享受你的假期吧,希望都是好天气。",,,,OCR_MISSING,F3-GMS-2201C 03:04.87-03:06.83
2232,3,2201,Where are you going to put all your furniture?,你打算把家具都放在哪?,,,,OCR_MISSING,F3-GMS-2201C 03:10.29-03:13.11
2233,3,2201,Let me know if you need more information.,"如果你需要更多信息,就跟我说。",,,,OCR_MISSING,F3-GMS-2201C 03:16.31-03:18.27
2234,3,2201,The news was very depressing.,这个消息很令人沮丧。,,,,OCR_MISSING,F3-GMS-2201C 03:21.50-03:23.59
2235,3,2201,They spend a lot of money on travel.,"他们花了很多钱在旅游上,",,,,OCR_MISSING,F3-GMS-2201C 03:26.99-03:28.57
2236,3,2201,We had a very good trip.,我们的旅行很不错。,,,,OCR_MISSING,F3-GMS-2201C 03:31.78-03:33.13
2237,3,2201,It's a nice day today. It's nice weather today.,今天天气不错。,,,,LOW_CONF;OCR_MISSING,F3-GMS-2201C 03:36.34-03:38.50
2238,3,2201,We had a lot of bags and suitcases. We had a lot of baggage.,我们有很多大包小包的行李。,,,,OCR_MISSING,F3-GMS-2201C 03:41.68-03:43.14
2239,3,2201,These chairs are mine. This furniture is mine.,"这些椅子是我的,这些家具是我的。",,,,OCR_MISSING,F3-GMS-2201C 03:43.75-03:45.32
2240,3,2201,That's a good suggestion. That's good advice.,这是个不错的建议。,,,,OCR_MISSING,F3-GMS-2201C 03:48.62-03:50.29
2241,3,2201,My neighbor drives an SUV.,我邻居开一辆越野车。,,,,OCR_MISSING,F3-GMS-2201C 03:53.53-03:55.60
2242,3,2201,My neighbor is an FBI agent.,我的邻居是联邦调查局特工。,,,,OCR_MISSING,F3-GMS-2201C 03:58.81-04:01.24
2243,3,2201,He got a university degree.,他有大学学位。,,,,OCR_MISSING,F3-GMS-2201C 04:04.42-04:05.86
2244,3,2201,He was an NYU student.,他以前在纽约大学上大学。,,,,OCR_MISSING,F3-GMS-2201C 04:09.16-04:11.60
2245,3,2201,"If you want to leave early, you have to ask for permission.",你必须要经过许可才可以提前离开。,,,,OCR_MISSING,F3-GMS-2201C 04:14.89-04:17.60
2246,3,2201,I don't think Marco will get the job because he doesn't have enough experience.,"我觉得马可不会得到这份工作,因为他工作经验不够。",,,,OCR_MISSING,F3-GMS-2201C 04:20.82-04:24.82
2247,3,2201,Can I talk to you? I need some advice.,我能跟你聊聊吗?我需要些建议。,,,,OCR_MISSING,F3-GMS-2201C 04:28.08-04:30.69
2248,3,2201,I'd like some information about hotels in Paris.,我想了解下关于巴黎酒店的情况。,,,,OCR_MISSING,F3-GMS-2201C 04:34.17-04:36.70
2249,3,2201,English has one alphabet with 26 letters.,英语字母表有26个字母。,,,,OCR_MISSING,F3-GMS-2201C 04:39.92-04:42.05
2250,3,2201,English has a lot of vocabulary.,英语的词汇很多。,,,,OCR_MISSING,F3-GMS-2201C 04:45.30-04:46.83
2251,3,2251,Today I learned 20 new vocabulary words.,我今天学了20个新单词。,,,,OCR_MISSING,F3-GMS-2251C 00:06.76-00:08.86
2252,3,2251,I've got a new job and it's hard work.,"我找了份新工作,很辛苦。",,,,OCR_MISSING,F3-GMS-2251C 00:12.16-00:14.65
2253,3,2251,I need some money to buy some food.,我需要些钱买点吃的。,,,,OCR_MISSING,F3-GMS-2251C 00:18.01-00:19.98
2254,3,2251,We met a lot of interesting people at the party.,我们在派对上认识了很多很有意思的人。,,,,OCR_MISSING,F3-GMS-2251C 00:23.15-00:26.01
2255,3,2251,I'm going to open a window to get some fresh air.,我要开窗通通风。,,,,LOW_CONF;OCR_MISSING,F3-GMS-2251C 00:29.20-00:30.66
2256,3,2251,I'd like to give you some advice before you go off to college.,我想在你上大学前给你一些忠告。,,,,OCR_MISSING,F3-GMS-2251C 00:33.88-00:36.40
2257,3,2251,The tour guide gave us some information about the city.,导游给我们介绍了这个城市相关的信息。,,,,OCR_MISSING,F3-GMS-2251C 00:39.62-00:42.82
2258,3,2251,We've had wonderful weather this last month.,上个月天气非常好。,,,,LOW_CONF;OCR_MISSING,F3-GMS-2251C 00:46.02-00:47.72
2259,3,2251,Some children learn very quickly.,有些孩子学得非常快。,,,,OCR_MISSING,F3-GMS-2251C 00:50.88-00:52.68
2260,3,2251,"Tomorrow there will be rain in some places, but most of the country will be dry.","明天国内有些地方会下雨,但大多数地区不会。",,,,OCR_MISSING,F3-GMS-2251C 00:55.98-00:59.77
2261,3,2251,I have to go to the bank today. Is there a bank near here?,"我今天得去趟银行,这附近有银行吗?",,,,OCR_MISSING,F3-GMS-2251C 01:03.21-01:06.64
2262,3,2251,I don't like going to the dentist. My sister's a dentist.,"我不喜欢去看牙医,我姐就是牙医。",,,,OCR_MISSING,F3-GMS-2251C 01:09.96-01:13.27
2263,3,2251,I have to go to the bank and then I'm going to the post office.,"我得先去银行,然后再去趟邮局。",,,,OCR_MISSING,F3-GMS-2251C 01:16.52-01:19.45
2264,3,2251,Two people were taken to the hospital after the accident.,车祸后有两个人被送到医院。,,,,OCR_MISSING,F3-GMS-2251C 01:22.78-01:25.16
2265,3,2251,"Flora works eight hours a day, six days a week.","佛洛拉每天工作8小时,一周工作6天。",,,,OCR_MISSING,F3-GMS-2251C 01:28.35-01:31.97
2266,3,2251,What's the longest river in the world?,世界上最长的河是哪一条?,,,,OCR_MISSING,F3-GMS-2251C 01:35.30-01:37.58
2267,3,2251,The earth goes around the sun and the moon goes around the earth.,"地球绕着太阳转,月亮绕着地球转。",,,,OCR_MISSING,F3-GMS-2251C 01:40.75-01:44.04
2268,3,2251,Have you ever crossed the equator?,你曾经跨越过赤道吗?,,,,OCR_MISSING,F3-GMS-2251C 01:47.36-01:49.21
2269,3,2251,We looked up at all the stars in the sky.,我们抬起头看天上的星星。,,,,OCR_MISSING,F3-GMS-2251C 01:52.44-01:54.55
2270,3,2251,We must do more to protect the environment.,我们必须在环境保护方面做得更多。,,,,OCR_MISSING,F3-GMS-2251C 01:57.70-02:00.64
2271,3,2251,There are millions of stars in space.,太空中有成千上万颗星星。,,,,LOW_CONF;OCR_MISSING,F3-GMS-2251C 02:03.84-02:06.27
2272,3,2251,Milena's brother is in prison for robbery. He's in jail.,"米莱娜的弟弟因抢劫入狱,米莱娜的弟弟在监狱里。",,,,OCR_MISSING,F3-GMS-2251C 02:09.44-02:14.17
2273,3,2251,Milena went to the prison to visit her brother.,米莱娜想去探望她的弟弟。,,,,OCR_MISSING,F3-GMS-2251C 02:17.37-02:19.37
2274,3,2251,"When I finish high school, I want to go to college.","等我高中毕业,我要上大学。",,,,OCR_MISSING,F3-GMS-2251C 02:22.53-02:24.81
2275,3,2251,Constantine is a student at the college where I used to work.,康斯坦丁在我以前工作的大学读书。,,,,OCR_MISSING,F3-GMS-2251C 02:28.33-02:31.74
2276,3,2251,I was in class for five hours today.,我今天上了五个小时的课。,,,,OCR_MISSING,F3-GMS-2251C 02:34.97-02:36.97
2277,3,2251,Who's the youngest student in the class?,谁是班上最年轻的学生?,,,,OCR_MISSING,F3-GMS-2251C 02:40.10-02:42.26
2278,3,2251,Do you ever have breakfast in bed?,你会在床上吃早餐吗?,,,,OCR_MISSING,F3-GMS-2251C 02:45.55-02:47.38
2279,3,2251,What time do you usually finish work?,你通常什么时候下班?,,,,OCR_MISSING,F3-GMS-2251C 02:50.56-02:52.12
2280,3,2251,Will you be home tomorrow afternoon?,你明天下午在家吗?,,,,LOW_CONF;OCR_MISSING,F3-GMS-2251C 02:55.41-02:56.89
2281,3,2251,"The economy was bad, so a lot of people were out of work.","因为经济不景气,很多人都失业了。",,,,OCR_MISSING,F3-GMS-2251C 03:00.19-03:03.20
2282,3,2251,Do you like strong black coffee?,你喜欢很浓的黑咖啡吗?,,,,OCR_MISSING,F3-GMS-2251C 03:06.53-03:08.52
2283,3,2251,Do you like the coffee we had after dinner last night?,你喜欢我们昨天晚餐后喝的咖啡吗?,,,,OCR_MISSING,F3-GMS-2251C 03:11.71-03:14.36
2284,3,2251,Some people are afraid of spiders.,有些人害怕蜘蛛。,,,,OCR_MISSING,F3-GMS-2251C 03:17.55-03:19.11
2285,3,2251,A vegetarian is someone who doesn't eat meat.,素食主义者是不吃肉的。,,,,OCR_MISSING,F3-GMS-2251C 03:22.28-03:24.24
2286,3,2251,Do you know the people who live next door?,你认识住在隔壁的人吗?,,,,OCR_MISSING,F3-GMS-2251C 03:27.52-03:29.51
2287,3,2251,History is the study of the past.,历史是研究过去的询问。,,,,OCR_MISSING,F3-GMS-2251C 03:32.78-03:34.93
2288,3,2251,"The water in the pool didn't look clean, so we didn't go swimming.","游泳池的水看起来不干净,所以我们不游了。",,,,OCR_MISSING,F3-GMS-2251C 03:38.13-03:41.42
2289,3,2251,You need patience to teach young children.,教小孩子需要耐心。,,,,OCR_MISSING,F3-GMS-2251C 03:44.60-03:46.51
2290,3,2251,"Paolo and Juliana got married, but the marriage didn't last very long.","保罗和朱利安娜结婚了,但他们的婚姻没能维持多久。",,,,OCR_MISSING,F3-GMS-2251C 03:49.70-03:53.98
2291,3,2251,A pacifist is a person who is against war.,和平主义者是反对战争的人。,,,,OCR_MISSING,F3-GMS-2251C 03:57.21-03:59.52
2292,3,2251,Do you think the rich should pay higher taxes?,你认为有钱人应该要付更高的税吗?,,,,OCR_MISSING,F3-GMS-2251C 04:02.65-04:05.76
2293,3,2251,The government has promised to provide more money to help the homeless.,政府承诺会提供更多的资金来帮助无家可归的人。,,,,OCR_MISSING,F3-GMS-2251C 04:09.00-04:13.19
2294,3,2251,The French are famous for their food.,法国因为它的食物而著名。,,,,OCR_MISSING,F3-GMS-2251C 04:16.34-04:18.67
2295,3,2251,The Chinese Invented Printing,中国人发明了印刷术。,,,,OCR_MISSING,F3-GMS-2251C 04:21.79-04:23.70
2296,3,2251,The dollar is the currency of many countries.,"美金是许多国家的货币,",,,,OCR_MISSING,F3-GMS-2251C 04:27.05-04:29.13
2297,3,2251,"Life is all right if you have a job, but things are not so easy for the unemployed.","有份工作生活就不成问题,但对失业的人来说,一切都不容易。",,,,OCR_MISSING,F3-GMS-2251C 04:32.31-04:37.58
2298,3,2251,It is said that Robin Hood took money from the rich and gave it to the poor.,"据说,罗宾汉拿走富人的钱给了穷人。",,,,OCR_MISSING,F3-GMS-2251C 04:40.73-04:44.00
2299,3,2251,Cairo's the capital of Egypt.,开罗是埃及的首都。,,,,OCR_MISSING,F3-GMS-2251C 04:47.20-04:48.99
2300,3,2251,The Atlantic Ocean is between Africa and America.,大西洋在非洲和美洲之间。,,,,OCR_MISSING,F3-GMS-2251C 04:52.23-04:54.65
2301,3,2301,瑞典是一个北欧国家。,"瑞典是一个北欧国家,",,,,OCR_MISSING,F3-GMS-2301C 00:06.76-00:08.67
2302,3,2301,Amazon is in South America.,亚马逊河在南美洲。,,,,OCR_MISSING,F3-GMS-2301C 00:11.86-00:13.77
2303,3,2301,Asia is the largest continent in the world.,亚洲是世界上最大的大陆。,,,,OCR_MISSING,F3-GMS-2301C 00:17.12-00:19.40
2304,3,2301,Taipingyang is the largest ocean in the world.,太平洋是世界上最大的海洋。,,,,OCR_MISSING,F3-GMS-2301C 00:22.69-00:25.01
2305,3,2301,莱茵河在欧洲。,莱茵河在欧洲。,,,,OCR_MISSING,F3-GMS-2301C 00:28.21-00:29.77
2306,3,2301,Kenya is a East African country.,肯尼亚是一个东非国家。,,,,OCR_MISSING,F3-GMS-2301C 00:33.14-00:35.13
2307,3,2301,美国在墨西哥和加拿大中间,"美国在墨西哥和加拿大中间,",,,,OCR_MISSING,F3-GMS-2301C 00:38.47-00:41.05
2308,3,2301,Andes Mountains are located in South America.,安迪斯山脉在南美洲。,,,,OCR_MISSING,F3-GMS-2301C 00:44.21-00:46.23
2309,3,2301,Bangkok is the capital of Thailand.,曼谷是泰国的首都。,,,,OCR_MISSING,F3-GMS-2301C 00:49.37-00:51.18
2310,3,2301,阿爾卑斯山在歐洲中部,阿尔卑斯山在欧洲中部。,,,,OCR_MISSING,F3-GMS-2301C 00:54.31-00:56.37
2311,3,2301,Sahara Desert is located in northern Africa.,撒哈拉沙漠在非洲北部。,,,,OCR_MISSING,F3-GMS-2301C 00:59.56-01:01.79
2312,3,2301,菲律賓是臺灣附近的群島。,菲律宾是台湾附近的群岛。,,,,OCR_MISSING,F3-GMS-2301C 01:04.97-01:07.22
2313,3,2301,你去过法国南部吗?,你去过法国南部吗?,,,,OCR_MISSING,F3-GMS-2301C 01:10.50-01:12.22
2314,3,2301,我希望明年可以去英国。,我希望明年可以去英国。,,,,OCR_MISSING,F3-GMS-2301C 01:15.42-01:17.46
2315,3,2301,"苏格兰,英格兰和威尔士都在英国。",苏格兰、英格兰和威尔士都在英国。,,,,OCR_MISSING,F3-GMS-2301C 01:20.83-01:24.24
2316,3,2301,长城在中国,长城在中国,,,,OCR_MISSING,F3-GMS-2301C 01:27.46-01:28.92
2317,3,2301,加州大学洛杉矶分校在洛杉矶,加州大学洛杉矶分校在洛杉矶。,,,,OCR_MISSING,F3-GMS-2301C 01:32.29-01:34.99
2318,3,2301,Google Hamburg is in New York.,谷歌汉博物馆在纽约。,,,,OCR_MISSING,F3-GMS-2301C 01:38.11-01:40.07
2319,3,2301,未成在雅典,未成在雅典,,,,OCR_MISSING,F3-GMS-2301C 01:43.28-01:44.67
2320,3,2301,Kremlin Palace in Moscow,克里姆林宫在莫斯科,,,,OCR_MISSING,F3-GMS-2301C 01:47.95-01:49.86
2321,3,2301,五角大楼在华盛顿特区,五角大楼在华盛顿特区。,,,,OCR_MISSING,F3-GMS-2301C 01:53.14-01:55.31
2322,3,2301,自行车和汽车都是交通工具。,自行车和汽车都是交通工具。,,,,OCR_MISSING,F3-GMS-2301C 01:58.47-02:01.05
2323,3,2301,警方想询问两名男子关于上周抢劫的事。,警方想询问两名男子关于上周抢劫的事。,,,,OCR_MISSING,F3-GMS-2301C 02:04.28-02:08.07
2324,3,2301,"Fortunately, the news is not as bad as we expected.","幸运的是,消息没有我们预期的那么糟糕。",,,,OCR_MISSING,F3-GMS-2301C 02:11.25-02:14.32
2325,3,2301,Do the police know how the car accident happened?,警方知道车祸是怎么发生的吗?,,,,OCR_MISSING,F3-GMS-2301C 02:17.58-02:19.89
2326,3,2301,32 degrees is too hot for me.,"我不喜欢很热的天气,32度对于我来说太热了。",,,,OCR_MISSING,F3-GMS-2301C 02:23.28-02:28.33
2327,3,2301,I need more than $10. $10 isn't enough.,"我不只需要60块钱,60块钱不够。",,,,OCR_MISSING,F3-GMS-2301C 02:31.64-02:35.56
2328,3,2301,"我不只需要60块钱,60块钱不够。",你觉得在纽约玩两天的时间够吗?,,,,OCR_MISSING,F3-GMS-2301C 02:38.58-02:41.72
2329,3,2301,你觉得在纽约玩两天的时间够吗?,有关健康的问题叫健康问题。,,,,OCR_MISSING,F3-GMS-2301C 02:45.09-02:47.73
2330,3,2301,有关健康的问题叫健康问题。,加牛奶的巧克力叫牛奶巧克力。,,,,OCR_MISSING,F3-GMS-2301C 02:50.90-02:53.72
2331,3,2301,The chocolate with milk is called milk chocolate.,"在工厂做监督工作的人,叫工厂监督员。",,,,OCR_MISSING,F3-GMS-2301C 02:56.85-03:00.27
2332,3,2301,工厂监督员,考试的结果叫做考试成绩。,,,,OCR_MISSING,F3-GMS-2301C 03:03.54-03:06.01
2333,3,2301,考试的结果叫做考试成绩。,石油公司所发生的丑闻叫做石油公司丑闻。,,,,OCR_MISSING,F3-GMS-2301C 03:09.13-03:12.71
2334,3,2301,石油公司所發生的醜聞叫做石油公司醜聞。,"一座五层楼的建筑,叫五层楼建筑。",,,,OCR_MISSING,F3-GMS-2301C 03:15.85-03:18.88
2335,3,2301,一座五层楼的建筑叫五层楼建筑。,一个年龄30岁的男人叫30岁的男人。,,,,OCR_MISSING,F3-GMS-2301C 03:22.07-03:25.51
2336,3,2301,一个年龄三十岁的男人叫三十岁的男人。,持续12周的课程叫12周的课程。,,,,OCR_MISSING,F3-GMS-2301C 03:28.81-03:32.04
2337,3,2301,持续12周的课程叫12周的课程。,要开车两个小时的时间叫两小时的车程。,,,,OCR_MISSING,F3-GMS-2301C 03:35.15-03:38.77
2338,3,2301,要开车两个小时的时间叫两小时的车程。,有两部分的考题叫做两部分的考题。,,,,OCR_MISSING,F3-GMS-2301C 03:41.96-03:45.24
2339,3,2301,有两部分的考题叫做两部分的考题。,明天的会议取消了。,,,,OCR_MISSING,F3-GMS-2301C 03:48.58-03:50.15
2340,3,2301,Tomorrow's meeting is canceled.,上周的暴风雨造成了严重损害。,,,,OCR_MISSING,F3-GMS-2301C 03:53.37-03:55.92
2341,3,2301,上周的暴风雨造成了严重损害。,旅游业是该地区的主要产业。,,,,OCR_MISSING,F3-GMS-2301C 03:59.22-04:01.56
2342,3,2301,Tourism is the main industry in the region.,我昨晚在超市买了足够一周的食品杂货。,,,,OCR_MISSING,F3-GMS-2301C 04:04.71-04:08.28
2343,3,2301,我昨晚在超市買了足夠一周的食品雜貨。,"我一整天,一分钟都没有休息。",,,,OCR_MISSING,F3-GMS-2301C 04:11.64-04:14.18
2344,3,2301,"我一整天,一分钟都没有休息。","我不想要你帮我买单,我自己来。",,,,OCR_MISSING,F3-GMS-2301C 04:17.33-04:20.13
2345,3,2301,"我不想要你帮我买单,我自己来。",你会有时候自言自语吗?,,,,OCR_MISSING,F3-GMS-2301C 04:23.32-04:25.17
2346,3,2301,你会有时候自言自语吗?,"如果你还想吃,就自己来吧。",,,,LOW_CONF;OCR_MISSING,F3-GMS-2301C 04:28.35-04:30.22
2347,3,2301,"如果你还想吃,就自己来吧! If you still want to eat, just do it yourself!","这不是我们的错,你不可以责怪我们。",,,,OCR_MISSING,F3-GMS-2301C 04:33.55-04:36.28
2348,3,2301,This is not our fault. You can't blame us.,"这是我们的错,我们只能怪自己。",,,,LOW_CONF;OCR_MISSING,F3-GMS-2301C 04:39.49-04:41.77
2349,3,2301,"这是我们的错,我们只能怪自己。","我好紧张,我放松不了。",,,,LOW_CONF;OCR_MISSING,F3-GMS-2301C 04:44.93-04:47.45
2350,3,2301,"我好紧张,我放松不了。",你一定要尝试集中精神。,,,,LOW_CONF;OCR_MISSING,F3-GMS-2301C 04:50.61-04:52.56
2351,3,2351,What time should we meet?,咱们几点见比较好。,,,,LOW_CONF;OCR_MISSING,F3-GMS-2351C 00:06.76-00:08.33
2352,3,2351,"He got up, washed, shaved, and got dressed.","他起床后洗澡,刮胡子,然后换衣服。",,,,OCR_MISSING,F3-GMS-2351C 00:11.62-00:15.24
2353,3,2351,How long have you and Kenichi known each other? How long have you known one another?,你跟建一互相认识多久了?,,,,OCR_MISSING,F3-GMS-2351C 00:18.40-00:20.46
2354,3,2351,Kasumi and Linda don't like each other. They don't like one another.,嘉纯和琳达都不喜欢彼此。,,,,OCR_MISSING,F3-GMS-2351C 00:23.62-00:25.95
2355,3,2351,Do you and Henrik live near each other? Do you two live near one another?,你跟亨利克住得近吗?,,,,OCR_MISSING,F3-GMS-2351C 00:29.14-00:31.24
2356,3,2351,I'm not going to do your work for you. You can do it yourself.,"我是不会帮你做工作的,你自己可以完成。",,,,OCR_MISSING,F3-GMS-2351C 00:34.47-00:37.71
2357,3,2351,"The movie itself wasn't very good, but I loved the music.","电影本身没有特别好看,但我喜欢它的配乐。",,,,OCR_MISSING,F3-GMS-2351C 00:41.08-00:44.45
2358,3,2351,Even Magda herself doesn't think she'll get the new job.,连马格达自己都不认为他能被录用。,,,,OCR_MISSING,F3-GMS-2351C 00:47.75-00:50.45
2359,3,2351,She climbed out of the swimming pool and dried herself off with a towel.,"他爬出泳池,然后拿毛巾把身体擦干。",,,,OCR_MISSING,F3-GMS-2351C 00:53.68-00:56.92
2360,3,2351,"I tried to study, but I couldn't concentrate.","我试着学习了,但我集中不了精神。",,,,OCR_MISSING,F3-GMS-2351C 01:00.08-01:03.49
2361,3,2351,"If somebody attacks you, you need to be able to defend yourself.","如果有人攻击你,你需要有能力保护自己。",,,,OCR_MISSING,F3-GMS-2351C 01:06.57-01:09.81
2362,3,2351,You're always rushing around. Why don't you sit down and relax?,"你总是四处奔波,为什么不坐下来放松一下?",,,,OCR_MISSING,F3-GMS-2351C 01:12.94-01:16.48
2363,3,2351,Some people are very selfish. They think only of themselves.,"有些人很自私,他们永远只想到自己。",,,,OCR_MISSING,F3-GMS-2351C 01:19.83-01:22.82
2364,3,2351,We couldn't get back into the house because we'd locked ourselves out.,"我们没法回家,因为我们把自己锁在外面了。",,,,OCR_MISSING,F3-GMS-2351C 01:26.03-01:29.31
2365,3,2351,They're not speaking to each other anymore.,他们再也不跟对方说话了。,,,,OCR_MISSING,F3-GMS-2351C 01:32.54-01:34.35
2366,3,2351,"We'd never met before, so we introduced ourselves to one another.","我们以前没见过,所以我们互相做了自我介绍。",,,,OCR_MISSING,F3-GMS-2351C 01:37.52-01:41.03
2367,3,2351,A friend of mine is getting married this Saturday.,"我有个朋友这个礼拜六要结婚了,",,,,OCR_MISSING,F3-GMS-2351C 01:44.30-01:46.84
2368,3,2351,We took a trip with some friends of ours.,我们跟几个朋友一起去旅行。,,,,OCR_MISSING,F3-GMS-2351C 01:50.22-01:52.44
2369,3,2351,Pietro had an argument with the neighbor of his.,彼得罗跟他的邻居发生了争执。,,,,OCR_MISSING,F3-GMS-2351C 01:55.62-01:58.07
2370,3,2351,That woman over there is a friend of my sister's.,那边那个女的是我姐的朋友。,,,,OCR_MISSING,F3-GMS-2351C 02:01.24-02:03.46
2371,3,2351,My sister graduated from college and is living on her own. She's living by herself.,我姐姐大学毕业后就自己一个人住了。,,,,OCR_MISSING,F3-GMS-2351C 02:06.78-02:09.54
2372,3,2351,I don't want to share a room with anybody. I want my own room.,"我不想跟别人一起住,我想要有自己的房间。",,,,OCR_MISSING,F3-GMS-2351C 02:12.78-02:16.17
2373,3,2351,It's a shame that the apartment doesn't have its own parking space.,这公寓没有专属停车位真可惜。,,,,OCR_MISSING,F3-GMS-2351C 02:19.41-02:22.09
2374,3,2351,Why do you want to borrow my car? Why don't you use your own?,"你为什么要借我的车,你怎么不开自己的?",,,,LOW_CONF;OCR_MISSING,F3-GMS-2351C 02:25.46-02:28.62
2375,3,2351,I'd like to have a garden so that I could grow my own vegetables.,"我想有个花园,这样我就可以自己种菜了。",,,,OCR_MISSING,F3-GMS-2351C 02:31.96-02:35.05
2376,3,2351,I traveled around Japan on my own.,我一个人在日本到处旅游,,,,OCR_MISSING,F3-GMS-2351C 02:38.29-02:40.61
2377,3,2351,She raises her children as a single mother on her own.,"她作为一个单亲妈妈,独自抚养她的孩子们。",,,,OCR_MISSING,F3-GMS-2351C 02:43.92-02:47.24
2378,3,2351,Student drivers are not allowed to drive by themselves.,驾校学员不可以自己开车上路。,,,,LOW_CONF;OCR_MISSING,F3-GMS-2351C 02:50.71-02:53.24
2379,3,2351,Sorry I'm late. There was a lot of traffic.,"不好意思,我迟到了,路上堵车。",,,,OCR_MISSING,F3-GMS-2351C 02:56.46-02:58.81
2380,3,2351,Things are more expensive now. There's been a big increase in the cost of living.,"东西都更贵了,生活成本大幅增加。",,,,OCR_MISSING,F3-GMS-2351C 03:02.11-03:05.32
2381,3,2351,I wasn't expecting them to come. It was a complete surprise.,"我没想到他们会来,这真是个意外。",,,,OCR_MISSING,F3-GMS-2351C 03:08.67-03:11.57
2382,3,2351,The new restaurant's very good. I went there last night.,"新的餐厅非常好,我昨天晚上去了那里吃饭。",,,,OCR_MISSING,F3-GMS-2351C 03:14.82-03:18.37
2383,3,2351,"Is there a flight to Madrid tonight? There might be, let me check.","今晚有飞往马德里的航班吗? 可能有,我确定一下。",,,,OCR_MISSING,F3-GMS-2351C 03:21.78-03:25.92
2384,3,2351,"If people drove more carefully, there wouldn't be so many accidents.","如果人们开车的时候都更加谨慎,交通意外就不会那么多了。",,,,OCR_MISSING,F3-GMS-2351C 03:29.15-03:33.88
2385,3,2351,"I heard music, so there must have been somebody at home.","我听见有音乐声,所以家里肯定有人。",,,,OCR_MISSING,F3-GMS-2351C 03:37.15-03:40.07
2386,3,2351,"They live on a big street, so there must be a lot of noise from the traffic.","他们住的靠近马路,所以肯定有很多汽车噪音。",,,,OCR_MISSING,F3-GMS-2351C 03:43.27-03:46.88
2387,3,2351,That building is now a supermarket. It used to be a movie theater.,"这里现在是超市,以前是电影院。",,,,OCR_MISSING,F3-GMS-2351C 03:50.05-03:53.43
2388,3,2351,There's bound to be a flight to Madrid tonight.,今晚一定会有飞往马德里的航班。,,,,OCR_MISSING,F3-GMS-2351C 03:56.64-03:59.23
2389,3,2351,"After the lecture, there will be an opportunity to ask questions.","演讲结束后,大家可以提出问题。",,,,OCR_MISSING,F3-GMS-2351C 04:02.57-04:05.28
2390,3,2351,"I like the place where I live, but it'd be nicer to live by the ocean.","我喜欢我现在住的地方,但如果可以住在海边就更好了。",,,,OCR_MISSING,F3-GMS-2351C 04:08.44-04:12.70
2391,3,2351,"I was told that there would be someone to meet me at the airport, but there wasn't.","我被告知会有人来机场接我,但没有人来。",,,,OCR_MISSING,F3-GMS-2351C 04:15.97-04:19.52
2392,3,2351,She went out without any money.,他没带钱就出门了。,,,,OCR_MISSING,F3-GMS-2351C 04:22.78-04:24.45
2393,3,2351,He refused to eat anything.,他拒绝吃任何东西。,,,,OCR_MISSING,F3-GMS-2351C 04:27.80-04:29.57
2394,3,2351,Hardly anybody passed the examination.,几乎没有人通过考试。,,,,OCR_MISSING,F3-GMS-2351C 04:33.03-04:34.77
2395,3,2351,"If anyone has any questions, I'll be glad to answer them.","大家如果有任何问题,我很乐意为你们解答。",,,,OCR_MISSING,F3-GMS-2351C 04:38.01-04:41.30
2396,3,2351,Let me know if you need anything.,如果需要什么就跟我说。,,,,OCR_MISSING,F3-GMS-2351C 04:44.55-04:46.49
2397,3,2351,I'm sorry for any trouble I've caused.,"我对我所造成的麻烦,感到很抱歉。",,,,OCR_MISSING,F3-GMS-2351C 04:49.75-04:52.71
2398,3,2351,Anyone who wants to take the exam should tell me by Friday.,想参加考试的人要在星期五之前告诉我。,,,,OCR_MISSING,F3-GMS-2351C 04:55.97-04:58.98
2399,3,2351,Someone's forgotten their umbrella.,有人忘了拿伞,,,,OCR_MISSING,F3-GMS-2351C 05:02.30-05:03.58
2400,3,2351,We had to walk home because there was no bus.,"我们得走路回家了,因为现在没有公交车了。",,,,OCR_MISSING,F3-GMS-2351C 05:06.95-05:10.27
2401,3,2401,She'll have no difficulty finding a job.,"对他来说,找到一份工作不成问题。",,,,OCR_MISSING,F3-GMS-2401C 00:12.96-00:14.51
2402,3,2401,There were no stores open.,没有一家店开门。,,,,OCR_MISSING,F3-GMS-2401C 00:17.79-00:20.26
2403,3,2401,All the tickets have been sold. There are none left.,"票都卖光了,一张也不剩。",,,,OCR_MISSING,F3-GMS-2401C 00:23.61-00:25.71
2404,3,2401,This money is all yours. None of it is mine.,"这些钱都是你的,都不是我的。",,,,OCR_MISSING,F3-GMS-2401C 00:29.12-00:30.54
2405,3,2401,None of the stores were open.,没有一家店开门。,,,,LOW_CONF;OCR_MISSING,F3-GMS-2401C 00:33.93-00:36.33
2406,3,2401,The house is empty. There's no one living there.,"房子是空的,里面没人住。",,,,OCR_MISSING,F3-GMS-2401C 00:39.66-00:41.14
2407,3,2401,We had nothing to eat.,我们没有东西吃。,,,,LOW_CONF;OCR_MISSING,F3-GMS-2401C 00:44.44-00:46.93
2408,3,2401,Herman didn't tell anyone about his plans.,赫尔曼没把他的计划告诉任何人。,,,,LOW_CONF;OCR_MISSING,F3-GMS-2401C 00:50.13-00:53.08
2409,3,2401,"No one did what I asked them to do, did they?","没有一个人做完了我要求他们做的,是不是?",,,,OCR_MISSING,F3-GMS-2401C 00:56.41-01:00.68
2410,3,2401,"The accident looked serious, but fortunately nobody was injured.","这起车祸看来很严重,还好幸运的是没人受伤。",,,,OCR_MISSING,F3-GMS-2401C 01:04.02-01:05.48
2411,3,2401,I don't know anything about economics.,我完全不懂经济。,,,,OCR_MISSING,F3-GMS-2401C 01:08.95-01:10.48
2412,3,2401,We didn't spend much money.,我们没花很多钱。,,,,OCR_MISSING,F3-GMS-2401C 01:13.71-01:16.07
2413,3,2401,There's no need to hurry. We've got plenty of time.,"不用着急,我们还有大把时间。",,,,OCR_MISSING,F3-GMS-2401C 01:19.45-01:21.25
2414,3,2401,There aren't many tourists here. There aren't a lot of tourists here.,这里的游客不是很多。,,,,OCR_MISSING,F3-GMS-2401C 01:24.44-01:25.87
2415,3,2401,Do you know many people? Do you know a lot of people?,你认识很多人吗?,,,,OCR_MISSING,F3-GMS-2401C 01:29.10-01:33.28
2416,3,2401,Monica's very busy with her job. She has little time for other things.,"莫妮卡工作很忙,她只有很少时间可以用来做其他事。",,,,OCR_MISSING,F3-GMS-2401C 01:36.57-01:38.98
2417,3,2401,Kimiko has very few friends in London.,习美子在伦敦只有几个朋友。,,,,OCR_MISSING,F3-GMS-2401C 01:42.25-01:45.67
2418,3,2401,Let's get something to drink. We still have a little time before the train comes.,"咱们去买点喝的吧,离火车到站还有点时间。",,,,OCR_MISSING,F3-GMS-2401C 01:49.17-01:52.75
2419,3,2401,"He spoke little English, so it was difficult to communicate with him.","他只会说一点儿英语,所以跟他沟通起来有些困难。",,,,OCR_MISSING,F3-GMS-2401C 01:56.11-01:57.92
2420,3,2401,We have only a little time left.,我们只剩下一点时间了。,,,,OCR_MISSING,F3-GMS-2401C 02:01.24-02:05.30
2421,3,2401,Everybody was surprised that he won. Few people expected him to win.,"他赢了,大家都很惊讶,只有少数人预料到他会赢。",,,,OCR_MISSING,F3-GMS-2401C 02:08.57-02:12.52
2422,3,2401,I can't give you a decision yet. I need more time to think about it.,"我现在还不能给你任何决定,我需要多点时间想想。",,,,OCR_MISSING,F3-GMS-2401C 02:15.91-02:18.24
2423,3,2401,It was a very boring place to live. There was little to do.,"住在那很无聊,没什么好玩的。",,,,OCR_MISSING,F3-GMS-2401C 02:21.48-02:24.84
2424,3,2401,I don't go out very often. I stay home most days.,"我平常不怎么出门,大部分时间我都待在家。",,,,OCR_MISSING,F3-GMS-2401C 02:28.22-02:30.91
2425,3,2401,Some people learn languages more easily than others.,有些人学语言比其他人容易得多。,,,,OCR_MISSING,F3-GMS-2401C 02:34.32-02:36.12
2426,3,2401,Some of the people I work with are not very friendly.,我有些同事不太友善。,,,,OCR_MISSING,F3-GMS-2401C 02:39.46-02:40.88
2427,3,2401,Have you read any of these books?,你看过这些书了吗?,,,,LOW_CONF;OCR_MISSING,F3-GMS-2401C 02:44.28-02:47.47
2428,3,2401,"I was sick yesterday, so I spent most of the day in bed.","我昨天病了,所以一整天我都躺在床上。",,,,OCR_MISSING,F3-GMS-2401C 02:50.76-02:52.51
2429,3,2401,All the flowers in this garden are beautiful.,花园里的花好漂亮。,,,,OCR_MISSING,F3-GMS-2401C 02:55.80-02:58.67
2430,3,2401,We're able to solve most of the problems we have.,"大部分我们遇到的问题,我们都能解决。",,,,OCR_MISSING,F3-GMS-2401C 03:01.85-03:04.12
2431,3,2401,Do any of you want to go to a party tonight?,你们有谁今晚想去参加派对?,,,,OCR_MISSING,F3-GMS-2401C 03:07.40-03:10.41
2432,3,2401,Half this money is mine and half of it is yours.,"一半的钱是我的,另一半是你的。",,,,OCR_MISSING,F3-GMS-2401C 03:13.58-03:17.04
2433,3,2401,"When she got married, she kept it a secret. She didn't tell any of her friends.","他结婚后还是保守秘密,没有告诉任何朋友。",,,,OCR_MISSING,F3-GMS-2401C 03:20.27-03:24.15
2434,3,2401,Deepak and I have very different ideas. I don't agree with many of his opinions.,"我和迪帕克的想法完全不同,我常常不同意他的看法。",,,,OCR_MISSING,F3-GMS-2401C 03:27.44-03:31.20
2435,3,2401,Not all the tourists in the group were Spanish. Some of them were French.,"这团游客里不全是西班牙人,有些是法国人。",,,,OCR_MISSING,F3-GMS-2401C 03:34.47-03:36.95
2436,3,2401,"I watched most of the movie, but not all of it.","这电影我看了一大半,但没看完。",,,,OCR_MISSING,F3-GMS-2401C 03:40.11-03:43.65
2437,3,2401,"I asked some people for directions, but none of them were able to help me.","我向几个路人问了路,但没有一个人帮得上忙。",,,,OCR_MISSING,F3-GMS-2401C 03:46.90-03:48.97
2438,3,2401,Both restaurants are very good. Both of these restaurants are very good.,这两家餐厅都非常不错。,,,,LOW_CONF;OCR_MISSING,F3-GMS-2401C 03:52.44-03:55.97
2439,3,2401,Neither restaurant is expensive. Neither of the restaurants we went to was expensive.,"两家餐厅都不贵,我们去的两家餐厅都不贵。",,,,OCR_MISSING,F3-GMS-2401C 03:59.44-04:02.05
2440,3,2401,We can go to either restaurant. I don't care.,"咱们去哪家餐厅都行,我都可以。",,,,OCR_MISSING,F3-GMS-2401C 04:05.38-04:07.28
2441,3,2401,I haven't been to either of those restaurants.,两家餐厅我都没去过。,,,,OCR_MISSING,F3-GMS-2401C 04:10.51-04:13.93
2442,3,2401,"I asked two people to wait at the station, but neither of them knew.","我问了两个人车站怎么走,但他们都不知道。",,,,OCR_MISSING,F3-GMS-2401C 04:17.17-04:19.00
2443,3,2401,Both of us were very tired.,我们俩都已经非常累了。,,,,OCR_MISSING,F3-GMS-2401C 04:22.30-04:24.02
2444,3,2401,Neither of them want to have children.,他们俩都不想要孩子。,,,,LOW_CONF;OCR_MISSING,F3-GMS-2401C 04:27.37-04:31.04
2445,3,2401,I couldn't decide which of the two shirts to buy. I liked both.,"我决定不了要买哪件衬衫,两件我都喜欢。",,,,OCR_MISSING,F3-GMS-2401C 04:34.30-04:36.51
2446,3,2401,I was both tired and hungry when I got home.,我到家的时候又累又饿。,,,,OCR_MISSING,F3-GMS-2401C 04:39.89-04:44.44
2447,3,2401,"She said she would contact me, but she neither wrote nor called.","他说他会再跟我联络,但他既没给我写信,也没给我打电话。",,,,OCR_MISSING,F3-GMS-2401C 04:47.98-04:50.92
2448,3,2401,Either you apologize or I'll never speak to you again.,"除非你道歉,不然我再也不会跟你说话了。",,,,OCR_MISSING,F3-GMS-2401C 04:54.21-04:57.02
2449,3,2401,You could stay at either of these hotels. You could stay at any of these hotels.,"你可以住在这两家酒店其中一间,你可以住在这几家酒店中的其中一间。",,,,OCR_MISSING,F3-GMS-2401C 04:57.76-05:00.82
2450,3,2401,We couldn't open the door because neither of us had our key.,"我开不了门,因为我们俩都没带钥匙。",,,,OCR_MISSING,F3-GMS-2401C 05:04.13-05:07.12
2451,3,2451,All of us enjoyed the party.,我们都很享受这场派对。,,,,OCR_MISSING,F3-GMS-2451C 00:11.90-00:13.88
2452,3,2451,I'll do all I can to help. I'll do everything I can to help.,我会尽我所能提供帮助。,,,,LOW_CONF;OCR_MISSING,F3-GMS-2451C 00:17.44-00:19.46
2453,3,2451,He thinks he knows everything.,他认为自己无所不知。,,,,OCR_MISSING,F3-GMS-2451C 00:22.97-00:28.06
2454,3,2451,Our summer vacation was such a disaster. Everything that could go wrong went wrong.,"我们的属下完全是个灾难,所有可能出问题的事儿都真的出问题了。",,,,OCR_MISSING,F3-GMS-2451C 00:31.55-00:33.79
2455,3,2451,All I've eaten today is a sandwich.,我今天一天只吃了个三明治。,,,,LOW_CONF;OCR_MISSING,F3-GMS-2451C 00:36.95-00:38.42
2456,3,2451,Did you read the whole book?,你看完整本书了吗?,,,,OCR_MISSING,F3-GMS-2451C 00:41.77-00:44.25
2457,3,2451,Lakshmi has lived her whole life in India.,拉克西米一辈子都住在印度。,,,,OCR_MISSING,F3-GMS-2451C 00:47.59-00:49.66
2458,3,2451,I've spent all the money you gave me.,我花光了所有你给我的钱。,,,,OCR_MISSING,F3-GMS-2451C 00:53.02-00:55.06
2459,3,2451,"When we were on vacation, we went to the beach every day.",我们放假时天天去海边。,,,,OCR_MISSING,F3-GMS-2451C 00:58.30-01:01.85
2460,3,2451,The bus service is very good. There's a bus every 10 minutes.,"公共汽车服务非常好,每十分钟就有一趟车。",,,,OCR_MISSING,F3-GMS-2451C 01:05.13-01:08.05
2461,3,2451,"We don't see each other very often, about every six months.","我们不经常见面,大概六个月见一次。",,,,OCR_MISSING,F3-GMS-2451C 01:11.33-01:13.30
2462,3,2451,We spent all day at the beach.,我们一整天都待在海滩。,,,,OCR_MISSING,F3-GMS-2451C 01:16.59-01:18.08
2463,3,2451,He didn't say a word all night long.,他整晚都没说话。,,,,OCR_MISSING,F3-GMS-2451C 01:21.26-01:23.61
2464,3,2451,I've been looking for you all morning long. Where have you been?,"我找了你一早上,你去哪儿了?",,,,LOW_CONF;OCR_MISSING,F3-GMS-2451C 01:26.83-01:30.19
2465,3,2451,They never go out. They're at home all the time.,"他们完全没出门,他们一整天都待在家里。",,,,OCR_MISSING,F3-GMS-2451C 01:33.46-01:35.91
2466,3,2451,"Every time I see you, you look different.","每次看到你,你看起来都不一样。",,,,OCR_MISSING,F3-GMS-2451C 01:39.18-01:43.19
2467,3,2451,It was a terrible fire. The whole building got destroyed.,"这是一场严重的火灾,整栋大楼都被烧毁了。",,,,OCR_MISSING,F3-GMS-2451C 01:46.40-01:48.10
2468,3,2451,I've read every one of those books.,那些书我都看过了。,,,,OCR_MISSING,F3-GMS-2451C 01:51.35-01:54.58
2469,3,2451,None of the rooms was the same. Each was different.,"没有一间房是一样的,每一间都不同。",,,,OCR_MISSING,F3-GMS-2451C 01:57.86-01:59.81
2470,3,2451,Read each of these sentences carefully.,请仔细阅读这些句子。,,,,OCR_MISSING,F3-GMS-2451C 02:03.02-02:05.39
2471,3,2451,The students were each given a book.,每个学生都得到了一本书。,,,,OCR_MISSING,F3-GMS-2451C 02:08.58-02:11.08
2472,3,2451,There's a train to the city every hour.,每小时都有一趟火车到市中心。,,,,OCR_MISSING,F3-GMS-2451C 02:14.45-02:19.42
2473,3,2451,Seatbelts and cars save lives. Each driver should wear one.,"车上的安全带保障了我们的生命安全,每位驾驶员都应该系好。",,,,OCR_MISSING,F3-GMS-2451C 02:22.65-02:26.00
2474,3,2451,Write your answer to each question on a separate sheet of paper.,请把每题的答案分别写在单独的一张纸上。,,,,OCR_MISSING,F3-GMS-2451C 02:29.22-02:31.39
2475,3,2451,The woman who lives next door is a doctor.,住在隔壁的女士是位医生。,,,,OCR_MISSING,F3-GMS-2451C 02:34.68-02:36.76
2476,3,2451,We know a lot of people who live in the country.,"我们认识很多住在农村的人,",,,,OCR_MISSING,F3-GMS-2451C 02:39.99-02:43.77
2477,3,2451,Anyone who wants to apply for the job must do so by Friday.,"想要申请这份工作的人,必须在周五前完成申请。",,,,OCR_MISSING,F3-GMS-2451C 02:46.91-02:49.17
2478,3,2451,I don't like stories that have unhappy endings.,我不喜欢结局感伤的故事。,,,,OCR_MISSING,F3-GMS-2451C 02:52.50-02:55.03
2479,3,2451,The printer that broke down is working again now.,那台坏了的打印机现在修好了。,,,,OCR_MISSING,F3-GMS-2451C 02:58.30-03:00.49
2480,3,2451,Everything that happened was my fault.,所发生的一切都是我的错。,,,,LOW_CONF;OCR_MISSING,F3-GMS-2451C 03:03.79-03:06.44
2481,3,2451,I've never spoken to the woman who lives next door.,我从来没跟住在隔壁的女士说过话。,,,,OCR_MISSING,F3-GMS-2451C 03:09.78-03:13.34
2482,3,2451,The building destroyed in the fire has now been rebuilt.,火灾中被烧毁的那栋建筑现在已经重建了。,,,,OCR_MISSING,F3-GMS-2451C 03:16.71-03:19.31
2483,3,2451,The shuttle that goes to the airport runs every half hour.,去机场的大巴每半小时一班。,,,,OCR_MISSING,F3-GMS-2451C 03:22.54-03:24.99
2484,3,2451,A mystery is something that cannot be explained.,一个谜就是解释不清的事。,,,,OCR_MISSING,F3-GMS-2451C 03:28.49-03:31.68
2485,3,2451,It seems that Earth is the only planet that can support life.,地球似乎是唯一可以孕育生命的星球。,,,,OCR_MISSING,F3-GMS-2451C 03:34.97-03:38.00
2486,3,2451,The driver who caused the accident was fined $500. The driver who caused the accident was fined 400 euros.,那位肇事司机被罚款3000元。,,,,OCR_MISSING,F3-GMS-2451C 03:41.13-03:44.51
2487,3,2451,We live in a world that is changing all the time.,我们生活在一个无时无刻不在变化的世界。,,,,OCR_MISSING,F3-GMS-2451C 03:47.75-03:50.87
2488,3,2451,A woman lives next door. She's a doctor. The woman who lives next door is a doctor.,"有位女婿住在隔壁,她是医生,住在隔壁的女婿是位医生。",,,,OCR_MISSING,F3-GMS-2451C 03:51.80-03:54.07
2489,3,2451,The woman next door is a doctor.,住在隔壁的女人是个医生。,,,,OCR_MISSING,F3-GMS-2451C 03:57.45-03:59.66
2490,3,2451,There was cheese in the refrigerator. Where is it? Where's the cheese that was in the refrigerator?,原本在冰箱里的芝士去哪儿了?,,,,OCR_MISSING,F3-GMS-2451C 04:03.22-04:05.75
2491,3,2451,I wanted to see a woman. She was away on vacation. The woman whom I wanted to see was away on vacation.,"我想找一位女士,她正在休假。 我想找的那位女士正在休假。",,,,OCR_MISSING,F3-GMS-2451C 04:09.00-04:11.59
2492,3,2451,The woman I wanted to see was away on vacation.,我想找的那位女士正在休假。,,,,OCR_MISSING,F3-GMS-2451C 04:12.20-04:14.70
2493,3,2451,Have you found the keys that you lost? Have you found the keys you lost?,你找到你弄丢的那把钥匙了吗?,,,,LOW_CONF;OCR_MISSING,F3-GMS-2451C 04:18.04-04:20.27
2494,3,2451,The dress that Juliana bought doesn't fit her very well. The dress that she bought doesn't fit her very well.,"尤里安娜买的那件连衣裙不太合身,她买的那件连衣裙不太合身。",,,,OCR_MISSING,F3-GMS-2451C 04:23.52-04:25.80
2495,3,2451,Are these the books that you were looking for? Are these the books you were looking for?,这些书是你正在找的吗?,,,,OCR_MISSING,F3-GMS-2451C 04:29.67-04:35.10
2496,3,2451,The woman with whom he fell in love left him after a month. The woman he fell in love with left him after a month.,他爱上的那个女人一个月后离开了他。,,,,OCR_MISSING,F3-GMS-2451C 04:38.35-04:40.23
2497,3,2451,The man that I was sitting next to on the plane talked the whole time. The man I was sitting next to on the plane talked the whole time.,飞机上坐我旁边的男的一直不停讲话。,,,,OCR_MISSING,F3-GMS-2451C 04:43.57-04:46.48
2498,3,2451,Everything that they said was true. Everything they said was true.,他们说的全都是真的。,,,,OCR_MISSING,F3-GMS-2451C 04:49.78-04:52.84
2499,3,2451,I gave her all the money that I had. I gave her all the money I had.,我把我所有的钱都给他了。,,,,OCR_MISSING,F3-GMS-2451C 04:56.17-04:57.95
2500,3,2451,Did you hear the things that they said? Did you hear what they said?,你听见他们说什么了吗?,,,,LOW_CONF;OCR_MISSING,F3-GMS-2451C 05:01.16-05:03.16
2501,3,2501,A friend is wearing a dress. You like it. I like the dress you're wearing.,"一个朋友穿着一件连衣裙,你很喜欢,我很喜欢你穿的连衣裙。",,,,OCR_MISSING,F3-GMS-2501C 00:06.76-00:11.87
2502,3,2501,A friend is going to see a movie. You want to know the name. What's the name of the movie you're going to see?,"一个朋友要去看电影,你想知道是哪部? 你要去看哪部电影?",,,,OCR_MISSING,F3-GMS-2501C 00:15.16-00:19.96
2503,3,2501,You wanted to visit a museum. It was closed when you got there. The museum we were going to visit was closed when we got there.,"你原本想去博物馆参观,但你到的时候已经关门了。 我们本来要去博物馆参观,结果我们到的时候已经关门了。",,,,OCR_MISSING,F3-GMS-2501C 00:23.20-00:31.49
2504,3,2501,Your friend had to do some work. You wanted to know if she's finished. Have you finished the work you had to do?,"你的朋友必须要做这些工作,你想知道他做完了没?你做完你要做的工作了吗?",,,,OCR_MISSING,F3-GMS-2501C 00:34.77-00:40.93
2505,3,2501,You stayed at a hotel. Pavel recommended it to you. We stayed at a hotel that Pavel recommended to us.,"你住的酒店是帕维尔推荐的,我们住了帕维尔推荐的酒店。",,,,OCR_MISSING,F3-GMS-2501C 00:44.27-00:49.21
2506,3,2501,I like the people I work with.,我喜欢和我一起工作的同事们。,,,,OCR_MISSING,F3-GMS-2501C 00:52.51-00:54.90
2507,3,2501,What's the name of that hotel you told me about?,你之前告诉我的那家酒店叫什么名字?,,,,OCR_MISSING,F3-GMS-2501C 00:58.11-01:00.93
2508,3,2501,I didn't get the job I applied for.,我没得到我之前申请的那份工作。,,,,OCR_MISSING,F3-GMS-2501C 01:04.17-01:06.63
2509,3,2501,Julius is someone you can rely on.,朱利叶斯是个可以信赖的人。,,,,OCR_MISSING,F3-GMS-2501C 01:09.92-01:12.17
2510,3,2501,Who was that man I saw you with in the restaurant?,我在餐厅看到和你一起的那个男人是谁?,,,,OCR_MISSING,F3-GMS-2501C 01:15.40-01:18.38
2511,3,2501,They give their children everything they want.,"他们的孩子们想要什么,他们都会满足。",,,,OCR_MISSING,F3-GMS-2501C 01:21.54-01:24.35
2512,3,2501,"Tell me what you want, and I'll try to get it for you.","告诉我你想要什么,我会尽可能满足你。",,,,OCR_MISSING,F3-GMS-2501C 01:27.50-01:30.53
2513,3,2501,Why do you blame me for everything that goes wrong?,为什么你要把所有出问题的事都怪在我身上?,,,,OCR_MISSING,F3-GMS-2501C 01:33.74-01:37.01
2514,3,2501,A widow is a woman whose husband has already passed away.,寡妇是指丈夫已经过世的女人。,,,,OCR_MISSING,F3-GMS-2501C 01:40.19-01:42.74
2515,3,2501,What's the name of the man whose car you borrowed?,借你车的那位先生叫什么名字?,,,,OCR_MISSING,F3-GMS-2501C 01:45.98-01:48.37
2516,3,2501,I met someone whose brother I went to school with.,"我遇见了一个人,他哥跟我曾经读同一所学校。",,,,OCR_MISSING,F3-GMS-2501C 01:51.56-01:55.39
2517,3,2501,I met a man who knows you.,"我遇见了一位先生,他认识你。",,,,LOW_CONF;OCR_MISSING,F3-GMS-2501C 01:58.60-02:00.89
2518,3,2501,I met a man whose sister knows you.,"我遇见了一位先生,他妹妹认识你。",,,,OCR_MISSING,F3-GMS-2501C 02:04.20-02:06.84
2519,3,2501,The woman I wanted to see was away on business.,那位我要见的女士出差了。,,,,LOW_CONF;OCR_MISSING,F3-GMS-2501C 02:10.04-02:12.22
2520,3,2501,The people I work with are very nice.,我的同事们都非常好。,,,,OCR_MISSING,F3-GMS-2501C 02:15.51-02:17.29
2521,3,2501,I recently went back to the town where I grew up.,我最近回去了一次我长大的那个小镇。,,,,OCR_MISSING,F3-GMS-2501C 02:20.73-02:23.71
2522,3,2501,I'd like to live in a place where there's plenty of sunshine.,我喜欢住在阳光充足的地方。,,,,OCR_MISSING,F3-GMS-2501C 02:26.95-02:29.23
2523,3,2501,Do you remember the day we went to the zoo?,你还记得我们去动物园的那天吗?,,,,OCR_MISSING,F3-GMS-2501C 02:32.43-02:34.83
2524,3,2501,I haven't seen them since the year they got married.,"自从他们结婚后,我再也没有见过他们。",,,,OCR_MISSING,F3-GMS-2501C 02:37.99-02:41.06
2525,3,2501,The reason I'm calling you is to ask your advice.,我答给你的原因是想问问你的建议。,,,,OCR_MISSING,F3-GMS-2501C 02:44.21-02:46.68
2526,3,2501,A cemetery is a place where people are buried.,墓地是人们被埋葬的地方。,,,,OCR_MISSING,F3-GMS-2501C 02:49.88-02:52.07
2527,3,2501,I went to see the doctor who told me to rest for a few days.,"我去看了医生,他让我休息几天。",,,,OCR_MISSING,F3-GMS-2501C 02:55.40-02:58.07
2528,3,2501,Do you know anyone that speaks French and Italian?,你认识谁会说法语和意大利语吗?,,,,OCR_MISSING,F3-GMS-2501C 03:01.46-03:04.15
2529,3,2501,"Valerio, who speaks French and Italian, works as a tour guide.","瓦莱里奥会说法语和意大利语,他是导游。",,,,OCR_MISSING,F3-GMS-2501C 03:07.36-03:11.19
2530,3,2501,Wilma works for a company that makes furniture.,维尔玛在家制作家具的公司上班。,,,,OCR_MISSING,F3-GMS-2501C 03:14.34-03:17.19
2531,3,2501,This morning I met somebody I hadn't seen in ages.,我今天早上碰到了一个好久没见的人。,,,,OCR_MISSING,F3-GMS-2501C 03:20.48-03:23.17
2532,3,2501,"The population of London, which was once the largest city in the world, is now decreasing.","伦敦曾经是世界上人口最多的城市,而现在它的人口正在减少。",,,,OCR_MISSING,F3-GMS-2501C 03:26.43-03:31.96
2533,3,2501,Few of the people who applied for the job had the necessary qualifications.,只有少数应征者符合这份工作所需的条件。,,,,OCR_MISSING,F3-GMS-2501C 03:35.18-03:38.45
2534,3,2501,"Camila showed me a picture of her son, who is a police officer.","卡米拉给我看了她儿子的照片,她是个警察。",,,,OCR_MISSING,F3-GMS-2501C 03:41.76-03:45.17
2535,3,2501,The doctor who examined me couldn't find anything wrong.,给我做检查的那位医生检查不出任何问题。,,,,OCR_MISSING,F3-GMS-2501C 03:48.59-03:51.76
2536,3,2501,"The sun, which is one of millions of stars in the universe, provides us with heat and light.","太阳,宇宙中数以万计的恒星之一,为我们提供了光和热。",,,,OCR_MISSING,F3-GMS-2501C 03:54.89-04:00.02
2537,3,2501,"Mr. Lopez, whom I spoke with at the meeting, is very interested in our plan.",会上跟我交谈的那位洛佩兹先生对我们的计划很感兴趣。,,,,OCR_MISSING,F3-GMS-2501C 04:03.25-04:08.08
2538,3,2501,"Fortunately, we had a map that we would have gotten lost without.","幸亏我们有地图,不然我们就迷路了。",,,,OCR_MISSING,F3-GMS-2501C 04:11.29-04:14.24
2539,3,2501,This is my friend from Italy that I was telling you about.,这就是我曾经跟你说过的那位意大利来的朋友。,,,,OCR_MISSING,F3-GMS-2501C 04:17.50-04:21.10
2540,3,2501,"Ten people applied for the job, none of which were suitable.","有十个人应聘这份工作,但没一个合适。",,,,LOW_CONF;OCR_MISSING,F3-GMS-2501C 04:24.36-04:27.55
2541,3,2501,"Priscilla has two sisters, both of whom were teachers.","普里希拉有两个姐姐,她们俩都是老师。",,,,OCR_MISSING,F3-GMS-2501C 04:30.75-04:34.01
2542,3,2501,"We drove along the road, the sides of which were lined with trees.","我们沿路驾驶,路的两旁都是树。",,,,OCR_MISSING,F3-GMS-2501C 04:37.25-04:40.09
2543,3,2501,"The company has a new business plan, the aim of which is to save money.","公司有了一个新的商业计划,计划的目的是省钱。",,,,OCR_MISSING,F3-GMS-2501C 04:43.41-04:47.59
2544,3,2501,"Idrin doesn't have a phone, which makes it difficult to contact her.","宜居然没有手机,所以很难跟她联系。",,,,LOW_CONF;OCR_MISSING,F3-GMS-2501C 04:50.89-04:53.78
2545,3,2501,Police investigating the crime are looking for three men.,负责调查这起犯罪事件的警察正在搜寻三名男子。,,,,OCR_MISSING,F3-GMS-2501C 04:57.13-05:01.13
2546,3,2501,The road connecting the two towns is very narrow.,连接这两个小镇的道路非常狭窄。,,,,OCR_MISSING,F3-GMS-2501C 05:04.46-05:07.12
2547,3,2501,I have a large bedroom overlooking the garden.,我有一个可以俯视花园的大卧室。,,,,OCR_MISSING,F3-GMS-2501C 05:10.32-05:12.88
2548,3,2501,The boy injured in the accident was taken to the hospital.,那起车祸中受伤的男孩被送去了医院。,,,,OCR_MISSING,F3-GMS-2501C 05:16.23-05:19.42
2549,3,2501,The police never found the money stolen in the robbery.,警方始终没有找到抢劫案件的赃款。,,,,OCR_MISSING,F3-GMS-2501C 05:22.73-05:25.61
2550,3,2501,Most of the goods made in this factory are exported.,这家工厂的大部分产品都会出口。,,,,OCR_MISSING,F3-GMS-2501C 05:28.76-05:31.43
2551,3,2551,There are only a few chocolates left.,那里只剩下一点点巧克力了。,,,,OCR_MISSING,F3-GMS-2551C 00:06.76-00:08.88
2552,3,2551,I didn't talk much to the man sitting next to me on the plane.,"在飞机上,我没有跟旁边的那位先生有太多交谈。",,,,OCR_MISSING,F3-GMS-2551C 00:12.21-00:15.98
2553,3,2551,The taxi taking us to the airport broke down.,送我们去机场的出租车坏了。,,,,LOW_CONF;OCR_MISSING,F3-GMS-2551C 00:19.14-00:21.32
2554,3,2551,The road damaged in the storm has now been repaired.,"被暴风雨摧毁的道路,现在已经修好了。",,,,OCR_MISSING,F3-GMS-2551C 00:24.49-00:27.77
2555,3,2551,Most of the suggestions made at the meeting weren't very reasonable.,大部分会上提的建议都不是非常合理。,,,,OCR_MISSING,F3-GMS-2551C 00:31.02-00:33.81
2556,3,2551,What was the name of the man arrested by the police?,那个被警方逮捕的男人叫什么名字?,,,,OCR_MISSING,F3-GMS-2551C 00:36.99-00:39.72
2557,3,2551,I don't have anything to do. I'm bored.,"我没什么事做,我好无聊。",,,,OCR_MISSING,F3-GMS-2551C 00:42.94-00:45.08
2558,3,2551,The teacher's explanation was confusing. Most of the students didn't understand it.,"老师的解释很混乱,大多数的学生都听不懂。",,,,OCR_MISSING,F3-GMS-2551C 00:48.38-00:51.78
2559,3,2551,The kitchen hadn't been cleaned in ages. It was really disgusting.,"厨房很久没有清理了,真恶心。",,,,OCR_MISSING,F3-GMS-2551C 00:55.04-00:57.47
2560,3,2551,You don't have to get annoyed just because I'm a few minutes late.,你不必因为我迟到个几分钟就这么生气。,,,,OCR_MISSING,F3-GMS-2551C 01:00.67-01:03.58
2561,3,2551,"I've been working very hard all day, and now I'm exhausted.","我一整天都非常努力的工作,现在我已经精疲力尽了。",,,,OCR_MISSING,F3-GMS-2551C 01:06.78-01:11.03
2562,3,2551,Vitaly is very good at telling funny stories. He can be very amusing.,"维塔莱很擅长讲有趣的故事,她可以非常风趣。",,,,OCR_MISSING,F3-GMS-2551C 01:14.24-01:18.25
2563,3,2551,He's one of the most boring people I've ever met. He never stops talking and he never says anything interesting.,"他是我煎锅最无聊的人之一,他一直说话也没什么有趣的话题。",,,,OCR_MISSING,F3-GMS-2551C 01:21.37-01:26.24
2564,3,2551,"As the movie went on, it became more and more boring.",电影的剧情越演越无聊。,,,,OCR_MISSING,F3-GMS-2551C 01:29.38-01:31.55
2565,3,2551,The dinner smells good.,晚餐闻起来好香。,,,,OCR_MISSING,F3-GMS-2551C 01:34.74-01:36.30
2566,3,2551,This milk tastes a little strange.,这牛奶喝起来有点奇怪。,,,,OCR_MISSING,F3-GMS-2551C 01:39.77-01:41.80
2567,3,2551,"I can't eat this. I just tried it, and it tastes awful.","我不吃这个了,我刚吃了觉得好难吃。",,,,OCR_MISSING,F3-GMS-2551C 01:44.95-01:47.90
2568,3,2551,Why do you look all wet? Have you been out in the rain?,"你为什么全身都湿了,你出去淋雨了吗?",,,,OCR_MISSING,F3-GMS-2551C 01:51.19-01:54.18
2569,3,2551,There's no point in doing a job if you don't do it properly.,"如果不用心做,那就没必要做了。",,,,OCR_MISSING,F3-GMS-2551C 01:57.49-02:00.02
2570,3,2551,They'll be away for the next few weeks.,他们会离开几周。,,,,OCR_MISSING,F3-GMS-2551C 02:03.35-02:04.86
2571,3,2551,Two people were seriously injured in the accident.,有两人在这起车祸中受了重伤。,,,,OCR_MISSING,F3-GMS-2551C 02:08.06-02:10.76
2572,3,2551,We didn't go out because it was raining heavily.,"我们没出去,因为外面雨下得很大。",,,,OCR_MISSING,F3-GMS-2551C 02:14.00-02:16.78
2573,3,2551,"Even though Rosetta still makes mistakes, her English is already very fluent.","尽管罗赛塔的英语有时仍会出错,他说的已经非常流畅了。",,,,OCR_MISSING,F3-GMS-2551C 02:20.21-02:24.60
2574,3,2551,The shoes I tried on fit me perfectly.,"我是穿过的那双鞋,非常适合我。",,,,LOW_CONF;OCR_MISSING,F3-GMS-2551C 02:27.87-02:30.30
2575,3,2551,We know how to learn languages incredibly quickly.,我们知道如何用意想不到的速度来学习语言。,,,,OCR_MISSING,F3-GMS-2551C 02:33.47-02:36.96
2576,3,2551,Two people got seriously injured in the accident.,有两个人在这起车祸中伤得很严重。,,,,OCR_MISSING,F3-GMS-2551C 02:40.23-02:42.90
2577,3,2551,The conference was badly organized.,这次会议组织得很糟糕。,,,,OCR_MISSING,F3-GMS-2551C 02:46.07-02:48.15
2578,3,2551,The movie was unnecessarily long. It could have been much shorter.,"这部电影没必要这么长,它大可以短一些。",,,,OCR_MISSING,F3-GMS-2551C 02:51.32-02:54.67
2579,3,2551,Esteban always wears nice clothes. He's always well-dressed.,"埃斯特班总是穿好衣服,他总是衣着讲究。",,,,OCR_MISSING,F3-GMS-2551C 02:57.94-03:01.64
2580,3,2551,"Elisa has a lot of responsibility in her job, but she isn't very well paid.","伊丽莎的工作要承担很大的责任,但她并没有得到很好的待遇。",,,,OCR_MISSING,F3-GMS-2551C 03:04.90-03:09.78
2581,3,2551,You're speaking too quietly. I can hardly hear you.,"你说话太小声,我几乎都听不到。",,,,OCR_MISSING,F3-GMS-2551C 03:12.94-03:15.28
2582,3,2551,You look the same now as you looked 15 years ago. You've hardly changed.,"你现在看起来跟15年前一样,你几乎都没变。",,,,OCR_MISSING,F3-GMS-2551C 03:18.48-03:22.12
2583,3,2551,Our new boss is not very popular. Hardly anyone likes her.,"我们的新老板不太受欢迎,几乎没有人喜欢他。",,,,OCR_MISSING,F3-GMS-2551C 03:25.39-03:28.92
2584,3,2551,It was very crowded in the room. There was hardly anywhere to sit.,"这房间很拥挤,几乎没有坐的地方。",,,,OCR_MISSING,F3-GMS-2551C 03:32.14-03:35.32
2585,3,2551,I hate this town. There's hardly anything to do and hardly anywhere to go for fun.,"我讨厌这个小镇,都没什么事可做,也没地方玩。",,,,OCR_MISSING,F3-GMS-2551C 03:38.60-03:42.69
2586,3,2551,The story was so stupid. It was such a stupid story.,这是个愚蠢的故事。,,,,OCR_MISSING,F3-GMS-2551C 03:45.98-03:47.51
2587,3,2551,They're so nice. They're such nice people.,他们人很好。,,,,LOW_CONF;OCR_MISSING,F3-GMS-2551C 03:50.78-03:51.93
2588,3,2551,We had such a good time on vacation that we didn't want to come home.,"假期时光太美好了,以至于我们都不想回家。",,,,OCR_MISSING,F3-GMS-2551C 03:55.15-03:58.56
2589,3,2551,She speaks English so well you would think it was her native language.,"他的英语说得太好了,以至于你会以为是他的母语。",,,,OCR_MISSING,F3-GMS-2551C 04:01.95-04:05.75
2590,3,2551,The music was so loud that you could hear it from miles away.,"音乐实在是太大声了, 大到好几公里外就能听见。",,,,OCR_MISSING,F3-GMS-2551C 04:09.14-04:13.02
2591,3,2551,I haven't seen her for such a long time.,我好久没见到他了。,,,,OCR_MISSING,F3-GMS-2551C 04:16.18-04:17.63
2592,3,2551,I didn't know it was such a long way.,我不知道这条路这么长。,,,,LOW_CONF;OCR_MISSING,F3-GMS-2551C 04:20.96-04:22.71
2593,3,2551,You're lazy. You don't work hard enough.,"你太懒了,都没有尽力工作。",,,,OCR_MISSING,F3-GMS-2551C 04:25.87-04:28.23
2594,3,2551,Is Raj going to apply for the job? Does he have enough experience? Is he experienced enough for the job?,拉兹要申请这份工作吗?他有足够的工作经验吗?他的工作经验申请这份工作够吗?,,,,OCR_MISSING,F3-GMS-2551C 04:31.57-04:38.31
2595,3,2551,They're too young to get married. They're not old enough to get married.,他们还没到可以结婚的年龄。,,,,OCR_MISSING,F3-GMS-2551C 04:41.54-04:43.83
2596,3,2551,It's too far to walk home from here.,从这里走回家实在太远了。,,,,OCR_MISSING,F3-GMS-2551C 04:47.08-04:49.34
2597,3,2551,These apples aren't ripe enough to eat.,"这些苹果还没熟,不能吃。",,,,LOW_CONF;OCR_MISSING,F3-GMS-2551C 04:52.98-04:55.18
2598,3,2551,The situation is too complicated to explain.,情况解释起来非常复杂。,,,,OCR_MISSING,F3-GMS-2551C 04:58.49-05:00.52
2599,3,2551,You're standing too close to the camera. Can you move a little farther away?,"你离相机太近了,可以站远一点吗?",,,,OCR_MISSING,F3-GMS-2551C 05:03.87-05:06.49
2600,3,2551,The instructions were very complicated. They could have been simpler.,"这只是太复杂了,本可以再简单一点的。",,,,OCR_MISSING,F3-GMS-2551C 05:09.84-05:12.99
2601,3,2601,It takes longer by train than car.,坐火车比开车用的时间长。,,,,LOW_CONF;OCR_MISSING,F3-GMS-2601C 00:06.76-00:09.00
2602,3,2601,Walter did worse than I did on the test.,沃尔特考试考得比我差。,,,,OCR_MISSING,F3-GMS-2601C 00:12.51-00:14.55
2603,3,2601,My friends arrived earlier than I expected.,我的朋友们比我预期到的还早。,,,,OCR_MISSING,F3-GMS-2601C 00:17.99-00:20.43
2604,3,2601,The bus is run more often than the trains.,公交车的班次比火车多。,,,,OCR_MISSING,F3-GMS-2601C 00:23.94-00:26.02
2605,3,2601,There were a lot of people on the bus. It was more crowded than usual.,"公车上有很多人,比平常拥挤。",,,,OCR_MISSING,F3-GMS-2601C 00:29.19-00:31.98
2606,3,2601,Could you speak a bit more slowly?,你可以慢一点说吗?,,,,OCR_MISSING,F3-GMS-2601C 00:35.14-00:36.67
2607,3,2601,This bag is slightly heavier than the other one.,这个包比另外一个稍微重一点。,,,,OCR_MISSING,F3-GMS-2601C 00:40.08-00:42.42
2608,3,2601,Her illness was far more serious than we thought at first.,他的病情比我们当初料想的严重多了。,,,,OCR_MISSING,F3-GMS-2601C 00:45.69-00:48.77
2609,3,2601,I've waited long enough and I'm not waiting any longer.,"我已经等了够久的了,我不想再等了。",,,,OCR_MISSING,F3-GMS-2601C 00:52.02-00:54.82
2610,3,2601,"We expected their house to be very big, but it's no bigger than ours.","我以为他们的房子会很大,结果跟我们的差不多大。",,,,OCR_MISSING,F3-GMS-2601C 00:58.07-01:01.64
2611,3,2601,"This hotel is better than the other one, and it's no more expensive.","这个酒店比另外一家好,而且价格差不多。",,,,OCR_MISSING,F3-GMS-2601C 01:04.98-01:08.13
2612,3,2601,What time should we leave? The sooner the better.,"我们几点要离开,越早越好。",,,,OCR_MISSING,F3-GMS-2601C 01:11.38-01:13.92
2613,3,2601,"When you're traveling, the less luggage you have, the better.",旅行的时候行李越少越好。,,,,OCR_MISSING,F3-GMS-2601C 01:17.11-01:19.29
2614,3,2601,"The sooner we leave, the earlier we'll arrive.","我们越早走,就会越早到。",,,,LOW_CONF;OCR_MISSING,F3-GMS-2601C 01:22.49-01:24.65
2615,3,2601,"The more I thought about the plan, the less I liked it.",这个计划我越想越不喜欢。,,,,LOW_CONF;OCR_MISSING,F3-GMS-2601C 01:27.82-01:30.06
2616,3,2601,The shopping mall wasn't as crowded as usual. The shopping mall was less crowded than usual.,这家商场没有平常那么拥挤。,,,,OCR_MISSING,F3-GMS-2601C 01:33.24-01:35.54
2617,3,2601,I don't know as many people as you do. I know fewer people than you do.,我认识的人没有你多。,,,,OCR_MISSING,F3-GMS-2601C 01:38.68-01:40.42
2618,3,2601,I'm sorry I'm late. I got here as fast as I could.,"我很抱歉,我迟到了,我已经尽量快了。",,,,OCR_MISSING,F3-GMS-2601C 01:43.64-01:46.69
2619,3,2601,You're free to have as much food as you want.,你想吃多少就吃多少。,,,,OCR_MISSING,F3-GMS-2601C 01:50.24-01:51.96
2620,3,2601,Could you send me the money as soon as possible?,你可以尽快把钱寄给我吗?,,,,LOW_CONF;OCR_MISSING,F3-GMS-2601C 01:55.25-01:57.20
2621,3,2601,Gas is twice as expensive as it was a few years ago.,天然气的价格是几年前的两倍。,,,,OCR_MISSING,F3-GMS-2601C 02:00.41-02:02.87
2622,3,2601,Satomi's salary is the same as mine. Satomi gets the same salary as me.,李美的工资跟我一样。,,,,OCR_MISSING,F3-GMS-2601C 02:06.09-02:07.91
2623,3,2601,They have more money than we do. They have more money than us.,他们的钱比我们多。,,,,OCR_MISSING,F3-GMS-2601C 02:11.21-02:12.89
2624,3,2601,I can't run as fast as he can. I can't run as fast as him.,我跑的没有他快。,,,,OCR_MISSING,F3-GMS-2601C 02:16.17-02:17.60
2625,3,2601,The movie we just watched was the most boring movie I've ever seen.,我们刚才看的电影是我看过最无聊的一部。,,,,OCR_MISSING,F3-GMS-2601C 02:21.02-02:24.05
2626,3,2601,Why does she always come to see me at the worst possible time?,为什么他总是在最不理想的时间来找我?,,,,OCR_MISSING,F3-GMS-2601C 02:27.19-02:30.22
2627,3,2601,He's the most patient person I've ever met.,他是我煎锅最有耐心的人。,,,,OCR_MISSING,F3-GMS-2601C 02:33.44-02:35.52
2628,3,2601,His eldest son is 16 years old.,他最大的儿子16岁。,,,,LOW_CONF;OCR_MISSING,F3-GMS-2601C 02:38.82-02:40.79
2629,3,2601,What's the most important decision you've ever had to make? It was moving to another country.,你做过最重要的决定是什么? 那就是搬到别的国家去。,,,,OCR_MISSING,F3-GMS-2601C 02:44.01-02:48.89
2630,3,2601,"When we went to Munich, our guide spoke English fluently.","我们在慕尼黑的导游,英语说得很流利。",,,,OCR_MISSING,F3-GMS-2601C 02:52.14-02:55.28
2631,3,2601,I met a friend of mine on my way home.,我在回家的路上遇到一个朋友。,,,,OCR_MISSING,F3-GMS-2601C 02:58.49-03:00.91
2632,3,2601,Walter hardly ever watches TV and rarely reads newspapers.,"沃尔特很少看电视,也很少看报纸。",,,,OCR_MISSING,F3-GMS-2601C 03:04.04-03:07.04
2633,3,2601,The traffic isn't usually as bad as it was this morning.,交通状况平常不会像今天早上这么糟糕。,,,,OCR_MISSING,F3-GMS-2601C 03:10.21-03:13.94
2634,3,2601,"I'll be there next week, but I probably won't see you.","我下个礼拜会在那里,但我可能见不到你。",,,,OCR_MISSING,F3-GMS-2601C 03:17.09-03:20.22
2635,3,2601,Gerardo and Feliciana have both applied for the job.,杰拉尔多和费利西亚纳都申请了那份工作。,,,,OCR_MISSING,F3-GMS-2601C 03:23.37-03:26.91
2636,3,2601,"He always says he won't be late, but he always is.","他总说他不会迟到,可他其实每次都迟到。",,,,OCR_MISSING,F3-GMS-2601C 03:30.13-03:33.49
2637,3,2601,Yevgeny doesn't work here anymore. He left last month. But Alan still works here.,"叶福根尼不在这里上班了,他上个月离职了,但是艾伦还在这里上班。",,,,OCR_MISSING,F3-GMS-2601C 03:36.78-03:42.16
2638,3,2601,"We used to be good friends, but we aren't anymore. We're no longer friends.","我们以前是好朋友,但现在不是了,我们再也不是朋友了。",,,,OCR_MISSING,F3-GMS-2601C 03:45.48-03:50.04
2639,3,2601,Have you gone to the bank yet? Not yet.,你去银行了吗?还没去。,,,,OCR_MISSING,F3-GMS-2601C 03:53.35-03:55.61
2640,3,2601,Violetta lost her job six months ago and hasn't found another job yet.,"维奥莱塔六个月前失业了,而且还没找到新的工作。",,,,OCR_MISSING,F3-GMS-2601C 03:58.93-04:03.13
2641,3,2601,"She said she'd be here an hour ago, and she still hasn't arrived.","他一个小时前就说他快到了,可到现在都没到。",,,,OCR_MISSING,F3-GMS-2601C 04:06.41-04:10.40
2642,3,2601,"Have you written him yet? Yes, and he still hasn't replied.","你给他写信了吗?写了,但他还没回。",,,,OCR_MISSING,F3-GMS-2601C 04:13.86-04:17.19
2643,3,2601,Should I tell him what happened or does he already know?,我要告诉他发生了什么吗?还是他已经知道了?,,,,OCR_MISSING,F3-GMS-2601C 04:20.60-04:23.78
2644,3,2601,"I've just had lunch, and I'm already hungry.","我刚吃完午饭,可我已经饿了。",,,,OCR_MISSING,F3-GMS-2601C 04:27.11-04:29.68
2645,3,2601,Would you like to eat with us or have you already eaten?,你想跟我们一起吃饭吗?还是你已经吃过了?,,,,OCR_MISSING,F3-GMS-2601C 04:33.43-04:36.77
2646,3,2601,The plane is still waiting on the runway and hasn't taken off yet.,"飞机还在跑道上等待,还没起飞。",,,,OCR_MISSING,F3-GMS-2601C 04:39.99-04:42.82
2647,3,2601,Has his flight landed yet? Not yet. It should land in about 30 minutes.,"飞机降落了吗?还没,大约30分钟后降落。",,,,OCR_MISSING,F3-GMS-2601C 04:46.09-04:49.82
2648,3,2601,"He always wears a coat, even in hot weather.","他总是穿着外套,即使天气很热。",,,,OCR_MISSING,F3-GMS-2601C 04:53.06-04:55.72
2649,3,2601,They weren't very friendly to us. They didn't even say hello.,"他们对我们不是很友善,他们甚至都没打招呼。",,,,OCR_MISSING,F3-GMS-2601C 04:59.04-05:02.80
2650,3,2601,"I got up very early, but my teacher got up even earlier.","我很早就起了,但我的老师起得更早。",,,,OCR_MISSING,F3-GMS-2601C 05:06.17-05:09.31
2651,3,2651,"I knew I didn't have much money, but I have even less than I thought.","我知道我没多少钱,但比我想象的还少。",,,,OCR_MISSING,F3-GMS-2651C 00:13.25-00:16.44
2652,3,2651,"Even though she can't drive, she still bought a car.","虽然他不会开车,他还是买了一辆车。",,,,OCR_MISSING,F3-GMS-2651C 00:19.81-00:25.02
2653,3,2651,"I'll probably see you tomorrow, but even if I don't see you tomorrow, I'm sure we'll see each other before the weekend.","我们明天可能会见面,但就算明天没见到,周末前我们肯定能见到。",,,,OCR_MISSING,F3-GMS-2651C 00:28.47-00:30.94
2654,3,2651,"We're going to the beach tomorrow, even if it's raining.","就算下雨,明天我们也要去海边。",,,,OCR_MISSING,F3-GMS-2651C 00:34.18-00:37.58
2655,3,2651,"I didn't get the job, although I was well-qualified. I didn't get the job in spite of being well-qualified.","虽然我很符合条件,我还是没得到那份工作。",,,,OCR_MISSING,F3-GMS-2651C 00:40.81-00:43.98
2656,3,2651,"Although she wasn't feeling well, she still went to work. In spite of not feeling well, she still went to work.","虽然他觉得有点不舒服,他还是去上班了。",,,,LOW_CONF;OCR_MISSING,F3-GMS-2651C 00:47.21-00:51.94
2657,3,2651,I didn't get the job despite the fact that I was extremely qualified.,"虽然我非常符合工作所需的条件,我还是没得到那份工作。",,,,OCR_MISSING,F3-GMS-2651C 00:55.10-00:57.46
2658,3,2651,"I couldn't sleep despite being very tired. Even though I was really tired, I couldn't sleep.","虽然我很累了,我还是睡不着。",,,,OCR_MISSING,F3-GMS-2651C 01:00.65-01:05.11
2659,3,2651,"I didn't get the job, though I had all the necessary qualifications.","虽然我符合了工作的必须条件,我还是没得到那份工作。",,,,OCR_MISSING,F3-GMS-2651C 01:08.45-01:11.43
2660,3,2651,"She only accepted the job because of the salary, which was very high.",他接受这个工作纯粹是因为工资很高。,,,,LOW_CONF;OCR_MISSING,F3-GMS-2651C 01:14.81-01:17.54
2661,3,2651,"She accepted the job in spite of the salary, which was rather low.","他接受了这个工作,尽管工资很低。",,,,OCR_MISSING,F3-GMS-2651C 01:20.83-01:24.78
2662,3,2651,I'll send you a map and directions in case you can't find our house.,"我会把地图和方向图发给你,以防你找不到我们家。",,,,OCR_MISSING,F3-GMS-2651C 01:27.75-01:30.12
2663,3,2651,I'll remind him of the meeting in case he's forgotten.,"我会提醒他开会,以防他忘了。",,,,OCR_MISSING,F3-GMS-2651C 01:33.41-01:35.90
2664,3,2651,I'll leave my phone on just in case my mother calls.,"我会开着手机,免得我妈打来。",,,,LOW_CONF;OCR_MISSING,F3-GMS-2651C 01:39.26-01:42.57
2665,3,2651,I'll give you my phone number in case you need to contact me.,"我会把我的手机号码给你,以防你需要联系我。",,,,OCR_MISSING,F3-GMS-2651C 01:45.87-01:49.55
2666,3,2651,You should register your bike in case it's stolen.,"为了避免自行车被偷,应该先去给自行车登记。",,,,OCR_MISSING,F3-GMS-2651C 01:52.74-01:56.69
2667,3,2651,You should tell the police if you have any information about the crime.,"如果你有任何关于这起犯罪的消息,你应该告诉警察。",,,,OCR_MISSING,F3-GMS-2651C 01:59.97-02:04.57
2668,3,2651,The club is for members only. You can't go in unless you're a member.,"这个俱乐部只对会员开放,除非你是会员,否则不能进去。",,,,OCR_MISSING,F3-GMS-2651C 02:07.80-02:10.95
2669,3,2651,I'll see you tomorrow unless I have to work late.,"除非我工作到太晚,不然我们明天见。",,,,OCR_MISSING,F3-GMS-2651C 02:14.13-02:17.62
2670,3,2651,You can borrow my car as long as you promise not to drive too fast. You can borrow my car provided that you don't drive too fast.,"只要你答应我不开太快,我就可以把车借给你。",,,,OCR_MISSING,F3-GMS-2651C 02:20.91-02:24.94
2671,3,2651,"I don't care which hotel we stay at, as long as the room is clean. Provided that the room is clean, I don't really care which hotel we stay at.","我不在乎要住哪个旅馆,只要房间干净就可以了。",,,,OCR_MISSING,F3-GMS-2651C 02:28.00-02:30.49
2672,3,2651,I'm not going unless it stops raining.,"除非不下雨了,不然我就不去了。",,,,OCR_MISSING,F3-GMS-2651C 02:33.73-02:35.77
2673,3,2651,Eamon slipped as he was getting off the bus.,艾曼下车的时候滑倒了。,,,,OCR_MISSING,F3-GMS-2651C 02:39.28-02:41.75
2674,3,2651,We met Yuko as we were leaving the hotel.,我们离开酒店的时候遇到了U字。,,,,LOW_CONF;OCR_MISSING,F3-GMS-2651C 02:44.96-02:47.83
2675,3,2651,I had to leave just as the meeting was getting started.,"会议刚要开始的时候,我就不得不离开了。",,,,OCR_MISSING,F3-GMS-2651C 02:51.10-02:53.06
2676,3,2651,The phone rang just as I sat down.,"我刚坐下,电话就响了。",,,,OCR_MISSING,F3-GMS-2651C 02:56.56-02:59.43
2677,3,2651,The thief was difficult to identify as he was wearing a mask.,"因为小偷戴了面罩,所以很难指认。",,,,OCR_MISSING,F3-GMS-2651C 03:02.78-03:08.00
2678,3,2651,"I couldn't contact David as he was on a business trip in Japan, and his cell phone doesn't work there.","我没联系上大卫,因为他当时在日本出差,手机在那边,不能用。",,,,OCR_MISSING,F3-GMS-2651C 03:11.41-03:14.36
2679,3,2651,"Some sports, like motorcycle racing, can be dangerous.","有些运动很危险,比如摩托车赛。",,,,OCR_MISSING,F3-GMS-2651C 03:17.60-03:19.48
2680,3,2651,You should have done it as I showed you. You should have done it like this.,"你应该按我演示的那么做,你应该这样做。",,,,OCR_MISSING,F3-GMS-2651C 03:20.11-03:21.30
2681,3,2651,"As always, you're late to class. You're late to class as usual.","你上课迟到了,一如既往。",,,,LOW_CONF;OCR_MISSING,F3-GMS-2651C 03:24.71-03:26.96
2682,3,2651,T. Young works as the manager in his company.,志荣是公司的经理。,,,,OCR_MISSING,F3-GMS-2651C 03:30.16-03:31.92
2683,3,2651,"Eun Ah has to make important decisions, just like the manager.","恩雅必须做些重要的决定,就像经理一样。",,,,OCR_MISSING,F3-GMS-2651C 03:35.27-03:38.69
2684,3,2651,That house looks like it's going to fall down. That house looks as if it's going to fall down.,这房子看起来好像要塌了。,,,,OCR_MISSING,F3-GMS-2651C 03:41.94-03:44.11
2685,3,2651,"Iris is very late, isn't she? It looks like she isn't coming. It looks as if she isn't coming. It looks as though she isn't coming.","爱丽丝迟到了很久,是吧?看来她好像不会来了。",,,,OCR_MISSING,F3-GMS-2651C 03:47.47-03:51.56
2686,3,2651,We took an umbrella because it looked like it was going to rain.,"我们带了把雨伞,因为看起来好像要下雨了。",,,,OCR_MISSING,F3-GMS-2651C 03:54.94-03:58.22
2687,3,2651,Do you hear music coming from next door? It sounds like they're having a party.,你听到隔壁传来的音乐声了吗?听起来他们好像在开派对。,,,,OCR_MISSING,F3-GMS-2651C 04:01.65-04:06.05
2688,3,2651,"After the interruption, the speaker went on talking as if nothing had happened.","被打断后,演讲者继续演讲,好像什么事也没有发生过一样。",,,,OCR_MISSING,F3-GMS-2651C 04:09.51-04:14.30
2689,3,2651,"When I told them my plan, they looked at me as though I was crazy.","我跟他们说了我的计划之后,他们把我当疯子一样看着我。",,,,OCR_MISSING,F3-GMS-2651C 04:17.46-04:21.84
2690,3,2651,"She's always asking me to do things for her, as if I didn't have enough to do already.","他经常让我帮他做事,好像我的事还不够多。",,,,OCR_MISSING,F3-GMS-2651C 04:24.99-04:28.61
2691,3,2651,Sachiko is going away for a week in September.,左之子9月会离开一个礼拜。,,,,OCR_MISSING,F3-GMS-2651C 04:31.79-04:34.26
2692,3,2651,Where have you been? I've been waiting for ages.,你去哪儿了?我等了好久了。,,,,OCR_MISSING,F3-GMS-2651C 04:37.51-04:39.71
2693,3,2651,I fell asleep during the movie. I fell asleep while I was watching the movie.,我看电影时睡着了。,,,,OCR_MISSING,F3-GMS-2651C 04:43.04-04:44.66
2694,3,2651,We met some really nice people during our vacation.,我们度假的时候遇到很多好人。,,,,OCR_MISSING,F3-GMS-2651C 04:48.05-04:50.74
2695,3,2651,I'll call you sometime during the afternoon.,我下午会打给你。,,,,OCR_MISSING,F3-GMS-2651C 04:54.12-04:55.66
2696,3,2651,It rained for three days without stopping.,雨整整下了三天都没停。,,,,OCR_MISSING,F3-GMS-2651C 04:58.83-05:00.99
2697,3,2651,There was a phone call for you while you were out.,你出去的时候有通电话打来找你。,,,,LOW_CONF;OCR_MISSING,F3-GMS-2651C 05:04.27-05:06.80
2698,3,2651,I'll be in London next week and hope to see John while I'm there.,"我下个礼拜会在伦敦,我希望在那里可以见到约翰。",,,,OCR_MISSING,F3-GMS-2651C 05:10.05-05:14.15
2699,3,2651,"I sent the package to them today, so they should receive it by Monday. They should receive it no later than Monday.","我今天把包裹寄出了,所以他们星期一前应该可以收到。",,,,OCR_MISSING,F3-GMS-2651C 05:17.41-05:21.94
2700,3,2651,I have to be home by 5 o'clock. I have to be home no later than 5 o'clock.,我五点前必须回家。,,,,OCR_MISSING,F3-GMS-2651C 05:25.42-05:27.18
2701,3,2701,The GMS Method. Fluency 3. English.,"我今天一觉睡到了中午,我今天睡到中午才起床。",,,,OCR_MISSING,F3-GMS-2701C 00:14.65-00:18.89
2702,3,2701,I slept until noon this morning. I didn't get up until noon this morning.,"帕布鲁星期六前都不在,帕布鲁星期六才会回来。",,,,OCR_MISSING,F3-GMS-2701C 00:22.24-00:24.06
2703,3,2701,Pablo will be away until Saturday. Pablo will be back by Saturday.,"我得工作到晚上11点,我得晚上11点才能做完工作。",,,,OCR_MISSING,F3-GMS-2701C 00:24.91-00:27.27
2704,3,2701,I have to work until 11 p.m. I'll have finished my work by 11 p.m.,"现在去银行太晚了,等我们到的时候银行就该关了。",,,,OCR_MISSING,F3-GMS-2701C 00:30.33-00:34.20
2705,3,2701,我得晚上11点才能做完工作。,"等我们到电影院的时候,电影就该开始了。",,,,OCR_MISSING,F3-GMS-2701C 00:37.46-00:40.70
2706,3,2701,"现在去银行太晚了,等我们到的时候银行就该关了。","谢尔维奥的车在他开车去朋友家的路上坏了,当他到的时候,大家都已经走了。",,,,OCR_MISSING,F3-GMS-2701C 00:44.13-00:50.09
2707,3,2701,"等我们到电影院的时候,电影就该开始了。",我会在12月25号星期三中午见你。,,,,OCR_MISSING,F3-GMS-2701C 00:53.38-00:56.60
2708,3,2701,"By the time he arrived, everybody had left.",我会在2014年5月31号早上见你。,,,,OCR_MISSING,F3-GMS-2701C 00:59.72-01:03.16
2709,3,2701,I'll see you at noon on Wednesday on the 25th in December.,我下午必须得工作。,,,,OCR_MISSING,F3-GMS-2701C 01:06.33-01:08.05
2710,3,2701,"I'll see you in the morning on May 31st, 2014.",火车会在几分钟后发车。,,,,OCR_MISSING,F3-GMS-2701C 01:11.30-01:13.50
2711,3,2701,I have to work in the afternoons.,我一个礼拜后回来。,,,,OCR_MISSING,F3-GMS-2701C 01:16.66-01:18.23
2712,3,2701,The train will be leaving in a few minutes.,他们六个月后会结婚。,,,,OCR_MISSING,F3-GMS-2701C 01:21.49-01:23.39
2713,3,2701,I'll be back in a week.,一切都准时的开始和结束了。,,,,OCR_MISSING,F3-GMS-2701C 01:26.70-01:29.32
2714,3,2701,They're getting married in six months' time.,"如果我说十点,那我的意思就是说要准时。",,,,OCR_MISSING,F3-GMS-2701C 01:32.57-01:36.02
2715,3,2701,Everything began and ended on time.,"你能赶得及到家吃晚饭吗? 不行,我会比较晚。",,,,OCR_MISSING,F3-GMS-2701C 01:39.39-01:43.29
2716,3,2701,"If I say 10 o'clock, then I mean be on time.",我们及时赶上了火车。,,,,OCR_MISSING,F3-GMS-2701C 01:46.53-01:48.33
2717,3,2701,Will you be home in time for dinner?,"我们及时踩了刹车,没有撞到那个小孩。",,,,OCR_MISSING,F3-GMS-2701C 01:51.65-01:54.63
2718,3,2701,"你能赶得及到家吃晚饭吗? 不行,我会比较晚。","我们刚开始处得不好,但后来我们成了好朋友。",,,,OCR_MISSING,F3-GMS-2701C 01:57.96-02:01.58
2719,3,2701,我们及时赶上了火车。,"我一月初会离开,我年初会离开。",,,,OCR_MISSING,F3-GMS-2701C 02:04.80-02:08.18
2720,3,2701,"我们及时踩了刹车,没有撞到那个小孩。","我12月底会回来,我年底会回来。",,,,OCR_MISSING,F3-GMS-2701C 02:11.49-02:14.63
2721,3,2701,"我们刚开始处得不好,但后来我们成了好朋友。",我们要去的酒店在一个湖中的小岛上。,,,,OCR_MISSING,F3-GMS-2701C 02:17.87-02:20.90
2722,3,2701,"我一月初会离开,我年初会离开。","有人在门口,你可以去开一下门吗?",,,,OCR_MISSING,F3-GMS-2701C 02:24.15-02:26.78
2723,3,2701,"我十二月底会回来,我年底会回来。",我看电影喜欢坐在后排。,,,,OCR_MISSING,F3-GMS-2701C 02:30.30-02:32.24
2724,3,2701,我们要去的酒店在一个湖中的小岛上。,我刚开始在销售部门上班。,,,,OCR_MISSING,F3-GMS-2701C 02:35.61-02:37.93
2725,3,2701,"有人在门口,你可以去开一下门吗?",我们的公寓在这栋大楼的二楼。,,,,OCR_MISSING,F3-GMS-2701C 02:41.39-02:43.73
2726,3,2701,我看电影喜欢坐在后排。,在英国、日本和新加坡都是左侧行驶。,,,,OCR_MISSING,F3-GMS-2701C 02:47.06-02:51.04
2727,3,2701,I just started working in the sales department.,我在下班回家的路上停车加油。,,,,OCR_MISSING,F3-GMS-2701C 02:54.42-02:57.08
2728,3,2701,我们的公寓在这栋大楼的二楼。,植物在房间的角落。,,,,OCR_MISSING,F3-GMS-2701C 03:00.55-03:02.37
2729,3,2701,在英国、日本和新加坡都是左侧行驶。,油桶在街角,,,,OCR_MISSING,F3-GMS-2701C 03:05.91-03:07.27
2730,3,2701,我在下班回家的路上停车加油。,你住院过吗?,,,,OCR_MISSING,F3-GMS-2701C 03:10.69-03:12.03
2731,3,2701,植物在房间的角落,你坐过牢吗?,,,,LOW_CONF;OCR_MISSING,F3-GMS-2701C 03:15.33-03:16.49
2732,3,2701,油桶在街角,"我哥在上大学,我还在上高中,他学医,而我想学法律。",,,,OCR_MISSING,F3-GMS-2701C 03:19.94-03:24.93
2733,3,2701,你住院过吗?,"我们上周坐了邮轮,邮轮上人不多。",,,,OCR_MISSING,F3-GMS-2701C 03:28.17-03:31.18
2734,3,2701,你坐过牢吗?,我们上火车的时候已经没有座位了。,,,,OCR_MISSING,F3-GMS-2701C 03:34.43-03:37.03
2735,3,2701,"我哥在上大学,我还在上高中,他学医,而我想学法律。","我们上车的时候,车里人非常多。",,,,OCR_MISSING,F3-GMS-2701C 03:40.21-03:42.99
2736,3,2701,"我们上周坐了邮轮,邮轮上人不多。",飞机上我的座位是靠走道的。,,,,OCR_MISSING,F3-GMS-2701C 03:46.34-03:48.87
2737,3,2701,我们上火车的时候已经没有座位了。,"努力呀,昨天骑自行车经过我。",,,,OCR_MISSING,F3-GMS-2701C 03:52.10-03:54.49
2738,3,2701,"我们上车的时候,车里人非常多。","我的朋友们现在在中国,他们下个礼拜会回意大利。",,,,OCR_MISSING,F3-GMS-2701C 03:57.86-04:01.79
2739,3,2701,飞机上我的座位是靠走道的。,"我父母在动物园,我姨现在要去动物园跟他们会面。",,,,OCR_MISSING,F3-GMS-2701C 04:05.09-04:09.31
2740,3,2701,努力呀昨天骑自行车经过我,"师傅,我要赶飞机,咱们几点能到机场?",,,,OCR_MISSING,F3-GMS-2701C 04:12.57-04:15.75
2741,3,2701,"我的朋友们现在在中国,他们下个礼拜会回意大利。","我们四个人坐车,其他人坐公交。",,,,OCR_MISSING,F3-GMS-2701C 04:19.04-04:21.66
2742,3,2701,"我父母在动物园,我姨现在要去动物园跟他们会面。","坐在阳光下太热了,所以我们找了个阴凉的桌子坐。",,,,OCR_MISSING,F3-GMS-2701C 04:24.89-04:28.83
2743,3,2701,"师傅,我要赶飞机,咱们几点能到机场?","下雨的时候别出去,不然你该被淋湿了。",,,,OCR_MISSING,F3-GMS-2701C 04:32.22-04:35.38
2744,3,2701,"我们四个人坐车,其他人坐公交。","填表格的时候要用大写字母写名字,这样比较清晰。",,,,OCR_MISSING,F3-GMS-2701C 04:38.71-04:43.19
2745,3,2701,"坐在阳光下太热了,所以我们找了个阴凉的桌子做。",你谈过恋爱吗?,,,,OCR_MISSING,F3-GMS-2701C 04:46.43-04:47.70
2746,3,2701,"Don't go out when it rains, or you'll get wet.","在我看来,这部电影并没有那么好。",,,,LOW_CONF;OCR_MISSING,F3-GMS-2701C 04:51.04-04:53.61
2747,3,2701,"填表格的时候要用大写字母写名字,这样比较清晰。","在我妈看来,这家餐厅的食物最好吃。",,,,OCR_MISSING,F3-GMS-2701C 04:57.03-05:00.12
2748,3,2701,你谈过恋爱吗?,拉提法17岁的时候就辍学了。,,,,OCR_MISSING,F3-GMS-2701C 05:03.36-05:05.94
2749,3,2701,"In my opinion, this movie is not that good.","我们一小时前起飞,现在在一万米的高空,以时速900公里的速度飞行着。",,,,OCR_MISSING,F3-GMS-2701C 05:09.29-05:16.08
2750,3,2701,"In my mom's opinion, the food in this restaurant is the best.","驾驶员失去控制时,火车正以时速200公里行进。",,,,OCR_MISSING,F3-GMS-2701C 05:19.54-05:24.69
2751,3,2751,The GMS Method Fluency 3 English 中文 中文,水在摄氏100度时沸腾。,,,,OCR_MISSING,F3-GMS-2751C 00:06.76-00:09.01
2752,3,2751,水在摄氏100度时沸腾。,有些歌手每年都会在全球巡回演唱。,,,,OCR_MISSING,F3-GMS-2751C 00:12.33-00:15.54
2753,3,2751,Some singers go around the world to sing every year.,"我不是在收音机听到这个新闻,也不是在电视上,我是在网上看到的。",,,,OCR_MISSING,F3-GMS-2751C 00:18.84-00:24.26
2754,3,2751,"我不是在收音机听到这个新闻,也不是在电视上,我是在网上看到的。","我没见过负责营销的那位女士,但我跟她通过几次电话。",,,,OCR_MISSING,F3-GMS-2751C 00:27.57-00:31.90
2755,3,2751,"我没见过负责营销的那位女士,但我跟她通过几次电话。","今天没有火车运行,因为所有的铁路工人都罢工了。",,,,OCR_MISSING,F3-GMS-2751C 00:35.15-00:39.35
2756,3,2751,"今天没有火车运行,因为所有的铁路工人都罢工了。","他今年胖了很多,所以他想开始节食减肥了。",,,,OCR_MISSING,F3-GMS-2751C 00:43.31-00:47.12
2757,3,2751,"她今年胖了很多,所以她想开始节食减肥了。","我昨天看F1赛车时,看到一辆车起火了。",,,,OCR_MISSING,F3-GMS-2751C 00:50.40-00:54.16
2758,3,2751,"我昨天看F1賽車時,看到一輛車起火了。","我的工作有时候让我感觉压力很大,但整体来说,我喜欢我的同事,也喜欢我的工作。",,,,OCR_MISSING,F3-GMS-2751C 00:57.43-01:04.29
2759,3,2751,"我的工作有时候让我感觉压力很大,但整体来说,我喜欢我的同事,也喜欢我的工作。",我不是故意打扰你的。,,,,LOW_CONF;OCR_MISSING,F3-GMS-2751C 01:07.62-01:09.25
2760,3,2751,我不是故意打扰你的。,他不小心撞到了我。,,,,OCR_MISSING,F3-GMS-2751C 01:12.55-01:14.06
2761,3,2751,他不小心撞到了我。,他不小心撞到了我。,,,,LOW_CONF;OCR_MISSING,F3-GMS-2751C 01:17.36-01:18.95
2762,3,2751,他不小心撞到了我。,"我的联络信息都在名片上,要找我最简单的方式就是写电子邮件或是打我手机。",,,,OCR_MISSING,F3-GMS-2751C 01:22.25-01:28.56
2763,3,2751,"我的联络信息都在名片上,要找我最简单的方式就是写电子邮件或是打我手机。","我现金不够,可以刷卡吗?",,,,OCR_MISSING,F3-GMS-2751C 01:31.87-01:33.88
2764,3,2751,"我现金不够,可以刷卡吗?","你不需要手动修复,我可以写个电脑程序来帮你。",,,,OCR_MISSING,F3-GMS-2751C 01:37.18-01:40.95
2765,3,2751,你不需要手动修复 我可以写个电脑程序来帮你,"我爸有时打车去上班,而我坐公交去上班。",,,,OCR_MISSING,F3-GMS-2751C 01:44.06-01:47.50
2766,3,2751,"我爸有时打车去上班,而我坐公交去上班。","奥迦的爸爸是石油大亨,他都搭直升机和飞机工作。",,,,OCR_MISSING,F3-GMS-2751C 01:50.91-01:55.53
2767,3,2751,"傲家的爸爸是石油大亨,他都搭直升机和飞机工作。","搭车去机场要两个小时,但搭高速铁路只要45分钟。",,,,OCR_MISSING,F3-GMS-2751C 01:58.80-02:03.71
2768,3,2751,"搭车去机场要两个小时,但搭高速铁路只要45分钟。","我坐火车,七点钟到的。",,,,OCR_MISSING,F3-GMS-2751C 02:06.93-02:08.97
2769,3,2751,"我坐火车,七点钟到的。","门没有被破坏,所以一定是有人用钥匙开的门。",,,,OCR_MISSING,F3-GMS-2751C 02:12.34-02:15.85
2770,3,2751,"门没有被破坏,所以一定是有人用钥匙开的门。",我每个月的工资从一万两千块涨到了一万五千。,,,,OCR_MISSING,F3-GMS-2751C 02:19.15-02:24.13
2771,3,2751,"My salary has increased from €1,550 a month to €1,900. My salary has increased by €350.",我比你提前三米抵达了比赛终点。,,,,OCR_MISSING,F3-GMS-2751C 02:27.18-02:29.92
2772,3,2751,I finished the race three meters ahead of you. I won the race by three meters.,有些美国公司会给大学毕业生5000块的支票作为签约金。,,,,OCR_MISSING,F3-GMS-2751C 02:33.24-02:37.76
2773,3,2751,"Some American companies give college graduates a check for $5,000 as a signing bonus.",我写了一张3000元的支票给保险公司。,,,,OCR_MISSING,F3-GMS-2751C 02:41.01-02:44.78
2774,3,2751,I wrote a check for $500 to the insurance company. I wrote a check for 400 euros to the insurance company.,这家公司的快速成长归功于强劲的产品需求量。,,,,OCR_MISSING,F3-GMS-2751C 02:47.91-02:51.88
2775,3,2751,The company grew quickly due to a strong demand for its products.,不礼貌的行为是没有必要的。,,,,OCR_MISSING,F3-GMS-2751C 02:55.12-02:57.23
2776,3,2751,There's no need for impolite behavior.,一个人住的好处是比较自由。,,,,OCR_MISSING,F3-GMS-2751C 03:00.41-03:02.74
2777,3,2751,The advantage of living alone is that you have more freedom.,"事实上,一个人住有很多好处。",,,,LOW_CONF;OCR_MISSING,F3-GMS-2751C 03:05.98-03:08.46
2778,3,2751,"In fact, there are many advantages to living alone.",当局堆爆炸原因还是很困惑。,,,,OCR_MISSING,F3-GMS-2751C 03:11.75-03:14.53
2779,3,2751,The authorities are still baffled by the cause of the explosion.,我的手机里有所有的家庭照。,,,,OCR_MISSING,F3-GMS-2751C 03:17.84-03:20.19
2780,3,2751,I have all the photos of my family in my cell phone.,"我想我们迷路了,我们需要这个城市的地图,我来找找看有没有应用软件。",,,,OCR_MISSING,F3-GMS-2751C 03:23.54-03:29.54
2781,3,2751,I think we're lost. We need to get a map of this city.,新年前后交通事故的数量总会增加。,,,,OCR_MISSING,F3-GMS-2751C 03:32.78-03:35.92
2782,3,2751,"我想我们迷路了,我们需要这个城市的地图,我来找找看有没有应用软件。","近20年来,犯罪数目大幅减少。",,,,OCR_MISSING,F3-GMS-2751C 03:39.06-03:41.75
2783,3,2751,新年前后交通事故的数量总会增加。,"由于销售额巨降,这一年对公司来说很糟糕。",,,,OCR_MISSING,F3-GMS-2751C 03:44.94-03:48.86
2784,3,2751,"In the past 20 years, the number of crimes has significantly decreased.","由于车祸是我的错,我必须赔偿另一辆车的损失。",,,,OCR_MISSING,F3-GMS-2751C 03:52.20-03:56.28
2785,3,2751,"由于销售额巨降,这一年对公司来说很糟糕。","我有很多朋友要在今年结婚,我收到了很多婚宴邀请函。",,,,OCR_MISSING,F3-GMS-2751C 03:59.50-04:04.17
2786,3,2751,"由于车祸是我的错,我必须赔偿另一辆车的损失。",科学家们多年以来一直在寻找问题的答案。,,,,OCR_MISSING,F3-GMS-2751C 04:07.31-04:10.77
2787,3,2751,"我有很多朋友要在今年结婚,我收到了很多婚宴邀请函。","对于我简单的提议,它的反应让我感到很惊讶。",,,,OCR_MISSING,F3-GMS-2751C 04:13.93-04:17.39
2788,3,2751,Scientists have been looking for answers to questions for many years.,"他的工作态度很积极,所以他每个月的工资都在增加。",,,,OCR_MISSING,F3-GMS-2751C 04:20.76-04:24.84
2789,3,2751,"For my simple suggestion, his reaction surprised me.",你跟你父母的关系好吗?,,,,LOW_CONF;OCR_MISSING,F3-GMS-2751C 04:28.13-04:29.94
2790,3,2751,"His work attitude is very active, so his salary is increasing every month.",警方想要质询一名与一起谋杀案有关的嫌疑犯。,,,,OCR_MISSING,F3-GMS-2751C 04:33.15-04:36.93
2791,3,2751,你跟你父母的关系好吗?,"根据DNA证据,警方相信这两起谋杀案互相关联。",,,,OCR_MISSING,F3-GMS-2751C 04:40.15-04:44.49
2792,3,2751,The police want to question a suspect involved in the murder case.,很多欧洲语言的差别其实不大。,,,,OCR_MISSING,F3-GMS-2751C 04:47.81-04:50.22
2793,3,2751,"According to DNA evidence, the police believe that these two murders are related.","你真是太好了,愿意帮我,我真的很感谢。",,,,OCR_MISSING,F3-GMS-2751C 04:53.53-04:56.84
2794,3,2751,There is actually not much difference in European languages.,他非常慷慨地捐了一半财产给慈善机构。,,,,OCR_MISSING,F3-GMS-2751C 05:00.30-05:03.87
2795,3,2751,"你真是太好了,愿意帮我,我真的很感谢。","对陌生人要礼貌友善,他们有可能是你下一份工作的老板。",,,,OCR_MISSING,F3-GMS-2751C 05:07.19-05:11.86
2796,3,2751,He was very generous and donated half of his property to charity.,拉希德对他的弟弟的话感到非常生气。,,,,OCR_MISSING,F3-GMS-2751C 05:15.08-05:18.10
2797,3,2751,"对陌生人要礼貌友善,他们有可能是你下一份工作的老板。",他对弟弟要把父母送到养老院的想法感到很不开心。,,,,OCR_MISSING,F3-GMS-2751C 05:21.44-05:25.45
2798,3,2751,Lasseter felt very angry at his brother's words.,"事实上,她姐姐听到这个消息时,更是愤怒。",,,,OCR_MISSING,F3-GMS-2751C 05:28.72-05:32.19
2799,3,2751,He is very unhappy with the idea of sending his brother's parents to the nursing home.,"你下礼拜就要去欧洲了,你激动吗?",,,,OCR_MISSING,F3-GMS-2751C 05:35.48-05:38.19
2800,3,2751,"In fact, when her sister heard this news, she was even angrier.","其实,没能被邀请去那个最重要的会议,让我觉得有点难过。",,,,OCR_MISSING,F3-GMS-2751C 05:41.58-05:46.33
2801,3,2801,I'm sorry to hear that.,"听到这个消息,我很遗憾。",,,,OCR_MISSING,F3-GMS-2801C 00:06.76-00:08.76
2802,3,2801,Were you nervous about giving a speech in a foreign language?,"要用外语演讲,你紧张吗?",,,,OCR_MISSING,F3-GMS-2801C 00:11.96-00:14.22
2803,3,2801,I was very pleased with the audience's reception of my speech.,观众对我演讲的反应让我感到很高兴。,,,,OCR_MISSING,F3-GMS-2801C 00:17.74-00:20.76
2804,3,2801,"Everybody was shocked by the news on September 11, 2001.",所有人都被2001年9月11号的新闻震惊了。,,,,OCR_MISSING,F3-GMS-2801C 00:24.06-00:28.09
2805,3,2801,I was very impressed with his speech. He's an eloquent speaker.,"我对他的演讲感到印象深刻,他口才真好。",,,,OCR_MISSING,F3-GMS-2801C 00:31.48-00:34.95
2806,3,2801,"I didn't enjoy my last job. When I got fed up with it, I asked to resign.","我不喜欢我上个工作,我受够了,所以我提出了辞职。",,,,OCR_MISSING,F3-GMS-2801C 00:38.20-00:42.28
2807,3,2801,I'm sorry about the mess. I'll clean it up later.,"对于这一团糟,我感到很抱歉,我等一下会打扫干净。",,,,OCR_MISSING,F3-GMS-2801C 00:45.80-00:49.84
2808,3,2801,I'm sorry for shouting at you yesterday. I'm sorry I shouted at you yesterday. Thank you for apologizing to me.,"我很抱歉昨天对你大吼,谢谢你能跟我道歉。",,,,OCR_MISSING,F3-GMS-2801C 00:53.10-00:56.81
2809,3,2801,I feel sorry for the loser. I pity the loser.,我对失败者感到很遗憾。,,,,OCR_MISSING,F3-GMS-2801C 01:00.17-01:02.16
2810,3,2801,Are you scared of spiders? Are you afraid of spiders? Are spiders scary? Are spiders frightening?,你怕蜘蛛吗?蜘蛛可怕吗?,,,,OCR_MISSING,F3-GMS-2801C 01:05.43-01:08.03
2811,3,2801,Do you fear spiders? Do spiders scare you? Do spiders frighten you?,你怕蜘蛛吗?,,,,OCR_MISSING,F3-GMS-2801C 01:11.58-01:12.65
2812,3,2801,I'm terrified of spiders. Spiders terrify me.,我很怕蜘蛛。,,,,OCR_MISSING,F3-GMS-2801C 01:16.01-01:17.12
2813,3,2801,The giant spider in The Hobbit scared me to death.,霍比特人里的巨型蜘蛛吓死我了。,,,,OCR_MISSING,F3-GMS-2801C 01:20.30-01:22.90
2814,3,2801,Some children feel proud of their parents while others are ashamed of them.,"有些小孩为自己的父母感到骄傲,而另一些则觉得丢脸。",,,,OCR_MISSING,F3-GMS-2801C 01:26.24-01:30.81
2815,3,2801,Many children make their parents proud while some make their parents ashamed.,"有些小孩让父母感到骄傲,而另一些则让父母觉得丢脸。",,,,OCR_MISSING,F3-GMS-2801C 01:34.01-01:38.61
2816,3,2801,Don't be jealous or envious of that popular girl in school.,不要羡慕或者嫉妒学校里的那个受欢迎的女生。,,,,OCR_MISSING,F3-GMS-2801C 01:41.80-01:45.22
2817,3,2801,The police remained suspicious of the suspect's motives.,警方对于嫌犯的动机仍觉得可疑。,,,,OCR_MISSING,F3-GMS-2801C 01:48.55-01:51.41
2818,3,2801,The audience was critical of the music performance.,观众对唱歌节目很挑剔。,,,,OCR_MISSING,F3-GMS-2801C 01:54.57-01:56.85
2819,3,2801,Many countries are not tolerant of foreigners.,很多国家都不能包容外国人。,,,,OCR_MISSING,F3-GMS-2801C 02:00.19-02:02.62
2820,3,2801,Are you aware of the seriousness of this crime?,你意识到这起犯罪的严重性了吗?,,,,LOW_CONF;OCR_MISSING,F3-GMS-2801C 02:05.93-02:08.48
2821,3,2801,I wasn't conscious during the operation. The doctors had given me anesthesia.,"手术时我没有意识,医生给我打了麻药。",,,,OCR_MISSING,F3-GMS-2801C 02:11.87-02:15.20
2822,3,2801,I'm fully confident that you're capable of passing the exam.,我很有信心你可以通过考试。,,,,OCR_MISSING,F3-GMS-2801C 02:18.77-02:20.96
2823,3,2801,The paper I wrote for class was full of obvious mistakes.,我为这门课写的文章有很多明显的错误。,,,,OCR_MISSING,F3-GMS-2801C 02:24.20-02:27.35
2824,3,2801,He's late again. It's typical of him to keep everybody waiting.,"他又迟到了,他就是这样,每次都让大家等。",,,,OCR_MISSING,F3-GMS-2801C 02:30.51-02:33.91
2825,3,2801,I'm tired of eating the same food every day. Let's try something different.,"我厌烦了每天都吃一样的东西,咱们去吃点别的吧。",,,,OCR_MISSING,F3-GMS-2801C 02:37.08-02:41.04
2826,3,2801,She told me she's arriving tonight. Are you sure of it?,"他告诉我他今天晚上到,你确定吗?",,,,OCR_MISSING,F3-GMS-2801C 02:44.28-02:47.40
2827,3,2801,"Shakira got married to an American, and now she's married with two children.","夏其拉嫁给了一个美国人,现在她已婚,而且有两个孩子了。",,,,OCR_MISSING,F3-GMS-2801C 02:50.71-02:55.49
2828,3,2801,The customs in their country are similar to ours.,他们国家的习俗跟我们的很像。,,,,OCR_MISSING,F3-GMS-2801C 02:59.00-03:01.39
2829,3,2801,The film was completely different from what I'd been expecting.,这部电影的结局完全出乎我的意料。,,,,OCR_MISSING,F3-GMS-2801C 03:04.92-03:07.55
2830,3,2801,"If you're dependent on your parents, it means you still need them for money. If not, then you're financially independent.","如果你还依赖你的父母,那代表你还需要他们的钱,如果不用依赖父母,那说明你经济独立了。",,,,OCR_MISSING,F3-GMS-2801C 03:10.89-03:18.14
2831,3,2801,"When we got to the Eiffel Tower, it was crowded with tourists.","我们到埃菲尔铁塔时,那里挤满了游客。",,,,OCR_MISSING,F3-GMS-2801C 03:21.39-03:24.53
2832,3,2801,"Italy's famous for its art, cuisine, architecture, history, and fashion. It's rich in culture.","意大利因为它的艺术、美食、建筑、历史和时尚闻名于世,他们的文化很丰富。",,,,OCR_MISSING,F3-GMS-2801C 03:27.78-03:35.40
2833,3,2801,The police are still trying to determine who is responsible for the murders.,警方仍在试图找出谁该为这件谋杀案负责。,,,,OCR_MISSING,F3-GMS-2801C 03:38.84-03:42.82
2834,3,2801,Have you responded to your boss's email?,你回你老板邮件了吗?,,,,LOW_CONF;OCR_MISSING,F3-GMS-2801C 03:46.19-03:47.75
2835,3,2801,I can't understand this. Can you explain it to me?,"我不明白这个,你能解释一下吗?",,,,OCR_MISSING,F3-GMS-2801C 03:50.90-03:53.49
2836,3,2801,Let me describe to you how it happened.,让我来跟你描述一下这是怎么发生的。,,,,OCR_MISSING,F3-GMS-2801C 03:56.70-03:59.53
2837,3,2801,His lawyer refused to answer the policeman's question.,他的律师拒绝回答警方的问题。,,,,OCR_MISSING,F3-GMS-2801C 04:02.77-04:05.16
2838,3,2801,"Don't worry, they think you're funny. They weren't laughing at you, they were laughing at your joke.","别担心,他们觉得你很有趣,他们不是在嘲笑你,他们是在笑你的笑话。",,,,OCR_MISSING,F3-GMS-2801C 04:08.41-04:14.13
2839,3,2801,The suspect was shouting at the police very loudly.,嫌疑犯对着警方大声吼。,,,,OCR_MISSING,F3-GMS-2801C 04:17.39-04:19.47
2840,3,2801,The police pointed their guns at the suspect and told him to lie on the ground.,"警方拿枪指着嫌犯,命令他趴在地上。",,,,OCR_MISSING,F3-GMS-2801C 04:22.67-04:25.92
2841,3,2801,"But the man reached for his pockets, and that's when the police started shooting at him.","但那个男人把手伸进了口袋,这时警察开始对他开枪。",,,,OCR_MISSING,F3-GMS-2801C 04:29.13-04:33.65
2842,3,2801,And then onlookers started shouting to each other.,然后围观的人开始叫嚣。,,,,OCR_MISSING,F3-GMS-2801C 04:36.89-04:39.07
2843,3,2801,Somebody threw a shoe at the politician.,有人对那个政客扔鞋。,,,,OCR_MISSING,F3-GMS-2801C 04:42.46-04:44.57
2844,3,2801,"I asked her to throw the keys to me from the window, but when they hit the ground, they fell down a drain.","我让他把钥匙从窗户扔过来,但是钥匙落地后掉进了下水道。",,,,OCR_MISSING,F3-GMS-2801C 04:47.81-04:53.00
2845,3,2801,We had a morning meeting and a discussion about what we should do.,"我们早上开会,讨论了我们该怎么做。",,,,OCR_MISSING,F3-GMS-2801C 04:56.42-04:59.44
2846,3,2801,"If you're worried about it, don't just sit there, do something about it.","如果你担心,那就不要坐在这里不动,去做点什么。",,,,OCR_MISSING,F3-GMS-2801C 05:02.77-05:06.65
2847,3,2801,He's so selfish that he doesn't care about anybody else.,"他太自私了,完全不在乎别人。",,,,OCR_MISSING,F3-GMS-2801C 05:09.93-05:12.51
2848,3,2801,You're an independent person and can make your own decisions. I don't care what you do.,"你已经独立,可以自己做决定了,我不在乎你做什么。",,,,OCR_MISSING,F3-GMS-2801C 05:15.73-05:19.91
2849,3,2801,Would you care for a hot drink or some hot soup?,要不要喝点热饮或热汤?,,,,OCR_MISSING,F3-GMS-2801C 05:23.27-05:25.45
2850,3,2801,"My grandfather's already 90 years old and needs somebody to care for him, so we take turns looking after him.","我爷爷已经90岁了,他需要有人照顾,所以我们轮流照顾他。",,,,OCR_MISSING,F3-GMS-2801C 05:28.64-05:33.56
2851,3,2851,Vikram and Lakshmi both take turns taking care of their elderly parents.,维克拉姆和拉克西米轮流照顾他们年迈的父母。,,,,OCR_MISSING,F3-GMS-2851C 00:06.76-00:10.28
2852,3,2851,I'll take care of all the travel arrangements so you don't need to worry about anything.,"我会安排好所有的行程,你什么都不用担心。",,,,OCR_MISSING,F3-GMS-2851C 00:13.43-00:17.15
2853,3,2851,Why don't you apply for this job? I'd like to apply to university instead.,你为什么不申请这个工作?我更想申请大学。,,,,OCR_MISSING,F3-GMS-2851C 00:20.50-00:24.12
2854,3,2851,You should leave for work earlier so you get there on time.,"你应该早点去上班,这样才能准时到。",,,,OCR_MISSING,F3-GMS-2851C 00:27.42-00:30.38
2855,3,2851,What kind of person have you dreamed of becoming?,你梦想成为什么样的人?,,,,OCR_MISSING,F3-GMS-2851C 00:33.76-00:35.58
2856,3,2851,My father heard from an old friend in high school last night.,"昨天晚上我父亲收到高中朋友的消息,",,,,OCR_MISSING,F3-GMS-2851C 00:38.75-00:41.86
2857,3,2851,You remind me of my mother's kindness.,你让我想起了母亲的慈爱。,,,,OCR_MISSING,F3-GMS-2851C 00:45.05-00:47.09
2858,3,2851,That's a good idea. Why didn't I think of that?,"这真是个好主意,我怎么都没有想到。",,,,OCR_MISSING,F3-GMS-2851C 00:50.27-00:53.14
2859,3,2851,I'm glad you reminded me about the meeting because I'd totally forgotten about it.,"幸好你提醒我要开会,要不然我就完全忘了。",,,,OCR_MISSING,F3-GMS-2851C 00:56.51-01:00.07
2860,3,2851,I'd like to complain to the manager about your service.,我要找你们经理投诉你们的服务。,,,,OCR_MISSING,F3-GMS-2851C 01:03.33-01:05.62
2861,3,2851,"Samia was complaining of a pain in her tummy, so we advised her to see a doctor as soon as possible.","沙米亚说她肚子疼,所以我们建议她赶快去看医生。",,,,OCR_MISSING,F3-GMS-2851C 01:08.80-01:12.65
2862,3,2851,I knew he was strange because everybody had warned me about him.,"我知道他很奇怪,因为大家都警告过我。",,,,OCR_MISSING,F3-GMS-2851C 01:15.86-01:19.10
2863,3,2851,Scientists continue to warn us about the effects of global warming.,科学家不断警告人们全球变暖带来的影响。,,,,OCR_MISSING,F3-GMS-2851C 01:22.38-01:25.93
2864,3,2851,She accused me of being selfish.,他指责我很自私。,,,,LOW_CONF;OCR_MISSING,F3-GMS-2851C 01:29.10-01:30.73
2865,3,2851,"After discovering he'd been wrongly accused of murder, the authorities let him out of prison.","发现他是被误判与谋杀案有关后,当局从监狱释放了他。",,,,OCR_MISSING,F3-GMS-2851C 01:33.97-01:38.78
2866,3,2851,Some students were suspected of cheating on the exam.,有些学生被怀疑考试作弊。,,,,OCR_MISSING,F3-GMS-2851C 01:41.98-01:44.29
2867,3,2851,"His parents don't approve of what he does, but they can't stop him.","他父母不认同他所做的,可是没有办法阻止他。",,,,OCR_MISSING,F3-GMS-2851C 01:47.54-01:51.23
2868,3,2851,The famous actor died of a heart attack when he was only 51.,那个影星51岁时死于心脏病发作。,,,,OCR_MISSING,F3-GMS-2851C 01:54.50-01:57.73
2869,3,2851,He died from heart disease.,他死于心脏病。,,,,LOW_CONF;OCR_MISSING,F3-GMS-2851C 02:00.94-02:02.27
2870,3,2851,Our meal consisted of seven courses.,我们的餐点有七道菜。,,,,OCR_MISSING,F3-GMS-2851C 02:05.57-02:07.40
2871,3,2851,Water consists of hydrogen oxide.,水的主要成分是氧化氢。,,,,OCR_MISSING,F3-GMS-2851C 02:10.76-02:12.91
2872,3,2851,"Cake consists mainly of sugar, flour, and butter.",蛋糕的主要成分是糖、面粉和奶油。,,,,OCR_MISSING,F3-GMS-2851C 02:16.03-02:19.50
2873,3,2851,I didn't have enough money to pay for the meal.,我的钱不够为这顿饭买单。,,,,OCR_MISSING,F3-GMS-2851C 02:22.79-02:25.10
2874,3,2851,I didn't have enough money to pay the rent.,我的钱不够付房租。,,,,OCR_MISSING,F3-GMS-2851C 02:28.42-02:30.18
2875,3,2851,"When you went to the movies with your boyfriend, did he pay for the tickets?","你跟你男朋友去看电影的时候,他会付电影票钱吗?",,,,OCR_MISSING,F3-GMS-2851C 02:33.45-02:36.95
2876,3,2851,I couldn't pay the minimum amount on my credit card bill.,我连续用卡账单的最低樱角金额都付不起。,,,,OCR_MISSING,F3-GMS-2851C 02:40.12-02:43.35
2877,3,2851,"After doing a homestay in England, I thanked my hosts for their kind hospitality.","在英国要离开寄宿家庭时,我感谢了主人的热情好客。",,,,OCR_MISSING,F3-GMS-2851C 02:46.49-02:51.11
2878,3,2851,It's difficult to forgive a murderer for his crimes.,要原谅一个杀人犯所犯下的罪行很难。,,,,OCR_MISSING,F3-GMS-2851C 02:54.31-02:57.03
2879,3,2851,"No matter how much a murderer apologizes for what he's done, it doesn't bring the victims back.","不管杀人犯怎样道歉都没有用,受害者都不能复生。",,,,OCR_MISSING,F3-GMS-2851C 03:00.23-03:04.47
2880,3,2851,"The misunderstanding was my fault, so I apologized. I apologized for the misunderstanding.","这场误会是我的错,我道歉。",,,,OCR_MISSING,F3-GMS-2851C 03:07.67-03:09.99
2881,3,2851,Don't blame your behavior on your sister. You owe her an apology.,"不要把你的行为怪罪在你妹妹身上,你应该跟她道歉。",,,,OCR_MISSING,F3-GMS-2851C 03:13.18-03:17.46
2882,3,2851,She always says everything is my fault. She always blames me for everything.,他总是说都是我的错。,,,,OCR_MISSING,F3-GMS-2851C 03:20.71-03:22.59
2883,3,2851,Do you blame the government for the economic crisis? I think everybody wants to blame the government for the economic crisis.,你把经济危机归罪于政府吗?我觉得每个人都把经济危机归罪于政府。,,,,OCR_MISSING,F3-GMS-2851C 03:25.90-03:31.32
2884,3,2851,The number of people suffering from heart disease has increased. The number of heart disease sufferers has increased.,心脏病患者的人数增加了。,,,,OCR_MISSING,F3-GMS-2851C 03:34.56-03:36.85
2885,3,2851,I think the increase in violent crime is the fault of television. I blame the increase in violent crime on television.,我认为暴力犯罪的增加要归罪于电视。,,,,OCR_MISSING,F3-GMS-2851C 03:40.04-03:43.12
2886,3,2851,I think the increase in suicides recently is to be blamed on the economy.,我认为最近自杀案件的增加要归最于经济状况。,,,,OCR_MISSING,F3-GMS-2851C 03:46.38-03:49.99
2887,3,2851,My mother suffers from bad headaches.,我母亲饱受头痛之苦。,,,,OCR_MISSING,F3-GMS-2851C 03:53.38-03:55.40
2888,3,2851,Sunblock protects the skin from the harmful effects of the sun's ultraviolet rays.,防晒霜可以保护肌肤免受阳光中紫外线照射所产生的不良影响。,,,,OCR_MISSING,F3-GMS-2851C 03:58.56-04:04.33
2889,3,2851,The rock star needs a bodyguard to protect him from crazy fans.,"那个摇滚明星需要保镖保护,免受疯狂粉丝的骚扰。",,,,OCR_MISSING,F3-GMS-2851C 04:07.68-04:11.76
2890,3,2851,I don't know when I'll get home as it depends on traffic conditions.,"我不知道几点能到家,那要取决于交通状况。",,,,OCR_MISSING,F3-GMS-2851C 04:15.18-04:18.95
2891,3,2851,Everybody relies on her because she always keeps her promises.,"每个人都很依赖他,因为他总是说到做到。",,,,OCR_MISSING,F3-GMS-2851C 04:22.36-04:25.67
2892,3,2851,His salary is so low that he doesn't have enough to live on.,"他的工资太低,都不够生活。",,,,OCR_MISSING,F3-GMS-2851C 04:28.86-04:31.33
2893,3,2851,She's a very simple woman and lives on just bread and eggs.,"她是个生活简单的女人,只吃面包和鸡蛋。",,,,OCR_MISSING,F3-GMS-2851C 04:34.63-04:38.00
2894,3,2851,We held a party to congratulate my sister on being admitted to law school.,我们办了一个聚会来恭喜我的妹妹被法学院录取。,,,,OCR_MISSING,F3-GMS-2851C 04:41.24-04:44.97
2895,3,2851,I congratulated my brother for winning the tennis tournament.,我恭喜我弟弟赢了网球锦标赛。,,,,OCR_MISSING,F3-GMS-2851C 04:48.15-04:50.66
2896,3,2851,You know you can rely on me if you ever need any help.,"如果需要任何帮助,可以依靠我。",,,,LOW_CONF;OCR_MISSING,F3-GMS-2851C 04:54.02-04:56.18
2897,3,2851,It's terrible that some people are dying of hunger while others eat too much.,"有些人正死于饥饿,而与此同时有些人吃得太多,这真可悲。",,,,OCR_MISSING,F3-GMS-2851C 04:59.42-05:04.84
2898,3,2851,"The accident was my fault, so I had to pay for the repairs.","车祸是我的错,所以我必须赔偿维修费用。",,,,OCR_MISSING,F3-GMS-2851C 05:08.63-05:12.55
2899,3,2851,"Her speech in English was impeccable, so I complimented her afterwards.","他的英文演讲无可挑剔,所以演讲过后,我去向他道贺。",,,,OCR_MISSING,F3-GMS-2851C 05:15.76-05:20.45
2900,3,2851,"Since she doesn't have a job, she depends on her parents for money.","因为他没有工作,所以他靠父母的钱生活。",,,,OCR_MISSING,F3-GMS-2851C 05:23.75-05:27.18
2901,3,2901,They wore warm clothes to protect themselves from the cold.,他们穿了暖和的外套遇寒。,,,,OCR_MISSING,F3-GMS-2901C 00:06.76-00:09.01
2902,3,2901,"All their sweaters and blankets were not enough to prevent them from getting sick, though.",他们所有的毛衣和毛毯仍不足以让他们抵抗着凉。,,,,OCR_MISSING,F3-GMS-2901C 00:12.16-00:16.42
2903,3,2901,I believe in saying what I think.,我所说的就是我所想的。,,,,OCR_MISSING,F3-GMS-2901C 00:19.79-00:21.89
2904,3,2901,Kareem is a lawyer who specializes in company law.,"卡里姆是个律师,擅长于公司法。",,,,OCR_MISSING,F3-GMS-2901C 00:24.96-00:27.87
2905,3,2901,I hope you succeed in finding the job you want.,我希望你可以如愿找到你理想的工作。,,,,OCR_MISSING,F3-GMS-2901C 00:31.16-00:33.87
2906,3,2901,He lost control of his car and crashed it into the highway barrier.,"他无法控制他的车,然后撞向了高速公路的护栏。",,,,OCR_MISSING,F3-GMS-2901C 00:37.25-00:41.14
2907,3,2901,Megan and I ran into each other on the subway on Monday.,我星期一在地铁站巧遇了梅根。,,,,OCR_MISSING,F3-GMS-2901C 00:44.52-00:47.06
2908,3,2901,His novels have been translated from English into 30 languages.,他的英文小说被翻译成了30种语言。,,,,OCR_MISSING,F3-GMS-2901C 00:50.24-00:53.08
2909,3,2901,This book is divided into three parts.,这本书被分成了三个部分。,,,,OCR_MISSING,F3-GMS-2901C 00:56.40-00:58.51
2910,3,2901,"I threw the coconut onto the rock again, and it finally split open.","我把椰子再次砸向石头,它终于裂开了。",,,,OCR_MISSING,F3-GMS-2901C 01:01.87-01:05.14
2911,3,2901,"A truck collided with a bus on the highway this morning, causing a five-car pileup.","今天一早,一辆卡车和一辆公车在高速公路上相撞,同时又造成了五辆车连环相撞。",,,,OCR_MISSING,F3-GMS-2901C 01:08.48-01:15.82
2912,3,2901,Please fill this pot with water and put it on the stove to boil.,"请把这个锅装满水,然后放到炉子上烧开。",,,,OCR_MISSING,F3-GMS-2901C 01:19.13-01:22.64
2913,3,2901,"Our parents provide us with food, clothing, education, health care, and love.",我们的父母为我们提供食物、医物、教育、医疗和爱。,,,,OCR_MISSING,F3-GMS-2901C 01:26.08-01:31.12
2914,3,2901,Our teachers provide us with an education necessary for competing in the real world.,我们的老师为我们提供在现实社会中竞争所必须的教育。,,,,OCR_MISSING,F3-GMS-2901C 01:34.51-01:39.23
2915,3,2901,Whatever happened to that murder case? Did the police end up finding the killer?,这宗谋杀案到底是怎么回事?警察最后找到凶手了吗?,,,,OCR_MISSING,F3-GMS-2901C 01:42.58-01:46.79
2916,3,2901,"They happen to come across an important piece of evidence, and now he's in prison.","他们碰巧发现了一个重要的证据,现在他已经入狱了。",,,,OCR_MISSING,F3-GMS-2901C 01:50.13-01:54.44
2917,3,2901,"I wanted to stay home, but my friends insisted on my coming.","我想待在家里,但是我的朋友都坚持要我来。",,,,OCR_MISSING,F3-GMS-2901C 01:57.74-02:01.64
2918,3,2901,How much time do you spend on your English assignments every day?,你每天花多长时间写英语作业?,,,,OCR_MISSING,F3-GMS-2901C 02:04.91-02:07.37
2919,3,2901,"If you have trash that can be recycled, throw it away in the proper bins.","如果你有可回收垃圾,就把它扔到相应的垃圾桶里。",,,,OCR_MISSING,F3-GMS-2901C 02:10.59-02:14.34
2920,3,2901,Take your shoes off before coming inside my house and please don't wake the baby up.,"在进我家前,请先脱鞋,而且要小心,不要吵醒宝宝。",,,,OCR_MISSING,F3-GMS-2901C 02:17.54-02:22.18
2921,3,2901,The fridge isn't working because you haven't plugged it in properly.,"冰箱没开,因为你没把电源插好。",,,,OCR_MISSING,F3-GMS-2901C 02:25.49-02:28.36
2922,3,2901,Javier went to college but dropped out after a couple semesters. He's what we call a college dropout.,"泽维尔上了大学,但只念了两个学期就不念了,他就是所谓的大学辍学生。",,,,OCR_MISSING,F3-GMS-2901C 02:31.59-02:37.86
2923,3,2901,"What did you get out of your college education? Besides a professional degree, I also made many friends for life.","你从你的大学教育中收获了什么? 除了专业学位之外, 我还交了很多一辈子的好朋友。",,,,OCR_MISSING,F3-GMS-2901C 02:41.07-02:47.94
2924,3,2901,I'd promised I'd attend her wedding. Now there's nothing I can do to get out of it.,"我答应了会去参加他的婚礼,现在我已经没办法不去了。",,,,OCR_MISSING,F3-GMS-2901C 02:51.19-02:55.70
2925,3,2901,The police outsmarted the murderer. He simply couldn't get away with murder.,"警察比罪犯还聪明,罪犯不可能逍遥法外。",,,,OCR_MISSING,F3-GMS-2901C 02:58.97-03:02.97
2926,3,2901,"You can tell Tomoko works out at the gym every day because she looks great. She jogs, takes a yoga class, does aerobics, and lifts weights.","你能看出来游子每天都去健身房运动,因为他看起来很健康,慢跑,瑜伽,有氧运动,举重,他都在练。",,,,OCR_MISSING,F3-GMS-2901C 03:06.27-03:15.18
2927,3,2901,"It seems that Ludwig and Rita's relationship is having trouble, but we really hope they work it out.","路德维希和瑞塔的感情似乎出了点问题,但我们真心希望他们能妥善解决。",,,,OCR_MISSING,F3-GMS-2901C 03:18.70-03:24.76
2928,3,2901,The two companies worked out a cooperation agreement.,这两家公司达成了合作协议。,,,,OCR_MISSING,F3-GMS-2901C 03:28.08-03:30.45
2929,3,2901,"Nobody believed Sarah at first, but she turned out to be right.","刚开始没有人相信莎拉,结果证明她是对的。",,,,OCR_MISSING,F3-GMS-2901C 03:33.62-03:37.38
2930,3,2901,Better find a gas station. We're running out of gas.,"最好赶快找个加油站,咱们的油快用完了。",,,,OCR_MISSING,F3-GMS-2901C 03:40.64-03:44.01
2931,3,2901,Please buy more toilet paper before you use it all up.,"在你把手指用光前,你去再买些吧。",,,,LOW_CONF;OCR_MISSING,F3-GMS-2901C 03:47.36-03:50.22
2932,3,2901,"I'm sorry, the book you're looking for isn't in stock. It's all sold out.","我很抱歉,您找的那本书已经没有库存了,都卖光了。",,,,OCR_MISSING,F3-GMS-2901C 03:53.47-03:57.86
2933,3,2901,"I've been handing out business cards all day, and now I'm all out of them.","我一整天都在分发我的名片,现在已经发完了。",,,,OCR_MISSING,F3-GMS-2901C 04:01.13-04:05.00
2934,3,2901,"Valentina found a beautiful dress at the department store, but she wanted to try it on before she bought it.","马伦蒂娜在百货公司看到了一件漂亮的连衣裙,但她想先试试再买。",,,,OCR_MISSING,F3-GMS-2901C 04:08.52-04:13.91
2935,3,2901,Please don't stop telling your story. Please go on.,"请继续讲你的故事,不要停。",,,,OCR_MISSING,F3-GMS-2901C 04:17.11-04:19.42
2936,3,2901,The concert had to be called off because of the typhoon.,演唱会因为台风取消了。,,,,OCR_MISSING,F3-GMS-2901C 04:22.68-04:24.89
2937,3,2901,"Tomorrow, I'm off to Paris.",我明天出发去巴黎。,,,,OCR_MISSING,F3-GMS-2901C 04:28.11-04:29.88
2938,3,2901,Oscar left home at the age of 18 and went off to Spain.,"奥斯卡18岁离开家,去了西班牙。",,,,OCR_MISSING,F3-GMS-2901C 04:33.30-04:36.47
2939,3,2901,Our plane was delayed on the tarmac and we couldn't take off for an hour.,"我们的飞机在停机坪上被延误,整整一个小时都无法起飞。",,,,OCR_MISSING,F3-GMS-2901C 04:39.80-04:44.72
2940,3,2901,My parents and friends saw me off at the airport before I embarked on my adventure around the world.,"我的父母和朋友在机场为我送别,然后我踏上了环游世界的冒险之旅。",,,,OCR_MISSING,F3-GMS-2901C 04:47.96-04:53.70
2941,3,2901,I don't want to keep going on discussing marketing. Let's move on to the production issues.,"我不想继续讨论市场营销的问题了,让我们来看看生产上的问题。",,,,OCR_MISSING,F3-GMS-2901C 04:56.93-05:01.67
2942,3,2901,Mahmoud always dozes off in economics class.,马哈茂德总是在经济课上打瞌睡。,,,,OCR_MISSING,F3-GMS-2901C 05:04.81-05:07.49
2943,3,2901,The food was lousy and the service sucked. Then they charged us an arm and a leg. We totally got ripped off.,"食物糟糕,服务差劲,他们还收了我们一大笔钱,我们完全是被宰了。",,,,OCR_MISSING,F3-GMS-2901C 05:10.64-05:16.47
2944,3,2901,He always buys expensive things to show off.,他总是买昂贵的东西来炫耀。,,,,OCR_MISSING,F3-GMS-2901C 05:20.13-05:22.65
2945,3,2901,"Some old houses were torn down to make room for a new housing development. The owners of the houses tried to protest, but it was to no avail.","一些旧房子被拆除了,以便腾出空间盖新房子,这些屋主试着去抗争,但无济于事。",,,,OCR_MISSING,F3-GMS-2901C 05:25.84-05:33.27
2946,3,2901,One man was so upset by the whole ordeal that he committed suicide.,有一个男人因为受不了所有的磨难自杀了。,,,,OCR_MISSING,F3-GMS-2901C 05:36.52-05:39.80
2947,3,2901,The firefighters were able to put the fire out before the house burned down.,"在房子没被烧垮前,消防队员把火扑灭了。",,,,OCR_MISSING,F3-GMS-2901C 05:43.02-05:46.65
2948,3,2901,"However, the firefighters had a hard time trying to calm a woman down. Apparently, her cat perished in the fire.","然而,消防队员在试图安慰一位女士冷静下来时,遇到了困难,显而易见,她的猫在火灾中丧生了。",,,,OCR_MISSING,F3-GMS-2901C 05:49.86-05:57.59
2949,3,2901,Talks between Russia and the United States have broken down.,俄罗斯和美国之间的谈判已经破裂。,,,,OCR_MISSING,F3-GMS-2901C 06:00.91-06:03.70
2950,3,2901,"After college, Zahida was turned down from every job she applied for. Finding a job was difficult.","大学刚毕业的扎西达申请的所有工作都没被录用,找工作很困难。",,,,OCR_MISSING,F3-GMS-2901C 06:06.88-06:12.11
2951,3,2951,"When Ichiro had just arrived in London, a man came up to him in the street and asked for money, so he gave him a few Japanese yen.","一郎刚到伦敦时,一名男子走上前跟他要钱,所以他给了他几块日元。",,,,OCR_MISSING,F3-GMS-2951C 00:21.29-00:24.94
2952,3,2951,"The police are going to ask us a lot of questions, so we need to back each other up.","警察要问我们很多问题,所以我们要互相支持。",,,,OCR_MISSING,F3-GMS-2951C 00:28.15-00:31.11
2953,3,2951,The police set up a special task force to investigate the murders.,警方成立了专案小组来调查这起谋杀。,,,,OCR_MISSING,F3-GMS-2951C 00:34.32-00:37.96
2954,3,2951,You should always back up your computer files just in case the hard drive dies.,"你应该随时备份你的电脑档案,以防硬盘坏了。",,,,OCR_MISSING,F3-GMS-2951C 00:41.19-00:45.30
2955,3,2951,You should always save your files as you're working on them just in case your computer crashes.,"你编辑文件时应该随时存档,以防电脑突然死机。",,,,LOW_CONF;OCR_MISSING,F3-GMS-2951C 00:49.53-00:56.35
2956,3,2951,"The police accidentally shot and killed a man. They tried to cover up what really happened, but it became a big scandal.","警方意外开枪打死了一名男子,他们试图掩盖事实真相,但结果成了一件大丑闻。",,,,OCR_MISSING,F3-GMS-2951C 00:59.61-01:03.19
2957,3,2951,They couldn't just brush it under the carpet and expect everything to blow over and go away.,"他们只是掩盖问题,然后期望什么都没发生过。",,,,OCR_MISSING,F3-GMS-2951C 01:06.50-01:11.33
2958,3,2951,"The murder suspect got bad press, but he wasn't the culprit. He was not the man who did it.","杀人嫌疑犯有很多负面新闻,但他不是元凶,人不是他杀的。",,,,OCR_MISSING,F3-GMS-2951C 01:14.57-01:20.55
2959,3,2951,"Since he got so much bad press, it wouldn't just blow over. Everybody knew him now.","因为它有太多负面新闻,大家不会那么容易就忘了,现在每个人都知道它是谁了。",,,,OCR_MISSING,F3-GMS-2951C 01:23.67-01:27.34
2960,3,2951,So he sued and was awarded compensation for damage to his reputation.,"因此,他提出上诉并要求赔偿他的名誉损失。",,,,OCR_MISSING,F3-GMS-2951C 01:30.66-01:34.50
2961,3,2951,"We just won a new contract, but completing it will take up the next three months.","我们刚刚签了一份新合约,但完成它需要三个月。",,,,OCR_MISSING,F3-GMS-2951C 01:37.71-01:43.53
2962,3,2951,"My parents were away on business when I was a child, so my grandparents brought me up. My grandparents raised me.","我小的时候,因为我父母常年在外地出差,所以是爷爷奶奶把我抚养长大,我爷爷奶奶把我养大。",,,,OCR_MISSING,F3-GMS-2951C 01:44.49-01:46.17
2963,3,2951,"If you can't find a hotel for the night, you'll end up sleeping on the street.","如果你找不到旅馆过夜,你最后只能睡大街。",,,,OCR_MISSING,F3-GMS-2951C 01:49.40-01:52.97
2964,3,2951,There was a fight on the street and three men ended up in the hospital.,"街上有人打架,最后三名男子被送进了医院。",,,,OCR_MISSING,F3-GMS-2951C 01:56.18-01:60.00
2965,3,2951,Don't argue with a police officer or you'll just end up getting arrested.,"不要和警察争辩,否则最后你会被逮捕。",,,,OCR_MISSING,F3-GMS-2951C 02:03.22-02:06.36
2966,3,2951,There are two universities in the city and students make up 20% of the population.,"这个城市有两所大学,学生人数占了总人口的20%。",,,,OCR_MISSING,F3-GMS-2951C 02:09.54-02:14.43
2967,3,2951,I'll be ready in a few minutes. You go on ahead and I'll catch up with you.,"我几分钟内就准备好了,你先去,我可以追上你。",,,,OCR_MISSING,F3-GMS-2951C 02:17.60-02:21.47
2968,3,2951,My parents dropped me off at the airport two hours before my flight was scheduled to take off.,我父母在飞机起飞前两个小时把我送到了机场。,,,,OCR_MISSING,F3-GMS-2951C 02:24.68-02:28.25
2969,3,2951,My parents were there again to pick me up when I flew back home.,"我坐飞机回家时,我爸妈也去机场接了我。",,,,OCR_MISSING,F3-GMS-2951C 02:31.47-02:34.88
2970,3,2951,Simon is terribly creative and is always coming up with great ideas.,"希盟总是有着无穷的创意,而且能想出许多伟大的想法。",,,,OCR_MISSING,F3-GMS-2951C 02:38.11-02:42.80
2971,3,2951,I'm saving my money up for a trip around the world.,我存钱是为了环游世界。,,,,OCR_MISSING,F3-GMS-2951C 02:46.04-02:48.18
2972,3,2951,"The F1 racer caught fire and blew up. Luckily, the driver just narrowly escaped.","F1赛车起火爆炸了,幸运的是驾驶员死里逃生。",,,,OCR_MISSING,F3-GMS-2951C 02:51.41-02:56.39
2973,3,2951,A friend of mine was attacked and beaten up a few days ago. He's been in the hospital ever since.,"我的朋友几天前被袭击和殴打了,从那之后他一直住院。",,,,OCR_MISSING,F3-GMS-2951C 02:59.59-03:04.55
2974,3,2951,Ludwig and Rita broke up. Ludwig and Rita split up.,路德维西和丽塔分手了。,,,,OCR_MISSING,F3-GMS-2951C 03:07.78-03:10.22
2975,3,2951,Ludwig and Rita ended up breaking up. Ludwig and Rita ended up splitting up.,路德维希和利塔最终还是分手了。,,,,OCR_MISSING,F3-GMS-2951C 03:13.50-03:16.46
2976,3,2951,"They couldn't get along with each other, so the relationship didn't work out in the end.","他们无法与对方很好的相处,所以最后以失败告终。",,,,OCR_MISSING,F3-GMS-2951C 03:19.65-03:24.03
2977,3,2951,Plans to build a new factory have been held up because of the company's financial problems.,"因为公司的财务问题,建新工厂的计划被搁置了。",,,,OCR_MISSING,F3-GMS-2951C 03:27.33-03:31.55
2978,3,2951,"We live next to an international airport, so we have to put up with a lot of noise.","我们住在国际机场旁,所以我们每天要忍受很多噪音。",,,,OCR_MISSING,F3-GMS-2951C 03:34.90-03:39.08
2979,3,2951,"The two brothers are identical twins, so everybody gets them mixed up.","两兄弟是同卵双胞胎,所以每个人都会把他们弄混。",,,,OCR_MISSING,F3-GMS-2951C 03:42.29-03:46.21
2980,3,2951,Your house is an absolute mess. When are you going to get this place cleaned up?,"你的房子一团乱,你什么时候才会把这里打扫干净?",,,,OCR_MISSING,F3-GMS-2951C 03:49.42-03:53.19
2981,3,2951,"When your language training starts getting tough, it means you're about to make a big breakthrough, so stick with it and don't give up.","当你觉得语言训练开始越来越难了,那就代表你很快就会有突破了,所以要坚持,不要放弃。",,,,OCR_MISSING,F3-GMS-2951C 03:56.37-04:03.88
2982,3,2951,Whoever used up all the milk and eggs should go out and buy some more and get some toilet paper while you're at it.,"把牛奶喝完,把鸡蛋吃光的人要再买一些回来,顺便买点卫生纸。",,,,OCR_MISSING,F3-GMS-2951C 04:07.14-04:12.25
2983,3,2951,"People used to carry pagers around, but they've completely fallen out of use.","以前人们随身携带寻呼机,但现在已经完全过时了。",,,,OCR_MISSING,F3-GMS-2951C 04:15.48-04:20.14
2984,3,2951,My manager pointed out a potential problem with our new marketing plan.,我的经理在我们的新市场营销企划案中指出了一个潜在的问题。,,,,OCR_MISSING,F3-GMS-2951C 04:23.45-04:28.34
2985,3,2951,A decision has to be made now. We can't put it off any longer.,"我们现在就得做出决定,不能再拖下去了。",,,,OCR_MISSING,F3-GMS-2951C 04:31.60-04:34.68
2986,3,2951,"I was offered a job at the oil company, but I decided to turn it down.","我得到了一份石油公司的工作,但我决定婉拒。",,,,OCR_MISSING,F3-GMS-2951C 04:38.00-04:42.20
2987,3,2951,Several men got angry with Jack in the bar and Jack told them he wasn't afraid to take them on.,"酒吧里,杰克得罪了几个男人,杰克说他不怕他们放马过来。",,,,OCR_MISSING,F3-GMS-2951C 04:45.45-04:50.28
2988,3,2951,They took it out into the street and Jack let them have it. Jack put them down one by one and the spectacle really drew a crowd.,"他们到马路上,然后杰克给了他们一个下马威,杰克一个接一个打倒了他们,这样的情景吸引了很多人围观。",,,,OCR_MISSING,F3-GMS-2951C 04:53.70-05:02.66
2989,3,2951,A man was knocked down by a car when crossing the street and had to be taken to the hospital.,"一名男子过马路时被车撞倒,不得不被送进医院。",,,,OCR_MISSING,F3-GMS-2951C 05:05.89-05:09.80
2990,3,2951,"In the aftermath of the tornado, they discovered a lot of uprooted trees and houses that had been blown down.","龙卷风过后,他们发现了很多被连根拔起的树木和被吹倒的房屋。",,,,OCR_MISSING,F3-GMS-2951C 05:13.10-05:18.65
2991,3,2951,Please calm down. Everything will turn out all right.,"请冷静下来,一切都会好转的。",,,,OCR_MISSING,F3-GMS-2951C 05:21.96-05:24.45
2992,3,2951,"When the police questioned him, he decided to leave out an important detail.","警方询问他时,他决定保留重要的细节不说。",,,,OCR_MISSING,F3-GMS-2951C 05:27.73-05:31.59
2993,3,2951,"When talking with the police, you shouldn't make up stories or lie.","和警察交谈时,你不应该编造故事或说谎。",,,,OCR_MISSING,F3-GMS-2951C 05:34.84-05:38.60
2994,3,2951,"When Sarah decided to move to India and start a new life, she gave away all of her belongings.","当莎拉决定搬到印度,开始新的生活时,她把全部家当都送人了。",,,,OCR_MISSING,F3-GMS-2951C 05:41.89-05:47.48
2995,3,2951,Put a smile on your face and you'll certainly get lots of smiles back.,"把微笑挂在脸上,你一定会得到更多的笑容回应。",,,,OCR_MISSING,F3-GMS-2951C 05:50.77-05:54.66
2996,3,2951,I waved to the children on the bus and they waved back.,"我向大巴上的孩子们挥手,他们也朝着我挥手。",,,,OCR_MISSING,F3-GMS-2951C 05:58.03-06:01.72
2997,3,2951,"My first job was at a travel agency and I didn't like it much, but now looking back on the experience, I really learned a lot.","我的第一份工作在一家旅行社,我不太喜欢,但现在回头看,那时我真的学到了很多东西。",,,,OCR_MISSING,F3-GMS-2951C 06:05.01-06:12.20
2998,3,2951,When are you going to pay me back the money I lent you?,你打算什么时候还我借你的钱?,,,,OCR_MISSING,F3-GMS-2951C 06:15.42-06:17.96
2999,3,2951,"When you cause problems with the wrong people, those problems will come pay you back or come back to haunt you.","如果你给错的人制造了麻烦,这些麻烦会再还给你,或者一直困扰着你。",,,,OCR_MISSING,F3-GMS-2951C 06:21.09-06:27.10
3000,3,2951,The lone ranger got on his horse and rode off into the sunset.,"独行侠上了马,骑向日落。",,,,OCR_MISSING,F3-GMS-2951C 06:30.41-06:32.78
