sentence_id,volume,group_start,seg_idx,src_file,t_start,t_end,duration,media_file,source
1,1,1,0,GLOSSIKA-ENZS-F1-GMS-0001A.mp3,14.493,15.842,1.348,transcript_media/en/ZS_F1_0001_en.mp3,F1-GMS-0001A 00:14.49-00:15.84
2,1,1,3,GLOSSIKA-ENZS-F1-GMS-0001A.mp3,25.398,26.481,1.084,transcript_media/en/ZS_F1_0002_en.mp3,F1-GMS-0001A 00:25.40-00:26.48
3,1,1,6,GLOSSIKA-ENZS-F1-GMS-0001A.mp3,36.374,37.801,1.427,transcript_media/en/ZS_F1_0003_en.mp3,F1-GMS-0001A 00:36.37-00:37.80
4,1,1,9,GLOSSIKA-ENZS-F1-GMS-0001A.mp3,47.224,48.733,1.508,transcript_media/en/ZS_F1_0004_en.mp3,F1-GMS-0001A 00:47.22-00:48.73
5,1,1,12,GLOSSIKA-ENZS-F1-GMS-0001A.mp3,58.201,59.907,1.706,transcript_media/en/ZS_F1_0005_en.mp3,F1-GMS-0001A 00:58.20-00:59.91
6,1,1,15,GLOSSIKA-ENZS-F1-GMS-0001A.mp3,70.284,72.831,2.547,transcript_media/en/ZS_F1_0006_en.mp3,F1-GMS-0001A 01:10.28-01:12.83
7,1,1,18,GLOSSIKA-ENZS-F1-GMS-0001A.mp3,84.153,87.047,2.894,transcript_media/en/ZS_F1_0007_en.mp3,F1-GMS-0001A 01:24.15-01:27.05
8,1,1,21,GLOSSIKA-ENZS-F1-GMS-0001A.mp3,97.956,99.567,1.611,transcript_media/en/ZS_F1_0008_en.mp3,F1-GMS-0001A 01:37.96-01:39.57
9,1,1,24,GLOSSIKA-ENZS-F1-GMS-0001A.mp3,109.565,110.818,1.254,transcript_media/en/ZS_F1_0009_en.mp3,F1-GMS-0001A 01:49.56-01:50.82
10,1,1,27,GLOSSIKA-ENZS-F1-GMS-0001A.mp3,121.607,123.151,1.544,transcript_media/en/ZS_F1_0010_en.mp3,F1-GMS-0001A 02:01.61-02:03.15
11,1,1,30,GLOSSIKA-ENZS-F1-GMS-0001A.mp3,132.723,133.582,0.859,transcript_media/en/ZS_F1_0011_en.mp3,F1-GMS-0001A 02:12.72-02:13.58
12,1,1,33,GLOSSIKA-ENZS-F1-GMS-0001A.mp3,141.045,144.038,2.992,transcript_media/en/ZS_F1_0012_en.mp3,F1-GMS-0001A 02:21.05-02:24.04
13,1,1,36,GLOSSIKA-ENZS-F1-GMS-0001A.mp3,154.217,156.808,2.591,transcript_media/en/ZS_F1_0013_en.mp3,F1-GMS-0001A 02:34.22-02:36.81
14,1,1,39,GLOSSIKA-ENZS-F1-GMS-0001A.mp3,168.840,171.645,2.805,transcript_media/en/ZS_F1_0014_en.mp3,F1-GMS-0001A 02:48.84-02:51.64
15,1,1,42,GLOSSIKA-ENZS-F1-GMS-0001A.mp3,183.338,186.367,3.029,transcript_media/en/ZS_F1_0015_en.mp3,F1-GMS-0001A 03:03.34-03:06.37
16,1,1,45,GLOSSIKA-ENZS-F1-GMS-0001A.mp3,197.202,200.539,3.337,transcript_media/en/ZS_F1_0016_en.mp3,F1-GMS-0001A 03:17.20-03:20.54
17,1,1,48,GLOSSIKA-ENZS-F1-GMS-0001A.mp3,206.385,210.119,3.735,transcript_media/en/ZS_F1_0017_en.mp3,F1-GMS-0001A 03:26.38-03:30.12
18,1,1,51,GLOSSIKA-ENZS-F1-GMS-0001A.mp3,220.845,223.900,3.055,transcript_media/en/ZS_F1_0018_en.mp3,F1-GMS-0001A 03:40.85-03:43.90
19,1,1,54,GLOSSIKA-ENZS-F1-GMS-0001A.mp3,232.774,234.488,1.713,transcript_media/en/ZS_F1_0019_en.mp3,F1-GMS-0001A 03:52.77-03:54.49
20,1,1,57,GLOSSIKA-ENZS-F1-GMS-0001A.mp3,242.220,243.863,1.643,transcript_media/en/ZS_F1_0020_en.mp3,F1-GMS-0001A 04:02.22-04:03.86
21,1,1,60,GLOSSIKA-ENZS-F1-GMS-0001A.mp3,252.109,253.545,1.437,transcript_media/en/ZS_F1_0021_en.mp3,F1-GMS-0001A 04:12.11-04:13.55
22,1,1,63,GLOSSIKA-ENZS-F1-GMS-0001A.mp3,261.584,263.047,1.463,transcript_media/en/ZS_F1_0022_en.mp3,F1-GMS-0001A 04:21.58-04:23.05
23,1,1,66,GLOSSIKA-ENZS-F1-GMS-0001A.mp3,271.244,273.330,2.086,transcript_media/en/ZS_F1_0023_en.mp3,F1-GMS-0001A 04:31.24-04:33.33
24,1,1,69,GLOSSIKA-ENZS-F1-GMS-0001A.mp3,281.303,282.832,1.530,transcript_media/en/ZS_F1_0024_en.mp3,F1-GMS-0001A 04:41.30-04:42.83
25,1,1,72,GLOSSIKA-ENZS-F1-GMS-0001A.mp3,290.683,292.492,1.809,transcript_media/en/ZS_F1_0025_en.mp3,F1-GMS-0001A 04:50.68-04:52.49
26,1,1,75,GLOSSIKA-ENZS-F1-GMS-0001A.mp3,300.258,302.163,1.905,transcript_media/en/ZS_F1_0026_en.mp3,F1-GMS-0001A 05:00.26-05:02.16
27,1,1,78,GLOSSIKA-ENZS-F1-GMS-0001A.mp3,309.730,311.187,1.457,transcript_media/en/ZS_F1_0027_en.mp3,F1-GMS-0001A 05:09.73-05:11.19
28,1,1,81,GLOSSIKA-ENZS-F1-GMS-0001A.mp3,319.723,321.477,1.754,transcript_media/en/ZS_F1_0028_en.mp3,F1-GMS-0001A 05:19.72-05:21.48
29,1,1,84,GLOSSIKA-ENZS-F1-GMS-0001A.mp3,330.559,333.282,2.724,transcript_media/en/ZS_F1_0029_en.mp3,F1-GMS-0001A 05:30.56-05:33.28
30,1,1,87,GLOSSIKA-ENZS-F1-GMS-0001A.mp3,342.615,344.737,2.122,transcript_media/en/ZS_F1_0030_en.mp3,F1-GMS-0001A 05:42.61-05:44.74
31,1,1,90,GLOSSIKA-ENZS-F1-GMS-0001A.mp3,353.286,355.559,2.273,transcript_media/en/ZS_F1_0031_en.mp3,F1-GMS-0001A 05:53.29-05:55.56
32,1,1,93,GLOSSIKA-ENZS-F1-GMS-0001A.mp3,363.845,365.486,1.641,transcript_media/en/ZS_F1_0032_en.mp3,F1-GMS-0001A 06:03.85-06:05.49
33,1,1,96,GLOSSIKA-ENZS-F1-GMS-0001A.mp3,373.659,375.266,1.607,transcript_media/en/ZS_F1_0033_en.mp3,F1-GMS-0001A 06:13.66-06:15.27
34,1,1,99,GLOSSIKA-ENZS-F1-GMS-0001A.mp3,382.993,384.825,1.832,transcript_media/en/ZS_F1_0034_en.mp3,F1-GMS-0001A 06:22.99-06:24.83
35,1,1,102,GLOSSIKA-ENZS-F1-GMS-0001A.mp3,393.473,394.996,1.523,transcript_media/en/ZS_F1_0035_en.mp3,F1-GMS-0001A 06:33.47-06:35.00
36,1,1,105,GLOSSIKA-ENZS-F1-GMS-0001A.mp3,403.709,405.449,1.740,transcript_media/en/ZS_F1_0036_en.mp3,F1-GMS-0001A 06:43.71-06:45.45
37,1,1,108,GLOSSIKA-ENZS-F1-GMS-0001A.mp3,414.513,417.105,2.592,transcript_media/en/ZS_F1_0037_en.mp3,F1-GMS-0001A 06:54.51-06:57.10
38,1,1,111,GLOSSIKA-ENZS-F1-GMS-0001A.mp3,425.954,427.508,1.554,transcript_media/en/ZS_F1_0038_en.mp3,F1-GMS-0001A 07:05.95-07:07.51
39,1,1,114,GLOSSIKA-ENZS-F1-GMS-0001A.mp3,437.008,439.136,2.128,transcript_media/en/ZS_F1_0039_en.mp3,F1-GMS-0001A 07:17.01-07:19.14
40,1,1,117,GLOSSIKA-ENZS-F1-GMS-0001A.mp3,447.464,448.784,1.320,transcript_media/en/ZS_F1_0040_en.mp3,F1-GMS-0001A 07:27.46-07:28.78
41,1,1,120,GLOSSIKA-ENZS-F1-GMS-0001A.mp3,456.306,458.045,1.740,transcript_media/en/ZS_F1_0041_en.mp3,F1-GMS-0001A 07:36.31-07:38.05
42,1,1,123,GLOSSIKA-ENZS-F1-GMS-0001A.mp3,465.525,466.951,1.427,transcript_media/en/ZS_F1_0042_en.mp3,F1-GMS-0001A 07:45.52-07:46.95
43,1,1,126,GLOSSIKA-ENZS-F1-GMS-0001A.mp3,474.377,475.875,1.499,transcript_media/en/ZS_F1_0043_en.mp3,F1-GMS-0001A 07:54.38-07:55.88
44,1,1,129,GLOSSIKA-ENZS-F1-GMS-0001A.mp3,483.954,485.909,1.954,transcript_media/en/ZS_F1_0044_en.mp3,F1-GMS-0001A 08:03.95-08:05.91
45,1,1,132,GLOSSIKA-ENZS-F1-GMS-0001A.mp3,495.174,497.394,2.220,transcript_media/en/ZS_F1_0045_en.mp3,F1-GMS-0001A 08:15.17-08:17.39
46,1,1,135,GLOSSIKA-ENZS-F1-GMS-0001A.mp3,505.578,507.047,1.469,transcript_media/en/ZS_F1_0046_en.mp3,F1-GMS-0001A 08:25.58-08:27.05
47,1,1,138,GLOSSIKA-ENZS-F1-GMS-0001A.mp3,515.287,517.262,1.976,transcript_media/en/ZS_F1_0047_en.mp3,F1-GMS-0001A 08:35.29-08:37.26
48,1,1,141,GLOSSIKA-ENZS-F1-GMS-0001A.mp3,525.031,526.685,1.654,transcript_media/en/ZS_F1_0048_en.mp3,F1-GMS-0001A 08:45.03-08:46.68
49,1,1,144,GLOSSIKA-ENZS-F1-GMS-0001A.mp3,534.797,536.988,2.191,transcript_media/en/ZS_F1_0049_en.mp3,F1-GMS-0001A 08:54.80-08:56.99
50,1,1,147,GLOSSIKA-ENZS-F1-GMS-0001A.mp3,545.216,546.408,1.192,transcript_media/en/ZS_F1_0050_en.mp3,F1-GMS-0001A 09:05.22-09:06.41
51,1,51,0,GLOSSIKA-ENZS-F1-GMS-0051A.mp3,9.036,10.008,0.973,transcript_media/en/ZS_F1_0051_en.mp3,F1-GMS-0051A 00:09.04-00:10.01
52,1,51,3,GLOSSIKA-ENZS-F1-GMS-0051A.mp3,18.965,20.006,1.041,transcript_media/en/ZS_F1_0052_en.mp3,F1-GMS-0051A 00:18.96-00:20.01
53,1,51,6,GLOSSIKA-ENZS-F1-GMS-0051A.mp3,29.285,29.978,0.693,transcript_media/en/ZS_F1_0053_en.mp3,F1-GMS-0051A 00:29.29-00:29.98
54,1,51,9,GLOSSIKA-ENZS-F1-GMS-0051A.mp3,38.555,39.997,1.442,transcript_media/en/ZS_F1_0054_en.mp3,F1-GMS-0051A 00:38.56-00:40.00
55,1,51,12,GLOSSIKA-ENZS-F1-GMS-0051A.mp3,49.637,50.887,1.251,transcript_media/en/ZS_F1_0055_en.mp3,F1-GMS-0051A 00:49.64-00:50.89
56,1,51,15,GLOSSIKA-ENZS-F1-GMS-0051A.mp3,60.086,61.181,1.095,transcript_media/en/ZS_F1_0056_en.mp3,F1-GMS-0051A 01:00.09-01:01.18
57,1,51,18,GLOSSIKA-ENZS-F1-GMS-0051A.mp3,70.320,71.629,1.309,transcript_media/en/ZS_F1_0057_en.mp3,F1-GMS-0051A 01:10.32-01:11.63
58,1,51,21,GLOSSIKA-ENZS-F1-GMS-0051A.mp3,80.412,81.404,0.992,transcript_media/en/ZS_F1_0058_en.mp3,F1-GMS-0051A 01:20.41-01:21.40
59,1,51,24,GLOSSIKA-ENZS-F1-GMS-0051A.mp3,90.942,92.455,1.513,transcript_media/en/ZS_F1_0059_en.mp3,F1-GMS-0051A 01:30.94-01:32.46
60,1,51,27,GLOSSIKA-ENZS-F1-GMS-0051A.mp3,101.143,102.192,1.049,transcript_media/en/ZS_F1_0060_en.mp3,F1-GMS-0051A 01:41.14-01:42.19
61,1,51,30,GLOSSIKA-ENZS-F1-GMS-0051A.mp3,111.146,113.196,2.051,transcript_media/en/ZS_F1_0061_en.mp3,F1-GMS-0051A 01:51.15-01:53.20
62,1,51,33,GLOSSIKA-ENZS-F1-GMS-0051A.mp3,124.312,125.370,1.058,transcript_media/en/ZS_F1_0062_en.mp3,F1-GMS-0051A 02:04.31-02:05.37
63,1,51,36,GLOSSIKA-ENZS-F1-GMS-0051A.mp3,134.615,136.647,2.032,transcript_media/en/ZS_F1_0063_en.mp3,F1-GMS-0051A 02:14.61-02:16.65
64,1,51,39,GLOSSIKA-ENZS-F1-GMS-0051A.mp3,148.158,149.383,1.225,transcript_media/en/ZS_F1_0064_en.mp3,F1-GMS-0051A 02:28.16-02:29.38
65,1,51,42,GLOSSIKA-ENZS-F1-GMS-0051A.mp3,158.585,159.716,1.131,transcript_media/en/ZS_F1_0065_en.mp3,F1-GMS-0051A 02:38.58-02:39.72
66,1,51,45,GLOSSIKA-ENZS-F1-GMS-0051A.mp3,168.637,169.985,1.349,transcript_media/en/ZS_F1_0066_en.mp3,F1-GMS-0051A 02:48.64-02:49.99
67,1,51,48,GLOSSIKA-ENZS-F1-GMS-0051A.mp3,179.871,180.675,0.805,transcript_media/en/ZS_F1_0067_en.mp3,F1-GMS-0051A 02:59.87-03:00.68
68,1,51,51,GLOSSIKA-ENZS-F1-GMS-0051A.mp3,189.341,190.910,1.568,transcript_media/en/ZS_F1_0068_en.mp3,F1-GMS-0051A 03:09.34-03:10.91
69,1,51,54,GLOSSIKA-ENZS-F1-GMS-0051A.mp3,199.745,200.945,1.199,transcript_media/en/ZS_F1_0069_en.mp3,F1-GMS-0051A 03:19.75-03:20.94
70,1,51,57,GLOSSIKA-ENZS-F1-GMS-0051A.mp3,209.731,211.217,1.486,transcript_media/en/ZS_F1_0070_en.mp3,F1-GMS-0051A 03:29.73-03:31.22
71,1,51,60,GLOSSIKA-ENZS-F1-GMS-0051A.mp3,220.456,221.784,1.328,transcript_media/en/ZS_F1_0071_en.mp3,F1-GMS-0051A 03:40.46-03:41.78
72,1,51,63,GLOSSIKA-ENZS-F1-GMS-0051A.mp3,230.280,233.315,3.035,transcript_media/en/ZS_F1_0072_en.mp3,F1-GMS-0051A 03:50.28-03:53.31
73,1,51,66,GLOSSIKA-ENZS-F1-GMS-0051A.mp3,244.199,249.384,5.184,transcript_media/en/ZS_F1_0073_en.mp3,F1-GMS-0051A 04:04.20-04:09.38
74,1,51,69,GLOSSIKA-ENZS-F1-GMS-0051A.mp3,258.021,261.460,3.439,transcript_media/en/ZS_F1_0074_en.mp3,F1-GMS-0051A 04:18.02-04:21.46
75,1,51,72,GLOSSIKA-ENZS-F1-GMS-0051A.mp3,273.719,274.882,1.163,transcript_media/en/ZS_F1_0075_en.mp3,F1-GMS-0051A 04:33.72-04:34.88
76,1,51,75,GLOSSIKA-ENZS-F1-GMS-0051A.mp3,283.919,285.061,1.142,transcript_media/en/ZS_F1_0076_en.mp3,F1-GMS-0051A 04:43.92-04:45.06
77,1,51,78,GLOSSIKA-ENZS-F1-GMS-0051A.mp3,294.189,295.273,1.084,transcript_media/en/ZS_F1_0077_en.mp3,F1-GMS-0051A 04:54.19-04:55.27
78,1,51,81,GLOSSIKA-ENZS-F1-GMS-0051A.mp3,303.275,304.433,1.158,transcript_media/en/ZS_F1_0078_en.mp3,F1-GMS-0051A 05:03.27-05:04.43
79,1,51,84,GLOSSIKA-ENZS-F1-GMS-0051A.mp3,313.383,314.744,1.361,transcript_media/en/ZS_F1_0079_en.mp3,F1-GMS-0051A 05:13.38-05:14.74
80,1,51,87,GLOSSIKA-ENZS-F1-GMS-0051A.mp3,323.252,324.387,1.135,transcript_media/en/ZS_F1_0080_en.mp3,F1-GMS-0051A 05:23.25-05:24.39
81,1,51,90,GLOSSIKA-ENZS-F1-GMS-0051A.mp3,333.528,334.557,1.028,transcript_media/en/ZS_F1_0081_en.mp3,F1-GMS-0051A 05:33.53-05:34.56
82,1,51,93,GLOSSIKA-ENZS-F1-GMS-0051A.mp3,342.500,343.457,0.957,transcript_media/en/ZS_F1_0082_en.mp3,F1-GMS-0051A 05:42.50-05:43.46
83,1,51,96,GLOSSIKA-ENZS-F1-GMS-0051A.mp3,351.848,352.889,1.041,transcript_media/en/ZS_F1_0083_en.mp3,F1-GMS-0051A 05:51.85-05:52.89
84,1,51,99,GLOSSIKA-ENZS-F1-GMS-0051A.mp3,362.728,363.678,0.950,transcript_media/en/ZS_F1_0084_en.mp3,F1-GMS-0051A 06:02.73-06:03.68
85,1,51,102,GLOSSIKA-ENZS-F1-GMS-0051A.mp3,372.161,373.954,1.793,transcript_media/en/ZS_F1_0085_en.mp3,F1-GMS-0051A 06:12.16-06:13.95
86,1,51,105,GLOSSIKA-ENZS-F1-GMS-0051A.mp3,383.940,385.411,1.471,transcript_media/en/ZS_F1_0086_en.mp3,F1-GMS-0051A 06:23.94-06:25.41
87,1,51,108,GLOSSIKA-ENZS-F1-GMS-0051A.mp3,395.595,396.863,1.269,transcript_media/en/ZS_F1_0087_en.mp3,F1-GMS-0051A 06:35.59-06:36.86
88,1,51,111,GLOSSIKA-ENZS-F1-GMS-0051A.mp3,406.986,408.353,1.367,transcript_media/en/ZS_F1_0088_en.mp3,F1-GMS-0051A 06:46.99-06:48.35
89,1,51,114,GLOSSIKA-ENZS-F1-GMS-0051A.mp3,418.295,419.437,1.143,transcript_media/en/ZS_F1_0089_en.mp3,F1-GMS-0051A 06:58.29-06:59.44
90,1,51,117,GLOSSIKA-ENZS-F1-GMS-0051A.mp3,430.002,430.966,0.964,transcript_media/en/ZS_F1_0090_en.mp3,F1-GMS-0051A 07:10.00-07:10.97
91,1,51,120,GLOSSIKA-ENZS-F1-GMS-0051A.mp3,439.876,440.816,0.940,transcript_media/en/ZS_F1_0091_en.mp3,F1-GMS-0051A 07:19.88-07:20.82
92,1,51,123,GLOSSIKA-ENZS-F1-GMS-0051A.mp3,450.396,451.499,1.103,transcript_media/en/ZS_F1_0092_en.mp3,F1-GMS-0051A 07:30.40-07:31.50
93,1,51,126,GLOSSIKA-ENZS-F1-GMS-0051A.mp3,460.337,461.514,1.177,transcript_media/en/ZS_F1_0093_en.mp3,F1-GMS-0051A 07:40.34-07:41.51
94,1,51,129,GLOSSIKA-ENZS-F1-GMS-0051A.mp3,470.008,471.313,1.305,transcript_media/en/ZS_F1_0094_en.mp3,F1-GMS-0051A 07:50.01-07:51.31
95,1,51,132,GLOSSIKA-ENZS-F1-GMS-0051A.mp3,481.392,482.800,1.408,transcript_media/en/ZS_F1_0095_en.mp3,F1-GMS-0051A 08:01.39-08:02.80
96,1,51,135,GLOSSIKA-ENZS-F1-GMS-0051A.mp3,492.509,494.173,1.665,transcript_media/en/ZS_F1_0096_en.mp3,F1-GMS-0051A 08:12.51-08:14.17
97,1,51,138,GLOSSIKA-ENZS-F1-GMS-0051A.mp3,504.625,506.165,1.540,transcript_media/en/ZS_F1_0097_en.mp3,F1-GMS-0051A 08:24.62-08:26.16
98,1,51,141,GLOSSIKA-ENZS-F1-GMS-0051A.mp3,516.020,516.723,0.703,transcript_media/en/ZS_F1_0098_en.mp3,F1-GMS-0051A 08:36.02-08:36.72
99,1,51,144,GLOSSIKA-ENZS-F1-GMS-0051A.mp3,525.434,526.579,1.146,transcript_media/en/ZS_F1_0099_en.mp3,F1-GMS-0051A 08:45.43-08:46.58
100,1,51,147,GLOSSIKA-ENZS-F1-GMS-0051A.mp3,536.479,537.769,1.289,transcript_media/en/ZS_F1_0100_en.mp3,F1-GMS-0051A 08:56.48-08:57.77
101,1,101,0,GLOSSIKA-ENZS-F1-GMS-0101A.mp3,9.046,10.418,1.372,transcript_media/en/ZS_F1_0101_en.mp3,F1-GMS-0101A 00:09.05-00:10.42
102,1,101,3,GLOSSIKA-ENZS-F1-GMS-0101A.mp3,19.867,21.079,1.212,transcript_media/en/ZS_F1_0102_en.mp3,F1-GMS-0101A 00:19.87-00:21.08
103,1,101,6,GLOSSIKA-ENZS-F1-GMS-0101A.mp3,31.525,32.212,0.687,transcript_media/en/ZS_F1_0103_en.mp3,F1-GMS-0101A 00:31.52-00:32.21
104,1,101,9,GLOSSIKA-ENZS-F1-GMS-0101A.mp3,40.637,41.447,0.810,transcript_media/en/ZS_F1_0104_en.mp3,F1-GMS-0101A 00:40.64-00:41.45
105,1,101,12,GLOSSIKA-ENZS-F1-GMS-0101A.mp3,50.081,50.949,0.868,transcript_media/en/ZS_F1_0105_en.mp3,F1-GMS-0101A 00:50.08-00:50.95
106,1,101,15,GLOSSIKA-ENZS-F1-GMS-0101A.mp3,59.190,60.182,0.992,transcript_media/en/ZS_F1_0106_en.mp3,F1-GMS-0101A 00:59.19-01:00.18
107,1,101,18,GLOSSIKA-ENZS-F1-GMS-0101A.mp3,69.646,70.634,0.988,transcript_media/en/ZS_F1_0107_en.mp3,F1-GMS-0101A 01:09.65-01:10.63
108,1,101,21,GLOSSIKA-ENZS-F1-GMS-0101A.mp3,79.508,80.626,1.117,transcript_media/en/ZS_F1_0108_en.mp3,F1-GMS-0101A 01:19.51-01:20.63
109,1,101,24,GLOSSIKA-ENZS-F1-GMS-0101A.mp3,89.821,91.081,1.260,transcript_media/en/ZS_F1_0109_en.mp3,F1-GMS-0101A 01:29.82-01:31.08
110,1,101,27,GLOSSIKA-ENZS-F1-GMS-0101A.mp3,100.584,101.815,1.232,transcript_media/en/ZS_F1_0110_en.mp3,F1-GMS-0101A 01:40.58-01:41.82
111,1,101,30,GLOSSIKA-ENZS-F1-GMS-0101A.mp3,111.538,112.954,1.416,transcript_media/en/ZS_F1_0111_en.mp3,F1-GMS-0101A 01:51.54-01:52.95
112,1,101,33,GLOSSIKA-ENZS-F1-GMS-0101A.mp3,123.359,124.829,1.470,transcript_media/en/ZS_F1_0112_en.mp3,F1-GMS-0101A 02:03.36-02:04.83
113,1,101,36,GLOSSIKA-ENZS-F1-GMS-0101A.mp3,134.575,136.188,1.613,transcript_media/en/ZS_F1_0113_en.mp3,F1-GMS-0101A 02:14.58-02:16.19
114,1,101,39,GLOSSIKA-ENZS-F1-GMS-0101A.mp3,146.323,147.477,1.153,transcript_media/en/ZS_F1_0114_en.mp3,F1-GMS-0101A 02:26.32-02:27.48
115,1,101,42,GLOSSIKA-ENZS-F1-GMS-0101A.mp3,156.752,158.722,1.970,transcript_media/en/ZS_F1_0115_en.mp3,F1-GMS-0101A 02:36.75-02:38.72
116,1,101,45,GLOSSIKA-ENZS-F1-GMS-0101A.mp3,168.818,170.491,1.674,transcript_media/en/ZS_F1_0116_en.mp3,F1-GMS-0101A 02:48.82-02:50.49
117,1,101,48,GLOSSIKA-ENZS-F1-GMS-0101A.mp3,180.416,181.938,1.523,transcript_media/en/ZS_F1_0117_en.mp3,F1-GMS-0101A 03:00.42-03:01.94
118,1,101,51,GLOSSIKA-ENZS-F1-GMS-0101A.mp3,192.380,193.317,0.936,transcript_media/en/ZS_F1_0118_en.mp3,F1-GMS-0101A 03:12.38-03:13.32
119,1,101,54,GLOSSIKA-ENZS-F1-GMS-0101A.mp3,202.629,203.760,1.131,transcript_media/en/ZS_F1_0119_en.mp3,F1-GMS-0101A 03:22.63-03:23.76
120,1,101,57,GLOSSIKA-ENZS-F1-GMS-0101A.mp3,214.457,215.481,1.023,transcript_media/en/ZS_F1_0120_en.mp3,F1-GMS-0101A 03:34.46-03:35.48
121,1,101,60,GLOSSIKA-ENZS-F1-GMS-0101A.mp3,223.977,225.209,1.232,transcript_media/en/ZS_F1_0121_en.mp3,F1-GMS-0101A 03:43.98-03:45.21
122,1,101,63,GLOSSIKA-ENZS-F1-GMS-0101A.mp3,234.969,236.044,1.075,transcript_media/en/ZS_F1_0122_en.mp3,F1-GMS-0101A 03:54.97-03:56.04
123,1,101,66,GLOSSIKA-ENZS-F1-GMS-0101A.mp3,245.644,247.086,1.442,transcript_media/en/ZS_F1_0123_en.mp3,F1-GMS-0101A 04:05.64-04:07.09
124,1,101,69,GLOSSIKA-ENZS-F1-GMS-0101A.mp3,256.884,259.230,2.346,transcript_media/en/ZS_F1_0124_en.mp3,F1-GMS-0101A 04:16.88-04:19.23
125,1,101,72,GLOSSIKA-ENZS-F1-GMS-0101A.mp3,271.282,272.877,1.596,transcript_media/en/ZS_F1_0125_en.mp3,F1-GMS-0101A 04:31.28-04:32.88
126,1,101,75,GLOSSIKA-ENZS-F1-GMS-0101A.mp3,282.703,286.427,3.724,transcript_media/en/ZS_F1_0126_en.mp3,F1-GMS-0101A 04:42.70-04:46.43
127,1,101,78,GLOSSIKA-ENZS-F1-GMS-0101A.mp3,296.931,298.294,1.363,transcript_media/en/ZS_F1_0127_en.mp3,F1-GMS-0101A 04:56.93-04:58.29
128,1,101,81,GLOSSIKA-ENZS-F1-GMS-0101A.mp3,307.942,309.551,1.609,transcript_media/en/ZS_F1_0128_en.mp3,F1-GMS-0101A 05:07.94-05:09.55
129,1,101,84,GLOSSIKA-ENZS-F1-GMS-0101A.mp3,320.727,322.128,1.401,transcript_media/en/ZS_F1_0129_en.mp3,F1-GMS-0101A 05:20.73-05:22.13
130,1,101,87,GLOSSIKA-ENZS-F1-GMS-0101A.mp3,332.951,333.955,1.003,transcript_media/en/ZS_F1_0130_en.mp3,F1-GMS-0101A 05:32.95-05:33.95
131,1,101,90,GLOSSIKA-ENZS-F1-GMS-0101A.mp3,342.617,344.442,1.825,transcript_media/en/ZS_F1_0131_en.mp3,F1-GMS-0101A 05:42.62-05:44.44
132,1,101,93,GLOSSIKA-ENZS-F1-GMS-0101A.mp3,355.214,355.954,0.740,transcript_media/en/ZS_F1_0132_en.mp3,F1-GMS-0101A 05:55.21-05:55.95
133,1,101,96,GLOSSIKA-ENZS-F1-GMS-0101A.mp3,365.189,366.046,0.857,transcript_media/en/ZS_F1_0133_en.mp3,F1-GMS-0101A 06:05.19-06:06.05
134,1,101,99,GLOSSIKA-ENZS-F1-GMS-0101A.mp3,374.898,375.837,0.939,transcript_media/en/ZS_F1_0134_en.mp3,F1-GMS-0101A 06:14.90-06:15.84
135,1,101,102,GLOSSIKA-ENZS-F1-GMS-0101A.mp3,384.202,385.541,1.339,transcript_media/en/ZS_F1_0135_en.mp3,F1-GMS-0101A 06:24.20-06:25.54
136,1,101,105,GLOSSIKA-ENZS-F1-GMS-0101A.mp3,394.878,396.264,1.386,transcript_media/en/ZS_F1_0136_en.mp3,F1-GMS-0101A 06:34.88-06:36.26
137,1,101,108,GLOSSIKA-ENZS-F1-GMS-0101A.mp3,405.750,406.558,0.807,transcript_media/en/ZS_F1_0137_en.mp3,F1-GMS-0101A 06:45.75-06:46.56
138,1,101,111,GLOSSIKA-ENZS-F1-GMS-0101A.mp3,414.308,415.163,0.855,transcript_media/en/ZS_F1_0138_en.mp3,F1-GMS-0101A 06:54.31-06:55.16
139,1,101,114,GLOSSIKA-ENZS-F1-GMS-0101A.mp3,423.971,424.937,0.966,transcript_media/en/ZS_F1_0139_en.mp3,F1-GMS-0101A 07:03.97-07:04.94
140,1,101,117,GLOSSIKA-ENZS-F1-GMS-0101A.mp3,433.432,434.606,1.174,transcript_media/en/ZS_F1_0140_en.mp3,F1-GMS-0101A 07:13.43-07:14.61
141,1,101,120,GLOSSIKA-ENZS-F1-GMS-0101A.mp3,443.529,444.446,0.917,transcript_media/en/ZS_F1_0141_en.mp3,F1-GMS-0101A 07:23.53-07:24.45
142,1,101,123,GLOSSIKA-ENZS-F1-GMS-0101A.mp3,452.469,453.487,1.019,transcript_media/en/ZS_F1_0142_en.mp3,F1-GMS-0101A 07:32.47-07:33.49
143,1,101,126,GLOSSIKA-ENZS-F1-GMS-0101A.mp3,463.598,464.938,1.340,transcript_media/en/ZS_F1_0143_en.mp3,F1-GMS-0101A 07:43.60-07:44.94
144,1,101,129,GLOSSIKA-ENZS-F1-GMS-0101A.mp3,475.399,476.679,1.280,transcript_media/en/ZS_F1_0144_en.mp3,F1-GMS-0101A 07:55.40-07:56.68
145,1,101,132,GLOSSIKA-ENZS-F1-GMS-0101A.mp3,486.953,487.971,1.018,transcript_media/en/ZS_F1_0145_en.mp3,F1-GMS-0101A 08:06.95-08:07.97
146,1,101,135,GLOSSIKA-ENZS-F1-GMS-0101A.mp3,497.200,498.648,1.448,transcript_media/en/ZS_F1_0146_en.mp3,F1-GMS-0101A 08:17.20-08:18.65
147,1,101,138,GLOSSIKA-ENZS-F1-GMS-0101A.mp3,508.699,509.612,0.913,transcript_media/en/ZS_F1_0147_en.mp3,F1-GMS-0101A 08:28.70-08:29.61
148,1,101,141,GLOSSIKA-ENZS-F1-GMS-0101A.mp3,519.189,520.403,1.214,transcript_media/en/ZS_F1_0148_en.mp3,F1-GMS-0101A 08:39.19-08:40.40
149,1,101,144,GLOSSIKA-ENZS-F1-GMS-0101A.mp3,529.541,530.381,0.840,transcript_media/en/ZS_F1_0149_en.mp3,F1-GMS-0101A 08:49.54-08:50.38
150,1,101,147,GLOSSIKA-ENZS-F1-GMS-0101A.mp3,539.803,541.442,1.639,transcript_media/en/ZS_F1_0150_en.mp3,F1-GMS-0101A 08:59.80-09:01.44
151,1,151,0,GLOSSIKA-ENZS-F1-GMS-0151A.mp3,0.000,3.340,3.340,transcript_media/en/ZS_F1_0151_en.mp3,F1-GMS-0151A 00:00.00-00:03.34
152,1,151,3,GLOSSIKA-ENZS-F1-GMS-0151A.mp3,12.366,15.037,2.671,transcript_media/en/ZS_F1_0152_en.mp3,F1-GMS-0151A 00:12.37-00:15.04
153,1,151,6,GLOSSIKA-ENZS-F1-GMS-0151A.mp3,26.837,29.329,2.492,transcript_media/en/ZS_F1_0153_en.mp3,F1-GMS-0151A 00:26.84-00:29.33
154,1,151,9,GLOSSIKA-ENZS-F1-GMS-0151A.mp3,40.805,43.183,2.378,transcript_media/en/ZS_F1_0154_en.mp3,F1-GMS-0151A 00:40.81-00:43.18
155,1,151,12,GLOSSIKA-ENZS-F1-GMS-0151A.mp3,54.242,57.096,2.854,transcript_media/en/ZS_F1_0155_en.mp3,F1-GMS-0151A 00:54.24-00:57.10
156,1,151,15,GLOSSIKA-ENZS-F1-GMS-0151A.mp3,68.966,71.616,2.650,transcript_media/en/ZS_F1_0156_en.mp3,F1-GMS-0151A 01:08.97-01:11.62
157,1,151,18,GLOSSIKA-ENZS-F1-GMS-0151A.mp3,83.301,86.441,3.140,transcript_media/en/ZS_F1_0157_en.mp3,F1-GMS-0151A 01:23.30-01:26.44
158,1,151,21,GLOSSIKA-ENZS-F1-GMS-0151A.mp3,98.838,101.246,2.408,transcript_media/en/ZS_F1_0158_en.mp3,F1-GMS-0151A 01:38.84-01:41.25
159,1,151,24,GLOSSIKA-ENZS-F1-GMS-0151A.mp3,112.077,113.829,1.752,transcript_media/en/ZS_F1_0159_en.mp3,F1-GMS-0151A 01:52.08-01:53.83
160,1,151,27,GLOSSIKA-ENZS-F1-GMS-0151A.mp3,123.108,124.837,1.730,transcript_media/en/ZS_F1_0160_en.mp3,F1-GMS-0151A 02:03.11-02:04.84
161,1,151,30,GLOSSIKA-ENZS-F1-GMS-0151A.mp3,134.241,135.547,1.306,transcript_media/en/ZS_F1_0161_en.mp3,F1-GMS-0151A 02:14.24-02:15.55
162,1,151,33,GLOSSIKA-ENZS-F1-GMS-0151A.mp3,144.207,145.820,1.613,transcript_media/en/ZS_F1_0162_en.mp3,F1-GMS-0151A 02:24.21-02:25.82
163,1,151,36,GLOSSIKA-ENZS-F1-GMS-0151A.mp3,155.603,157.201,1.598,transcript_media/en/ZS_F1_0163_en.mp3,F1-GMS-0151A 02:35.60-02:37.20
164,1,151,39,GLOSSIKA-ENZS-F1-GMS-0151A.mp3,167.053,168.723,1.670,transcript_media/en/ZS_F1_0164_en.mp3,F1-GMS-0151A 02:47.05-02:48.72
165,1,151,42,GLOSSIKA-ENZS-F1-GMS-0151A.mp3,179.207,181.235,2.029,transcript_media/en/ZS_F1_0165_en.mp3,F1-GMS-0151A 02:59.21-03:01.24
166,1,151,45,GLOSSIKA-ENZS-F1-GMS-0151A.mp3,192.112,194.083,1.970,transcript_media/en/ZS_F1_0166_en.mp3,F1-GMS-0151A 03:12.11-03:14.08
167,1,151,48,GLOSSIKA-ENZS-F1-GMS-0151A.mp3,202.922,204.220,1.298,transcript_media/en/ZS_F1_0167_en.mp3,F1-GMS-0151A 03:22.92-03:24.22
168,1,151,51,GLOSSIKA-ENZS-F1-GMS-0151A.mp3,217.463,220.010,2.547,transcript_media/en/ZS_F1_0168_en.mp3,F1-GMS-0151A 03:37.46-03:40.01
169,1,151,54,GLOSSIKA-ENZS-F1-GMS-0151A.mp3,233.601,234.883,1.282,transcript_media/en/ZS_F1_0169_en.mp3,F1-GMS-0151A 03:53.60-03:54.88
170,1,151,57,GLOSSIKA-ENZS-F1-GMS-0151A.mp3,244.110,245.261,1.150,transcript_media/en/ZS_F1_0170_en.mp3,F1-GMS-0151A 04:04.11-04:05.26
171,1,151,60,GLOSSIKA-ENZS-F1-GMS-0151A.mp3,254.677,256.120,1.443,transcript_media/en/ZS_F1_0171_en.mp3,F1-GMS-0151A 04:14.68-04:16.12
172,1,151,63,GLOSSIKA-ENZS-F1-GMS-0151A.mp3,265.863,267.072,1.209,transcript_media/en/ZS_F1_0172_en.mp3,F1-GMS-0151A 04:25.86-04:27.07
173,1,151,66,GLOSSIKA-ENZS-F1-GMS-0151A.mp3,276.349,277.694,1.345,transcript_media/en/ZS_F1_0173_en.mp3,F1-GMS-0151A 04:36.35-04:37.69
174,1,151,69,GLOSSIKA-ENZS-F1-GMS-0151A.mp3,287.482,288.856,1.374,transcript_media/en/ZS_F1_0174_en.mp3,F1-GMS-0151A 04:47.48-04:48.86
175,1,151,72,GLOSSIKA-ENZS-F1-GMS-0151A.mp3,298.486,299.973,1.487,transcript_media/en/ZS_F1_0175_en.mp3,F1-GMS-0151A 04:58.49-04:59.97
176,1,151,75,GLOSSIKA-ENZS-F1-GMS-0151A.mp3,309.330,311.437,2.107,transcript_media/en/ZS_F1_0176_en.mp3,F1-GMS-0151A 05:09.33-05:11.44
177,1,151,78,GLOSSIKA-ENZS-F1-GMS-0151A.mp3,323.654,325.170,1.515,transcript_media/en/ZS_F1_0177_en.mp3,F1-GMS-0151A 05:23.65-05:25.17
178,1,151,81,GLOSSIKA-ENZS-F1-GMS-0151A.mp3,333.205,335.878,2.673,transcript_media/en/ZS_F1_0178_en.mp3,F1-GMS-0151A 05:33.21-05:35.88
179,1,151,84,GLOSSIKA-ENZS-F1-GMS-0151A.mp3,345.793,347.530,1.737,transcript_media/en/ZS_F1_0179_en.mp3,F1-GMS-0151A 05:45.79-05:47.53
180,1,151,87,GLOSSIKA-ENZS-F1-GMS-0151A.mp3,355.351,359.185,3.834,transcript_media/en/ZS_F1_0180_en.mp3,F1-GMS-0151A 05:55.35-05:59.19
181,1,151,90,GLOSSIKA-ENZS-F1-GMS-0151A.mp3,369.831,371.135,1.304,transcript_media/en/ZS_F1_0181_en.mp3,F1-GMS-0151A 06:09.83-06:11.14
182,1,151,93,GLOSSIKA-ENZS-F1-GMS-0151A.mp3,383.045,385.309,2.265,transcript_media/en/ZS_F1_0182_en.mp3,F1-GMS-0151A 06:23.04-06:25.31
183,1,151,96,GLOSSIKA-ENZS-F1-GMS-0151A.mp3,398.295,399.911,1.616,transcript_media/en/ZS_F1_0183_en.mp3,F1-GMS-0151A 06:38.30-06:39.91
184,1,151,99,GLOSSIKA-ENZS-F1-GMS-0151A.mp3,410.056,411.316,1.260,transcript_media/en/ZS_F1_0184_en.mp3,F1-GMS-0151A 06:50.06-06:51.32
185,1,151,102,GLOSSIKA-ENZS-F1-GMS-0151A.mp3,420.979,422.330,1.351,transcript_media/en/ZS_F1_0185_en.mp3,F1-GMS-0151A 07:00.98-07:02.33
186,1,151,105,GLOSSIKA-ENZS-F1-GMS-0151A.mp3,431.810,433.173,1.363,transcript_media/en/ZS_F1_0186_en.mp3,F1-GMS-0151A 07:11.81-07:13.17
187,1,151,108,GLOSSIKA-ENZS-F1-GMS-0151A.mp3,443.103,444.310,1.207,transcript_media/en/ZS_F1_0187_en.mp3,F1-GMS-0151A 07:23.10-07:24.31
188,1,151,111,GLOSSIKA-ENZS-F1-GMS-0151A.mp3,453.302,454.748,1.446,transcript_media/en/ZS_F1_0188_en.mp3,F1-GMS-0151A 07:33.30-07:34.75
189,1,151,114,GLOSSIKA-ENZS-F1-GMS-0151A.mp3,464.646,465.532,0.886,transcript_media/en/ZS_F1_0189_en.mp3,F1-GMS-0151A 07:44.65-07:45.53
190,1,151,117,GLOSSIKA-ENZS-F1-GMS-0151A.mp3,473.892,474.910,1.018,transcript_media/en/ZS_F1_0190_en.mp3,F1-GMS-0151A 07:53.89-07:54.91
191,1,151,120,GLOSSIKA-ENZS-F1-GMS-0151A.mp3,484.643,486.023,1.380,transcript_media/en/ZS_F1_0191_en.mp3,F1-GMS-0151A 08:04.64-08:06.02
192,1,151,123,GLOSSIKA-ENZS-F1-GMS-0151A.mp3,495.285,496.776,1.491,transcript_media/en/ZS_F1_0192_en.mp3,F1-GMS-0151A 08:15.29-08:16.78
193,1,151,126,GLOSSIKA-ENZS-F1-GMS-0151A.mp3,506.101,507.197,1.096,transcript_media/en/ZS_F1_0193_en.mp3,F1-GMS-0151A 08:26.10-08:27.20
194,1,151,129,GLOSSIKA-ENZS-F1-GMS-0151A.mp3,516.764,518.111,1.346,transcript_media/en/ZS_F1_0194_en.mp3,F1-GMS-0151A 08:36.76-08:38.11
195,1,151,132,GLOSSIKA-ENZS-F1-GMS-0151A.mp3,527.902,528.836,0.935,transcript_media/en/ZS_F1_0195_en.mp3,F1-GMS-0151A 08:47.90-08:48.84
196,1,151,135,GLOSSIKA-ENZS-F1-GMS-0151A.mp3,538.563,539.402,0.839,transcript_media/en/ZS_F1_0196_en.mp3,F1-GMS-0151A 08:58.56-08:59.40
197,1,151,138,GLOSSIKA-ENZS-F1-GMS-0151A.mp3,549.165,550.781,1.617,transcript_media/en/ZS_F1_0197_en.mp3,F1-GMS-0151A 09:09.16-09:10.78
198,1,151,141,GLOSSIKA-ENZS-F1-GMS-0151A.mp3,561.319,562.609,1.290,transcript_media/en/ZS_F1_0198_en.mp3,F1-GMS-0151A 09:21.32-09:22.61
199,1,151,144,GLOSSIKA-ENZS-F1-GMS-0151A.mp3,571.401,572.795,1.394,transcript_media/en/ZS_F1_0199_en.mp3,F1-GMS-0151A 09:31.40-09:32.80
200,1,151,147,GLOSSIKA-ENZS-F1-GMS-0151A.mp3,581.942,583.554,1.612,transcript_media/en/ZS_F1_0200_en.mp3,F1-GMS-0151A 09:41.94-09:43.55
201,1,201,0,GLOSSIKA-ENZS-F1-GMS-0201B.mp3,6.887,7.757,0.871,transcript_media/en/ZS_F1_0201_en.mp3,F1-GMS-0201B 00:06.89-00:07.76
202,1,201,3,GLOSSIKA-ENZS-F1-GMS-0201B.mp3,14.553,16.050,1.497,transcript_media/en/ZS_F1_0202_en.mp3,F1-GMS-0201B 00:14.55-00:16.05
203,1,201,6,GLOSSIKA-ENZS-F1-GMS-0201B.mp3,22.703,24.139,1.436,transcript_media/en/ZS_F1_0203_en.mp3,F1-GMS-0201B 00:22.70-00:24.14
204,1,201,9,GLOSSIKA-ENZS-F1-GMS-0201B.mp3,31.296,33.402,2.105,transcript_media/en/ZS_F1_0204_en.mp3,F1-GMS-0201B 00:31.30-00:33.40
205,1,201,12,GLOSSIKA-ENZS-F1-GMS-0201B.mp3,40.121,41.665,1.544,transcript_media/en/ZS_F1_0205_en.mp3,F1-GMS-0201B 00:40.12-00:41.66
206,1,201,15,GLOSSIKA-ENZS-F1-GMS-0201B.mp3,48.193,49.482,1.288,transcript_media/en/ZS_F1_0206_en.mp3,F1-GMS-0201B 00:48.19-00:49.48
207,1,201,18,GLOSSIKA-ENZS-F1-GMS-0201B.mp3,56.202,57.372,1.170,transcript_media/en/ZS_F1_0207_en.mp3,F1-GMS-0201B 00:56.20-00:57.37
208,1,201,21,GLOSSIKA-ENZS-F1-GMS-0201B.mp3,64.399,65.735,1.336,transcript_media/en/ZS_F1_0208_en.mp3,F1-GMS-0201B 01:04.40-01:05.73
209,1,201,24,GLOSSIKA-ENZS-F1-GMS-0201B.mp3,72.723,74.309,1.586,transcript_media/en/ZS_F1_0209_en.mp3,F1-GMS-0201B 01:12.72-01:14.31
210,1,201,27,GLOSSIKA-ENZS-F1-GMS-0201B.mp3,81.293,82.681,1.389,transcript_media/en/ZS_F1_0210_en.mp3,F1-GMS-0201B 01:21.29-01:22.68
211,1,201,30,GLOSSIKA-ENZS-F1-GMS-0201B.mp3,89.345,90.519,1.175,transcript_media/en/ZS_F1_0211_en.mp3,F1-GMS-0201B 01:29.34-01:30.52
212,1,201,33,GLOSSIKA-ENZS-F1-GMS-0201B.mp3,97.579,98.728,1.149,transcript_media/en/ZS_F1_0212_en.mp3,F1-GMS-0201B 01:37.58-01:38.73
213,1,201,36,GLOSSIKA-ENZS-F1-GMS-0201B.mp3,106.114,107.551,1.438,transcript_media/en/ZS_F1_0213_en.mp3,F1-GMS-0201B 01:46.11-01:47.55
214,1,201,39,GLOSSIKA-ENZS-F1-GMS-0201B.mp3,115.004,116.487,1.483,transcript_media/en/ZS_F1_0214_en.mp3,F1-GMS-0201B 01:55.00-01:56.49
215,1,201,42,GLOSSIKA-ENZS-F1-GMS-0201B.mp3,123.404,125.266,1.862,transcript_media/en/ZS_F1_0215_en.mp3,F1-GMS-0201B 02:03.40-02:05.27
216,1,201,45,GLOSSIKA-ENZS-F1-GMS-0201B.mp3,133.123,135.048,1.925,transcript_media/en/ZS_F1_0216_en.mp3,F1-GMS-0201B 02:13.12-02:15.05
217,1,201,48,GLOSSIKA-ENZS-F1-GMS-0201B.mp3,142.374,144.325,1.951,transcript_media/en/ZS_F1_0217_en.mp3,F1-GMS-0201B 02:22.37-02:24.33
218,1,201,51,GLOSSIKA-ENZS-F1-GMS-0201B.mp3,151.894,153.139,1.245,transcript_media/en/ZS_F1_0218_en.mp3,F1-GMS-0201B 02:31.89-02:33.14
219,1,201,54,GLOSSIKA-ENZS-F1-GMS-0201B.mp3,160.176,161.936,1.761,transcript_media/en/ZS_F1_0219_en.mp3,F1-GMS-0201B 02:40.18-02:41.94
220,1,201,57,GLOSSIKA-ENZS-F1-GMS-0201B.mp3,170.064,171.890,1.826,transcript_media/en/ZS_F1_0220_en.mp3,F1-GMS-0201B 02:50.06-02:51.89
221,1,201,60,GLOSSIKA-ENZS-F1-GMS-0201B.mp3,179.989,181.877,1.888,transcript_media/en/ZS_F1_0221_en.mp3,F1-GMS-0201B 02:59.99-03:01.88
222,1,201,63,GLOSSIKA-ENZS-F1-GMS-0201B.mp3,189.608,190.978,1.371,transcript_media/en/ZS_F1_0222_en.mp3,F1-GMS-0201B 03:09.61-03:10.98
223,1,201,66,GLOSSIKA-ENZS-F1-GMS-0201B.mp3,198.587,200.694,2.107,transcript_media/en/ZS_F1_0223_en.mp3,F1-GMS-0201B 03:18.59-03:20.69
224,1,201,69,GLOSSIKA-ENZS-F1-GMS-0201B.mp3,208.086,209.289,1.203,transcript_media/en/ZS_F1_0224_en.mp3,F1-GMS-0201B 03:28.09-03:29.29
225,1,201,72,GLOSSIKA-ENZS-F1-GMS-0201B.mp3,216.974,218.903,1.929,transcript_media/en/ZS_F1_0225_en.mp3,F1-GMS-0201B 03:36.97-03:38.90
226,1,201,75,GLOSSIKA-ENZS-F1-GMS-0201B.mp3,225.816,227.285,1.469,transcript_media/en/ZS_F1_0226_en.mp3,F1-GMS-0201B 03:45.82-03:47.29
227,1,201,78,GLOSSIKA-ENZS-F1-GMS-0201B.mp3,234.653,236.271,1.618,transcript_media/en/ZS_F1_0227_en.mp3,F1-GMS-0201B 03:54.65-03:56.27
228,1,201,81,GLOSSIKA-ENZS-F1-GMS-0201B.mp3,243.963,245.699,1.735,transcript_media/en/ZS_F1_0228_en.mp3,F1-GMS-0201B 04:03.96-04:05.70
229,1,201,84,GLOSSIKA-ENZS-F1-GMS-0201B.mp3,253.224,255.124,1.900,transcript_media/en/ZS_F1_0229_en.mp3,F1-GMS-0201B 04:13.22-04:15.12
230,1,201,87,GLOSSIKA-ENZS-F1-GMS-0201B.mp3,262.361,263.664,1.302,transcript_media/en/ZS_F1_0230_en.mp3,F1-GMS-0201B 04:22.36-04:23.66
231,1,201,90,GLOSSIKA-ENZS-F1-GMS-0201B.mp3,271.032,272.374,1.342,transcript_media/en/ZS_F1_0231_en.mp3,F1-GMS-0201B 04:31.03-04:32.37
232,1,201,93,GLOSSIKA-ENZS-F1-GMS-0201B.mp3,280.091,281.457,1.366,transcript_media/en/ZS_F1_0232_en.mp3,F1-GMS-0201B 04:40.09-04:41.46
233,1,201,96,GLOSSIKA-ENZS-F1-GMS-0201B.mp3,289.488,291.348,1.859,transcript_media/en/ZS_F1_0233_en.mp3,F1-GMS-0201B 04:49.49-04:51.35
234,1,201,99,GLOSSIKA-ENZS-F1-GMS-0201B.mp3,298.304,299.640,1.336,transcript_media/en/ZS_F1_0234_en.mp3,F1-GMS-0201B 04:58.30-04:59.64
235,1,201,102,GLOSSIKA-ENZS-F1-GMS-0201B.mp3,306.758,307.895,1.137,transcript_media/en/ZS_F1_0235_en.mp3,F1-GMS-0201B 05:06.76-05:07.89
236,1,201,105,GLOSSIKA-ENZS-F1-GMS-0201B.mp3,315.248,316.450,1.203,transcript_media/en/ZS_F1_0236_en.mp3,F1-GMS-0201B 05:15.25-05:16.45
237,1,201,108,GLOSSIKA-ENZS-F1-GMS-0201B.mp3,323.868,325.139,1.271,transcript_media/en/ZS_F1_0237_en.mp3,F1-GMS-0201B 05:23.87-05:25.14
238,1,201,111,GLOSSIKA-ENZS-F1-GMS-0201B.mp3,332.126,333.504,1.378,transcript_media/en/ZS_F1_0238_en.mp3,F1-GMS-0201B 05:32.13-05:33.50
239,1,201,114,GLOSSIKA-ENZS-F1-GMS-0201B.mp3,340.597,341.787,1.190,transcript_media/en/ZS_F1_0239_en.mp3,F1-GMS-0201B 05:40.60-05:41.79
240,1,201,117,GLOSSIKA-ENZS-F1-GMS-0201B.mp3,348.972,350.093,1.121,transcript_media/en/ZS_F1_0240_en.mp3,F1-GMS-0201B 05:48.97-05:50.09
241,1,201,120,GLOSSIKA-ENZS-F1-GMS-0201B.mp3,357.948,359.328,1.380,transcript_media/en/ZS_F1_0241_en.mp3,F1-GMS-0201B 05:57.95-05:59.33
242,1,201,123,GLOSSIKA-ENZS-F1-GMS-0201B.mp3,367.260,369.115,1.855,transcript_media/en/ZS_F1_0242_en.mp3,F1-GMS-0201B 06:07.26-06:09.12
243,1,201,126,GLOSSIKA-ENZS-F1-GMS-0201B.mp3,376.693,378.297,1.604,transcript_media/en/ZS_F1_0243_en.mp3,F1-GMS-0201B 06:16.69-06:18.30
244,1,201,129,GLOSSIKA-ENZS-F1-GMS-0201B.mp3,386.010,387.326,1.316,transcript_media/en/ZS_F1_0244_en.mp3,F1-GMS-0201B 06:26.01-06:27.33
245,1,201,132,GLOSSIKA-ENZS-F1-GMS-0201B.mp3,394.658,396.102,1.445,transcript_media/en/ZS_F1_0245_en.mp3,F1-GMS-0201B 06:34.66-06:36.10
246,1,201,135,GLOSSIKA-ENZS-F1-GMS-0201B.mp3,403.403,404.786,1.383,transcript_media/en/ZS_F1_0246_en.mp3,F1-GMS-0201B 06:43.40-06:44.79
247,1,201,138,GLOSSIKA-ENZS-F1-GMS-0201B.mp3,411.204,412.593,1.389,transcript_media/en/ZS_F1_0247_en.mp3,F1-GMS-0201B 06:51.20-06:52.59
248,1,201,141,GLOSSIKA-ENZS-F1-GMS-0201B.mp3,419.925,421.373,1.448,transcript_media/en/ZS_F1_0248_en.mp3,F1-GMS-0201B 06:59.92-07:01.37
249,1,201,144,GLOSSIKA-ENZS-F1-GMS-0201B.mp3,428.410,429.702,1.292,transcript_media/en/ZS_F1_0249_en.mp3,F1-GMS-0201B 07:08.41-07:09.70
250,1,201,147,GLOSSIKA-ENZS-F1-GMS-0201B.mp3,437.305,438.726,1.421,transcript_media/en/ZS_F1_0250_en.mp3,F1-GMS-0201B 07:17.31-07:18.73
251,1,251,0,GLOSSIKA-ENZS-F1-GMS-0251A.mp3,9.036,9.923,0.887,transcript_media/en/ZS_F1_0251_en.mp3,F1-GMS-0251A 00:09.04-00:09.92
252,1,251,3,GLOSSIKA-ENZS-F1-GMS-0251A.mp3,20.121,20.981,0.860,transcript_media/en/ZS_F1_0252_en.mp3,F1-GMS-0251A 00:20.12-00:20.98
253,1,251,6,GLOSSIKA-ENZS-F1-GMS-0251A.mp3,29.783,31.089,1.305,transcript_media/en/ZS_F1_0253_en.mp3,F1-GMS-0251A 00:29.78-00:31.09
254,1,251,9,GLOSSIKA-ENZS-F1-GMS-0251A.mp3,41.104,41.934,0.830,transcript_media/en/ZS_F1_0254_en.mp3,F1-GMS-0251A 00:41.10-00:41.93
255,1,251,12,GLOSSIKA-ENZS-F1-GMS-0251A.mp3,51.751,52.896,1.145,transcript_media/en/ZS_F1_0255_en.mp3,F1-GMS-0251A 00:51.75-00:52.90
256,1,251,15,GLOSSIKA-ENZS-F1-GMS-0251A.mp3,61.892,62.669,0.777,transcript_media/en/ZS_F1_0256_en.mp3,F1-GMS-0251A 01:01.89-01:02.67
257,1,251,18,GLOSSIKA-ENZS-F1-GMS-0251A.mp3,72.064,73.655,1.591,transcript_media/en/ZS_F1_0257_en.mp3,F1-GMS-0251A 01:12.06-01:13.66
258,1,251,21,GLOSSIKA-ENZS-F1-GMS-0251A.mp3,83.420,84.452,1.032,transcript_media/en/ZS_F1_0258_en.mp3,F1-GMS-0251A 01:23.42-01:24.45
259,1,251,24,GLOSSIKA-ENZS-F1-GMS-0251A.mp3,95.048,96.331,1.283,transcript_media/en/ZS_F1_0259_en.mp3,F1-GMS-0251A 01:35.05-01:36.33
260,1,251,27,GLOSSIKA-ENZS-F1-GMS-0251A.mp3,106.342,107.530,1.187,transcript_media/en/ZS_F1_0260_en.mp3,F1-GMS-0251A 01:46.34-01:47.53
261,1,251,30,GLOSSIKA-ENZS-F1-GMS-0251A.mp3,117.388,118.820,1.432,transcript_media/en/ZS_F1_0261_en.mp3,F1-GMS-0251A 01:57.39-01:58.82
262,1,251,33,GLOSSIKA-ENZS-F1-GMS-0251A.mp3,129.052,130.695,1.643,transcript_media/en/ZS_F1_0262_en.mp3,F1-GMS-0251A 02:09.05-02:10.69
263,1,251,36,GLOSSIKA-ENZS-F1-GMS-0251A.mp3,142.100,143.526,1.426,transcript_media/en/ZS_F1_0263_en.mp3,F1-GMS-0251A 02:22.10-02:23.53
264,1,251,39,GLOSSIKA-ENZS-F1-GMS-0251A.mp3,152.556,154.230,1.674,transcript_media/en/ZS_F1_0264_en.mp3,F1-GMS-0251A 02:32.56-02:34.23
265,1,251,42,GLOSSIKA-ENZS-F1-GMS-0251A.mp3,165.140,166.804,1.665,transcript_media/en/ZS_F1_0265_en.mp3,F1-GMS-0251A 02:45.14-02:46.80
266,1,251,45,GLOSSIKA-ENZS-F1-GMS-0251A.mp3,176.819,178.761,1.943,transcript_media/en/ZS_F1_0266_en.mp3,F1-GMS-0251A 02:56.82-02:58.76
267,1,251,48,GLOSSIKA-ENZS-F1-GMS-0251A.mp3,190.665,192.276,1.611,transcript_media/en/ZS_F1_0267_en.mp3,F1-GMS-0251A 03:10.67-03:12.28
268,1,251,51,GLOSSIKA-ENZS-F1-GMS-0251A.mp3,201.752,202.928,1.175,transcript_media/en/ZS_F1_0268_en.mp3,F1-GMS-0251A 03:21.75-03:22.93
269,1,251,54,GLOSSIKA-ENZS-F1-GMS-0251A.mp3,212.656,214.314,1.659,transcript_media/en/ZS_F1_0269_en.mp3,F1-GMS-0251A 03:32.66-03:34.31
270,1,251,57,GLOSSIKA-ENZS-F1-GMS-0251A.mp3,224.264,226.189,1.925,transcript_media/en/ZS_F1_0270_en.mp3,F1-GMS-0251A 03:44.26-03:46.19
271,1,251,60,GLOSSIKA-ENZS-F1-GMS-0251A.mp3,236.793,238.458,1.664,transcript_media/en/ZS_F1_0271_en.mp3,F1-GMS-0251A 03:56.79-03:58.46
272,1,251,63,GLOSSIKA-ENZS-F1-GMS-0251A.mp3,249.571,251.728,2.157,transcript_media/en/ZS_F1_0272_en.mp3,F1-GMS-0251A 04:09.57-04:11.73
273,1,251,66,GLOSSIKA-ENZS-F1-GMS-0251A.mp3,263.104,264.972,1.869,transcript_media/en/ZS_F1_0273_en.mp3,F1-GMS-0251A 04:23.10-04:24.97
274,1,251,69,GLOSSIKA-ENZS-F1-GMS-0251A.mp3,276.239,279.153,2.914,transcript_media/en/ZS_F1_0274_en.mp3,F1-GMS-0251A 04:36.24-04:39.15
275,1,251,72,GLOSSIKA-ENZS-F1-GMS-0251A.mp3,292.339,293.980,1.641,transcript_media/en/ZS_F1_0275_en.mp3,F1-GMS-0251A 04:52.34-04:53.98
276,1,251,75,GLOSSIKA-ENZS-F1-GMS-0251A.mp3,304.616,306.486,1.870,transcript_media/en/ZS_F1_0276_en.mp3,F1-GMS-0251A 05:04.62-05:06.49
277,1,251,78,GLOSSIKA-ENZS-F1-GMS-0251A.mp3,317.690,319.690,2.000,transcript_media/en/ZS_F1_0277_en.mp3,F1-GMS-0251A 05:17.69-05:19.69
278,1,251,81,GLOSSIKA-ENZS-F1-GMS-0251A.mp3,330.925,333.074,2.149,transcript_media/en/ZS_F1_0278_en.mp3,F1-GMS-0251A 05:30.93-05:33.07
279,1,251,84,GLOSSIKA-ENZS-F1-GMS-0251A.mp3,344.452,347.346,2.894,transcript_media/en/ZS_F1_0279_en.mp3,F1-GMS-0251A 05:44.45-05:47.35
280,1,251,87,GLOSSIKA-ENZS-F1-GMS-0251A.mp3,359.835,362.732,2.896,transcript_media/en/ZS_F1_0280_en.mp3,F1-GMS-0251A 05:59.84-06:02.73
281,1,251,90,GLOSSIKA-ENZS-F1-GMS-0251A.mp3,375.611,376.556,0.945,transcript_media/en/ZS_F1_0281_en.mp3,F1-GMS-0251A 06:15.61-06:16.56
282,1,251,93,GLOSSIKA-ENZS-F1-GMS-0251A.mp3,385.247,386.217,0.970,transcript_media/en/ZS_F1_0282_en.mp3,F1-GMS-0251A 06:25.25-06:26.22
283,1,251,96,GLOSSIKA-ENZS-F1-GMS-0251A.mp3,395.369,396.550,1.181,transcript_media/en/ZS_F1_0283_en.mp3,F1-GMS-0251A 06:35.37-06:36.55
284,1,251,99,GLOSSIKA-ENZS-F1-GMS-0251A.mp3,405.844,406.936,1.092,transcript_media/en/ZS_F1_0284_en.mp3,F1-GMS-0251A 06:45.84-06:46.94
285,1,251,102,GLOSSIKA-ENZS-F1-GMS-0251A.mp3,415.878,416.967,1.089,transcript_media/en/ZS_F1_0285_en.mp3,F1-GMS-0251A 06:55.88-06:56.97
286,1,251,105,GLOSSIKA-ENZS-F1-GMS-0251A.mp3,425.779,426.985,1.206,transcript_media/en/ZS_F1_0286_en.mp3,F1-GMS-0251A 07:05.78-07:06.98
287,1,251,108,GLOSSIKA-ENZS-F1-GMS-0251A.mp3,436.539,438.002,1.464,transcript_media/en/ZS_F1_0287_en.mp3,F1-GMS-0251A 07:16.54-07:18.00
288,1,251,111,GLOSSIKA-ENZS-F1-GMS-0251A.mp3,447.776,450.029,2.253,transcript_media/en/ZS_F1_0288_en.mp3,F1-GMS-0251A 07:27.78-07:30.03
289,1,251,114,GLOSSIKA-ENZS-F1-GMS-0251A.mp3,462.700,464.231,1.530,transcript_media/en/ZS_F1_0289_en.mp3,F1-GMS-0251A 07:42.70-07:44.23
290,1,251,117,GLOSSIKA-ENZS-F1-GMS-0251A.mp3,474.315,475.736,1.420,transcript_media/en/ZS_F1_0290_en.mp3,F1-GMS-0251A 07:54.32-07:55.74
291,1,251,120,GLOSSIKA-ENZS-F1-GMS-0251A.mp3,485.492,487.049,1.557,transcript_media/en/ZS_F1_0291_en.mp3,F1-GMS-0251A 08:05.49-08:07.05
292,1,251,123,GLOSSIKA-ENZS-F1-GMS-0251A.mp3,498.877,500.880,2.004,transcript_media/en/ZS_F1_0292_en.mp3,F1-GMS-0251A 08:18.88-08:20.88
293,1,251,126,GLOSSIKA-ENZS-F1-GMS-0251A.mp3,512.791,514.953,2.161,transcript_media/en/ZS_F1_0293_en.mp3,F1-GMS-0251A 08:32.79-08:34.95
294,1,251,129,GLOSSIKA-ENZS-F1-GMS-0251A.mp3,526.621,529.147,2.526,transcript_media/en/ZS_F1_0294_en.mp3,F1-GMS-0251A 08:46.62-08:49.15
295,1,251,132,GLOSSIKA-ENZS-F1-GMS-0251A.mp3,541.835,544.727,2.892,transcript_media/en/ZS_F1_0295_en.mp3,F1-GMS-0251A 09:01.83-09:04.73
296,1,251,135,GLOSSIKA-ENZS-F1-GMS-0251A.mp3,556.945,560.380,3.435,transcript_media/en/ZS_F1_0296_en.mp3,F1-GMS-0251A 09:16.94-09:20.38
297,1,251,138,GLOSSIKA-ENZS-F1-GMS-0251A.mp3,574.303,577.495,3.192,transcript_media/en/ZS_F1_0297_en.mp3,F1-GMS-0251A 09:34.30-09:37.50
298,1,251,141,GLOSSIKA-ENZS-F1-GMS-0251A.mp3,592.967,595.856,2.889,transcript_media/en/ZS_F1_0298_en.mp3,F1-GMS-0251A 09:52.97-09:55.86
299,1,251,144,GLOSSIKA-ENZS-F1-GMS-0251A.mp3,609.459,612.574,3.115,transcript_media/en/ZS_F1_0299_en.mp3,F1-GMS-0251A 10:09.46-10:12.57
300,1,251,147,GLOSSIKA-ENZS-F1-GMS-0251A.mp3,624.598,626.092,1.494,transcript_media/en/ZS_F1_0300_en.mp3,F1-GMS-0251A 10:24.60-10:26.09
301,1,301,0,GLOSSIKA-ENZS-F1-GMS-0301A.mp3,9.038,12.106,3.068,transcript_media/en/ZS_F1_0301_en.mp3,F1-GMS-0301A 00:09.04-00:12.11
302,1,301,3,GLOSSIKA-ENZS-F1-GMS-0301A.mp3,23.833,27.257,3.424,transcript_media/en/ZS_F1_0302_en.mp3,F1-GMS-0301A 00:23.83-00:27.26
303,1,301,6,GLOSSIKA-ENZS-F1-GMS-0301A.mp3,40.592,42.183,1.590,transcript_media/en/ZS_F1_0303_en.mp3,F1-GMS-0301A 00:40.59-00:42.18
304,1,301,9,GLOSSIKA-ENZS-F1-GMS-0301A.mp3,51.530,53.574,2.044,transcript_media/en/ZS_F1_0304_en.mp3,F1-GMS-0301A 00:51.53-00:53.57
305,1,301,12,GLOSSIKA-ENZS-F1-GMS-0301A.mp3,65.585,67.176,1.591,transcript_media/en/ZS_F1_0305_en.mp3,F1-GMS-0301A 01:05.59-01:07.18
306,1,301,15,GLOSSIKA-ENZS-F1-GMS-0301A.mp3,77.262,79.297,2.035,transcript_media/en/ZS_F1_0306_en.mp3,F1-GMS-0301A 01:17.26-01:19.30
307,1,301,18,GLOSSIKA-ENZS-F1-GMS-0301A.mp3,90.483,92.522,2.039,transcript_media/en/ZS_F1_0307_en.mp3,F1-GMS-0301A 01:30.48-01:32.52
308,1,301,21,GLOSSIKA-ENZS-F1-GMS-0301A.mp3,103.141,105.165,2.023,transcript_media/en/ZS_F1_0308_en.mp3,F1-GMS-0301A 01:43.14-01:45.16
309,1,301,24,GLOSSIKA-ENZS-F1-GMS-0301A.mp3,116.094,117.682,1.588,transcript_media/en/ZS_F1_0309_en.mp3,F1-GMS-0301A 01:56.09-01:57.68
310,1,301,27,GLOSSIKA-ENZS-F1-GMS-0301A.mp3,127.594,129.904,2.310,transcript_media/en/ZS_F1_0310_en.mp3,F1-GMS-0301A 02:07.59-02:09.90
311,1,301,30,GLOSSIKA-ENZS-F1-GMS-0301A.mp3,140.894,143.068,2.175,transcript_media/en/ZS_F1_0311_en.mp3,F1-GMS-0301A 02:20.89-02:23.07
312,1,301,33,GLOSSIKA-ENZS-F1-GMS-0301A.mp3,153.530,155.813,2.283,transcript_media/en/ZS_F1_0312_en.mp3,F1-GMS-0301A 02:33.53-02:35.81
313,1,301,36,GLOSSIKA-ENZS-F1-GMS-0301A.mp3,166.199,167.778,1.579,transcript_media/en/ZS_F1_0313_en.mp3,F1-GMS-0301A 02:46.20-02:47.78
314,1,301,39,GLOSSIKA-ENZS-F1-GMS-0301A.mp3,178.450,180.531,2.082,transcript_media/en/ZS_F1_0314_en.mp3,F1-GMS-0301A 02:58.45-03:00.53
315,1,301,42,GLOSSIKA-ENZS-F1-GMS-0301A.mp3,191.707,193.808,2.101,transcript_media/en/ZS_F1_0315_en.mp3,F1-GMS-0301A 03:11.71-03:13.81
316,1,301,45,GLOSSIKA-ENZS-F1-GMS-0301A.mp3,204.939,207.342,2.402,transcript_media/en/ZS_F1_0316_en.mp3,F1-GMS-0301A 03:24.94-03:27.34
317,1,301,48,GLOSSIKA-ENZS-F1-GMS-0301A.mp3,218.853,221.072,2.219,transcript_media/en/ZS_F1_0317_en.mp3,F1-GMS-0301A 03:38.85-03:41.07
318,1,301,51,GLOSSIKA-ENZS-F1-GMS-0301A.mp3,232.382,233.920,1.538,transcript_media/en/ZS_F1_0318_en.mp3,F1-GMS-0301A 03:52.38-03:53.92
319,1,301,54,GLOSSIKA-ENZS-F1-GMS-0301A.mp3,243.677,245.251,1.574,transcript_media/en/ZS_F1_0319_en.mp3,F1-GMS-0301A 04:03.68-04:05.25
320,1,301,57,GLOSSIKA-ENZS-F1-GMS-0301A.mp3,255.889,258.270,2.381,transcript_media/en/ZS_F1_0320_en.mp3,F1-GMS-0301A 04:15.89-04:18.27
321,1,301,60,GLOSSIKA-ENZS-F1-GMS-0301A.mp3,270.063,272.454,2.391,transcript_media/en/ZS_F1_0321_en.mp3,F1-GMS-0301A 04:30.06-04:32.45
322,1,301,63,GLOSSIKA-ENZS-F1-GMS-0301A.mp3,284.191,285.588,1.398,transcript_media/en/ZS_F1_0322_en.mp3,F1-GMS-0301A 04:44.19-04:45.59
323,1,301,66,GLOSSIKA-ENZS-F1-GMS-0301A.mp3,296.181,298.193,2.012,transcript_media/en/ZS_F1_0323_en.mp3,F1-GMS-0301A 04:56.18-04:58.19
324,1,301,69,GLOSSIKA-ENZS-F1-GMS-0301A.mp3,308.556,310.440,1.884,transcript_media/en/ZS_F1_0324_en.mp3,F1-GMS-0301A 05:08.56-05:10.44
325,1,301,72,GLOSSIKA-ENZS-F1-GMS-0301A.mp3,321.293,323.044,1.750,transcript_media/en/ZS_F1_0325_en.mp3,F1-GMS-0301A 05:21.29-05:23.04
326,1,301,75,GLOSSIKA-ENZS-F1-GMS-0301A.mp3,334.466,336.065,1.599,transcript_media/en/ZS_F1_0326_en.mp3,F1-GMS-0301A 05:34.47-05:36.06
327,1,301,78,GLOSSIKA-ENZS-F1-GMS-0301A.mp3,346.439,348.436,1.998,transcript_media/en/ZS_F1_0327_en.mp3,F1-GMS-0301A 05:46.44-05:48.44
328,1,301,81,GLOSSIKA-ENZS-F1-GMS-0301A.mp3,358.358,359.579,1.221,transcript_media/en/ZS_F1_0328_en.mp3,F1-GMS-0301A 05:58.36-05:59.58
329,1,301,84,GLOSSIKA-ENZS-F1-GMS-0301A.mp3,369.214,370.549,1.334,transcript_media/en/ZS_F1_0329_en.mp3,F1-GMS-0301A 06:09.21-06:10.55
330,1,301,87,GLOSSIKA-ENZS-F1-GMS-0301A.mp3,380.340,382.714,2.374,transcript_media/en/ZS_F1_0330_en.mp3,F1-GMS-0301A 06:20.34-06:22.71
331,1,301,90,GLOSSIKA-ENZS-F1-GMS-0301A.mp3,395.097,397.416,2.319,transcript_media/en/ZS_F1_0331_en.mp3,F1-GMS-0301A 06:35.10-06:37.42
332,1,301,93,GLOSSIKA-ENZS-F1-GMS-0301A.mp3,407.951,410.733,2.783,transcript_media/en/ZS_F1_0332_en.mp3,F1-GMS-0301A 06:47.95-06:50.73
333,1,301,96,GLOSSIKA-ENZS-F1-GMS-0301A.mp3,424.321,425.924,1.604,transcript_media/en/ZS_F1_0333_en.mp3,F1-GMS-0301A 07:04.32-07:05.92
334,1,301,99,GLOSSIKA-ENZS-F1-GMS-0301A.mp3,435.837,437.423,1.586,transcript_media/en/ZS_F1_0334_en.mp3,F1-GMS-0301A 07:15.84-07:17.42
335,1,301,102,GLOSSIKA-ENZS-F1-GMS-0301A.mp3,447.518,451.197,3.679,transcript_media/en/ZS_F1_0335_en.mp3,F1-GMS-0301A 07:27.52-07:31.20
336,1,301,105,GLOSSIKA-ENZS-F1-GMS-0301A.mp3,466.141,468.202,2.060,transcript_media/en/ZS_F1_0336_en.mp3,F1-GMS-0301A 07:46.14-07:48.20
337,1,301,108,GLOSSIKA-ENZS-F1-GMS-0301A.mp3,479.828,481.946,2.118,transcript_media/en/ZS_F1_0337_en.mp3,F1-GMS-0301A 07:59.83-08:01.95
338,1,301,111,GLOSSIKA-ENZS-F1-GMS-0301A.mp3,492.362,494.404,2.042,transcript_media/en/ZS_F1_0338_en.mp3,F1-GMS-0301A 08:12.36-08:14.40
339,1,301,114,GLOSSIKA-ENZS-F1-GMS-0301A.mp3,505.318,507.507,2.189,transcript_media/en/ZS_F1_0339_en.mp3,F1-GMS-0301A 08:25.32-08:27.51
340,1,301,117,GLOSSIKA-ENZS-F1-GMS-0301A.mp3,517.944,519.727,1.783,transcript_media/en/ZS_F1_0340_en.mp3,F1-GMS-0301A 08:37.94-08:39.73
341,1,301,120,GLOSSIKA-ENZS-F1-GMS-0301A.mp3,530.460,532.039,1.579,transcript_media/en/ZS_F1_0341_en.mp3,F1-GMS-0301A 08:50.46-08:52.04
342,1,301,123,GLOSSIKA-ENZS-F1-GMS-0301A.mp3,543.168,544.858,1.690,transcript_media/en/ZS_F1_0342_en.mp3,F1-GMS-0301A 09:03.17-09:04.86
343,1,301,126,GLOSSIKA-ENZS-F1-GMS-0301A.mp3,553.801,555.981,2.180,transcript_media/en/ZS_F1_0343_en.mp3,F1-GMS-0301A 09:13.80-09:15.98
344,1,301,129,GLOSSIKA-ENZS-F1-GMS-0301A.mp3,566.901,568.675,1.774,transcript_media/en/ZS_F1_0344_en.mp3,F1-GMS-0301A 09:26.90-09:28.67
345,1,301,132,GLOSSIKA-ENZS-F1-GMS-0301A.mp3,578.828,580.784,1.956,transcript_media/en/ZS_F1_0345_en.mp3,F1-GMS-0301A 09:38.83-09:40.78
346,1,301,135,GLOSSIKA-ENZS-F1-GMS-0301A.mp3,590.954,592.774,1.820,transcript_media/en/ZS_F1_0346_en.mp3,F1-GMS-0301A 09:50.95-09:52.77
347,1,301,138,GLOSSIKA-ENZS-F1-GMS-0301A.mp3,601.882,603.473,1.591,transcript_media/en/ZS_F1_0347_en.mp3,F1-GMS-0301A 10:01.88-10:03.47
348,1,301,141,GLOSSIKA-ENZS-F1-GMS-0301A.mp3,613.437,615.030,1.593,transcript_media/en/ZS_F1_0348_en.mp3,F1-GMS-0301A 10:13.44-10:15.03
349,1,301,144,GLOSSIKA-ENZS-F1-GMS-0301A.mp3,625.007,626.157,1.150,transcript_media/en/ZS_F1_0349_en.mp3,F1-GMS-0301A 10:25.01-10:26.16
350,1,301,147,GLOSSIKA-ENZS-F1-GMS-0301A.mp3,635.630,637.450,1.821,transcript_media/en/ZS_F1_0350_en.mp3,F1-GMS-0301A 10:35.63-10:37.45
351,1,351,0,GLOSSIKA-ENZS-F1-GMS-0351A.mp3,0.000,3.340,3.340,transcript_media/en/ZS_F1_0351_en.mp3,F1-GMS-0351A 00:00.00-00:03.34
352,1,351,3,GLOSSIKA-ENZS-F1-GMS-0351A.mp3,13.136,14.698,1.561,transcript_media/en/ZS_F1_0352_en.mp3,F1-GMS-0351A 00:13.14-00:14.70
353,1,351,6,GLOSSIKA-ENZS-F1-GMS-0351A.mp3,24.864,26.764,1.900,transcript_media/en/ZS_F1_0353_en.mp3,F1-GMS-0351A 00:24.86-00:26.76
354,1,351,9,GLOSSIKA-ENZS-F1-GMS-0351A.mp3,36.587,38.279,1.692,transcript_media/en/ZS_F1_0354_en.mp3,F1-GMS-0351A 00:36.59-00:38.28
355,1,351,12,GLOSSIKA-ENZS-F1-GMS-0351A.mp3,48.977,50.520,1.543,transcript_media/en/ZS_F1_0355_en.mp3,F1-GMS-0351A 00:48.98-00:50.52
356,1,351,15,GLOSSIKA-ENZS-F1-GMS-0351A.mp3,61.515,63.367,1.852,transcript_media/en/ZS_F1_0356_en.mp3,F1-GMS-0351A 01:01.52-01:03.37
357,1,351,18,GLOSSIKA-ENZS-F1-GMS-0351A.mp3,74.377,76.277,1.900,transcript_media/en/ZS_F1_0357_en.mp3,F1-GMS-0351A 01:14.38-01:16.28
358,1,351,21,GLOSSIKA-ENZS-F1-GMS-0351A.mp3,87.531,89.707,2.176,transcript_media/en/ZS_F1_0358_en.mp3,F1-GMS-0351A 01:27.53-01:29.71
359,1,351,24,GLOSSIKA-ENZS-F1-GMS-0351A.mp3,101.362,103.695,2.333,transcript_media/en/ZS_F1_0359_en.mp3,F1-GMS-0351A 01:41.36-01:43.69
360,1,351,27,GLOSSIKA-ENZS-F1-GMS-0351A.mp3,116.094,118.898,2.804,transcript_media/en/ZS_F1_0360_en.mp3,F1-GMS-0351A 01:56.09-01:58.90
361,1,351,30,GLOSSIKA-ENZS-F1-GMS-0351A.mp3,132.262,134.197,1.935,transcript_media/en/ZS_F1_0361_en.mp3,F1-GMS-0351A 02:12.26-02:14.20
362,1,351,33,GLOSSIKA-ENZS-F1-GMS-0351A.mp3,147.644,151.356,3.712,transcript_media/en/ZS_F1_0362_en.mp3,F1-GMS-0351A 02:27.64-02:31.36
363,1,351,36,GLOSSIKA-ENZS-F1-GMS-0351A.mp3,164.906,167.767,2.861,transcript_media/en/ZS_F1_0363_en.mp3,F1-GMS-0351A 02:44.91-02:47.77
364,1,351,39,GLOSSIKA-ENZS-F1-GMS-0351A.mp3,181.083,184.950,3.867,transcript_media/en/ZS_F1_0364_en.mp3,F1-GMS-0351A 03:01.08-03:04.95
365,1,351,42,GLOSSIKA-ENZS-F1-GMS-0351A.mp3,199.966,202.947,2.981,transcript_media/en/ZS_F1_0365_en.mp3,F1-GMS-0351A 03:19.97-03:22.95
366,1,351,45,GLOSSIKA-ENZS-F1-GMS-0351A.mp3,216.447,219.844,3.396,transcript_media/en/ZS_F1_0366_en.mp3,F1-GMS-0351A 03:36.45-03:39.84
367,1,351,48,GLOSSIKA-ENZS-F1-GMS-0351A.mp3,232.032,233.560,1.528,transcript_media/en/ZS_F1_0367_en.mp3,F1-GMS-0351A 03:52.03-03:53.56
368,1,351,51,GLOSSIKA-ENZS-F1-GMS-0351A.mp3,243.837,246.638,2.801,transcript_media/en/ZS_F1_0368_en.mp3,F1-GMS-0351A 04:03.84-04:06.64
369,1,351,54,GLOSSIKA-ENZS-F1-GMS-0351A.mp3,256.036,257.471,1.435,transcript_media/en/ZS_F1_0369_en.mp3,F1-GMS-0351A 04:16.04-04:17.47
370,1,351,57,GLOSSIKA-ENZS-F1-GMS-0351A.mp3,269.469,273.058,3.589,transcript_media/en/ZS_F1_0370_en.mp3,F1-GMS-0351A 04:29.47-04:33.06
371,1,351,60,GLOSSIKA-ENZS-F1-GMS-0351A.mp3,285.607,288.961,3.354,transcript_media/en/ZS_F1_0371_en.mp3,F1-GMS-0351A 04:45.61-04:48.96
372,1,351,63,GLOSSIKA-ENZS-F1-GMS-0351A.mp3,301.654,303.772,2.118,transcript_media/en/ZS_F1_0372_en.mp3,F1-GMS-0351A 05:01.65-05:03.77
373,1,351,66,GLOSSIKA-ENZS-F1-GMS-0351A.mp3,314.192,317.535,3.343,transcript_media/en/ZS_F1_0373_en.mp3,F1-GMS-0351A 05:14.19-05:17.54
374,1,351,69,GLOSSIKA-ENZS-F1-GMS-0351A.mp3,329.840,332.413,2.574,transcript_media/en/ZS_F1_0374_en.mp3,F1-GMS-0351A 05:29.84-05:32.41
375,1,351,72,GLOSSIKA-ENZS-F1-GMS-0351A.mp3,344.274,345.628,1.354,transcript_media/en/ZS_F1_0375_en.mp3,F1-GMS-0351A 05:44.27-05:45.63
376,1,351,75,GLOSSIKA-ENZS-F1-GMS-0351A.mp3,355.353,357.049,1.696,transcript_media/en/ZS_F1_0376_en.mp3,F1-GMS-0351A 05:55.35-05:57.05
377,1,351,78,GLOSSIKA-ENZS-F1-GMS-0351A.mp3,367.799,369.441,1.642,transcript_media/en/ZS_F1_0377_en.mp3,F1-GMS-0351A 06:07.80-06:09.44
378,1,351,81,GLOSSIKA-ENZS-F1-GMS-0351A.mp3,380.127,381.430,1.303,transcript_media/en/ZS_F1_0378_en.mp3,F1-GMS-0351A 06:20.13-06:21.43
379,1,351,84,GLOSSIKA-ENZS-F1-GMS-0351A.mp3,390.642,392.500,1.858,transcript_media/en/ZS_F1_0379_en.mp3,F1-GMS-0351A 06:30.64-06:32.50
380,1,351,87,GLOSSIKA-ENZS-F1-GMS-0351A.mp3,403.720,405.153,1.433,transcript_media/en/ZS_F1_0380_en.mp3,F1-GMS-0351A 06:43.72-06:45.15
381,1,351,90,GLOSSIKA-ENZS-F1-GMS-0351A.mp3,415.621,417.747,2.126,transcript_media/en/ZS_F1_0381_en.mp3,F1-GMS-0351A 06:55.62-06:57.75
382,1,351,93,GLOSSIKA-ENZS-F1-GMS-0351A.mp3,428.487,430.229,1.743,transcript_media/en/ZS_F1_0382_en.mp3,F1-GMS-0351A 07:08.49-07:10.23
383,1,351,96,GLOSSIKA-ENZS-F1-GMS-0351A.mp3,440.442,442.110,1.667,transcript_media/en/ZS_F1_0383_en.mp3,F1-GMS-0351A 07:20.44-07:22.11
384,1,351,99,GLOSSIKA-ENZS-F1-GMS-0351A.mp3,452.918,454.973,2.055,transcript_media/en/ZS_F1_0384_en.mp3,F1-GMS-0351A 07:32.92-07:34.97
385,1,351,102,GLOSSIKA-ENZS-F1-GMS-0351A.mp3,466.655,467.712,1.057,transcript_media/en/ZS_F1_0385_en.mp3,F1-GMS-0351A 07:46.66-07:47.71
386,1,351,105,GLOSSIKA-ENZS-F1-GMS-0351A.mp3,477.546,478.721,1.176,transcript_media/en/ZS_F1_0386_en.mp3,F1-GMS-0351A 07:57.55-07:58.72
387,1,351,108,GLOSSIKA-ENZS-F1-GMS-0351A.mp3,488.419,490.149,1.731,transcript_media/en/ZS_F1_0387_en.mp3,F1-GMS-0351A 08:08.42-08:10.15
388,1,351,111,GLOSSIKA-ENZS-F1-GMS-0351A.mp3,500.878,502.374,1.496,transcript_media/en/ZS_F1_0388_en.mp3,F1-GMS-0351A 08:20.88-08:22.37
389,1,351,114,GLOSSIKA-ENZS-F1-GMS-0351A.mp3,513.035,514.822,1.787,transcript_media/en/ZS_F1_0389_en.mp3,F1-GMS-0351A 08:33.03-08:34.82
390,1,351,117,GLOSSIKA-ENZS-F1-GMS-0351A.mp3,525.728,528.577,2.849,transcript_media/en/ZS_F1_0390_en.mp3,F1-GMS-0351A 08:45.73-08:48.58
391,1,351,120,GLOSSIKA-ENZS-F1-GMS-0351A.mp3,542.339,545.473,3.134,transcript_media/en/ZS_F1_0391_en.mp3,F1-GMS-0351A 09:02.34-09:05.47
392,1,351,123,GLOSSIKA-ENZS-F1-GMS-0351A.mp3,557.862,561.210,3.349,transcript_media/en/ZS_F1_0392_en.mp3,F1-GMS-0351A 09:17.86-09:21.21
393,1,351,126,GLOSSIKA-ENZS-F1-GMS-0351A.mp3,576.248,580.407,4.159,transcript_media/en/ZS_F1_0393_en.mp3,F1-GMS-0351A 09:36.25-09:40.41
394,1,351,129,GLOSSIKA-ENZS-F1-GMS-0351A.mp3,594.883,598.565,3.682,transcript_media/en/ZS_F1_0394_en.mp3,F1-GMS-0351A 09:54.88-09:58.57
395,1,351,132,GLOSSIKA-ENZS-F1-GMS-0351A.mp3,611.555,613.990,2.436,transcript_media/en/ZS_F1_0395_en.mp3,F1-GMS-0351A 10:11.55-10:13.99
396,1,351,135,GLOSSIKA-ENZS-F1-GMS-0351A.mp3,624.225,628.644,4.419,transcript_media/en/ZS_F1_0396_en.mp3,F1-GMS-0351A 10:24.22-10:28.64
397,1,351,138,GLOSSIKA-ENZS-F1-GMS-0351A.mp3,644.974,649.238,4.264,transcript_media/en/ZS_F1_0397_en.mp3,F1-GMS-0351A 10:44.97-10:49.24
398,1,351,141,GLOSSIKA-ENZS-F1-GMS-0351A.mp3,662.479,665.456,2.977,transcript_media/en/ZS_F1_0398_en.mp3,F1-GMS-0351A 11:02.48-11:05.46
399,1,351,144,GLOSSIKA-ENZS-F1-GMS-0351A.mp3,673.348,677.112,3.764,transcript_media/en/ZS_F1_0399_en.mp3,F1-GMS-0351A 11:13.35-11:17.11
400,1,351,147,GLOSSIKA-ENZS-F1-GMS-0351A.mp3,689.115,690.740,1.625,transcript_media/en/ZS_F1_0400_en.mp3,F1-GMS-0351A 11:29.11-11:30.74
401,1,401,0,GLOSSIKA-ENZS-F1-GMS-0401A.mp3,0.000,3.340,3.340,transcript_media/en/ZS_F1_0401_en.mp3,F1-GMS-0401A 00:00.00-00:03.34
402,1,401,3,GLOSSIKA-ENZS-F1-GMS-0401A.mp3,11.709,13.418,1.709,transcript_media/en/ZS_F1_0402_en.mp3,F1-GMS-0401A 00:11.71-00:13.42
403,1,401,6,GLOSSIKA-ENZS-F1-GMS-0401A.mp3,23.226,24.713,1.488,transcript_media/en/ZS_F1_0403_en.mp3,F1-GMS-0401A 00:23.23-00:24.71
404,1,401,9,GLOSSIKA-ENZS-F1-GMS-0401A.mp3,34.626,36.453,1.828,transcript_media/en/ZS_F1_0404_en.mp3,F1-GMS-0401A 00:34.63-00:36.45
405,1,401,12,GLOSSIKA-ENZS-F1-GMS-0401A.mp3,46.373,48.319,1.946,transcript_media/en/ZS_F1_0405_en.mp3,F1-GMS-0401A 00:46.37-00:48.32
406,1,401,15,GLOSSIKA-ENZS-F1-GMS-0401A.mp3,58.334,60.095,1.761,transcript_media/en/ZS_F1_0406_en.mp3,F1-GMS-0401A 00:58.33-01:00.10
407,1,401,18,GLOSSIKA-ENZS-F1-GMS-0401A.mp3,70.788,72.817,2.029,transcript_media/en/ZS_F1_0407_en.mp3,F1-GMS-0401A 01:10.79-01:12.82
408,1,401,21,GLOSSIKA-ENZS-F1-GMS-0401A.mp3,82.769,84.644,1.875,transcript_media/en/ZS_F1_0408_en.mp3,F1-GMS-0401A 01:22.77-01:24.64
409,1,401,24,GLOSSIKA-ENZS-F1-GMS-0401A.mp3,95.268,97.084,1.815,transcript_media/en/ZS_F1_0409_en.mp3,F1-GMS-0401A 01:35.27-01:37.08
410,1,401,27,GLOSSIKA-ENZS-F1-GMS-0401A.mp3,108.091,110.189,2.098,transcript_media/en/ZS_F1_0410_en.mp3,F1-GMS-0401A 01:48.09-01:50.19
411,1,401,30,GLOSSIKA-ENZS-F1-GMS-0401A.mp3,121.753,124.102,2.349,transcript_media/en/ZS_F1_0411_en.mp3,F1-GMS-0401A 02:01.75-02:04.10
412,1,401,33,GLOSSIKA-ENZS-F1-GMS-0401A.mp3,135.305,136.851,1.546,transcript_media/en/ZS_F1_0412_en.mp3,F1-GMS-0401A 02:15.30-02:16.85
413,1,401,36,GLOSSIKA-ENZS-F1-GMS-0401A.mp3,145.866,146.658,0.792,transcript_media/en/ZS_F1_0413_en.mp3,F1-GMS-0401A 02:25.87-02:26.66
414,1,401,39,GLOSSIKA-ENZS-F1-GMS-0401A.mp3,158.742,160.210,1.468,transcript_media/en/ZS_F1_0414_en.mp3,F1-GMS-0401A 02:38.74-02:40.21
415,1,401,42,GLOSSIKA-ENZS-F1-GMS-0401A.mp3,169.118,171.880,2.762,transcript_media/en/ZS_F1_0415_en.mp3,F1-GMS-0401A 02:49.12-02:51.88
416,1,401,45,GLOSSIKA-ENZS-F1-GMS-0401A.mp3,179.143,182.220,3.076,transcript_media/en/ZS_F1_0416_en.mp3,F1-GMS-0401A 02:59.14-03:02.22
417,1,401,48,GLOSSIKA-ENZS-F1-GMS-0401A.mp3,192.498,193.364,0.865,transcript_media/en/ZS_F1_0417_en.mp3,F1-GMS-0401A 03:12.50-03:13.36
418,1,401,51,GLOSSIKA-ENZS-F1-GMS-0401A.mp3,206.897,208.130,1.233,transcript_media/en/ZS_F1_0418_en.mp3,F1-GMS-0401A 03:26.90-03:28.13
419,1,401,54,GLOSSIKA-ENZS-F1-GMS-0401A.mp3,216.568,219.057,2.490,transcript_media/en/ZS_F1_0419_en.mp3,F1-GMS-0401A 03:36.57-03:39.06
420,1,401,57,GLOSSIKA-ENZS-F1-GMS-0401A.mp3,229.352,230.864,1.512,transcript_media/en/ZS_F1_0420_en.mp3,F1-GMS-0401A 03:49.35-03:50.86
421,1,401,60,GLOSSIKA-ENZS-F1-GMS-0401A.mp3,240.574,242.413,1.839,transcript_media/en/ZS_F1_0421_en.mp3,F1-GMS-0401A 04:00.57-04:02.41
422,1,401,63,GLOSSIKA-ENZS-F1-GMS-0401A.mp3,252.121,253.773,1.653,transcript_media/en/ZS_F1_0422_en.mp3,F1-GMS-0401A 04:12.12-04:13.77
423,1,401,66,GLOSSIKA-ENZS-F1-GMS-0401A.mp3,266.629,269.782,3.153,transcript_media/en/ZS_F1_0423_en.mp3,F1-GMS-0401A 04:26.63-04:29.78
424,1,401,69,GLOSSIKA-ENZS-F1-GMS-0401A.mp3,279.121,281.173,2.052,transcript_media/en/ZS_F1_0424_en.mp3,F1-GMS-0401A 04:39.12-04:41.17
425,1,401,72,GLOSSIKA-ENZS-F1-GMS-0401A.mp3,291.302,293.434,2.132,transcript_media/en/ZS_F1_0425_en.mp3,F1-GMS-0401A 04:51.30-04:53.43
426,1,401,75,GLOSSIKA-ENZS-F1-GMS-0401A.mp3,300.690,304.064,3.374,transcript_media/en/ZS_F1_0426_en.mp3,F1-GMS-0401A 05:00.69-05:04.06
427,1,401,78,GLOSSIKA-ENZS-F1-GMS-0401A.mp3,314.708,315.860,1.152,transcript_media/en/ZS_F1_0427_en.mp3,F1-GMS-0401A 05:14.71-05:15.86
428,1,401,81,GLOSSIKA-ENZS-F1-GMS-0401A.mp3,328.731,330.935,2.204,transcript_media/en/ZS_F1_0428_en.mp3,F1-GMS-0401A 05:28.73-05:30.94
429,1,401,84,GLOSSIKA-ENZS-F1-GMS-0401A.mp3,341.514,343.741,2.228,transcript_media/en/ZS_F1_0429_en.mp3,F1-GMS-0401A 05:41.51-05:43.74
430,1,401,87,GLOSSIKA-ENZS-F1-GMS-0401A.mp3,354.040,356.354,2.314,transcript_media/en/ZS_F1_0430_en.mp3,F1-GMS-0401A 05:54.04-05:56.35
431,1,401,90,GLOSSIKA-ENZS-F1-GMS-0401A.mp3,367.907,370.569,2.662,transcript_media/en/ZS_F1_0431_en.mp3,F1-GMS-0401A 06:07.91-06:10.57
432,1,401,93,GLOSSIKA-ENZS-F1-GMS-0401A.mp3,382.518,384.849,2.331,transcript_media/en/ZS_F1_0432_en.mp3,F1-GMS-0401A 06:22.52-06:24.85
433,1,401,96,GLOSSIKA-ENZS-F1-GMS-0401A.mp3,396.673,399.420,2.747,transcript_media/en/ZS_F1_0433_en.mp3,F1-GMS-0401A 06:36.67-06:39.42
434,1,401,99,GLOSSIKA-ENZS-F1-GMS-0401A.mp3,411.240,413.465,2.225,transcript_media/en/ZS_F1_0434_en.mp3,F1-GMS-0401A 06:51.24-06:53.47
435,1,401,102,GLOSSIKA-ENZS-F1-GMS-0401A.mp3,425.287,426.900,1.613,transcript_media/en/ZS_F1_0435_en.mp3,F1-GMS-0401A 07:05.29-07:06.90
436,1,401,105,GLOSSIKA-ENZS-F1-GMS-0401A.mp3,437.580,439.607,2.027,transcript_media/en/ZS_F1_0436_en.mp3,F1-GMS-0401A 07:17.58-07:19.61
437,1,401,108,GLOSSIKA-ENZS-F1-GMS-0401A.mp3,450.215,452.524,2.310,transcript_media/en/ZS_F1_0437_en.mp3,F1-GMS-0401A 07:30.21-07:32.52
438,1,401,111,GLOSSIKA-ENZS-F1-GMS-0401A.mp3,463.340,464.314,0.973,transcript_media/en/ZS_F1_0438_en.mp3,F1-GMS-0401A 07:43.34-07:44.31
439,1,401,114,GLOSSIKA-ENZS-F1-GMS-0401A.mp3,473.943,474.877,0.934,transcript_media/en/ZS_F1_0439_en.mp3,F1-GMS-0401A 07:53.94-07:54.88
440,1,401,117,GLOSSIKA-ENZS-F1-GMS-0401A.mp3,483.938,485.465,1.527,transcript_media/en/ZS_F1_0440_en.mp3,F1-GMS-0401A 08:03.94-08:05.47
441,1,401,120,GLOSSIKA-ENZS-F1-GMS-0401A.mp3,495.564,496.838,1.274,transcript_media/en/ZS_F1_0441_en.mp3,F1-GMS-0401A 08:15.56-08:16.84
442,1,401,123,GLOSSIKA-ENZS-F1-GMS-0401A.mp3,506.167,507.579,1.412,transcript_media/en/ZS_F1_0442_en.mp3,F1-GMS-0401A 08:26.17-08:27.58
443,1,401,126,GLOSSIKA-ENZS-F1-GMS-0401A.mp3,517.885,519.072,1.187,transcript_media/en/ZS_F1_0443_en.mp3,F1-GMS-0401A 08:37.89-08:39.07
444,1,401,129,GLOSSIKA-ENZS-F1-GMS-0401A.mp3,527.935,529.133,1.198,transcript_media/en/ZS_F1_0444_en.mp3,F1-GMS-0401A 08:47.93-08:49.13
445,1,401,132,GLOSSIKA-ENZS-F1-GMS-0401A.mp3,538.927,539.842,0.915,transcript_media/en/ZS_F1_0445_en.mp3,F1-GMS-0401A 08:58.93-08:59.84
446,1,401,135,GLOSSIKA-ENZS-F1-GMS-0401A.mp3,548.695,549.610,0.916,transcript_media/en/ZS_F1_0446_en.mp3,F1-GMS-0401A 09:08.69-09:09.61
447,1,401,138,GLOSSIKA-ENZS-F1-GMS-0401A.mp3,559.270,560.373,1.103,transcript_media/en/ZS_F1_0447_en.mp3,F1-GMS-0401A 09:19.27-09:20.37
448,1,401,141,GLOSSIKA-ENZS-F1-GMS-0401A.mp3,569.807,570.885,1.078,transcript_media/en/ZS_F1_0448_en.mp3,F1-GMS-0401A 09:29.81-09:30.89
449,1,401,144,GLOSSIKA-ENZS-F1-GMS-0401A.mp3,580.151,581.381,1.230,transcript_media/en/ZS_F1_0449_en.mp3,F1-GMS-0401A 09:40.15-09:41.38
450,1,401,147,GLOSSIKA-ENZS-F1-GMS-0401A.mp3,590.645,592.069,1.424,transcript_media/en/ZS_F1_0450_en.mp3,F1-GMS-0401A 09:50.64-09:52.07
451,1,451,0,GLOSSIKA-ENZS-F1-GMS-0451A.mp3,0.000,6.864,6.864,transcript_media/en/ZS_F1_0451_en.mp3,F1-GMS-0451A 00:00.00-00:06.86
452,1,451,3,GLOSSIKA-ENZS-F1-GMS-0451A.mp3,16.948,18.716,1.768,transcript_media/en/ZS_F1_0452_en.mp3,F1-GMS-0451A 00:16.95-00:18.72
453,1,451,6,GLOSSIKA-ENZS-F1-GMS-0451A.mp3,28.978,30.573,1.595,transcript_media/en/ZS_F1_0453_en.mp3,F1-GMS-0451A 00:28.98-00:30.57
454,1,451,9,GLOSSIKA-ENZS-F1-GMS-0451A.mp3,40.062,41.401,1.339,transcript_media/en/ZS_F1_0454_en.mp3,F1-GMS-0451A 00:40.06-00:41.40
455,1,451,12,GLOSSIKA-ENZS-F1-GMS-0451A.mp3,51.146,52.664,1.519,transcript_media/en/ZS_F1_0455_en.mp3,F1-GMS-0451A 00:51.15-00:52.66
456,1,451,15,GLOSSIKA-ENZS-F1-GMS-0451A.mp3,62.766,64.298,1.532,transcript_media/en/ZS_F1_0456_en.mp3,F1-GMS-0451A 01:02.77-01:04.30
457,1,451,18,GLOSSIKA-ENZS-F1-GMS-0451A.mp3,73.879,75.300,1.421,transcript_media/en/ZS_F1_0457_en.mp3,F1-GMS-0451A 01:13.88-01:15.30
458,1,451,21,GLOSSIKA-ENZS-F1-GMS-0451A.mp3,84.730,86.218,1.488,transcript_media/en/ZS_F1_0458_en.mp3,F1-GMS-0451A 01:24.73-01:26.22
459,1,451,24,GLOSSIKA-ENZS-F1-GMS-0451A.mp3,95.383,96.610,1.227,transcript_media/en/ZS_F1_0459_en.mp3,F1-GMS-0451A 01:35.38-01:36.61
460,1,451,27,GLOSSIKA-ENZS-F1-GMS-0451A.mp3,106.352,108.004,1.653,transcript_media/en/ZS_F1_0460_en.mp3,F1-GMS-0451A 01:46.35-01:48.00
461,1,451,30,GLOSSIKA-ENZS-F1-GMS-0451A.mp3,119.278,121.436,2.158,transcript_media/en/ZS_F1_0461_en.mp3,F1-GMS-0451A 01:59.28-02:01.44
462,1,451,33,GLOSSIKA-ENZS-F1-GMS-0451A.mp3,133.041,135.345,2.304,transcript_media/en/ZS_F1_0462_en.mp3,F1-GMS-0451A 02:13.04-02:15.34
463,1,451,36,GLOSSIKA-ENZS-F1-GMS-0451A.mp3,147.420,149.837,2.417,transcript_media/en/ZS_F1_0463_en.mp3,F1-GMS-0451A 02:27.42-02:29.84
464,1,451,39,GLOSSIKA-ENZS-F1-GMS-0451A.mp3,157.220,160.552,3.332,transcript_media/en/ZS_F1_0464_en.mp3,F1-GMS-0451A 02:37.22-02:40.55
465,1,451,42,GLOSSIKA-ENZS-F1-GMS-0451A.mp3,174.066,176.838,2.772,transcript_media/en/ZS_F1_0465_en.mp3,F1-GMS-0451A 02:54.07-02:56.84
466,1,451,45,GLOSSIKA-ENZS-F1-GMS-0451A.mp3,187.735,188.902,1.167,transcript_media/en/ZS_F1_0466_en.mp3,F1-GMS-0451A 03:07.74-03:08.90
467,1,451,48,GLOSSIKA-ENZS-F1-GMS-0451A.mp3,200.745,203.065,2.319,transcript_media/en/ZS_F1_0467_en.mp3,F1-GMS-0451A 03:20.75-03:23.06
468,1,451,51,GLOSSIKA-ENZS-F1-GMS-0451A.mp3,216.313,219.361,3.047,transcript_media/en/ZS_F1_0468_en.mp3,F1-GMS-0451A 03:36.31-03:39.36
469,1,451,54,GLOSSIKA-ENZS-F1-GMS-0451A.mp3,231.840,234.239,2.399,transcript_media/en/ZS_F1_0469_en.mp3,F1-GMS-0451A 03:51.84-03:54.24
470,1,451,57,GLOSSIKA-ENZS-F1-GMS-0451A.mp3,245.988,247.527,1.539,transcript_media/en/ZS_F1_0470_en.mp3,F1-GMS-0451A 04:05.99-04:07.53
471,1,451,60,GLOSSIKA-ENZS-F1-GMS-0451A.mp3,257.597,258.749,1.152,transcript_media/en/ZS_F1_0471_en.mp3,F1-GMS-0451A 04:17.60-04:18.75
472,1,451,63,GLOSSIKA-ENZS-F1-GMS-0451A.mp3,269.917,272.413,2.496,transcript_media/en/ZS_F1_0472_en.mp3,F1-GMS-0451A 04:29.92-04:32.41
473,1,451,66,GLOSSIKA-ENZS-F1-GMS-0451A.mp3,283.628,285.421,1.793,transcript_media/en/ZS_F1_0473_en.mp3,F1-GMS-0451A 04:43.63-04:45.42
474,1,451,69,GLOSSIKA-ENZS-F1-GMS-0451A.mp3,296.268,297.024,0.756,transcript_media/en/ZS_F1_0474_en.mp3,F1-GMS-0451A 04:56.27-04:57.02
475,1,451,72,GLOSSIKA-ENZS-F1-GMS-0451A.mp3,310.671,313.761,3.090,transcript_media/en/ZS_F1_0475_en.mp3,F1-GMS-0451A 05:10.67-05:13.76
476,1,451,75,GLOSSIKA-ENZS-F1-GMS-0451A.mp3,327.994,331.499,3.505,transcript_media/en/ZS_F1_0476_en.mp3,F1-GMS-0451A 05:27.99-05:31.50
477,1,451,78,GLOSSIKA-ENZS-F1-GMS-0451A.mp3,345.776,348.191,2.415,transcript_media/en/ZS_F1_0477_en.mp3,F1-GMS-0451A 05:45.78-05:48.19
478,1,451,81,GLOSSIKA-ENZS-F1-GMS-0451A.mp3,358.570,361.053,2.484,transcript_media/en/ZS_F1_0478_en.mp3,F1-GMS-0451A 05:58.57-06:01.05
479,1,451,84,GLOSSIKA-ENZS-F1-GMS-0451A.mp3,373.476,375.281,1.805,transcript_media/en/ZS_F1_0479_en.mp3,F1-GMS-0451A 06:13.48-06:15.28
480,1,451,87,GLOSSIKA-ENZS-F1-GMS-0451A.mp3,386.471,390.088,3.617,transcript_media/en/ZS_F1_0480_en.mp3,F1-GMS-0451A 06:26.47-06:30.09
481,1,451,90,GLOSSIKA-ENZS-F1-GMS-0451A.mp3,404.760,407.719,2.959,transcript_media/en/ZS_F1_0481_en.mp3,F1-GMS-0451A 06:44.76-06:47.72
482,1,451,93,GLOSSIKA-ENZS-F1-GMS-0451A.mp3,420.722,423.669,2.947,transcript_media/en/ZS_F1_0482_en.mp3,F1-GMS-0451A 07:00.72-07:03.67
483,1,451,96,GLOSSIKA-ENZS-F1-GMS-0451A.mp3,434.735,438.823,4.088,transcript_media/en/ZS_F1_0483_en.mp3,F1-GMS-0451A 07:14.73-07:18.82
484,1,451,99,GLOSSIKA-ENZS-F1-GMS-0451A.mp3,450.661,454.853,4.192,transcript_media/en/ZS_F1_0484_en.mp3,F1-GMS-0451A 07:30.66-07:34.85
485,1,451,102,GLOSSIKA-ENZS-F1-GMS-0451A.mp3,465.450,469.268,3.818,transcript_media/en/ZS_F1_0485_en.mp3,F1-GMS-0451A 07:45.45-07:49.27
486,1,451,105,GLOSSIKA-ENZS-F1-GMS-0451A.mp3,481.667,487.606,5.938,transcript_media/en/ZS_F1_0486_en.mp3,F1-GMS-0451A 08:01.67-08:07.61
487,1,451,108,GLOSSIKA-ENZS-F1-GMS-0451A.mp3,509.579,514.419,4.840,transcript_media/en/ZS_F1_0487_en.mp3,F1-GMS-0451A 08:29.58-08:34.42
488,1,451,111,GLOSSIKA-ENZS-F1-GMS-0451A.mp3,526.797,529.917,3.120,transcript_media/en/ZS_F1_0488_en.mp3,F1-GMS-0451A 08:46.80-08:49.92
489,1,451,114,GLOSSIKA-ENZS-F1-GMS-0451A.mp3,540.396,544.813,4.417,transcript_media/en/ZS_F1_0489_en.mp3,F1-GMS-0451A 09:00.40-09:04.81
490,1,451,117,GLOSSIKA-ENZS-F1-GMS-0451A.mp3,557.991,561.390,3.399,transcript_media/en/ZS_F1_0490_en.mp3,F1-GMS-0451A 09:17.99-09:21.39
491,1,451,120,GLOSSIKA-ENZS-F1-GMS-0451A.mp3,572.015,573.381,1.367,transcript_media/en/ZS_F1_0491_en.mp3,F1-GMS-0451A 09:32.01-09:33.38
492,1,451,123,GLOSSIKA-ENZS-F1-GMS-0451A.mp3,583.631,586.811,3.180,transcript_media/en/ZS_F1_0492_en.mp3,F1-GMS-0451A 09:43.63-09:46.81
493,1,451,126,GLOSSIKA-ENZS-F1-GMS-0451A.mp3,595.783,597.199,1.416,transcript_media/en/ZS_F1_0493_en.mp3,F1-GMS-0451A 09:55.78-09:57.20
494,1,451,129,GLOSSIKA-ENZS-F1-GMS-0451A.mp3,604.600,605.779,1.179,transcript_media/en/ZS_F1_0494_en.mp3,F1-GMS-0451A 10:04.60-10:05.78
495,1,451,132,GLOSSIKA-ENZS-F1-GMS-0451A.mp3,616.606,617.931,1.325,transcript_media/en/ZS_F1_0495_en.mp3,F1-GMS-0451A 10:16.61-10:17.93
496,1,451,135,GLOSSIKA-ENZS-F1-GMS-0451A.mp3,628.764,630.938,2.174,transcript_media/en/ZS_F1_0496_en.mp3,F1-GMS-0451A 10:28.76-10:30.94
497,1,451,138,GLOSSIKA-ENZS-F1-GMS-0451A.mp3,641.933,644.097,2.164,transcript_media/en/ZS_F1_0497_en.mp3,F1-GMS-0451A 10:41.93-10:44.10
498,1,451,141,GLOSSIKA-ENZS-F1-GMS-0451A.mp3,652.171,653.632,1.461,transcript_media/en/ZS_F1_0498_en.mp3,F1-GMS-0451A 10:52.17-10:53.63
499,1,451,144,GLOSSIKA-ENZS-F1-GMS-0451A.mp3,662.230,663.569,1.338,transcript_media/en/ZS_F1_0499_en.mp3,F1-GMS-0451A 11:02.23-11:03.57
500,1,451,147,GLOSSIKA-ENZS-F1-GMS-0451A.mp3,673.658,677.319,3.661,transcript_media/en/ZS_F1_0500_en.mp3,F1-GMS-0451A 11:13.66-11:17.32
501,1,501,0,GLOSSIKA-ENZS-F1-GMS-0501A.mp3,9.035,14.506,5.471,transcript_media/en/ZS_F1_0501_en.mp3,F1-GMS-0501A 00:09.04-00:14.51
502,1,501,3,GLOSSIKA-ENZS-F1-GMS-0501A.mp3,31.096,32.397,1.300,transcript_media/en/ZS_F1_0502_en.mp3,F1-GMS-0501A 00:31.10-00:32.40
503,1,501,6,GLOSSIKA-ENZS-F1-GMS-0501A.mp3,41.641,42.836,1.195,transcript_media/en/ZS_F1_0503_en.mp3,F1-GMS-0501A 00:41.64-00:42.84
504,1,501,9,GLOSSIKA-ENZS-F1-GMS-0501A.mp3,52.058,53.374,1.316,transcript_media/en/ZS_F1_0504_en.mp3,F1-GMS-0501A 00:52.06-00:53.37
505,1,501,12,GLOSSIKA-ENZS-F1-GMS-0501A.mp3,62.618,64.789,2.171,transcript_media/en/ZS_F1_0505_en.mp3,F1-GMS-0501A 01:02.62-01:04.79
506,1,501,15,GLOSSIKA-ENZS-F1-GMS-0501A.mp3,75.187,76.346,1.159,transcript_media/en/ZS_F1_0506_en.mp3,F1-GMS-0501A 01:15.19-01:16.35
507,1,501,18,GLOSSIKA-ENZS-F1-GMS-0501A.mp3,86.007,87.155,1.147,transcript_media/en/ZS_F1_0507_en.mp3,F1-GMS-0501A 01:26.01-01:27.15
508,1,501,21,GLOSSIKA-ENZS-F1-GMS-0501A.mp3,96.481,97.599,1.117,transcript_media/en/ZS_F1_0508_en.mp3,F1-GMS-0501A 01:36.48-01:37.60
509,1,501,24,GLOSSIKA-ENZS-F1-GMS-0501A.mp3,108.231,109.825,1.594,transcript_media/en/ZS_F1_0509_en.mp3,F1-GMS-0501A 01:48.23-01:49.82
510,1,501,27,GLOSSIKA-ENZS-F1-GMS-0501A.mp3,119.122,120.322,1.200,transcript_media/en/ZS_F1_0510_en.mp3,F1-GMS-0501A 01:59.12-02:00.32
511,1,501,30,GLOSSIKA-ENZS-F1-GMS-0501A.mp3,129.453,130.767,1.314,transcript_media/en/ZS_F1_0511_en.mp3,F1-GMS-0501A 02:09.45-02:10.77
512,1,501,33,GLOSSIKA-ENZS-F1-GMS-0501A.mp3,141.571,142.872,1.301,transcript_media/en/ZS_F1_0512_en.mp3,F1-GMS-0501A 02:21.57-02:22.87
513,1,501,36,GLOSSIKA-ENZS-F1-GMS-0501A.mp3,152.912,154.124,1.212,transcript_media/en/ZS_F1_0513_en.mp3,F1-GMS-0501A 02:32.91-02:34.12
514,1,501,39,GLOSSIKA-ENZS-F1-GMS-0501A.mp3,163.532,165.075,1.543,transcript_media/en/ZS_F1_0514_en.mp3,F1-GMS-0501A 02:43.53-02:45.07
515,1,501,42,GLOSSIKA-ENZS-F1-GMS-0501A.mp3,174.860,177.780,2.919,transcript_media/en/ZS_F1_0515_en.mp3,F1-GMS-0501A 02:54.86-02:57.78
516,1,501,45,GLOSSIKA-ENZS-F1-GMS-0501A.mp3,190.244,193.491,3.247,transcript_media/en/ZS_F1_0516_en.mp3,F1-GMS-0501A 03:10.24-03:13.49
517,1,501,48,GLOSSIKA-ENZS-F1-GMS-0501A.mp3,207.509,210.302,2.792,transcript_media/en/ZS_F1_0517_en.mp3,F1-GMS-0501A 03:27.51-03:30.30
518,1,501,51,GLOSSIKA-ENZS-F1-GMS-0501A.mp3,221.968,224.734,2.766,transcript_media/en/ZS_F1_0518_en.mp3,F1-GMS-0501A 03:41.97-03:44.73
519,1,501,54,GLOSSIKA-ENZS-F1-GMS-0501A.mp3,236.782,237.510,0.728,transcript_media/en/ZS_F1_0519_en.mp3,F1-GMS-0501A 03:56.78-03:57.51
520,1,501,57,GLOSSIKA-ENZS-F1-GMS-0501A.mp3,245.686,248.257,2.571,transcript_media/en/ZS_F1_0520_en.mp3,F1-GMS-0501A 04:05.69-04:08.26
521,1,501,60,GLOSSIKA-ENZS-F1-GMS-0501A.mp3,260.505,263.781,3.276,transcript_media/en/ZS_F1_0521_en.mp3,F1-GMS-0501A 04:20.50-04:23.78
522,1,501,63,GLOSSIKA-ENZS-F1-GMS-0501A.mp3,275.352,278.068,2.716,transcript_media/en/ZS_F1_0522_en.mp3,F1-GMS-0501A 04:35.35-04:38.07
523,1,501,66,GLOSSIKA-ENZS-F1-GMS-0501A.mp3,288.822,291.037,2.215,transcript_media/en/ZS_F1_0523_en.mp3,F1-GMS-0501A 04:48.82-04:51.04
524,1,501,69,GLOSSIKA-ENZS-F1-GMS-0501A.mp3,302.825,305.667,2.842,transcript_media/en/ZS_F1_0524_en.mp3,F1-GMS-0501A 05:02.83-05:05.67
525,1,501,72,GLOSSIKA-ENZS-F1-GMS-0501A.mp3,316.166,318.215,2.049,transcript_media/en/ZS_F1_0525_en.mp3,F1-GMS-0501A 05:16.17-05:18.21
526,1,501,75,GLOSSIKA-ENZS-F1-GMS-0501A.mp3,330.076,333.139,3.062,transcript_media/en/ZS_F1_0526_en.mp3,F1-GMS-0501A 05:30.08-05:33.14
527,1,501,78,GLOSSIKA-ENZS-F1-GMS-0501A.mp3,343.997,346.331,2.334,transcript_media/en/ZS_F1_0527_en.mp3,F1-GMS-0501A 05:44.00-05:46.33
528,1,501,81,GLOSSIKA-ENZS-F1-GMS-0501A.mp3,356.242,357.760,1.518,transcript_media/en/ZS_F1_0528_en.mp3,F1-GMS-0501A 05:56.24-05:57.76
529,1,501,84,GLOSSIKA-ENZS-F1-GMS-0501A.mp3,367.967,370.253,2.286,transcript_media/en/ZS_F1_0529_en.mp3,F1-GMS-0501A 06:07.97-06:10.25
530,1,501,87,GLOSSIKA-ENZS-F1-GMS-0501A.mp3,379.201,380.683,1.483,transcript_media/en/ZS_F1_0530_en.mp3,F1-GMS-0501A 06:19.20-06:20.68
531,1,501,90,GLOSSIKA-ENZS-F1-GMS-0501A.mp3,390.348,392.066,1.718,transcript_media/en/ZS_F1_0531_en.mp3,F1-GMS-0501A 06:30.35-06:32.07
532,1,501,93,GLOSSIKA-ENZS-F1-GMS-0501A.mp3,401.051,402.397,1.346,transcript_media/en/ZS_F1_0532_en.mp3,F1-GMS-0501A 06:41.05-06:42.40
533,1,501,96,GLOSSIKA-ENZS-F1-GMS-0501A.mp3,410.809,411.897,1.088,transcript_media/en/ZS_F1_0533_en.mp3,F1-GMS-0501A 06:50.81-06:51.90
534,1,501,99,GLOSSIKA-ENZS-F1-GMS-0501A.mp3,421.603,423.628,2.025,transcript_media/en/ZS_F1_0534_en.mp3,F1-GMS-0501A 07:01.60-07:03.63
535,1,501,102,GLOSSIKA-ENZS-F1-GMS-0501A.mp3,432.898,434.262,1.364,transcript_media/en/ZS_F1_0535_en.mp3,F1-GMS-0501A 07:12.90-07:14.26
536,1,501,105,GLOSSIKA-ENZS-F1-GMS-0501A.mp3,444.059,445.798,1.739,transcript_media/en/ZS_F1_0536_en.mp3,F1-GMS-0501A 07:24.06-07:25.80
537,1,501,108,GLOSSIKA-ENZS-F1-GMS-0501A.mp3,455.595,457.573,1.978,transcript_media/en/ZS_F1_0537_en.mp3,F1-GMS-0501A 07:35.59-07:37.57
538,1,501,111,GLOSSIKA-ENZS-F1-GMS-0501A.mp3,466.870,468.471,1.601,transcript_media/en/ZS_F1_0538_en.mp3,F1-GMS-0501A 07:46.87-07:48.47
539,1,501,114,GLOSSIKA-ENZS-F1-GMS-0501A.mp3,478.517,480.434,1.917,transcript_media/en/ZS_F1_0539_en.mp3,F1-GMS-0501A 07:58.52-08:00.43
540,1,501,117,GLOSSIKA-ENZS-F1-GMS-0501A.mp3,494.510,498.802,4.292,transcript_media/en/ZS_F1_0540_en.mp3,F1-GMS-0501A 08:14.51-08:18.80
541,1,501,120,GLOSSIKA-ENZS-F1-GMS-0501A.mp3,509.290,511.082,1.792,transcript_media/en/ZS_F1_0541_en.mp3,F1-GMS-0501A 08:29.29-08:31.08
542,1,501,123,GLOSSIKA-ENZS-F1-GMS-0501A.mp3,522.877,525.718,2.840,transcript_media/en/ZS_F1_0542_en.mp3,F1-GMS-0501A 08:42.88-08:45.72
543,1,501,126,GLOSSIKA-ENZS-F1-GMS-0501A.mp3,537.646,540.134,2.488,transcript_media/en/ZS_F1_0543_en.mp3,F1-GMS-0501A 08:57.65-09:00.13
544,1,501,129,GLOSSIKA-ENZS-F1-GMS-0501A.mp3,551.004,553.193,2.189,transcript_media/en/ZS_F1_0544_en.mp3,F1-GMS-0501A 09:11.00-09:13.19
545,1,501,132,GLOSSIKA-ENZS-F1-GMS-0501A.mp3,564.057,566.491,2.434,transcript_media/en/ZS_F1_0545_en.mp3,F1-GMS-0501A 09:24.06-09:26.49
546,1,501,135,GLOSSIKA-ENZS-F1-GMS-0501A.mp3,576.173,578.278,2.104,transcript_media/en/ZS_F1_0546_en.mp3,F1-GMS-0501A 09:36.17-09:38.28
547,1,501,138,GLOSSIKA-ENZS-F1-GMS-0501A.mp3,588.935,591.059,2.124,transcript_media/en/ZS_F1_0547_en.mp3,F1-GMS-0501A 09:48.93-09:51.06
548,1,501,141,GLOSSIKA-ENZS-F1-GMS-0501A.mp3,603.368,606.439,3.071,transcript_media/en/ZS_F1_0548_en.mp3,F1-GMS-0501A 10:03.37-10:06.44
549,1,501,144,GLOSSIKA-ENZS-F1-GMS-0501A.mp3,617.889,620.927,3.039,transcript_media/en/ZS_F1_0549_en.mp3,F1-GMS-0501A 10:17.89-10:20.93
550,1,501,147,GLOSSIKA-ENZS-F1-GMS-0501A.mp3,633.015,635.816,2.801,transcript_media/en/ZS_F1_0550_en.mp3,F1-GMS-0501A 10:33.02-10:35.82
551,1,551,0,GLOSSIKA-ENZS-F1-GMS-0551A.mp3,0.000,3.340,3.340,transcript_media/en/ZS_F1_0551_en.mp3,F1-GMS-0551A 00:00.00-00:03.34
552,1,551,3,GLOSSIKA-ENZS-F1-GMS-0551A.mp3,13.334,16.536,3.202,transcript_media/en/ZS_F1_0552_en.mp3,F1-GMS-0551A 00:13.33-00:16.54
553,1,551,6,GLOSSIKA-ENZS-F1-GMS-0551A.mp3,28.704,31.359,2.654,transcript_media/en/ZS_F1_0553_en.mp3,F1-GMS-0551A 00:28.70-00:31.36
554,1,551,9,GLOSSIKA-ENZS-F1-GMS-0551A.mp3,43.022,45.000,1.978,transcript_media/en/ZS_F1_0554_en.mp3,F1-GMS-0551A 00:43.02-00:45.00
555,1,551,12,GLOSSIKA-ENZS-F1-GMS-0551A.mp3,56.072,58.521,2.449,transcript_media/en/ZS_F1_0555_en.mp3,F1-GMS-0551A 00:56.07-00:58.52
556,1,551,15,GLOSSIKA-ENZS-F1-GMS-0551A.mp3,69.644,71.753,2.109,transcript_media/en/ZS_F1_0556_en.mp3,F1-GMS-0551A 01:09.64-01:11.75
557,1,551,18,GLOSSIKA-ENZS-F1-GMS-0551A.mp3,80.376,82.124,1.748,transcript_media/en/ZS_F1_0557_en.mp3,F1-GMS-0551A 01:20.38-01:22.12
558,1,551,21,GLOSSIKA-ENZS-F1-GMS-0551A.mp3,96.254,100.486,4.231,transcript_media/en/ZS_F1_0558_en.mp3,F1-GMS-0551A 01:36.25-01:40.49
559,1,551,24,GLOSSIKA-ENZS-F1-GMS-0551A.mp3,116.279,119.951,3.672,transcript_media/en/ZS_F1_0559_en.mp3,F1-GMS-0551A 01:56.28-01:59.95
560,1,551,27,GLOSSIKA-ENZS-F1-GMS-0551A.mp3,135.461,139.014,3.552,transcript_media/en/ZS_F1_0560_en.mp3,F1-GMS-0551A 02:15.46-02:19.01
561,1,551,30,GLOSSIKA-ENZS-F1-GMS-0551A.mp3,153.810,155.446,1.636,transcript_media/en/ZS_F1_0561_en.mp3,F1-GMS-0551A 02:33.81-02:35.45
562,1,551,33,GLOSSIKA-ENZS-F1-GMS-0551A.mp3,168.147,173.870,5.724,transcript_media/en/ZS_F1_0562_en.mp3,F1-GMS-0551A 02:48.15-02:53.87
563,1,551,36,GLOSSIKA-ENZS-F1-GMS-0551A.mp3,181.934,186.762,4.828,transcript_media/en/ZS_F1_0563_en.mp3,F1-GMS-0551A 03:01.93-03:06.76
564,1,551,39,GLOSSIKA-ENZS-F1-GMS-0551A.mp3,200.012,202.243,2.231,transcript_media/en/ZS_F1_0564_en.mp3,F1-GMS-0551A 03:20.01-03:22.24
565,1,551,42,GLOSSIKA-ENZS-F1-GMS-0551A.mp3,213.708,215.642,1.934,transcript_media/en/ZS_F1_0565_en.mp3,F1-GMS-0551A 03:33.71-03:35.64
566,1,551,45,GLOSSIKA-ENZS-F1-GMS-0551A.mp3,222.339,223.549,1.210,transcript_media/en/ZS_F1_0566_en.mp3,F1-GMS-0551A 03:42.34-03:43.55
567,1,551,48,GLOSSIKA-ENZS-F1-GMS-0551A.mp3,229.770,232.712,2.942,transcript_media/en/ZS_F1_0567_en.mp3,F1-GMS-0551A 03:49.77-03:52.71
568,1,551,51,GLOSSIKA-ENZS-F1-GMS-0551A.mp3,244.640,247.617,2.977,transcript_media/en/ZS_F1_0568_en.mp3,F1-GMS-0551A 04:04.64-04:07.62
569,1,551,54,GLOSSIKA-ENZS-F1-GMS-0551A.mp3,257.962,261.315,3.352,transcript_media/en/ZS_F1_0569_en.mp3,F1-GMS-0551A 04:17.96-04:21.31
570,1,551,57,GLOSSIKA-ENZS-F1-GMS-0551A.mp3,276.324,278.778,2.454,transcript_media/en/ZS_F1_0570_en.mp3,F1-GMS-0551A 04:36.32-04:38.78
571,1,551,60,GLOSSIKA-ENZS-F1-GMS-0551A.mp3,292.053,294.955,2.902,transcript_media/en/ZS_F1_0571_en.mp3,F1-GMS-0551A 04:52.05-04:54.96
572,1,551,63,GLOSSIKA-ENZS-F1-GMS-0551A.mp3,308.187,311.130,2.943,transcript_media/en/ZS_F1_0572_en.mp3,F1-GMS-0551A 05:08.19-05:11.13
573,1,551,66,GLOSSIKA-ENZS-F1-GMS-0551A.mp3,319.128,320.783,1.655,transcript_media/en/ZS_F1_0573_en.mp3,F1-GMS-0551A 05:19.13-05:20.78
574,1,551,69,GLOSSIKA-ENZS-F1-GMS-0551A.mp3,329.803,333.833,4.031,transcript_media/en/ZS_F1_0574_en.mp3,F1-GMS-0551A 05:29.80-05:33.83
575,1,551,72,GLOSSIKA-ENZS-F1-GMS-0551A.mp3,347.631,351.279,3.648,transcript_media/en/ZS_F1_0575_en.mp3,F1-GMS-0551A 05:47.63-05:51.28
576,1,551,75,GLOSSIKA-ENZS-F1-GMS-0551A.mp3,362.623,365.021,2.397,transcript_media/en/ZS_F1_0576_en.mp3,F1-GMS-0551A 06:02.62-06:05.02
577,1,551,78,GLOSSIKA-ENZS-F1-GMS-0551A.mp3,376.011,379.123,3.111,transcript_media/en/ZS_F1_0577_en.mp3,F1-GMS-0551A 06:16.01-06:19.12
578,1,551,81,GLOSSIKA-ENZS-F1-GMS-0551A.mp3,390.186,391.985,1.799,transcript_media/en/ZS_F1_0578_en.mp3,F1-GMS-0551A 06:30.19-06:31.99
579,1,551,84,GLOSSIKA-ENZS-F1-GMS-0551A.mp3,403.345,407.371,4.026,transcript_media/en/ZS_F1_0579_en.mp3,F1-GMS-0551A 06:43.35-06:47.37
580,1,551,87,GLOSSIKA-ENZS-F1-GMS-0551A.mp3,419.765,421.651,1.886,transcript_media/en/ZS_F1_0580_en.mp3,F1-GMS-0551A 06:59.76-07:01.65
581,1,551,90,GLOSSIKA-ENZS-F1-GMS-0551A.mp3,432.444,435.469,3.026,transcript_media/en/ZS_F1_0581_en.mp3,F1-GMS-0551A 07:12.44-07:15.47
582,1,551,93,GLOSSIKA-ENZS-F1-GMS-0551A.mp3,448.829,452.455,3.627,transcript_media/en/ZS_F1_0582_en.mp3,F1-GMS-0551A 07:28.83-07:32.46
583,1,551,96,GLOSSIKA-ENZS-F1-GMS-0551A.mp3,464.789,467.657,2.868,transcript_media/en/ZS_F1_0583_en.mp3,F1-GMS-0551A 07:44.79-07:47.66
584,1,551,99,GLOSSIKA-ENZS-F1-GMS-0551A.mp3,481.270,485.942,4.672,transcript_media/en/ZS_F1_0584_en.mp3,F1-GMS-0551A 08:01.27-08:05.94
585,1,551,102,GLOSSIKA-ENZS-F1-GMS-0551A.mp3,499.245,501.316,2.071,transcript_media/en/ZS_F1_0585_en.mp3,F1-GMS-0551A 08:19.24-08:21.32
586,1,551,105,GLOSSIKA-ENZS-F1-GMS-0551A.mp3,512.031,514.662,2.631,transcript_media/en/ZS_F1_0586_en.mp3,F1-GMS-0551A 08:32.03-08:34.66
587,1,551,108,GLOSSIKA-ENZS-F1-GMS-0551A.mp3,526.638,530.305,3.667,transcript_media/en/ZS_F1_0587_en.mp3,F1-GMS-0551A 08:46.64-08:50.31
588,1,551,111,GLOSSIKA-ENZS-F1-GMS-0551A.mp3,544.138,548.314,4.176,transcript_media/en/ZS_F1_0588_en.mp3,F1-GMS-0551A 09:04.14-09:08.31
589,1,551,114,GLOSSIKA-ENZS-F1-GMS-0551A.mp3,562.212,565.541,3.328,transcript_media/en/ZS_F1_0589_en.mp3,F1-GMS-0551A 09:22.21-09:25.54
590,1,551,117,GLOSSIKA-ENZS-F1-GMS-0551A.mp3,576.505,577.763,1.258,transcript_media/en/ZS_F1_0590_en.mp3,F1-GMS-0551A 09:36.50-09:37.76
591,1,551,120,GLOSSIKA-ENZS-F1-GMS-0551A.mp3,587.239,589.221,1.982,transcript_media/en/ZS_F1_0591_en.mp3,F1-GMS-0551A 09:47.24-09:49.22
592,1,551,123,GLOSSIKA-ENZS-F1-GMS-0551A.mp3,598.884,600.802,1.918,transcript_media/en/ZS_F1_0592_en.mp3,F1-GMS-0551A 09:58.88-10:00.80
593,1,551,126,GLOSSIKA-ENZS-F1-GMS-0551A.mp3,610.276,611.978,1.702,transcript_media/en/ZS_F1_0593_en.mp3,F1-GMS-0551A 10:10.28-10:11.98
594,1,551,129,GLOSSIKA-ENZS-F1-GMS-0551A.mp3,621.485,623.209,1.724,transcript_media/en/ZS_F1_0594_en.mp3,F1-GMS-0551A 10:21.49-10:23.21
595,1,551,132,GLOSSIKA-ENZS-F1-GMS-0551A.mp3,633.103,635.008,1.906,transcript_media/en/ZS_F1_0595_en.mp3,F1-GMS-0551A 10:33.10-10:35.01
596,1,551,135,GLOSSIKA-ENZS-F1-GMS-0551A.mp3,646.477,650.269,3.792,transcript_media/en/ZS_F1_0596_en.mp3,F1-GMS-0551A 10:46.48-10:50.27
597,1,551,138,GLOSSIKA-ENZS-F1-GMS-0551A.mp3,662.813,666.045,3.232,transcript_media/en/ZS_F1_0597_en.mp3,F1-GMS-0551A 11:02.81-11:06.05
598,1,551,141,GLOSSIKA-ENZS-F1-GMS-0551A.mp3,678.277,681.773,3.496,transcript_media/en/ZS_F1_0598_en.mp3,F1-GMS-0551A 11:18.28-11:21.77
599,1,551,144,GLOSSIKA-ENZS-F1-GMS-0551A.mp3,695.164,700.240,5.077,transcript_media/en/ZS_F1_0599_en.mp3,F1-GMS-0551A 11:35.16-11:40.24
600,1,551,147,GLOSSIKA-ENZS-F1-GMS-0551A.mp3,714.795,718.744,3.949,transcript_media/en/ZS_F1_0600_en.mp3,F1-GMS-0551A 11:54.79-11:58.74
601,1,601,0,GLOSSIKA-ENZS-F1-GMS-0601A.mp3,9.064,12.680,3.616,transcript_media/en/ZS_F1_0601_en.mp3,F1-GMS-0601A 00:09.06-00:12.68
602,1,601,3,GLOSSIKA-ENZS-F1-GMS-0601A.mp3,28.745,33.306,4.561,transcript_media/en/ZS_F1_0602_en.mp3,F1-GMS-0601A 00:28.75-00:33.31
603,1,601,6,GLOSSIKA-ENZS-F1-GMS-0601A.mp3,47.652,51.622,3.970,transcript_media/en/ZS_F1_0603_en.mp3,F1-GMS-0601A 00:47.65-00:51.62
604,1,601,9,GLOSSIKA-ENZS-F1-GMS-0601A.mp3,68.047,71.308,3.260,transcript_media/en/ZS_F1_0604_en.mp3,F1-GMS-0601A 01:08.05-01:11.31
605,1,601,12,GLOSSIKA-ENZS-F1-GMS-0601A.mp3,84.368,88.246,3.878,transcript_media/en/ZS_F1_0605_en.mp3,F1-GMS-0601A 01:24.37-01:28.25
606,1,601,15,GLOSSIKA-ENZS-F1-GMS-0601A.mp3,102.551,106.554,4.003,transcript_media/en/ZS_F1_0606_en.mp3,F1-GMS-0601A 01:42.55-01:46.55
607,1,601,18,GLOSSIKA-ENZS-F1-GMS-0601A.mp3,120.361,122.068,1.707,transcript_media/en/ZS_F1_0607_en.mp3,F1-GMS-0601A 02:00.36-02:02.07
608,1,601,21,GLOSSIKA-ENZS-F1-GMS-0601A.mp3,131.960,133.723,1.762,transcript_media/en/ZS_F1_0608_en.mp3,F1-GMS-0601A 02:11.96-02:13.72
609,1,601,24,GLOSSIKA-ENZS-F1-GMS-0601A.mp3,143.733,145.035,1.302,transcript_media/en/ZS_F1_0609_en.mp3,F1-GMS-0601A 02:23.73-02:25.03
610,1,601,27,GLOSSIKA-ENZS-F1-GMS-0601A.mp3,154.706,155.928,1.222,transcript_media/en/ZS_F1_0610_en.mp3,F1-GMS-0601A 02:34.71-02:35.93
611,1,601,30,GLOSSIKA-ENZS-F1-GMS-0601A.mp3,166.360,168.464,2.104,transcript_media/en/ZS_F1_0611_en.mp3,F1-GMS-0601A 02:46.36-02:48.46
612,1,601,33,GLOSSIKA-ENZS-F1-GMS-0601A.mp3,181.355,183.920,2.566,transcript_media/en/ZS_F1_0612_en.mp3,F1-GMS-0601A 03:01.35-03:03.92
613,1,601,36,GLOSSIKA-ENZS-F1-GMS-0601A.mp3,197.439,200.021,2.582,transcript_media/en/ZS_F1_0613_en.mp3,F1-GMS-0601A 03:17.44-03:20.02
614,1,601,39,GLOSSIKA-ENZS-F1-GMS-0601A.mp3,214.452,217.169,2.717,transcript_media/en/ZS_F1_0614_en.mp3,F1-GMS-0601A 03:34.45-03:37.17
615,1,601,42,GLOSSIKA-ENZS-F1-GMS-0601A.mp3,232.144,234.643,2.499,transcript_media/en/ZS_F1_0615_en.mp3,F1-GMS-0601A 03:52.14-03:54.64
616,1,601,45,GLOSSIKA-ENZS-F1-GMS-0601A.mp3,247.777,250.396,2.619,transcript_media/en/ZS_F1_0616_en.mp3,F1-GMS-0601A 04:07.78-04:10.40
617,1,601,48,GLOSSIKA-ENZS-F1-GMS-0601A.mp3,265.006,267.860,2.854,transcript_media/en/ZS_F1_0617_en.mp3,F1-GMS-0601A 04:25.01-04:27.86
618,1,601,51,GLOSSIKA-ENZS-F1-GMS-0601A.mp3,282.978,285.164,2.186,transcript_media/en/ZS_F1_0618_en.mp3,F1-GMS-0601A 04:42.98-04:45.16
619,1,601,54,GLOSSIKA-ENZS-F1-GMS-0601A.mp3,299.339,301.827,2.488,transcript_media/en/ZS_F1_0619_en.mp3,F1-GMS-0601A 04:59.34-05:01.83
620,1,601,57,GLOSSIKA-ENZS-F1-GMS-0601A.mp3,316.206,318.794,2.588,transcript_media/en/ZS_F1_0620_en.mp3,F1-GMS-0601A 05:16.21-05:18.79
621,1,601,60,GLOSSIKA-ENZS-F1-GMS-0601A.mp3,331.631,333.878,2.248,transcript_media/en/ZS_F1_0621_en.mp3,F1-GMS-0601A 05:31.63-05:33.88
622,1,601,63,GLOSSIKA-ENZS-F1-GMS-0601A.mp3,346.618,350.371,3.753,transcript_media/en/ZS_F1_0622_en.mp3,F1-GMS-0601A 05:46.62-05:50.37
623,1,601,66,GLOSSIKA-ENZS-F1-GMS-0601A.mp3,365.073,369.158,4.085,transcript_media/en/ZS_F1_0623_en.mp3,F1-GMS-0601A 06:05.07-06:09.16
624,1,601,69,GLOSSIKA-ENZS-F1-GMS-0601A.mp3,384.368,387.850,3.482,transcript_media/en/ZS_F1_0624_en.mp3,F1-GMS-0601A 06:24.37-06:27.85
625,1,601,72,GLOSSIKA-ENZS-F1-GMS-0601A.mp3,403.833,407.385,3.551,transcript_media/en/ZS_F1_0625_en.mp3,F1-GMS-0601A 06:43.83-06:47.38
626,1,601,75,GLOSSIKA-ENZS-F1-GMS-0601A.mp3,420.842,424.369,3.527,transcript_media/en/ZS_F1_0626_en.mp3,F1-GMS-0601A 07:00.84-07:04.37
627,1,601,78,GLOSSIKA-ENZS-F1-GMS-0601A.mp3,437.585,441.412,3.827,transcript_media/en/ZS_F1_0627_en.mp3,F1-GMS-0601A 07:17.59-07:21.41
628,1,601,81,GLOSSIKA-ENZS-F1-GMS-0601A.mp3,454.722,455.920,1.199,transcript_media/en/ZS_F1_0628_en.mp3,F1-GMS-0601A 07:34.72-07:35.92
629,1,601,84,GLOSSIKA-ENZS-F1-GMS-0601A.mp3,464.245,465.872,1.627,transcript_media/en/ZS_F1_0629_en.mp3,F1-GMS-0601A 07:44.25-07:45.87
630,1,601,87,GLOSSIKA-ENZS-F1-GMS-0601A.mp3,476.236,477.346,1.110,transcript_media/en/ZS_F1_0630_en.mp3,F1-GMS-0601A 07:56.24-07:57.35
631,1,601,90,GLOSSIKA-ENZS-F1-GMS-0601A.mp3,485.370,486.479,1.109,transcript_media/en/ZS_F1_0631_en.mp3,F1-GMS-0601A 08:05.37-08:06.48
632,1,601,93,GLOSSIKA-ENZS-F1-GMS-0601A.mp3,495.904,497.652,1.748,transcript_media/en/ZS_F1_0632_en.mp3,F1-GMS-0601A 08:15.90-08:17.65
633,1,601,96,GLOSSIKA-ENZS-F1-GMS-0601A.mp3,508.170,509.895,1.725,transcript_media/en/ZS_F1_0633_en.mp3,F1-GMS-0601A 08:28.17-08:29.90
634,1,601,99,GLOSSIKA-ENZS-F1-GMS-0601A.mp3,519.200,520.207,1.007,transcript_media/en/ZS_F1_0634_en.mp3,F1-GMS-0601A 08:39.20-08:40.21
635,1,601,102,GLOSSIKA-ENZS-F1-GMS-0601A.mp3,528.140,529.617,1.476,transcript_media/en/ZS_F1_0635_en.mp3,F1-GMS-0601A 08:48.14-08:49.62
636,1,601,105,GLOSSIKA-ENZS-F1-GMS-0601A.mp3,539.722,541.193,1.471,transcript_media/en/ZS_F1_0636_en.mp3,F1-GMS-0601A 08:59.72-09:01.19
637,1,601,108,GLOSSIKA-ENZS-F1-GMS-0601A.mp3,550.025,551.138,1.113,transcript_media/en/ZS_F1_0637_en.mp3,F1-GMS-0601A 09:10.02-09:11.14
638,1,601,111,GLOSSIKA-ENZS-F1-GMS-0601A.mp3,560.114,561.615,1.501,transcript_media/en/ZS_F1_0638_en.mp3,F1-GMS-0601A 09:20.11-09:21.61
639,1,601,114,GLOSSIKA-ENZS-F1-GMS-0601A.mp3,570.449,572.225,1.777,transcript_media/en/ZS_F1_0639_en.mp3,F1-GMS-0601A 09:30.45-09:32.23
640,1,601,117,GLOSSIKA-ENZS-F1-GMS-0601A.mp3,581.599,582.279,0.680,transcript_media/en/ZS_F1_0640_en.mp3,F1-GMS-0601A 09:41.60-09:42.28
641,1,601,120,GLOSSIKA-ENZS-F1-GMS-0601A.mp3,590.070,591.088,1.018,transcript_media/en/ZS_F1_0641_en.mp3,F1-GMS-0601A 09:50.07-09:51.09
642,1,601,123,GLOSSIKA-ENZS-F1-GMS-0601A.mp3,599.911,601.395,1.485,transcript_media/en/ZS_F1_0642_en.mp3,F1-GMS-0601A 09:59.91-10:01.40
643,1,601,126,GLOSSIKA-ENZS-F1-GMS-0601A.mp3,610.915,611.674,0.759,transcript_media/en/ZS_F1_0643_en.mp3,F1-GMS-0601A 10:10.92-10:11.67
644,1,601,129,GLOSSIKA-ENZS-F1-GMS-0601A.mp3,619.860,621.551,1.690,transcript_media/en/ZS_F1_0644_en.mp3,F1-GMS-0601A 10:19.86-10:21.55
645,1,601,132,GLOSSIKA-ENZS-F1-GMS-0601A.mp3,629.813,631.140,1.327,transcript_media/en/ZS_F1_0645_en.mp3,F1-GMS-0601A 10:29.81-10:31.14
646,1,601,135,GLOSSIKA-ENZS-F1-GMS-0601A.mp3,640.291,641.471,1.180,transcript_media/en/ZS_F1_0646_en.mp3,F1-GMS-0601A 10:40.29-10:41.47
647,1,601,138,GLOSSIKA-ENZS-F1-GMS-0601A.mp3,651.100,655.148,4.049,transcript_media/en/ZS_F1_0647_en.mp3,F1-GMS-0601A 10:51.10-10:55.15
648,1,601,141,GLOSSIKA-ENZS-F1-GMS-0601A.mp3,666.437,667.931,1.494,transcript_media/en/ZS_F1_0648_en.mp3,F1-GMS-0601A 11:06.44-11:07.93
649,1,601,144,GLOSSIKA-ENZS-F1-GMS-0601A.mp3,678.047,679.431,1.384,transcript_media/en/ZS_F1_0649_en.mp3,F1-GMS-0601A 11:18.05-11:19.43
650,1,601,147,GLOSSIKA-ENZS-F1-GMS-0601A.mp3,689.084,690.824,1.739,transcript_media/en/ZS_F1_0650_en.mp3,F1-GMS-0601A 11:29.08-11:30.82
651,1,651,0,GLOSSIKA-ENZS-F1-GMS-0651A.mp3,9.038,10.787,1.750,transcript_media/en/ZS_F1_0651_en.mp3,F1-GMS-0651A 00:09.04-00:10.79
652,1,651,3,GLOSSIKA-ENZS-F1-GMS-0651A.mp3,20.798,22.197,1.399,transcript_media/en/ZS_F1_0652_en.mp3,F1-GMS-0651A 00:20.80-00:22.20
653,1,651,6,GLOSSIKA-ENZS-F1-GMS-0651A.mp3,31.630,33.343,1.713,transcript_media/en/ZS_F1_0653_en.mp3,F1-GMS-0651A 00:31.63-00:33.34
654,1,651,9,GLOSSIKA-ENZS-F1-GMS-0651A.mp3,44.348,45.829,1.481,transcript_media/en/ZS_F1_0654_en.mp3,F1-GMS-0651A 00:44.35-00:45.83
655,1,651,12,GLOSSIKA-ENZS-F1-GMS-0651A.mp3,54.646,55.790,1.144,transcript_media/en/ZS_F1_0655_en.mp3,F1-GMS-0651A 00:54.65-00:55.79
656,1,651,15,GLOSSIKA-ENZS-F1-GMS-0651A.mp3,64.966,66.381,1.415,transcript_media/en/ZS_F1_0656_en.mp3,F1-GMS-0651A 01:04.97-01:06.38
657,1,651,18,GLOSSIKA-ENZS-F1-GMS-0651A.mp3,76.971,80.722,3.752,transcript_media/en/ZS_F1_0657_en.mp3,F1-GMS-0651A 01:16.97-01:20.72
658,1,651,21,GLOSSIKA-ENZS-F1-GMS-0651A.mp3,96.243,100.365,4.122,transcript_media/en/ZS_F1_0658_en.mp3,F1-GMS-0651A 01:36.24-01:40.37
659,1,651,24,GLOSSIKA-ENZS-F1-GMS-0651A.mp3,115.476,118.482,3.005,transcript_media/en/ZS_F1_0659_en.mp3,F1-GMS-0651A 01:55.48-01:58.48
660,1,651,27,GLOSSIKA-ENZS-F1-GMS-0651A.mp3,131.207,133.794,2.587,transcript_media/en/ZS_F1_0660_en.mp3,F1-GMS-0651A 02:11.21-02:13.79
661,1,651,30,GLOSSIKA-ENZS-F1-GMS-0651A.mp3,146.582,149.817,3.235,transcript_media/en/ZS_F1_0661_en.mp3,F1-GMS-0651A 02:26.58-02:29.82
662,1,651,33,GLOSSIKA-ENZS-F1-GMS-0651A.mp3,161.279,164.548,3.268,transcript_media/en/ZS_F1_0662_en.mp3,F1-GMS-0651A 02:41.28-02:44.55
663,1,651,36,GLOSSIKA-ENZS-F1-GMS-0651A.mp3,178.721,181.998,3.278,transcript_media/en/ZS_F1_0663_en.mp3,F1-GMS-0651A 02:58.72-03:02.00
664,1,651,39,GLOSSIKA-ENZS-F1-GMS-0651A.mp3,194.350,197.999,3.648,transcript_media/en/ZS_F1_0664_en.mp3,F1-GMS-0651A 03:14.35-03:18.00
665,1,651,42,GLOSSIKA-ENZS-F1-GMS-0651A.mp3,211.010,214.362,3.352,transcript_media/en/ZS_F1_0665_en.mp3,F1-GMS-0651A 03:31.01-03:34.36
666,1,651,45,GLOSSIKA-ENZS-F1-GMS-0651A.mp3,225.915,228.691,2.776,transcript_media/en/ZS_F1_0666_en.mp3,F1-GMS-0651A 03:45.92-03:48.69
667,1,651,48,GLOSSIKA-ENZS-F1-GMS-0651A.mp3,241.911,244.505,2.594,transcript_media/en/ZS_F1_0667_en.mp3,F1-GMS-0651A 04:01.91-04:04.51
668,1,651,51,GLOSSIKA-ENZS-F1-GMS-0651A.mp3,256.473,259.658,3.185,transcript_media/en/ZS_F1_0668_en.mp3,F1-GMS-0651A 04:16.47-04:19.66
669,1,651,54,GLOSSIKA-ENZS-F1-GMS-0651A.mp3,272.609,275.705,3.096,transcript_media/en/ZS_F1_0669_en.mp3,F1-GMS-0651A 04:32.61-04:35.70
670,1,651,57,GLOSSIKA-ENZS-F1-GMS-0651A.mp3,286.737,288.851,2.114,transcript_media/en/ZS_F1_0670_en.mp3,F1-GMS-0651A 04:46.74-04:48.85
671,1,651,60,GLOSSIKA-ENZS-F1-GMS-0651A.mp3,300.776,303.305,2.528,transcript_media/en/ZS_F1_0671_en.mp3,F1-GMS-0651A 05:00.78-05:03.30
672,1,651,63,GLOSSIKA-ENZS-F1-GMS-0651A.mp3,313.907,317.506,3.599,transcript_media/en/ZS_F1_0672_en.mp3,F1-GMS-0651A 05:13.91-05:17.51
673,1,651,66,GLOSSIKA-ENZS-F1-GMS-0651A.mp3,330.873,333.954,3.081,transcript_media/en/ZS_F1_0673_en.mp3,F1-GMS-0651A 05:30.87-05:33.95
674,1,651,69,GLOSSIKA-ENZS-F1-GMS-0651A.mp3,346.888,349.382,2.494,transcript_media/en/ZS_F1_0674_en.mp3,F1-GMS-0651A 05:46.89-05:49.38
675,1,651,72,GLOSSIKA-ENZS-F1-GMS-0651A.mp3,360.452,362.739,2.286,transcript_media/en/ZS_F1_0675_en.mp3,F1-GMS-0651A 06:00.45-06:02.74
676,1,651,75,GLOSSIKA-ENZS-F1-GMS-0651A.mp3,373.681,375.619,1.938,transcript_media/en/ZS_F1_0676_en.mp3,F1-GMS-0651A 06:13.68-06:15.62
677,1,651,78,GLOSSIKA-ENZS-F1-GMS-0651A.mp3,385.702,387.494,1.792,transcript_media/en/ZS_F1_0677_en.mp3,F1-GMS-0651A 06:25.70-06:27.49
678,1,651,81,GLOSSIKA-ENZS-F1-GMS-0651A.mp3,397.472,400.633,3.160,transcript_media/en/ZS_F1_0678_en.mp3,F1-GMS-0651A 06:37.47-06:40.63
679,1,651,84,GLOSSIKA-ENZS-F1-GMS-0651A.mp3,413.414,415.554,2.140,transcript_media/en/ZS_F1_0679_en.mp3,F1-GMS-0651A 06:53.41-06:55.55
680,1,651,87,GLOSSIKA-ENZS-F1-GMS-0651A.mp3,424.382,426.983,2.601,transcript_media/en/ZS_F1_0680_en.mp3,F1-GMS-0651A 07:04.38-07:06.98
681,1,651,90,GLOSSIKA-ENZS-F1-GMS-0651A.mp3,437.327,439.626,2.300,transcript_media/en/ZS_F1_0681_en.mp3,F1-GMS-0651A 07:17.33-07:19.63
682,1,651,93,GLOSSIKA-ENZS-F1-GMS-0651A.mp3,449.939,452.270,2.331,transcript_media/en/ZS_F1_0682_en.mp3,F1-GMS-0651A 07:29.94-07:32.27
683,1,651,96,GLOSSIKA-ENZS-F1-GMS-0651A.mp3,462.926,465.542,2.616,transcript_media/en/ZS_F1_0683_en.mp3,F1-GMS-0651A 07:42.93-07:45.54
684,1,651,99,GLOSSIKA-ENZS-F1-GMS-0651A.mp3,476.397,478.616,2.220,transcript_media/en/ZS_F1_0684_en.mp3,F1-GMS-0651A 07:56.40-07:58.62
685,1,651,102,GLOSSIKA-ENZS-F1-GMS-0651A.mp3,489.036,491.503,2.467,transcript_media/en/ZS_F1_0685_en.mp3,F1-GMS-0651A 08:09.04-08:11.50
686,1,651,105,GLOSSIKA-ENZS-F1-GMS-0651A.mp3,502.559,505.205,2.646,transcript_media/en/ZS_F1_0686_en.mp3,F1-GMS-0651A 08:22.56-08:25.21
687,1,651,108,GLOSSIKA-ENZS-F1-GMS-0651A.mp3,516.490,518.883,2.393,transcript_media/en/ZS_F1_0687_en.mp3,F1-GMS-0651A 08:36.49-08:38.88
688,1,651,111,GLOSSIKA-ENZS-F1-GMS-0651A.mp3,529.556,531.842,2.286,transcript_media/en/ZS_F1_0688_en.mp3,F1-GMS-0651A 08:49.56-08:51.84
689,1,651,114,GLOSSIKA-ENZS-F1-GMS-0651A.mp3,543.514,545.164,1.650,transcript_media/en/ZS_F1_0689_en.mp3,F1-GMS-0651A 09:03.51-09:05.16
690,1,651,117,GLOSSIKA-ENZS-F1-GMS-0651A.mp3,555.116,556.670,1.553,transcript_media/en/ZS_F1_0690_en.mp3,F1-GMS-0651A 09:15.12-09:16.67
691,1,651,120,GLOSSIKA-ENZS-F1-GMS-0651A.mp3,566.210,568.066,1.856,transcript_media/en/ZS_F1_0691_en.mp3,F1-GMS-0651A 09:26.21-09:28.07
692,1,651,123,GLOSSIKA-ENZS-F1-GMS-0651A.mp3,578.021,579.986,1.965,transcript_media/en/ZS_F1_0692_en.mp3,F1-GMS-0651A 09:38.02-09:39.99
693,1,651,126,GLOSSIKA-ENZS-F1-GMS-0651A.mp3,590.080,591.734,1.653,transcript_media/en/ZS_F1_0693_en.mp3,F1-GMS-0651A 09:50.08-09:51.73
694,1,651,129,GLOSSIKA-ENZS-F1-GMS-0651A.mp3,600.046,601.571,1.525,transcript_media/en/ZS_F1_0694_en.mp3,F1-GMS-0651A 10:00.05-10:01.57
695,1,651,132,GLOSSIKA-ENZS-F1-GMS-0651A.mp3,610.055,612.031,1.977,transcript_media/en/ZS_F1_0695_en.mp3,F1-GMS-0651A 10:10.05-10:12.03
696,1,651,135,GLOSSIKA-ENZS-F1-GMS-0651A.mp3,621.366,622.843,1.476,transcript_media/en/ZS_F1_0696_en.mp3,F1-GMS-0651A 10:21.37-10:22.84
697,1,651,138,GLOSSIKA-ENZS-F1-GMS-0651A.mp3,631.257,633.378,2.121,transcript_media/en/ZS_F1_0697_en.mp3,F1-GMS-0651A 10:31.26-10:33.38
698,1,651,141,GLOSSIKA-ENZS-F1-GMS-0651A.mp3,641.821,643.533,1.712,transcript_media/en/ZS_F1_0698_en.mp3,F1-GMS-0651A 10:41.82-10:43.53
699,1,651,144,GLOSSIKA-ENZS-F1-GMS-0651A.mp3,653.353,654.688,1.335,transcript_media/en/ZS_F1_0699_en.mp3,F1-GMS-0651A 10:53.35-10:54.69
700,1,651,147,GLOSSIKA-ENZS-F1-GMS-0651A.mp3,665.135,666.809,1.675,transcript_media/en/ZS_F1_0700_en.mp3,F1-GMS-0651A 11:05.13-11:06.81
701,1,701,0,GLOSSIKA-ENZS-F1-GMS-0701A.mp3,9.082,11.135,2.053,transcript_media/en/ZS_F1_0701_en.mp3,F1-GMS-0701A 00:09.08-00:11.13
702,1,701,3,GLOSSIKA-ENZS-F1-GMS-0701A.mp3,21.967,23.195,1.228,transcript_media/en/ZS_F1_0702_en.mp3,F1-GMS-0701A 00:21.97-00:23.20
703,1,701,6,GLOSSIKA-ENZS-F1-GMS-0701A.mp3,32.129,33.759,1.630,transcript_media/en/ZS_F1_0703_en.mp3,F1-GMS-0701A 00:32.13-00:33.76
704,1,701,9,GLOSSIKA-ENZS-F1-GMS-0701A.mp3,44.497,46.523,2.026,transcript_media/en/ZS_F1_0704_en.mp3,F1-GMS-0701A 00:44.50-00:46.52
705,1,701,12,GLOSSIKA-ENZS-F1-GMS-0701A.mp3,58.302,59.800,1.498,transcript_media/en/ZS_F1_0705_en.mp3,F1-GMS-0701A 00:58.30-00:59.80
706,1,701,15,GLOSSIKA-ENZS-F1-GMS-0701A.mp3,70.293,71.746,1.453,transcript_media/en/ZS_F1_0706_en.mp3,F1-GMS-0701A 01:10.29-01:11.75
707,1,701,18,GLOSSIKA-ENZS-F1-GMS-0701A.mp3,82.698,84.955,2.257,transcript_media/en/ZS_F1_0707_en.mp3,F1-GMS-0701A 01:22.70-01:24.96
708,1,701,21,GLOSSIKA-ENZS-F1-GMS-0701A.mp3,98.524,99.847,1.323,transcript_media/en/ZS_F1_0708_en.mp3,F1-GMS-0701A 01:38.52-01:39.85
709,1,701,24,GLOSSIKA-ENZS-F1-GMS-0701A.mp3,109.186,111.544,2.358,transcript_media/en/ZS_F1_0709_en.mp3,F1-GMS-0701A 01:49.19-01:51.54
710,1,701,27,GLOSSIKA-ENZS-F1-GMS-0701A.mp3,123.792,125.797,2.006,transcript_media/en/ZS_F1_0710_en.mp3,F1-GMS-0701A 02:03.79-02:05.80
711,1,701,30,GLOSSIKA-ENZS-F1-GMS-0701A.mp3,137.313,139.510,2.197,transcript_media/en/ZS_F1_0711_en.mp3,F1-GMS-0701A 02:17.31-02:19.51
712,1,701,33,GLOSSIKA-ENZS-F1-GMS-0701A.mp3,150.693,152.295,1.601,transcript_media/en/ZS_F1_0712_en.mp3,F1-GMS-0701A 02:30.69-02:32.29
713,1,701,36,GLOSSIKA-ENZS-F1-GMS-0701A.mp3,162.779,167.701,4.922,transcript_media/en/ZS_F1_0713_en.mp3,F1-GMS-0701A 02:42.78-02:47.70
714,1,701,39,GLOSSIKA-ENZS-F1-GMS-0701A.mp3,186.903,188.551,1.648,transcript_media/en/ZS_F1_0714_en.mp3,F1-GMS-0701A 03:06.90-03:08.55
715,1,701,42,GLOSSIKA-ENZS-F1-GMS-0701A.mp3,199.665,201.974,2.309,transcript_media/en/ZS_F1_0715_en.mp3,F1-GMS-0701A 03:19.66-03:21.97
716,1,701,45,GLOSSIKA-ENZS-F1-GMS-0701A.mp3,215.463,217.092,1.628,transcript_media/en/ZS_F1_0716_en.mp3,F1-GMS-0701A 03:35.46-03:37.09
717,1,701,48,GLOSSIKA-ENZS-F1-GMS-0701A.mp3,227.231,229.121,1.890,transcript_media/en/ZS_F1_0717_en.mp3,F1-GMS-0701A 03:47.23-03:49.12
718,1,701,51,GLOSSIKA-ENZS-F1-GMS-0701A.mp3,240.883,242.797,1.913,transcript_media/en/ZS_F1_0718_en.mp3,F1-GMS-0701A 04:00.88-04:02.80
719,1,701,54,GLOSSIKA-ENZS-F1-GMS-0701A.mp3,255.200,256.537,1.336,transcript_media/en/ZS_F1_0719_en.mp3,F1-GMS-0701A 04:15.20-04:16.54
720,1,701,57,GLOSSIKA-ENZS-F1-GMS-0701A.mp3,266.824,269.452,2.628,transcript_media/en/ZS_F1_0720_en.mp3,F1-GMS-0701A 04:26.82-04:29.45
721,1,701,60,GLOSSIKA-ENZS-F1-GMS-0701A.mp3,281.544,283.479,1.935,transcript_media/en/ZS_F1_0721_en.mp3,F1-GMS-0701A 04:41.54-04:43.48
722,1,701,63,GLOSSIKA-ENZS-F1-GMS-0701A.mp3,294.573,297.458,2.885,transcript_media/en/ZS_F1_0722_en.mp3,F1-GMS-0701A 04:54.57-04:57.46
723,1,701,66,GLOSSIKA-ENZS-F1-GMS-0701A.mp3,309.180,312.818,3.638,transcript_media/en/ZS_F1_0723_en.mp3,F1-GMS-0701A 05:09.18-05:12.82
724,1,701,69,GLOSSIKA-ENZS-F1-GMS-0701A.mp3,325.429,327.524,2.095,transcript_media/en/ZS_F1_0724_en.mp3,F1-GMS-0701A 05:25.43-05:27.52
725,1,701,72,GLOSSIKA-ENZS-F1-GMS-0701A.mp3,337.704,339.777,2.072,transcript_media/en/ZS_F1_0725_en.mp3,F1-GMS-0701A 05:37.70-05:39.78
726,1,701,75,GLOSSIKA-ENZS-F1-GMS-0701A.mp3,350.682,352.115,1.434,transcript_media/en/ZS_F1_0726_en.mp3,F1-GMS-0701A 05:50.68-05:52.12
727,1,701,78,GLOSSIKA-ENZS-F1-GMS-0701A.mp3,361.454,363.552,2.098,transcript_media/en/ZS_F1_0727_en.mp3,F1-GMS-0701A 06:01.45-06:03.55
728,1,701,81,GLOSSIKA-ENZS-F1-GMS-0701A.mp3,374.830,376.815,1.985,transcript_media/en/ZS_F1_0728_en.mp3,F1-GMS-0701A 06:14.83-06:16.82
729,1,701,84,GLOSSIKA-ENZS-F1-GMS-0701A.mp3,388.072,389.571,1.498,transcript_media/en/ZS_F1_0729_en.mp3,F1-GMS-0701A 06:28.07-06:29.57
730,1,701,87,GLOSSIKA-ENZS-F1-GMS-0701A.mp3,399.416,401.252,1.836,transcript_media/en/ZS_F1_0730_en.mp3,F1-GMS-0701A 06:39.42-06:41.25
731,1,701,90,GLOSSIKA-ENZS-F1-GMS-0701A.mp3,413.195,415.769,2.574,transcript_media/en/ZS_F1_0731_en.mp3,F1-GMS-0701A 06:53.20-06:55.77
732,1,701,93,GLOSSIKA-ENZS-F1-GMS-0701A.mp3,428.390,430.785,2.396,transcript_media/en/ZS_F1_0732_en.mp3,F1-GMS-0701A 07:08.39-07:10.79
733,1,701,96,GLOSSIKA-ENZS-F1-GMS-0701A.mp3,442.951,445.048,2.097,transcript_media/en/ZS_F1_0733_en.mp3,F1-GMS-0701A 07:22.95-07:25.05
734,1,701,99,GLOSSIKA-ENZS-F1-GMS-0701A.mp3,455.428,457.803,2.375,transcript_media/en/ZS_F1_0734_en.mp3,F1-GMS-0701A 07:35.43-07:37.80
735,1,701,102,GLOSSIKA-ENZS-F1-GMS-0701A.mp3,470.151,473.016,2.864,transcript_media/en/ZS_F1_0735_en.mp3,F1-GMS-0701A 07:50.15-07:53.02
736,1,701,105,GLOSSIKA-ENZS-F1-GMS-0701A.mp3,486.105,487.468,1.363,transcript_media/en/ZS_F1_0736_en.mp3,F1-GMS-0701A 08:06.10-08:07.47
737,1,701,108,GLOSSIKA-ENZS-F1-GMS-0701A.mp3,498.263,500.661,2.397,transcript_media/en/ZS_F1_0737_en.mp3,F1-GMS-0701A 08:18.26-08:20.66
738,1,701,111,GLOSSIKA-ENZS-F1-GMS-0701A.mp3,512.971,514.618,1.648,transcript_media/en/ZS_F1_0738_en.mp3,F1-GMS-0701A 08:32.97-08:34.62
739,1,701,114,GLOSSIKA-ENZS-F1-GMS-0701A.mp3,526.487,527.457,0.970,transcript_media/en/ZS_F1_0739_en.mp3,F1-GMS-0701A 08:46.49-08:47.46
740,1,701,117,GLOSSIKA-ENZS-F1-GMS-0701A.mp3,536.047,537.610,1.563,transcript_media/en/ZS_F1_0740_en.mp3,F1-GMS-0701A 08:56.05-08:57.61
741,1,701,120,GLOSSIKA-ENZS-F1-GMS-0701A.mp3,547.328,548.935,1.608,transcript_media/en/ZS_F1_0741_en.mp3,F1-GMS-0701A 09:07.33-09:08.94
742,1,701,123,GLOSSIKA-ENZS-F1-GMS-0701A.mp3,559.065,560.794,1.729,transcript_media/en/ZS_F1_0742_en.mp3,F1-GMS-0701A 09:19.06-09:20.79
743,1,701,126,GLOSSIKA-ENZS-F1-GMS-0701A.mp3,570.431,572.393,1.962,transcript_media/en/ZS_F1_0743_en.mp3,F1-GMS-0701A 09:30.43-09:32.39
744,1,701,129,GLOSSIKA-ENZS-F1-GMS-0701A.mp3,583.408,585.146,1.738,transcript_media/en/ZS_F1_0744_en.mp3,F1-GMS-0701A 09:43.41-09:45.15
745,1,701,132,GLOSSIKA-ENZS-F1-GMS-0701A.mp3,595.720,597.799,2.079,transcript_media/en/ZS_F1_0745_en.mp3,F1-GMS-0701A 09:55.72-09:57.80
746,1,701,135,GLOSSIKA-ENZS-F1-GMS-0701A.mp3,608.215,611.497,3.282,transcript_media/en/ZS_F1_0746_en.mp3,F1-GMS-0701A 10:08.22-10:11.50
747,1,701,138,GLOSSIKA-ENZS-F1-GMS-0701A.mp3,624.420,627.525,3.105,transcript_media/en/ZS_F1_0747_en.mp3,F1-GMS-0701A 10:24.42-10:27.53
748,1,701,141,GLOSSIKA-ENZS-F1-GMS-0701A.mp3,640.387,642.612,2.225,transcript_media/en/ZS_F1_0748_en.mp3,F1-GMS-0701A 10:40.39-10:42.61
749,1,701,144,GLOSSIKA-ENZS-F1-GMS-0701A.mp3,654.358,658.033,3.675,transcript_media/en/ZS_F1_0749_en.mp3,F1-GMS-0701A 10:54.36-10:58.03
750,1,701,147,GLOSSIKA-ENZS-F1-GMS-0701A.mp3,671.871,675.138,3.267,transcript_media/en/ZS_F1_0750_en.mp3,F1-GMS-0701A 11:11.87-11:15.14
751,1,751,0,GLOSSIKA-ENZS-F1-GMS-0751A.mp3,0.000,3.340,3.340,transcript_media/en/ZS_F1_0751_en.mp3,F1-GMS-0751A 00:00.00-00:03.34
752,1,751,3,GLOSSIKA-ENZS-F1-GMS-0751A.mp3,12.926,15.200,2.274,transcript_media/en/ZS_F1_0752_en.mp3,F1-GMS-0751A 00:12.93-00:15.20
753,1,751,6,GLOSSIKA-ENZS-F1-GMS-0751A.mp3,26.537,28.667,2.130,transcript_media/en/ZS_F1_0753_en.mp3,F1-GMS-0751A 00:26.54-00:28.67
754,1,751,9,GLOSSIKA-ENZS-F1-GMS-0751A.mp3,38.652,40.390,1.738,transcript_media/en/ZS_F1_0754_en.mp3,F1-GMS-0751A 00:38.65-00:40.39
755,1,751,12,GLOSSIKA-ENZS-F1-GMS-0751A.mp3,50.071,52.189,2.118,transcript_media/en/ZS_F1_0755_en.mp3,F1-GMS-0751A 00:50.07-00:52.19
756,1,751,15,GLOSSIKA-ENZS-F1-GMS-0751A.mp3,62.126,64.083,1.957,transcript_media/en/ZS_F1_0756_en.mp3,F1-GMS-0751A 01:02.13-01:04.08
757,1,751,18,GLOSSIKA-ENZS-F1-GMS-0751A.mp3,74.954,76.770,1.816,transcript_media/en/ZS_F1_0757_en.mp3,F1-GMS-0751A 01:14.95-01:16.77
758,1,751,21,GLOSSIKA-ENZS-F1-GMS-0751A.mp3,88.157,90.196,2.039,transcript_media/en/ZS_F1_0758_en.mp3,F1-GMS-0751A 01:28.16-01:30.20
759,1,751,24,GLOSSIKA-ENZS-F1-GMS-0751A.mp3,103.889,107.733,3.844,transcript_media/en/ZS_F1_0759_en.mp3,F1-GMS-0751A 01:43.89-01:47.73
760,1,751,27,GLOSSIKA-ENZS-F1-GMS-0751A.mp3,119.801,121.849,2.048,transcript_media/en/ZS_F1_0760_en.mp3,F1-GMS-0751A 01:59.80-02:01.85
761,1,751,30,GLOSSIKA-ENZS-F1-GMS-0751A.mp3,140.126,141.576,1.450,transcript_media/en/ZS_F1_0761_en.mp3,F1-GMS-0751A 02:20.13-02:21.58
762,1,751,33,GLOSSIKA-ENZS-F1-GMS-0751A.mp3,152.360,156.748,4.388,transcript_media/en/ZS_F1_0762_en.mp3,F1-GMS-0751A 02:32.36-02:36.75
763,1,751,36,GLOSSIKA-ENZS-F1-GMS-0751A.mp3,164.023,168.052,4.029,transcript_media/en/ZS_F1_0763_en.mp3,F1-GMS-0751A 02:44.02-02:48.05
764,1,751,39,GLOSSIKA-ENZS-F1-GMS-0751A.mp3,178.793,181.462,2.669,transcript_media/en/ZS_F1_0764_en.mp3,F1-GMS-0751A 02:58.79-03:01.46
765,1,751,42,GLOSSIKA-ENZS-F1-GMS-0751A.mp3,197.542,200.282,2.739,transcript_media/en/ZS_F1_0765_en.mp3,F1-GMS-0751A 03:17.54-03:20.28
766,1,751,45,GLOSSIKA-ENZS-F1-GMS-0751A.mp3,212.089,213.408,1.319,transcript_media/en/ZS_F1_0766_en.mp3,F1-GMS-0751A 03:32.09-03:33.41
767,1,751,48,GLOSSIKA-ENZS-F1-GMS-0751A.mp3,222.977,226.507,3.530,transcript_media/en/ZS_F1_0767_en.mp3,F1-GMS-0751A 03:42.98-03:46.51
768,1,751,51,GLOSSIKA-ENZS-F1-GMS-0751A.mp3,234.051,237.799,3.748,transcript_media/en/ZS_F1_0768_en.mp3,F1-GMS-0751A 03:54.05-03:57.80
769,1,751,54,GLOSSIKA-ENZS-F1-GMS-0751A.mp3,251.777,255.524,3.748,transcript_media/en/ZS_F1_0769_en.mp3,F1-GMS-0751A 04:11.78-04:15.52
770,1,751,57,GLOSSIKA-ENZS-F1-GMS-0751A.mp3,266.356,268.541,2.184,transcript_media/en/ZS_F1_0770_en.mp3,F1-GMS-0751A 04:26.36-04:28.54
771,1,751,60,GLOSSIKA-ENZS-F1-GMS-0751A.mp3,284.406,287.885,3.479,transcript_media/en/ZS_F1_0771_en.mp3,F1-GMS-0751A 04:44.41-04:47.88
772,1,751,63,GLOSSIKA-ENZS-F1-GMS-0751A.mp3,301.161,304.276,3.115,transcript_media/en/ZS_F1_0772_en.mp3,F1-GMS-0751A 05:01.16-05:04.28
773,1,751,66,GLOSSIKA-ENZS-F1-GMS-0751A.mp3,316.869,320.446,3.577,transcript_media/en/ZS_F1_0773_en.mp3,F1-GMS-0751A 05:16.87-05:20.45
774,1,751,69,GLOSSIKA-ENZS-F1-GMS-0751A.mp3,336.058,339.162,3.104,transcript_media/en/ZS_F1_0774_en.mp3,F1-GMS-0751A 05:36.06-05:39.16
775,1,751,72,GLOSSIKA-ENZS-F1-GMS-0751A.mp3,355.102,357.525,2.423,transcript_media/en/ZS_F1_0775_en.mp3,F1-GMS-0751A 05:55.10-05:57.52
776,1,751,75,GLOSSIKA-ENZS-F1-GMS-0751A.mp3,368.654,370.761,2.107,transcript_media/en/ZS_F1_0776_en.mp3,F1-GMS-0751A 06:08.65-06:10.76
777,1,751,78,GLOSSIKA-ENZS-F1-GMS-0751A.mp3,382.876,385.302,2.426,transcript_media/en/ZS_F1_0777_en.mp3,F1-GMS-0751A 06:22.88-06:25.30
778,1,751,81,GLOSSIKA-ENZS-F1-GMS-0751A.mp3,397.905,402.314,4.409,transcript_media/en/ZS_F1_0778_en.mp3,F1-GMS-0751A 06:37.90-06:42.31
779,1,751,84,GLOSSIKA-ENZS-F1-GMS-0751A.mp3,420.157,422.787,2.630,transcript_media/en/ZS_F1_0779_en.mp3,F1-GMS-0751A 07:00.16-07:02.79
780,1,751,87,GLOSSIKA-ENZS-F1-GMS-0751A.mp3,436.055,438.317,2.262,transcript_media/en/ZS_F1_0780_en.mp3,F1-GMS-0751A 07:16.06-07:18.32
781,1,751,90,GLOSSIKA-ENZS-F1-GMS-0751A.mp3,449.258,451.814,2.556,transcript_media/en/ZS_F1_0781_en.mp3,F1-GMS-0751A 07:29.26-07:31.81
782,1,751,93,GLOSSIKA-ENZS-F1-GMS-0751A.mp3,465.198,468.061,2.863,transcript_media/en/ZS_F1_0782_en.mp3,F1-GMS-0751A 07:45.20-07:48.06
783,1,751,96,GLOSSIKA-ENZS-F1-GMS-0751A.mp3,481.884,483.072,1.188,transcript_media/en/ZS_F1_0783_en.mp3,F1-GMS-0751A 08:01.88-08:03.07
784,1,751,99,GLOSSIKA-ENZS-F1-GMS-0751A.mp3,492.500,495.824,3.323,transcript_media/en/ZS_F1_0784_en.mp3,F1-GMS-0751A 08:12.50-08:15.82
785,1,751,102,GLOSSIKA-ENZS-F1-GMS-0751A.mp3,506.732,508.885,2.154,transcript_media/en/ZS_F1_0785_en.mp3,F1-GMS-0751A 08:26.73-08:28.89
786,1,751,105,GLOSSIKA-ENZS-F1-GMS-0751A.mp3,518.528,519.939,1.411,transcript_media/en/ZS_F1_0786_en.mp3,F1-GMS-0751A 08:38.53-08:39.94
787,1,751,108,GLOSSIKA-ENZS-F1-GMS-0751A.mp3,533.362,537.118,3.755,transcript_media/en/ZS_F1_0787_en.mp3,F1-GMS-0751A 08:53.36-08:57.12
788,1,751,111,GLOSSIKA-ENZS-F1-GMS-0751A.mp3,544.029,548.114,4.085,transcript_media/en/ZS_F1_0788_en.mp3,F1-GMS-0751A 09:04.03-09:08.11
789,1,751,114,GLOSSIKA-ENZS-F1-GMS-0751A.mp3,559.501,560.377,0.876,transcript_media/en/ZS_F1_0789_en.mp3,F1-GMS-0751A 09:19.50-09:20.38
790,1,751,117,GLOSSIKA-ENZS-F1-GMS-0751A.mp3,574.572,575.981,1.408,transcript_media/en/ZS_F1_0790_en.mp3,F1-GMS-0751A 09:34.57-09:35.98
791,1,751,120,GLOSSIKA-ENZS-F1-GMS-0751A.mp3,585.387,588.781,3.394,transcript_media/en/ZS_F1_0791_en.mp3,F1-GMS-0751A 09:45.39-09:48.78
792,1,751,123,GLOSSIKA-ENZS-F1-GMS-0751A.mp3,601.506,604.404,2.898,transcript_media/en/ZS_F1_0792_en.mp3,F1-GMS-0751A 10:01.51-10:04.40
793,1,751,126,GLOSSIKA-ENZS-F1-GMS-0751A.mp3,611.978,614.787,2.809,transcript_media/en/ZS_F1_0793_en.mp3,F1-GMS-0751A 10:11.98-10:14.79
794,1,751,129,GLOSSIKA-ENZS-F1-GMS-0751A.mp3,625.131,626.460,1.330,transcript_media/en/ZS_F1_0794_en.mp3,F1-GMS-0751A 10:25.13-10:26.46
795,1,751,132,GLOSSIKA-ENZS-F1-GMS-0751A.mp3,639.644,640.831,1.187,transcript_media/en/ZS_F1_0795_en.mp3,F1-GMS-0751A 10:39.64-10:40.83
796,1,751,135,GLOSSIKA-ENZS-F1-GMS-0751A.mp3,650.222,653.412,3.190,transcript_media/en/ZS_F1_0796_en.mp3,F1-GMS-0751A 10:50.22-10:53.41
797,1,751,138,GLOSSIKA-ENZS-F1-GMS-0751A.mp3,660.756,663.677,2.921,transcript_media/en/ZS_F1_0797_en.mp3,F1-GMS-0751A 11:00.76-11:03.68
798,1,751,141,GLOSSIKA-ENZS-F1-GMS-0751A.mp3,674.680,675.918,1.238,transcript_media/en/ZS_F1_0798_en.mp3,F1-GMS-0751A 11:14.68-11:15.92
799,1,751,144,GLOSSIKA-ENZS-F1-GMS-0751A.mp3,688.095,689.710,1.615,transcript_media/en/ZS_F1_0799_en.mp3,F1-GMS-0751A 11:28.09-11:29.71
800,1,751,147,GLOSSIKA-ENZS-F1-GMS-0751A.mp3,700.006,701.814,1.808,transcript_media/en/ZS_F1_0800_en.mp3,F1-GMS-0751A 11:40.01-11:41.81
801,1,801,0,GLOSSIKA-ENZS-F1-GMS-0801A.mp3,9.055,10.931,1.877,transcript_media/en/ZS_F1_0801_en.mp3,F1-GMS-0801A 00:09.05-00:10.93
802,1,801,3,GLOSSIKA-ENZS-F1-GMS-0801A.mp3,22.092,23.650,1.558,transcript_media/en/ZS_F1_0802_en.mp3,F1-GMS-0801A 00:22.09-00:23.65
803,1,801,6,GLOSSIKA-ENZS-F1-GMS-0801A.mp3,33.479,35.598,2.119,transcript_media/en/ZS_F1_0803_en.mp3,F1-GMS-0801A 00:33.48-00:35.60
804,1,801,9,GLOSSIKA-ENZS-F1-GMS-0801A.mp3,46.702,48.331,1.629,transcript_media/en/ZS_F1_0804_en.mp3,F1-GMS-0801A 00:46.70-00:48.33
805,1,801,12,GLOSSIKA-ENZS-F1-GMS-0801A.mp3,59.286,61.125,1.839,transcript_media/en/ZS_F1_0805_en.mp3,F1-GMS-0801A 00:59.29-01:01.12
806,1,801,15,GLOSSIKA-ENZS-F1-GMS-0801A.mp3,70.817,72.625,1.808,transcript_media/en/ZS_F1_0806_en.mp3,F1-GMS-0801A 01:10.82-01:12.63
807,1,801,18,GLOSSIKA-ENZS-F1-GMS-0801A.mp3,83.382,86.192,2.809,transcript_media/en/ZS_F1_0807_en.mp3,F1-GMS-0801A 01:23.38-01:26.19
808,1,801,21,GLOSSIKA-ENZS-F1-GMS-0801A.mp3,100.228,102.849,2.621,transcript_media/en/ZS_F1_0808_en.mp3,F1-GMS-0801A 01:40.23-01:42.85
809,1,801,24,GLOSSIKA-ENZS-F1-GMS-0801A.mp3,115.027,117.858,2.831,transcript_media/en/ZS_F1_0809_en.mp3,F1-GMS-0801A 01:55.03-01:57.86
810,1,801,27,GLOSSIKA-ENZS-F1-GMS-0801A.mp3,131.233,132.254,1.021,transcript_media/en/ZS_F1_0810_en.mp3,F1-GMS-0801A 02:11.23-02:12.25
811,1,801,30,GLOSSIKA-ENZS-F1-GMS-0801A.mp3,141.356,144.539,3.183,transcript_media/en/ZS_F1_0811_en.mp3,F1-GMS-0801A 02:21.36-02:24.54
812,1,801,33,GLOSSIKA-ENZS-F1-GMS-0801A.mp3,156.481,159.364,2.883,transcript_media/en/ZS_F1_0812_en.mp3,F1-GMS-0801A 02:36.48-02:39.36
813,1,801,36,GLOSSIKA-ENZS-F1-GMS-0801A.mp3,172.346,175.606,3.260,transcript_media/en/ZS_F1_0813_en.mp3,F1-GMS-0801A 02:52.35-02:55.61
814,1,801,39,GLOSSIKA-ENZS-F1-GMS-0801A.mp3,192.593,197.993,5.400,transcript_media/en/ZS_F1_0814_en.mp3,F1-GMS-0801A 03:12.59-03:17.99
815,1,801,42,GLOSSIKA-ENZS-F1-GMS-0801A.mp3,215.163,220.267,5.104,transcript_media/en/ZS_F1_0815_en.mp3,F1-GMS-0801A 03:35.16-03:40.27
816,1,801,45,GLOSSIKA-ENZS-F1-GMS-0801A.mp3,232.468,235.479,3.011,transcript_media/en/ZS_F1_0816_en.mp3,F1-GMS-0801A 03:52.47-03:55.48
817,1,801,48,GLOSSIKA-ENZS-F1-GMS-0801A.mp3,248.000,251.121,3.120,transcript_media/en/ZS_F1_0817_en.mp3,F1-GMS-0801A 04:08.00-04:11.12
818,1,801,51,GLOSSIKA-ENZS-F1-GMS-0801A.mp3,260.554,262.311,1.757,transcript_media/en/ZS_F1_0818_en.mp3,F1-GMS-0801A 04:20.55-04:22.31
819,1,801,54,GLOSSIKA-ENZS-F1-GMS-0801A.mp3,272.365,274.429,2.063,transcript_media/en/ZS_F1_0819_en.mp3,F1-GMS-0801A 04:32.37-04:34.43
820,1,801,57,GLOSSIKA-ENZS-F1-GMS-0801A.mp3,284.883,286.830,1.947,transcript_media/en/ZS_F1_0820_en.mp3,F1-GMS-0801A 04:44.88-04:46.83
821,1,801,60,GLOSSIKA-ENZS-F1-GMS-0801A.mp3,301.080,304.877,3.797,transcript_media/en/ZS_F1_0821_en.mp3,F1-GMS-0801A 05:01.08-05:04.88
822,1,801,63,GLOSSIKA-ENZS-F1-GMS-0801A.mp3,316.821,319.912,3.092,transcript_media/en/ZS_F1_0822_en.mp3,F1-GMS-0801A 05:16.82-05:19.91
823,1,801,66,GLOSSIKA-ENZS-F1-GMS-0801A.mp3,331.477,334.380,2.904,transcript_media/en/ZS_F1_0823_en.mp3,F1-GMS-0801A 05:31.48-05:34.38
824,1,801,69,GLOSSIKA-ENZS-F1-GMS-0801A.mp3,346.265,349.153,2.888,transcript_media/en/ZS_F1_0824_en.mp3,F1-GMS-0801A 05:46.26-05:49.15
825,1,801,72,GLOSSIKA-ENZS-F1-GMS-0801A.mp3,362.175,365.447,3.272,transcript_media/en/ZS_F1_0825_en.mp3,F1-GMS-0801A 06:02.18-06:05.45
826,1,801,75,GLOSSIKA-ENZS-F1-GMS-0801A.mp3,375.361,377.116,1.756,transcript_media/en/ZS_F1_0826_en.mp3,F1-GMS-0801A 06:15.36-06:17.12
827,1,801,78,GLOSSIKA-ENZS-F1-GMS-0801A.mp3,388.492,391.031,2.539,transcript_media/en/ZS_F1_0827_en.mp3,F1-GMS-0801A 06:28.49-06:31.03
828,1,801,81,GLOSSIKA-ENZS-F1-GMS-0801A.mp3,400.369,402.051,1.682,transcript_media/en/ZS_F1_0828_en.mp3,F1-GMS-0801A 06:40.37-06:42.05
829,1,801,84,GLOSSIKA-ENZS-F1-GMS-0801A.mp3,414.522,417.376,2.854,transcript_media/en/ZS_F1_0829_en.mp3,F1-GMS-0801A 06:54.52-06:57.38
830,1,801,87,GLOSSIKA-ENZS-F1-GMS-0801A.mp3,427.661,429.245,1.584,transcript_media/en/ZS_F1_0830_en.mp3,F1-GMS-0801A 07:07.66-07:09.25
831,1,801,90,GLOSSIKA-ENZS-F1-GMS-0801A.mp3,442.716,446.464,3.748,transcript_media/en/ZS_F1_0831_en.mp3,F1-GMS-0801A 07:22.72-07:26.46
832,1,801,93,GLOSSIKA-ENZS-F1-GMS-0801A.mp3,457.090,459.022,1.932,transcript_media/en/ZS_F1_0832_en.mp3,F1-GMS-0801A 07:37.09-07:39.02
833,1,801,96,GLOSSIKA-ENZS-F1-GMS-0801A.mp3,471.122,474.242,3.120,transcript_media/en/ZS_F1_0833_en.mp3,F1-GMS-0801A 07:51.12-07:54.24
834,1,801,99,GLOSSIKA-ENZS-F1-GMS-0801A.mp3,489.228,493.781,4.553,transcript_media/en/ZS_F1_0834_en.mp3,F1-GMS-0801A 08:09.23-08:13.78
835,1,801,102,GLOSSIKA-ENZS-F1-GMS-0801A.mp3,506.621,509.618,2.997,transcript_media/en/ZS_F1_0835_en.mp3,F1-GMS-0801A 08:26.62-08:29.62
836,1,801,105,GLOSSIKA-ENZS-F1-GMS-0801A.mp3,522.240,525.752,3.511,transcript_media/en/ZS_F1_0836_en.mp3,F1-GMS-0801A 08:42.24-08:45.75
837,1,801,108,GLOSSIKA-ENZS-F1-GMS-0801A.mp3,540.214,544.545,4.332,transcript_media/en/ZS_F1_0837_en.mp3,F1-GMS-0801A 09:00.21-09:04.55
838,1,801,111,GLOSSIKA-ENZS-F1-GMS-0801A.mp3,558.312,562.053,3.742,transcript_media/en/ZS_F1_0838_en.mp3,F1-GMS-0801A 09:18.31-09:22.05
839,1,801,114,GLOSSIKA-ENZS-F1-GMS-0801A.mp3,575.141,578.149,3.008,transcript_media/en/ZS_F1_0839_en.mp3,F1-GMS-0801A 09:35.14-09:38.15
840,1,801,117,GLOSSIKA-ENZS-F1-GMS-0801A.mp3,588.321,590.241,1.920,transcript_media/en/ZS_F1_0840_en.mp3,F1-GMS-0801A 09:48.32-09:50.24
841,1,801,120,GLOSSIKA-ENZS-F1-GMS-0801A.mp3,601.220,603.450,2.230,transcript_media/en/ZS_F1_0841_en.mp3,F1-GMS-0801A 10:01.22-10:03.45
842,1,801,123,GLOSSIKA-ENZS-F1-GMS-0801A.mp3,614.599,616.544,1.945,transcript_media/en/ZS_F1_0842_en.mp3,F1-GMS-0801A 10:14.60-10:16.54
843,1,801,126,GLOSSIKA-ENZS-F1-GMS-0801A.mp3,627.435,629.404,1.969,transcript_media/en/ZS_F1_0843_en.mp3,F1-GMS-0801A 10:27.44-10:29.40
844,1,801,129,GLOSSIKA-ENZS-F1-GMS-0801A.mp3,639.462,641.121,1.659,transcript_media/en/ZS_F1_0844_en.mp3,F1-GMS-0801A 10:39.46-10:41.12
845,1,801,132,GLOSSIKA-ENZS-F1-GMS-0801A.mp3,651.245,652.748,1.503,transcript_media/en/ZS_F1_0845_en.mp3,F1-GMS-0801A 10:51.25-10:52.75
846,1,801,135,GLOSSIKA-ENZS-F1-GMS-0801A.mp3,663.122,664.834,1.712,transcript_media/en/ZS_F1_0846_en.mp3,F1-GMS-0801A 11:03.12-11:04.83
847,1,801,138,GLOSSIKA-ENZS-F1-GMS-0801A.mp3,676.857,679.614,2.756,transcript_media/en/ZS_F1_0847_en.mp3,F1-GMS-0801A 11:16.86-11:19.61
848,1,801,141,GLOSSIKA-ENZS-F1-GMS-0801A.mp3,692.329,695.289,2.960,transcript_media/en/ZS_F1_0848_en.mp3,F1-GMS-0801A 11:32.33-11:35.29
849,1,801,144,GLOSSIKA-ENZS-F1-GMS-0801A.mp3,708.519,711.784,3.265,transcript_media/en/ZS_F1_0849_en.mp3,F1-GMS-0801A 11:48.52-11:51.78
850,1,801,147,GLOSSIKA-ENZS-F1-GMS-0801A.mp3,723.532,726.627,3.095,transcript_media/en/ZS_F1_0850_en.mp3,F1-GMS-0801A 12:03.53-12:06.63
851,1,851,0,GLOSSIKA-ENZS-F1-GMS-0851A.mp3,0.000,3.340,3.340,transcript_media/en/ZS_F1_0851_en.mp3,F1-GMS-0851A 00:00.00-00:03.34
852,1,851,3,GLOSSIKA-ENZS-F1-GMS-0851A.mp3,13.682,17.666,3.984,transcript_media/en/ZS_F1_0852_en.mp3,F1-GMS-0851A 00:13.68-00:17.67
853,1,851,6,GLOSSIKA-ENZS-F1-GMS-0851A.mp3,30.638,33.103,2.465,transcript_media/en/ZS_F1_0853_en.mp3,F1-GMS-0851A 00:30.64-00:33.10
854,1,851,9,GLOSSIKA-ENZS-F1-GMS-0851A.mp3,45.763,50.256,4.493,transcript_media/en/ZS_F1_0854_en.mp3,F1-GMS-0851A 00:45.76-00:50.26
855,1,851,12,GLOSSIKA-ENZS-F1-GMS-0851A.mp3,64.621,68.398,3.777,transcript_media/en/ZS_F1_0855_en.mp3,F1-GMS-0851A 01:04.62-01:08.40
856,1,851,15,GLOSSIKA-ENZS-F1-GMS-0851A.mp3,81.715,85.014,3.299,transcript_media/en/ZS_F1_0856_en.mp3,F1-GMS-0851A 01:21.72-01:25.01
857,1,851,18,GLOSSIKA-ENZS-F1-GMS-0851A.mp3,97.520,100.674,3.154,transcript_media/en/ZS_F1_0857_en.mp3,F1-GMS-0851A 01:37.52-01:40.67
858,1,851,21,GLOSSIKA-ENZS-F1-GMS-0851A.mp3,112.637,115.068,2.430,transcript_media/en/ZS_F1_0858_en.mp3,F1-GMS-0851A 01:52.64-01:55.07
859,1,851,24,GLOSSIKA-ENZS-F1-GMS-0851A.mp3,126.355,128.489,2.134,transcript_media/en/ZS_F1_0859_en.mp3,F1-GMS-0851A 02:06.36-02:08.49
860,1,851,27,GLOSSIKA-ENZS-F1-GMS-0851A.mp3,139.183,141.257,2.074,transcript_media/en/ZS_F1_0860_en.mp3,F1-GMS-0851A 02:19.18-02:21.26
861,1,851,30,GLOSSIKA-ENZS-F1-GMS-0851A.mp3,152.221,154.157,1.936,transcript_media/en/ZS_F1_0861_en.mp3,F1-GMS-0851A 02:32.22-02:34.16
862,1,851,33,GLOSSIKA-ENZS-F1-GMS-0851A.mp3,164.990,167.106,2.117,transcript_media/en/ZS_F1_0862_en.mp3,F1-GMS-0851A 02:44.99-02:47.11
863,1,851,36,GLOSSIKA-ENZS-F1-GMS-0851A.mp3,178.543,180.991,2.448,transcript_media/en/ZS_F1_0863_en.mp3,F1-GMS-0851A 02:58.54-03:00.99
864,1,851,39,GLOSSIKA-ENZS-F1-GMS-0851A.mp3,192.785,196.049,3.265,transcript_media/en/ZS_F1_0864_en.mp3,F1-GMS-0851A 03:12.78-03:16.05
865,1,851,42,GLOSSIKA-ENZS-F1-GMS-0851A.mp3,206.735,207.977,1.242,transcript_media/en/ZS_F1_0865_en.mp3,F1-GMS-0851A 03:26.74-03:27.98
866,1,851,45,GLOSSIKA-ENZS-F1-GMS-0851A.mp3,221.755,223.130,1.375,transcript_media/en/ZS_F1_0866_en.mp3,F1-GMS-0851A 03:41.76-03:43.13
867,1,851,48,GLOSSIKA-ENZS-F1-GMS-0851A.mp3,234.031,236.238,2.207,transcript_media/en/ZS_F1_0867_en.mp3,F1-GMS-0851A 03:54.03-03:56.24
868,1,851,51,GLOSSIKA-ENZS-F1-GMS-0851A.mp3,247.151,249.001,1.851,transcript_media/en/ZS_F1_0868_en.mp3,F1-GMS-0851A 04:07.15-04:09.00
869,1,851,54,GLOSSIKA-ENZS-F1-GMS-0851A.mp3,261.062,262.869,1.807,transcript_media/en/ZS_F1_0869_en.mp3,F1-GMS-0851A 04:21.06-04:22.87
870,1,851,57,GLOSSIKA-ENZS-F1-GMS-0851A.mp3,273.820,275.109,1.288,transcript_media/en/ZS_F1_0870_en.mp3,F1-GMS-0851A 04:33.82-04:35.11
871,1,851,60,GLOSSIKA-ENZS-F1-GMS-0851A.mp3,285.625,287.625,2.000,transcript_media/en/ZS_F1_0871_en.mp3,F1-GMS-0851A 04:45.62-04:47.62
872,1,851,63,GLOSSIKA-ENZS-F1-GMS-0851A.mp3,298.336,301.158,2.822,transcript_media/en/ZS_F1_0872_en.mp3,F1-GMS-0851A 04:58.34-05:01.16
873,1,851,66,GLOSSIKA-ENZS-F1-GMS-0851A.mp3,313.815,316.886,3.071,transcript_media/en/ZS_F1_0873_en.mp3,F1-GMS-0851A 05:13.81-05:16.89
874,1,851,69,GLOSSIKA-ENZS-F1-GMS-0851A.mp3,332.530,335.840,3.310,transcript_media/en/ZS_F1_0874_en.mp3,F1-GMS-0851A 05:32.53-05:35.84
875,1,851,72,GLOSSIKA-ENZS-F1-GMS-0851A.mp3,349.732,352.281,2.549,transcript_media/en/ZS_F1_0875_en.mp3,F1-GMS-0851A 05:49.73-05:52.28
876,1,851,75,GLOSSIKA-ENZS-F1-GMS-0851A.mp3,365.502,368.924,3.422,transcript_media/en/ZS_F1_0876_en.mp3,F1-GMS-0851A 06:05.50-06:08.92
877,1,851,78,GLOSSIKA-ENZS-F1-GMS-0851A.mp3,383.247,387.893,4.646,transcript_media/en/ZS_F1_0877_en.mp3,F1-GMS-0851A 06:23.25-06:27.89
878,1,851,81,GLOSSIKA-ENZS-F1-GMS-0851A.mp3,403.026,404.389,1.363,transcript_media/en/ZS_F1_0878_en.mp3,F1-GMS-0851A 06:43.03-06:44.39
879,1,851,84,GLOSSIKA-ENZS-F1-GMS-0851A.mp3,413.467,416.905,3.438,transcript_media/en/ZS_F1_0879_en.mp3,F1-GMS-0851A 06:53.47-06:56.90
880,1,851,87,GLOSSIKA-ENZS-F1-GMS-0851A.mp3,424.411,427.875,3.464,transcript_media/en/ZS_F1_0880_en.mp3,F1-GMS-0851A 07:04.41-07:07.88
881,1,851,90,GLOSSIKA-ENZS-F1-GMS-0851A.mp3,441.849,443.893,2.043,transcript_media/en/ZS_F1_0881_en.mp3,F1-GMS-0851A 07:21.85-07:23.89
882,1,851,93,GLOSSIKA-ENZS-F1-GMS-0851A.mp3,456.346,459.851,3.505,transcript_media/en/ZS_F1_0882_en.mp3,F1-GMS-0851A 07:36.35-07:39.85
883,1,851,96,GLOSSIKA-ENZS-F1-GMS-0851A.mp3,471.995,472.780,0.785,transcript_media/en/ZS_F1_0883_en.mp3,F1-GMS-0851A 07:51.99-07:52.78
884,1,851,99,GLOSSIKA-ENZS-F1-GMS-0851A.mp3,486.655,489.670,3.015,transcript_media/en/ZS_F1_0884_en.mp3,F1-GMS-0851A 08:06.66-08:09.67
885,1,851,102,GLOSSIKA-ENZS-F1-GMS-0851A.mp3,502.793,505.535,2.742,transcript_media/en/ZS_F1_0885_en.mp3,F1-GMS-0851A 08:22.79-08:25.53
886,1,851,105,GLOSSIKA-ENZS-F1-GMS-0851A.mp3,517.605,519.274,1.669,transcript_media/en/ZS_F1_0886_en.mp3,F1-GMS-0851A 08:37.61-08:39.27
887,1,851,108,GLOSSIKA-ENZS-F1-GMS-0851A.mp3,530.499,532.178,1.679,transcript_media/en/ZS_F1_0887_en.mp3,F1-GMS-0851A 08:50.50-08:52.18
888,1,851,111,GLOSSIKA-ENZS-F1-GMS-0851A.mp3,543.780,546.367,2.588,transcript_media/en/ZS_F1_0888_en.mp3,F1-GMS-0851A 09:03.78-09:06.37
889,1,851,114,GLOSSIKA-ENZS-F1-GMS-0851A.mp3,559.874,561.788,1.914,transcript_media/en/ZS_F1_0889_en.mp3,F1-GMS-0851A 09:19.87-09:21.79
890,1,851,117,GLOSSIKA-ENZS-F1-GMS-0851A.mp3,573.006,575.180,2.174,transcript_media/en/ZS_F1_0890_en.mp3,F1-GMS-0851A 09:33.01-09:35.18
891,1,851,120,GLOSSIKA-ENZS-F1-GMS-0851A.mp3,587.363,589.367,2.004,transcript_media/en/ZS_F1_0891_en.mp3,F1-GMS-0851A 09:47.36-09:49.37
892,1,851,123,GLOSSIKA-ENZS-F1-GMS-0851A.mp3,600.492,602.051,1.559,transcript_media/en/ZS_F1_0892_en.mp3,F1-GMS-0851A 10:00.49-10:02.05
893,1,851,126,GLOSSIKA-ENZS-F1-GMS-0851A.mp3,613.304,615.677,2.373,transcript_media/en/ZS_F1_0893_en.mp3,F1-GMS-0851A 10:13.30-10:15.68
894,1,851,129,GLOSSIKA-ENZS-F1-GMS-0851A.mp3,627.283,630.016,2.733,transcript_media/en/ZS_F1_0894_en.mp3,F1-GMS-0851A 10:27.28-10:30.02
895,1,851,132,GLOSSIKA-ENZS-F1-GMS-0851A.mp3,641.906,645.148,3.242,transcript_media/en/ZS_F1_0895_en.mp3,F1-GMS-0851A 10:41.91-10:45.15
896,1,851,135,GLOSSIKA-ENZS-F1-GMS-0851A.mp3,657.342,660.145,2.802,transcript_media/en/ZS_F1_0896_en.mp3,F1-GMS-0851A 10:57.34-11:00.14
897,1,851,138,GLOSSIKA-ENZS-F1-GMS-0851A.mp3,672.249,677.734,5.485,transcript_media/en/ZS_F1_0897_en.mp3,F1-GMS-0851A 11:12.25-11:17.73
898,1,851,141,GLOSSIKA-ENZS-F1-GMS-0851A.mp3,695.087,697.033,1.947,transcript_media/en/ZS_F1_0898_en.mp3,F1-GMS-0851A 11:35.09-11:37.03
899,1,851,144,GLOSSIKA-ENZS-F1-GMS-0851A.mp3,709.275,714.432,5.157,transcript_media/en/ZS_F1_0899_en.mp3,F1-GMS-0851A 11:49.27-11:54.43
900,1,851,147,GLOSSIKA-ENZS-F1-GMS-0851A.mp3,728.027,731.760,3.732,transcript_media/en/ZS_F1_0900_en.mp3,F1-GMS-0851A 12:08.03-12:11.76
901,1,901,0,GLOSSIKA-ENZS-F1-GMS-0901A.mp3,0.000,3.340,3.340,transcript_media/en/ZS_F1_0901_en.mp3,F1-GMS-0901A 00:00.00-00:03.34
902,1,901,3,GLOSSIKA-ENZS-F1-GMS-0901A.mp3,13.730,17.212,3.482,transcript_media/en/ZS_F1_0902_en.mp3,F1-GMS-0901A 00:13.73-00:17.21
903,1,901,6,GLOSSIKA-ENZS-F1-GMS-0901A.mp3,25.514,26.738,1.224,transcript_media/en/ZS_F1_0903_en.mp3,F1-GMS-0901A 00:25.51-00:26.74
904,1,901,9,GLOSSIKA-ENZS-F1-GMS-0901A.mp3,38.347,41.964,3.617,transcript_media/en/ZS_F1_0904_en.mp3,F1-GMS-0901A 00:38.35-00:41.96
905,1,901,12,GLOSSIKA-ENZS-F1-GMS-0901A.mp3,54.629,57.949,3.320,transcript_media/en/ZS_F1_0905_en.mp3,F1-GMS-0901A 00:54.63-00:57.95
906,1,901,15,GLOSSIKA-ENZS-F1-GMS-0901A.mp3,68.919,71.248,2.329,transcript_media/en/ZS_F1_0906_en.mp3,F1-GMS-0901A 01:08.92-01:11.25
907,1,901,18,GLOSSIKA-ENZS-F1-GMS-0901A.mp3,83.629,86.867,3.238,transcript_media/en/ZS_F1_0907_en.mp3,F1-GMS-0901A 01:23.63-01:26.87
908,1,901,21,GLOSSIKA-ENZS-F1-GMS-0901A.mp3,97.272,99.153,1.881,transcript_media/en/ZS_F1_0908_en.mp3,F1-GMS-0901A 01:37.27-01:39.15
909,1,901,24,GLOSSIKA-ENZS-F1-GMS-0901A.mp3,108.661,110.754,2.093,transcript_media/en/ZS_F1_0909_en.mp3,F1-GMS-0901A 01:48.66-01:50.75
910,1,901,27,GLOSSIKA-ENZS-F1-GMS-0901A.mp3,120.286,122.336,2.050,transcript_media/en/ZS_F1_0910_en.mp3,F1-GMS-0901A 02:00.29-02:02.34
911,1,901,30,GLOSSIKA-ENZS-F1-GMS-0901A.mp3,133.161,135.432,2.271,transcript_media/en/ZS_F1_0911_en.mp3,F1-GMS-0901A 02:13.16-02:15.43
912,1,901,33,GLOSSIKA-ENZS-F1-GMS-0901A.mp3,145.183,147.519,2.336,transcript_media/en/ZS_F1_0912_en.mp3,F1-GMS-0901A 02:25.18-02:27.52
913,1,901,36,GLOSSIKA-ENZS-F1-GMS-0901A.mp3,157.624,160.222,2.598,transcript_media/en/ZS_F1_0913_en.mp3,F1-GMS-0901A 02:37.62-02:40.22
914,1,901,39,GLOSSIKA-ENZS-F1-GMS-0901A.mp3,171.796,174.390,2.594,transcript_media/en/ZS_F1_0914_en.mp3,F1-GMS-0901A 02:51.80-02:54.39
915,1,901,42,GLOSSIKA-ENZS-F1-GMS-0901A.mp3,181.489,185.321,3.832,transcript_media/en/ZS_F1_0915_en.mp3,F1-GMS-0901A 03:01.49-03:05.32
916,1,901,45,GLOSSIKA-ENZS-F1-GMS-0901A.mp3,197.027,198.600,1.573,transcript_media/en/ZS_F1_0916_en.mp3,F1-GMS-0901A 03:17.03-03:18.60
917,1,901,48,GLOSSIKA-ENZS-F1-GMS-0901A.mp3,216.183,218.621,2.438,transcript_media/en/ZS_F1_0917_en.mp3,F1-GMS-0901A 03:36.18-03:38.62
918,1,901,51,GLOSSIKA-ENZS-F1-GMS-0901A.mp3,227.650,231.386,3.736,transcript_media/en/ZS_F1_0918_en.mp3,F1-GMS-0901A 03:47.65-03:51.39
919,1,901,54,GLOSSIKA-ENZS-F1-GMS-0901A.mp3,248.259,253.902,5.643,transcript_media/en/ZS_F1_0919_en.mp3,F1-GMS-0901A 04:08.26-04:13.90
920,1,901,57,GLOSSIKA-ENZS-F1-GMS-0901A.mp3,263.981,265.471,1.490,transcript_media/en/ZS_F1_0920_en.mp3,F1-GMS-0901A 04:23.98-04:25.47
921,1,901,60,GLOSSIKA-ENZS-F1-GMS-0901A.mp3,277.584,280.739,3.155,transcript_media/en/ZS_F1_0921_en.mp3,F1-GMS-0901A 04:37.58-04:40.74
922,1,901,63,GLOSSIKA-ENZS-F1-GMS-0901A.mp3,290.739,291.982,1.243,transcript_media/en/ZS_F1_0922_en.mp3,F1-GMS-0901A 04:50.74-04:51.98
923,1,901,66,GLOSSIKA-ENZS-F1-GMS-0901A.mp3,302.555,305.036,2.481,transcript_media/en/ZS_F1_0923_en.mp3,F1-GMS-0901A 05:02.56-05:05.04
924,1,901,69,GLOSSIKA-ENZS-F1-GMS-0901A.mp3,315.243,316.555,1.311,transcript_media/en/ZS_F1_0924_en.mp3,F1-GMS-0901A 05:15.24-05:16.55
925,1,901,72,GLOSSIKA-ENZS-F1-GMS-0901A.mp3,326.670,327.979,1.309,transcript_media/en/ZS_F1_0925_en.mp3,F1-GMS-0901A 05:26.67-05:27.98
926,1,901,75,GLOSSIKA-ENZS-F1-GMS-0901A.mp3,336.591,343.548,6.958,transcript_media/en/ZS_F1_0926_en.mp3,F1-GMS-0901A 05:36.59-05:43.55
927,1,901,78,GLOSSIKA-ENZS-F1-GMS-0901A.mp3,360.117,362.620,2.503,transcript_media/en/ZS_F1_0927_en.mp3,F1-GMS-0901A 06:00.12-06:02.62
928,1,901,81,GLOSSIKA-ENZS-F1-GMS-0901A.mp3,374.501,376.412,1.910,transcript_media/en/ZS_F1_0928_en.mp3,F1-GMS-0901A 06:14.50-06:16.41
929,1,901,84,GLOSSIKA-ENZS-F1-GMS-0901A.mp3,387.503,391.014,3.511,transcript_media/en/ZS_F1_0929_en.mp3,F1-GMS-0901A 06:27.50-06:31.01
930,1,901,87,GLOSSIKA-ENZS-F1-GMS-0901A.mp3,400.715,401.778,1.063,transcript_media/en/ZS_F1_0930_en.mp3,F1-GMS-0901A 06:40.72-06:41.78
931,1,901,90,GLOSSIKA-ENZS-F1-GMS-0901A.mp3,413.540,415.613,2.073,transcript_media/en/ZS_F1_0931_en.mp3,F1-GMS-0901A 06:53.54-06:55.61
932,1,901,93,GLOSSIKA-ENZS-F1-GMS-0901A.mp3,428.018,431.314,3.296,transcript_media/en/ZS_F1_0932_en.mp3,F1-GMS-0901A 07:08.02-07:11.31
933,1,901,96,GLOSSIKA-ENZS-F1-GMS-0901A.mp3,444.518,447.244,2.726,transcript_media/en/ZS_F1_0933_en.mp3,F1-GMS-0901A 07:24.52-07:27.24
934,1,901,99,GLOSSIKA-ENZS-F1-GMS-0901A.mp3,460.403,462.551,2.147,transcript_media/en/ZS_F1_0934_en.mp3,F1-GMS-0901A 07:40.40-07:42.55
935,1,901,102,GLOSSIKA-ENZS-F1-GMS-0901A.mp3,474.682,477.834,3.152,transcript_media/en/ZS_F1_0935_en.mp3,F1-GMS-0901A 07:54.68-07:57.83
936,1,901,105,GLOSSIKA-ENZS-F1-GMS-0901A.mp3,491.191,492.852,1.661,transcript_media/en/ZS_F1_0936_en.mp3,F1-GMS-0901A 08:11.19-08:12.85
937,1,901,108,GLOSSIKA-ENZS-F1-GMS-0901A.mp3,502.158,506.137,3.978,transcript_media/en/ZS_F1_0937_en.mp3,F1-GMS-0901A 08:22.16-08:26.14
938,1,901,111,GLOSSIKA-ENZS-F1-GMS-0901A.mp3,518.108,521.094,2.987,transcript_media/en/ZS_F1_0938_en.mp3,F1-GMS-0901A 08:38.11-08:41.09
939,1,901,114,GLOSSIKA-ENZS-F1-GMS-0901A.mp3,535.618,539.693,4.075,transcript_media/en/ZS_F1_0939_en.mp3,F1-GMS-0901A 08:55.62-08:59.69
940,1,901,117,GLOSSIKA-ENZS-F1-GMS-0901A.mp3,554.211,558.944,4.733,transcript_media/en/ZS_F1_0940_en.mp3,F1-GMS-0901A 09:14.21-09:18.94
941,1,901,120,GLOSSIKA-ENZS-F1-GMS-0901A.mp3,571.336,574.880,3.544,transcript_media/en/ZS_F1_0941_en.mp3,F1-GMS-0901A 09:31.34-09:34.88
942,1,901,123,GLOSSIKA-ENZS-F1-GMS-0901A.mp3,586.388,589.135,2.748,transcript_media/en/ZS_F1_0942_en.mp3,F1-GMS-0901A 09:46.39-09:49.14
943,1,901,126,GLOSSIKA-ENZS-F1-GMS-0901A.mp3,595.925,599.785,3.860,transcript_media/en/ZS_F1_0943_en.mp3,F1-GMS-0901A 09:55.93-09:59.78
944,1,901,129,GLOSSIKA-ENZS-F1-GMS-0901A.mp3,612.272,615.210,2.938,transcript_media/en/ZS_F1_0944_en.mp3,F1-GMS-0901A 10:12.27-10:15.21
945,1,901,132,GLOSSIKA-ENZS-F1-GMS-0901A.mp3,624.934,626.100,1.166,transcript_media/en/ZS_F1_0945_en.mp3,F1-GMS-0901A 10:24.93-10:26.10
946,1,901,135,GLOSSIKA-ENZS-F1-GMS-0901A.mp3,638.934,640.687,1.753,transcript_media/en/ZS_F1_0946_en.mp3,F1-GMS-0901A 10:38.93-10:40.69
947,1,901,138,GLOSSIKA-ENZS-F1-GMS-0901A.mp3,646.312,647.419,1.107,transcript_media/en/ZS_F1_0947_en.mp3,F1-GMS-0901A 10:46.31-10:47.42
948,1,901,141,GLOSSIKA-ENZS-F1-GMS-0901A.mp3,656.496,658.274,1.778,transcript_media/en/ZS_F1_0948_en.mp3,F1-GMS-0901A 10:56.50-10:58.27
949,1,901,144,GLOSSIKA-ENZS-F1-GMS-0901A.mp3,668.816,670.873,2.057,transcript_media/en/ZS_F1_0949_en.mp3,F1-GMS-0901A 11:08.82-11:10.87
950,1,901,147,GLOSSIKA-ENZS-F1-GMS-0901A.mp3,681.394,683.509,2.115,transcript_media/en/ZS_F1_0950_en.mp3,F1-GMS-0901A 11:21.39-11:23.51
951,1,951,0,GLOSSIKA-ENZS-F1-GMS-0951A.mp3,9.082,10.445,1.363,transcript_media/en/ZS_F1_0951_en.mp3,F1-GMS-0951A 00:09.08-00:10.45
952,1,951,3,GLOSSIKA-ENZS-F1-GMS-0951A.mp3,19.068,20.548,1.480,transcript_media/en/ZS_F1_0952_en.mp3,F1-GMS-0951A 00:19.07-00:20.55
953,1,951,6,GLOSSIKA-ENZS-F1-GMS-0951A.mp3,30.588,32.737,2.149,transcript_media/en/ZS_F1_0953_en.mp3,F1-GMS-0951A 00:30.59-00:32.74
954,1,951,9,GLOSSIKA-ENZS-F1-GMS-0951A.mp3,42.466,45.558,3.092,transcript_media/en/ZS_F1_0954_en.mp3,F1-GMS-0951A 00:42.47-00:45.56
955,1,951,12,GLOSSIKA-ENZS-F1-GMS-0951A.mp3,59.189,61.076,1.887,transcript_media/en/ZS_F1_0955_en.mp3,F1-GMS-0951A 00:59.19-01:01.08
956,1,951,15,GLOSSIKA-ENZS-F1-GMS-0951A.mp3,72.832,74.879,2.048,transcript_media/en/ZS_F1_0956_en.mp3,F1-GMS-0951A 01:12.83-01:14.88
957,1,951,18,GLOSSIKA-ENZS-F1-GMS-0951A.mp3,87.754,91.134,3.380,transcript_media/en/ZS_F1_0957_en.mp3,F1-GMS-0951A 01:27.75-01:31.13
958,1,951,21,GLOSSIKA-ENZS-F1-GMS-0951A.mp3,105.784,109.039,3.256,transcript_media/en/ZS_F1_0958_en.mp3,F1-GMS-0951A 01:45.78-01:49.04
959,1,951,24,GLOSSIKA-ENZS-F1-GMS-0951A.mp3,123.823,127.235,3.411,transcript_media/en/ZS_F1_0959_en.mp3,F1-GMS-0951A 02:03.82-02:07.23
960,1,951,27,GLOSSIKA-ENZS-F1-GMS-0951A.mp3,142.462,145.773,3.311,transcript_media/en/ZS_F1_0960_en.mp3,F1-GMS-0951A 02:22.46-02:25.77
961,1,951,30,GLOSSIKA-ENZS-F1-GMS-0951A.mp3,160.966,162.242,1.277,transcript_media/en/ZS_F1_0961_en.mp3,F1-GMS-0951A 02:40.97-02:42.24
962,1,951,33,GLOSSIKA-ENZS-F1-GMS-0951A.mp3,172.419,174.068,1.649,transcript_media/en/ZS_F1_0962_en.mp3,F1-GMS-0951A 02:52.42-02:54.07
963,1,951,36,GLOSSIKA-ENZS-F1-GMS-0951A.mp3,184.120,185.879,1.759,transcript_media/en/ZS_F1_0963_en.mp3,F1-GMS-0951A 03:04.12-03:05.88
964,1,951,39,GLOSSIKA-ENZS-F1-GMS-0951A.mp3,195.598,197.941,2.343,transcript_media/en/ZS_F1_0964_en.mp3,F1-GMS-0951A 03:15.60-03:17.94
965,1,951,42,GLOSSIKA-ENZS-F1-GMS-0951A.mp3,210.256,213.217,2.961,transcript_media/en/ZS_F1_0965_en.mp3,F1-GMS-0951A 03:30.26-03:33.22
966,1,951,45,GLOSSIKA-ENZS-F1-GMS-0951A.mp3,227.320,228.694,1.373,transcript_media/en/ZS_F1_0966_en.mp3,F1-GMS-0951A 03:47.32-03:48.69
967,1,951,48,GLOSSIKA-ENZS-F1-GMS-0951A.mp3,238.685,240.199,1.514,transcript_media/en/ZS_F1_0967_en.mp3,F1-GMS-0951A 03:58.69-04:00.20
968,1,951,51,GLOSSIKA-ENZS-F1-GMS-0951A.mp3,250.207,251.180,0.973,transcript_media/en/ZS_F1_0968_en.mp3,F1-GMS-0951A 04:10.21-04:11.18
969,1,951,54,GLOSSIKA-ENZS-F1-GMS-0951A.mp3,260.600,261.671,1.072,transcript_media/en/ZS_F1_0969_en.mp3,F1-GMS-0951A 04:20.60-04:21.67
970,1,951,57,GLOSSIKA-ENZS-F1-GMS-0951A.mp3,271.713,273.447,1.734,transcript_media/en/ZS_F1_0970_en.mp3,F1-GMS-0951A 04:31.71-04:33.45
971,1,951,60,GLOSSIKA-ENZS-F1-GMS-0951A.mp3,283.843,286.597,2.754,transcript_media/en/ZS_F1_0971_en.mp3,F1-GMS-0951A 04:43.84-04:46.60
972,1,951,63,GLOSSIKA-ENZS-F1-GMS-0951A.mp3,300.201,304.171,3.969,transcript_media/en/ZS_F1_0972_en.mp3,F1-GMS-0951A 05:00.20-05:04.17
973,1,951,66,GLOSSIKA-ENZS-F1-GMS-0951A.mp3,319.589,322.966,3.377,transcript_media/en/ZS_F1_0973_en.mp3,F1-GMS-0951A 05:19.59-05:22.97
974,1,951,69,GLOSSIKA-ENZS-F1-GMS-0951A.mp3,336.904,342.090,5.185,transcript_media/en/ZS_F1_0974_en.mp3,F1-GMS-0951A 05:36.90-05:42.09
975,1,951,72,GLOSSIKA-ENZS-F1-GMS-0951A.mp3,363.997,365.412,1.415,transcript_media/en/ZS_F1_0975_en.mp3,F1-GMS-0951A 06:04.00-06:05.41
976,1,951,75,GLOSSIKA-ENZS-F1-GMS-0951A.mp3,375.348,377.019,1.671,transcript_media/en/ZS_F1_0976_en.mp3,F1-GMS-0951A 06:15.35-06:17.02
977,1,951,78,GLOSSIKA-ENZS-F1-GMS-0951A.mp3,388.741,390.381,1.640,transcript_media/en/ZS_F1_0977_en.mp3,F1-GMS-0951A 06:28.74-06:30.38
978,1,951,81,GLOSSIKA-ENZS-F1-GMS-0951A.mp3,400.612,402.176,1.564,transcript_media/en/ZS_F1_0978_en.mp3,F1-GMS-0951A 06:40.61-06:42.18
979,1,951,84,GLOSSIKA-ENZS-F1-GMS-0951A.mp3,412.421,413.950,1.530,transcript_media/en/ZS_F1_0979_en.mp3,F1-GMS-0951A 06:52.42-06:53.95
980,1,951,87,GLOSSIKA-ENZS-F1-GMS-0951A.mp3,424.309,426.674,2.365,transcript_media/en/ZS_F1_0980_en.mp3,F1-GMS-0951A 07:04.31-07:06.67
981,1,951,90,GLOSSIKA-ENZS-F1-GMS-0951A.mp3,439.768,442.849,3.081,transcript_media/en/ZS_F1_0981_en.mp3,F1-GMS-0951A 07:19.77-07:22.85
982,1,951,93,GLOSSIKA-ENZS-F1-GMS-0951A.mp3,456.448,458.888,2.440,transcript_media/en/ZS_F1_0982_en.mp3,F1-GMS-0951A 07:36.45-07:38.89
983,1,951,96,GLOSSIKA-ENZS-F1-GMS-0951A.mp3,470.774,472.564,1.789,transcript_media/en/ZS_F1_0983_en.mp3,F1-GMS-0951A 07:50.77-07:52.56
984,1,951,99,GLOSSIKA-ENZS-F1-GMS-0951A.mp3,482.972,486.886,3.914,transcript_media/en/ZS_F1_0984_en.mp3,F1-GMS-0951A 08:02.97-08:06.89
985,1,951,102,GLOSSIKA-ENZS-F1-GMS-0951A.mp3,502.390,504.471,2.082,transcript_media/en/ZS_F1_0985_en.mp3,F1-GMS-0951A 08:22.39-08:24.47
986,1,951,105,GLOSSIKA-ENZS-F1-GMS-0951A.mp3,515.539,518.058,2.518,transcript_media/en/ZS_F1_0986_en.mp3,F1-GMS-0951A 08:35.54-08:38.06
987,1,951,108,GLOSSIKA-ENZS-F1-GMS-0951A.mp3,529.832,531.586,1.754,transcript_media/en/ZS_F1_0987_en.mp3,F1-GMS-0951A 08:49.83-08:51.59
988,1,951,111,GLOSSIKA-ENZS-F1-GMS-0951A.mp3,541.586,543.197,1.611,transcript_media/en/ZS_F1_0988_en.mp3,F1-GMS-0951A 09:01.59-09:03.20
989,1,951,114,GLOSSIKA-ENZS-F1-GMS-0951A.mp3,552.983,554.485,1.502,transcript_media/en/ZS_F1_0989_en.mp3,F1-GMS-0951A 09:12.98-09:14.48
990,1,951,117,GLOSSIKA-ENZS-F1-GMS-0951A.mp3,564.115,565.949,1.833,transcript_media/en/ZS_F1_0990_en.mp3,F1-GMS-0951A 09:24.12-09:25.95
991,1,951,120,GLOSSIKA-ENZS-F1-GMS-0951A.mp3,575.484,578.304,2.820,transcript_media/en/ZS_F1_0991_en.mp3,F1-GMS-0951A 09:35.48-09:38.30
992,1,951,123,GLOSSIKA-ENZS-F1-GMS-0951A.mp3,590.900,592.881,1.981,transcript_media/en/ZS_F1_0992_en.mp3,F1-GMS-0951A 09:50.90-09:52.88
993,1,951,126,GLOSSIKA-ENZS-F1-GMS-0951A.mp3,604.146,607.219,3.074,transcript_media/en/ZS_F1_0993_en.mp3,F1-GMS-0951A 10:04.15-10:07.22
994,1,951,129,GLOSSIKA-ENZS-F1-GMS-0951A.mp3,622.336,626.024,3.688,transcript_media/en/ZS_F1_0994_en.mp3,F1-GMS-0951A 10:22.34-10:26.02
995,1,951,132,GLOSSIKA-ENZS-F1-GMS-0951A.mp3,640.528,641.702,1.174,transcript_media/en/ZS_F1_0995_en.mp3,F1-GMS-0951A 10:40.53-10:41.70
996,1,951,135,GLOSSIKA-ENZS-F1-GMS-0951A.mp3,651.687,653.484,1.797,transcript_media/en/ZS_F1_0996_en.mp3,F1-GMS-0951A 10:51.69-10:53.48
997,1,951,138,GLOSSIKA-ENZS-F1-GMS-0951A.mp3,664.618,665.650,1.032,transcript_media/en/ZS_F1_0997_en.mp3,F1-GMS-0951A 11:04.62-11:05.65
998,1,951,141,GLOSSIKA-ENZS-F1-GMS-0951A.mp3,674.296,676.245,1.949,transcript_media/en/ZS_F1_0998_en.mp3,F1-GMS-0951A 11:14.30-11:16.24
999,1,951,144,GLOSSIKA-ENZS-F1-GMS-0951A.mp3,687.102,688.258,1.156,transcript_media/en/ZS_F1_0999_en.mp3,F1-GMS-0951A 11:27.10-11:28.26
1000,1,951,147,GLOSSIKA-ENZS-F1-GMS-0951A.mp3,698.697,701.586,2.889,transcript_media/en/ZS_F1_1000_en.mp3,F1-GMS-0951A 11:38.70-11:41.59
1001,2,1001,0,GLOSSIKA-ENZS-F2-GMS-1001A.mp3,0.000,3.279,3.279,transcript_media/en/ZS_F2_1001_en.mp3,F2-GMS-1001A 00:00.00-00:03.28
1002,2,1001,3,GLOSSIKA-ENZS-F2-GMS-1001A.mp3,17.225,19.051,1.826,transcript_media/en/ZS_F2_1002_en.mp3,F2-GMS-1001A 00:17.22-00:19.05
1003,2,1001,6,GLOSSIKA-ENZS-F2-GMS-1001A.mp3,29.080,31.503,2.423,transcript_media/en/ZS_F2_1003_en.mp3,F2-GMS-1001A 00:29.08-00:31.50
1004,2,1001,9,GLOSSIKA-ENZS-F2-GMS-1001A.mp3,44.136,49.164,5.027,transcript_media/en/ZS_F2_1004_en.mp3,F2-GMS-1001A 00:44.14-00:49.16
1005,2,1001,12,GLOSSIKA-ENZS-F2-GMS-1001A.mp3,63.841,66.206,2.364,transcript_media/en/ZS_F2_1005_en.mp3,F2-GMS-1001A 01:03.84-01:06.21
1006,2,1001,15,GLOSSIKA-ENZS-F2-GMS-1001A.mp3,79.273,83.366,4.093,transcript_media/en/ZS_F2_1006_en.mp3,F2-GMS-1001A 01:19.27-01:23.37
1007,2,1001,18,GLOSSIKA-ENZS-F2-GMS-1001A.mp3,96.282,98.139,1.856,transcript_media/en/ZS_F2_1007_en.mp3,F2-GMS-1001A 01:36.28-01:38.14
1008,2,1001,21,GLOSSIKA-ENZS-F2-GMS-1001A.mp3,109.157,112.304,3.146,transcript_media/en/ZS_F2_1008_en.mp3,F2-GMS-1001A 01:49.16-01:52.30
1009,2,1001,24,GLOSSIKA-ENZS-F2-GMS-1001A.mp3,123.694,125.107,1.413,transcript_media/en/ZS_F2_1009_en.mp3,F2-GMS-1001A 02:03.69-02:05.11
1010,2,1001,27,GLOSSIKA-ENZS-F2-GMS-1001A.mp3,136.454,139.546,3.092,transcript_media/en/ZS_F2_1010_en.mp3,F2-GMS-1001A 02:16.45-02:19.55
1011,2,1001,30,GLOSSIKA-ENZS-F2-GMS-1001A.mp3,151.032,152.671,1.639,transcript_media/en/ZS_F2_1011_en.mp3,F2-GMS-1001A 02:31.03-02:32.67
1012,2,1001,33,GLOSSIKA-ENZS-F2-GMS-1001A.mp3,166.989,171.293,4.304,transcript_media/en/ZS_F2_1012_en.mp3,F2-GMS-1001A 02:46.99-02:51.29
1013,2,1001,36,GLOSSIKA-ENZS-F2-GMS-1001A.mp3,186.463,187.854,1.391,transcript_media/en/ZS_F2_1013_en.mp3,F2-GMS-1001A 03:06.46-03:07.85
1014,2,1001,39,GLOSSIKA-ENZS-F2-GMS-1001A.mp3,198.841,200.838,1.997,transcript_media/en/ZS_F2_1014_en.mp3,F2-GMS-1001A 03:18.84-03:20.84
1015,2,1001,42,GLOSSIKA-ENZS-F2-GMS-1001A.mp3,212.118,214.050,1.931,transcript_media/en/ZS_F2_1015_en.mp3,F2-GMS-1001A 03:32.12-03:34.05
1016,2,1001,45,GLOSSIKA-ENZS-F2-GMS-1001A.mp3,225.972,228.058,2.087,transcript_media/en/ZS_F2_1016_en.mp3,F2-GMS-1001A 03:45.97-03:48.06
1017,2,1001,48,GLOSSIKA-ENZS-F2-GMS-1001A.mp3,240.020,242.516,2.496,transcript_media/en/ZS_F2_1017_en.mp3,F2-GMS-1001A 04:00.02-04:02.52
1018,2,1001,51,GLOSSIKA-ENZS-F2-GMS-1001A.mp3,253.932,256.572,2.640,transcript_media/en/ZS_F2_1018_en.mp3,F2-GMS-1001A 04:13.93-04:16.57
1019,2,1001,54,GLOSSIKA-ENZS-F2-GMS-1001A.mp3,268.034,269.699,1.665,transcript_media/en/ZS_F2_1019_en.mp3,F2-GMS-1001A 04:28.03-04:29.70
1020,2,1001,57,GLOSSIKA-ENZS-F2-GMS-1001A.mp3,280.860,282.990,2.130,transcript_media/en/ZS_F2_1020_en.mp3,F2-GMS-1001A 04:40.86-04:42.99
1021,2,1001,60,GLOSSIKA-ENZS-F2-GMS-1001A.mp3,296.449,298.198,1.749,transcript_media/en/ZS_F2_1021_en.mp3,F2-GMS-1001A 04:56.45-04:58.20
1022,2,1001,63,GLOSSIKA-ENZS-F2-GMS-1001A.mp3,308.544,310.417,1.873,transcript_media/en/ZS_F2_1022_en.mp3,F2-GMS-1001A 05:08.54-05:10.42
1023,2,1001,66,GLOSSIKA-ENZS-F2-GMS-1001A.mp3,320.847,323.716,2.870,transcript_media/en/ZS_F2_1023_en.mp3,F2-GMS-1001A 05:20.85-05:23.72
1024,2,1001,69,GLOSSIKA-ENZS-F2-GMS-1001A.mp3,335.944,336.907,0.964,transcript_media/en/ZS_F2_1024_en.mp3,F2-GMS-1001A 05:35.94-05:36.91
1025,2,1001,72,GLOSSIKA-ENZS-F2-GMS-1001A.mp3,344.332,346.570,2.238,transcript_media/en/ZS_F2_1025_en.mp3,F2-GMS-1001A 05:44.33-05:46.57
1026,2,1001,75,GLOSSIKA-ENZS-F2-GMS-1001A.mp3,360.354,363.208,2.854,transcript_media/en/ZS_F2_1026_en.mp3,F2-GMS-1001A 06:00.35-06:03.21
1027,2,1001,78,GLOSSIKA-ENZS-F2-GMS-1001A.mp3,374.375,376.127,1.752,transcript_media/en/ZS_F2_1027_en.mp3,F2-GMS-1001A 06:14.38-06:16.13
1028,2,1001,81,GLOSSIKA-ENZS-F2-GMS-1001A.mp3,389.921,393.481,3.560,transcript_media/en/ZS_F2_1028_en.mp3,F2-GMS-1001A 06:29.92-06:33.48
1029,2,1001,84,GLOSSIKA-ENZS-F2-GMS-1001A.mp3,403.890,406.245,2.354,transcript_media/en/ZS_F2_1029_en.mp3,F2-GMS-1001A 06:43.89-06:46.24
1030,2,1001,87,GLOSSIKA-ENZS-F2-GMS-1001A.mp3,415.743,417.336,1.593,transcript_media/en/ZS_F2_1030_en.mp3,F2-GMS-1001A 06:55.74-06:57.34
1031,2,1001,90,GLOSSIKA-ENZS-F2-GMS-1001A.mp3,427.935,429.729,1.794,transcript_media/en/ZS_F2_1031_en.mp3,F2-GMS-1001A 07:07.93-07:09.73
1032,2,1001,93,GLOSSIKA-ENZS-F2-GMS-1001A.mp3,439.976,441.386,1.410,transcript_media/en/ZS_F2_1032_en.mp3,F2-GMS-1001A 07:19.98-07:21.39
1033,2,1001,96,GLOSSIKA-ENZS-F2-GMS-1001A.mp3,451.341,453.195,1.854,transcript_media/en/ZS_F2_1033_en.mp3,F2-GMS-1001A 07:31.34-07:33.19
1034,2,1001,99,GLOSSIKA-ENZS-F2-GMS-1001A.mp3,462.912,464.337,1.425,transcript_media/en/ZS_F2_1034_en.mp3,F2-GMS-1001A 07:42.91-07:44.34
1035,2,1001,102,GLOSSIKA-ENZS-F2-GMS-1001A.mp3,475.485,478.235,2.750,transcript_media/en/ZS_F2_1035_en.mp3,F2-GMS-1001A 07:55.49-07:58.23
1036,2,1001,105,GLOSSIKA-ENZS-F2-GMS-1001A.mp3,489.086,491.146,2.060,transcript_media/en/ZS_F2_1036_en.mp3,F2-GMS-1001A 08:09.09-08:11.15
1037,2,1001,108,GLOSSIKA-ENZS-F2-GMS-1001A.mp3,501.730,503.729,1.999,transcript_media/en/ZS_F2_1037_en.mp3,F2-GMS-1001A 08:21.73-08:23.73
1038,2,1001,111,GLOSSIKA-ENZS-F2-GMS-1001A.mp3,513.805,515.919,2.114,transcript_media/en/ZS_F2_1038_en.mp3,F2-GMS-1001A 08:33.80-08:35.92
1039,2,1001,114,GLOSSIKA-ENZS-F2-GMS-1001A.mp3,526.385,528.099,1.713,transcript_media/en/ZS_F2_1039_en.mp3,F2-GMS-1001A 08:46.39-08:48.10
1040,2,1001,117,GLOSSIKA-ENZS-F2-GMS-1001A.mp3,538.421,540.199,1.778,transcript_media/en/ZS_F2_1040_en.mp3,F2-GMS-1001A 08:58.42-09:00.20
1041,2,1001,120,GLOSSIKA-ENZS-F2-GMS-1001A.mp3,552.218,555.239,3.021,transcript_media/en/ZS_F2_1041_en.mp3,F2-GMS-1001A 09:12.22-09:15.24
1042,2,1001,123,GLOSSIKA-ENZS-F2-GMS-1001A.mp3,568.340,571.309,2.970,transcript_media/en/ZS_F2_1042_en.mp3,F2-GMS-1001A 09:28.34-09:31.31
1043,2,1001,126,GLOSSIKA-ENZS-F2-GMS-1001A.mp3,583.707,586.488,2.781,transcript_media/en/ZS_F2_1043_en.mp3,F2-GMS-1001A 09:43.71-09:46.49
1044,2,1001,129,GLOSSIKA-ENZS-F2-GMS-1001A.mp3,598.884,601.340,2.457,transcript_media/en/ZS_F2_1044_en.mp3,F2-GMS-1001A 09:58.88-10:01.34
1045,2,1001,132,GLOSSIKA-ENZS-F2-GMS-1001A.mp3,610.495,611.985,1.490,transcript_media/en/ZS_F2_1045_en.mp3,F2-GMS-1001A 10:10.50-10:11.99
1046,2,1001,135,GLOSSIKA-ENZS-F2-GMS-1001A.mp3,622.821,624.497,1.676,transcript_media/en/ZS_F2_1046_en.mp3,F2-GMS-1001A 10:22.82-10:24.50
1047,2,1001,138,GLOSSIKA-ENZS-F2-GMS-1001A.mp3,637.117,639.749,2.631,transcript_media/en/ZS_F2_1047_en.mp3,F2-GMS-1001A 10:37.12-10:39.75
1048,2,1001,141,GLOSSIKA-ENZS-F2-GMS-1001A.mp3,650.306,652.298,1.991,transcript_media/en/ZS_F2_1048_en.mp3,F2-GMS-1001A 10:50.31-10:52.30
1049,2,1001,144,GLOSSIKA-ENZS-F2-GMS-1001A.mp3,667.586,671.455,3.869,transcript_media/en/ZS_F2_1049_en.mp3,F2-GMS-1001A 11:07.59-11:11.45
1050,2,1001,147,GLOSSIKA-ENZS-F2-GMS-1001A.mp3,681.942,683.403,1.461,transcript_media/en/ZS_F2_1050_en.mp3,F2-GMS-1001A 11:21.94-11:23.40
1051,2,1051,0,GLOSSIKA-ENZS-F2-GMS-1051A.mp3,0.000,3.279,3.279,transcript_media/en/ZS_F2_1051_en.mp3,F2-GMS-1051A 00:00.00-00:03.28
1052,2,1051,3,GLOSSIKA-ENZS-F2-GMS-1051A.mp3,13.156,16.617,3.461,transcript_media/en/ZS_F2_1052_en.mp3,F2-GMS-1051A 00:13.16-00:16.62
1053,2,1051,6,GLOSSIKA-ENZS-F2-GMS-1051A.mp3,29.977,31.263,1.286,transcript_media/en/ZS_F2_1053_en.mp3,F2-GMS-1051A 00:29.98-00:31.26
1054,2,1051,9,GLOSSIKA-ENZS-F2-GMS-1051A.mp3,50.051,51.353,1.302,transcript_media/en/ZS_F2_1054_en.mp3,F2-GMS-1051A 00:50.05-00:51.35
1055,2,1051,12,GLOSSIKA-ENZS-F2-GMS-1051A.mp3,61.925,65.745,3.820,transcript_media/en/ZS_F2_1055_en.mp3,F2-GMS-1051A 01:01.93-01:05.75
1056,2,1051,15,GLOSSIKA-ENZS-F2-GMS-1051A.mp3,81.134,84.811,3.677,transcript_media/en/ZS_F2_1056_en.mp3,F2-GMS-1051A 01:21.13-01:24.81
1057,2,1051,18,GLOSSIKA-ENZS-F2-GMS-1051A.mp3,96.110,98.064,1.954,transcript_media/en/ZS_F2_1057_en.mp3,F2-GMS-1051A 01:36.11-01:38.06
1058,2,1051,21,GLOSSIKA-ENZS-F2-GMS-1051A.mp3,108.243,109.846,1.603,transcript_media/en/ZS_F2_1058_en.mp3,F2-GMS-1051A 01:48.24-01:49.85
1059,2,1051,24,GLOSSIKA-ENZS-F2-GMS-1051A.mp3,121.477,123.797,2.320,transcript_media/en/ZS_F2_1059_en.mp3,F2-GMS-1051A 02:01.48-02:03.80
1060,2,1051,27,GLOSSIKA-ENZS-F2-GMS-1051A.mp3,133.668,135.146,1.478,transcript_media/en/ZS_F2_1060_en.mp3,F2-GMS-1051A 02:13.67-02:15.15
1061,2,1051,30,GLOSSIKA-ENZS-F2-GMS-1051A.mp3,145.254,146.851,1.596,transcript_media/en/ZS_F2_1061_en.mp3,F2-GMS-1051A 02:25.25-02:26.85
1062,2,1051,33,GLOSSIKA-ENZS-F2-GMS-1051A.mp3,160.882,164.273,3.390,transcript_media/en/ZS_F2_1062_en.mp3,F2-GMS-1051A 02:40.88-02:44.27
1063,2,1051,36,GLOSSIKA-ENZS-F2-GMS-1051A.mp3,177.383,180.140,2.757,transcript_media/en/ZS_F2_1063_en.mp3,F2-GMS-1051A 02:57.38-03:00.14
1064,2,1051,39,GLOSSIKA-ENZS-F2-GMS-1051A.mp3,193.818,196.391,2.573,transcript_media/en/ZS_F2_1064_en.mp3,F2-GMS-1051A 03:13.82-03:16.39
1065,2,1051,42,GLOSSIKA-ENZS-F2-GMS-1051A.mp3,207.461,209.278,1.816,transcript_media/en/ZS_F2_1065_en.mp3,F2-GMS-1051A 03:27.46-03:29.28
1066,2,1051,45,GLOSSIKA-ENZS-F2-GMS-1051A.mp3,219.990,221.876,1.886,transcript_media/en/ZS_F2_1066_en.mp3,F2-GMS-1051A 03:39.99-03:41.88
1067,2,1051,48,GLOSSIKA-ENZS-F2-GMS-1051A.mp3,242.040,247.416,5.376,transcript_media/en/ZS_F2_1067_en.mp3,F2-GMS-1051A 04:02.04-04:07.42
1068,2,1051,51,GLOSSIKA-ENZS-F2-GMS-1051A.mp3,261.970,265.352,3.382,transcript_media/en/ZS_F2_1068_en.mp3,F2-GMS-1051A 04:21.97-04:25.35
1069,2,1051,54,GLOSSIKA-ENZS-F2-GMS-1051A.mp3,279.709,282.748,3.039,transcript_media/en/ZS_F2_1069_en.mp3,F2-GMS-1051A 04:39.71-04:42.75
1070,2,1051,57,GLOSSIKA-ENZS-F2-GMS-1051A.mp3,297.631,300.669,3.038,transcript_media/en/ZS_F2_1070_en.mp3,F2-GMS-1051A 04:57.63-05:00.67
1071,2,1051,60,GLOSSIKA-ENZS-F2-GMS-1051A.mp3,309.443,313.115,3.672,transcript_media/en/ZS_F2_1071_en.mp3,F2-GMS-1051A 05:09.44-05:13.11
1072,2,1051,63,GLOSSIKA-ENZS-F2-GMS-1051A.mp3,325.826,327.280,1.455,transcript_media/en/ZS_F2_1072_en.mp3,F2-GMS-1051A 05:25.83-05:27.28
1073,2,1051,66,GLOSSIKA-ENZS-F2-GMS-1051A.mp3,342.490,345.215,2.725,transcript_media/en/ZS_F2_1073_en.mp3,F2-GMS-1051A 05:42.49-05:45.22
1074,2,1051,69,GLOSSIKA-ENZS-F2-GMS-1051A.mp3,358.794,360.582,1.787,transcript_media/en/ZS_F2_1074_en.mp3,F2-GMS-1051A 05:58.79-06:00.58
1075,2,1051,72,GLOSSIKA-ENZS-F2-GMS-1051A.mp3,371.817,375.111,3.293,transcript_media/en/ZS_F2_1075_en.mp3,F2-GMS-1051A 06:11.82-06:15.11
1076,2,1051,75,GLOSSIKA-ENZS-F2-GMS-1051A.mp3,387.273,389.053,1.779,transcript_media/en/ZS_F2_1076_en.mp3,F2-GMS-1051A 06:27.27-06:29.05
1077,2,1051,78,GLOSSIKA-ENZS-F2-GMS-1051A.mp3,400.802,404.126,3.324,transcript_media/en/ZS_F2_1077_en.mp3,F2-GMS-1051A 06:40.80-06:44.13
1078,2,1051,81,GLOSSIKA-ENZS-F2-GMS-1051A.mp3,414.354,417.487,3.133,transcript_media/en/ZS_F2_1078_en.mp3,F2-GMS-1051A 06:54.35-06:57.49
1079,2,1051,84,GLOSSIKA-ENZS-F2-GMS-1051A.mp3,427.770,431.476,3.705,transcript_media/en/ZS_F2_1079_en.mp3,F2-GMS-1051A 07:07.77-07:11.48
1080,2,1051,87,GLOSSIKA-ENZS-F2-GMS-1051A.mp3,441.628,442.952,1.324,transcript_media/en/ZS_F2_1080_en.mp3,F2-GMS-1051A 07:21.63-07:22.95
1081,2,1051,90,GLOSSIKA-ENZS-F2-GMS-1051A.mp3,450.681,452.490,1.808,transcript_media/en/ZS_F2_1081_en.mp3,F2-GMS-1051A 07:30.68-07:32.49
1082,2,1051,93,GLOSSIKA-ENZS-F2-GMS-1051A.mp3,460.011,461.878,1.867,transcript_media/en/ZS_F2_1082_en.mp3,F2-GMS-1051A 07:40.01-07:41.88
1083,2,1051,96,GLOSSIKA-ENZS-F2-GMS-1051A.mp3,473.905,475.639,1.734,transcript_media/en/ZS_F2_1083_en.mp3,F2-GMS-1051A 07:53.91-07:55.64
1084,2,1051,99,GLOSSIKA-ENZS-F2-GMS-1051A.mp3,485.143,486.332,1.189,transcript_media/en/ZS_F2_1084_en.mp3,F2-GMS-1051A 08:05.14-08:06.33
1085,2,1051,102,GLOSSIKA-ENZS-F2-GMS-1051A.mp3,496.159,497.673,1.514,transcript_media/en/ZS_F2_1085_en.mp3,F2-GMS-1051A 08:16.16-08:17.67
1086,2,1051,105,GLOSSIKA-ENZS-F2-GMS-1051A.mp3,504.997,506.683,1.687,transcript_media/en/ZS_F2_1086_en.mp3,F2-GMS-1051A 08:25.00-08:26.68
1087,2,1051,108,GLOSSIKA-ENZS-F2-GMS-1051A.mp3,513.594,515.079,1.485,transcript_media/en/ZS_F2_1087_en.mp3,F2-GMS-1051A 08:33.59-08:35.08
1088,2,1051,111,GLOSSIKA-ENZS-F2-GMS-1051A.mp3,527.299,529.072,1.773,transcript_media/en/ZS_F2_1088_en.mp3,F2-GMS-1051A 08:47.30-08:49.07
1089,2,1051,114,GLOSSIKA-ENZS-F2-GMS-1051A.mp3,541.127,542.485,1.358,transcript_media/en/ZS_F2_1089_en.mp3,F2-GMS-1051A 09:01.13-09:02.48
1090,2,1051,117,GLOSSIKA-ENZS-F2-GMS-1051A.mp3,552.267,553.864,1.597,transcript_media/en/ZS_F2_1090_en.mp3,F2-GMS-1051A 09:12.27-09:13.86
1091,2,1051,120,GLOSSIKA-ENZS-F2-GMS-1051A.mp3,564.496,567.379,2.883,transcript_media/en/ZS_F2_1091_en.mp3,F2-GMS-1051A 09:24.50-09:27.38
1092,2,1051,123,GLOSSIKA-ENZS-F2-GMS-1051A.mp3,580.369,582.839,2.471,transcript_media/en/ZS_F2_1092_en.mp3,F2-GMS-1051A 09:40.37-09:42.84
1093,2,1051,126,GLOSSIKA-ENZS-F2-GMS-1051A.mp3,595.262,598.375,3.113,transcript_media/en/ZS_F2_1093_en.mp3,F2-GMS-1051A 09:55.26-09:58.37
1094,2,1051,129,GLOSSIKA-ENZS-F2-GMS-1051A.mp3,611.376,614.518,3.142,transcript_media/en/ZS_F2_1094_en.mp3,F2-GMS-1051A 10:11.38-10:14.52
1095,2,1051,132,GLOSSIKA-ENZS-F2-GMS-1051A.mp3,625.692,627.825,2.134,transcript_media/en/ZS_F2_1095_en.mp3,F2-GMS-1051A 10:25.69-10:27.83
1096,2,1051,135,GLOSSIKA-ENZS-F2-GMS-1051A.mp3,639.288,641.700,2.413,transcript_media/en/ZS_F2_1096_en.mp3,F2-GMS-1051A 10:39.29-10:41.70
1097,2,1051,138,GLOSSIKA-ENZS-F2-GMS-1051A.mp3,654.790,656.705,1.914,transcript_media/en/ZS_F2_1097_en.mp3,F2-GMS-1051A 10:54.79-10:56.70
1098,2,1051,141,GLOSSIKA-ENZS-F2-GMS-1051A.mp3,667.089,670.713,3.624,transcript_media/en/ZS_F2_1098_en.mp3,F2-GMS-1051A 11:07.09-11:10.71
1099,2,1051,144,GLOSSIKA-ENZS-F2-GMS-1051A.mp3,683.488,685.862,2.375,transcript_media/en/ZS_F2_1099_en.mp3,F2-GMS-1051A 11:23.49-11:25.86
1100,2,1051,147,GLOSSIKA-ENZS-F2-GMS-1051A.mp3,698.110,700.353,2.243,transcript_media/en/ZS_F2_1100_en.mp3,F2-GMS-1051A 11:38.11-11:40.35
1101,2,1101,0,GLOSSIKA-ENZS-F2-GMS-1101A.mp3,8.969,10.767,1.797,transcript_media/en/ZS_F2_1101_en.mp3,F2-GMS-1101A 00:08.97-00:10.77
1102,2,1101,3,GLOSSIKA-ENZS-F2-GMS-1101A.mp3,21.449,24.013,2.564,transcript_media/en/ZS_F2_1102_en.mp3,F2-GMS-1101A 00:21.45-00:24.01
1103,2,1101,6,GLOSSIKA-ENZS-F2-GMS-1101A.mp3,37.660,39.193,1.533,transcript_media/en/ZS_F2_1103_en.mp3,F2-GMS-1101A 00:37.66-00:39.19
1104,2,1101,9,GLOSSIKA-ENZS-F2-GMS-1101A.mp3,51.880,53.821,1.941,transcript_media/en/ZS_F2_1104_en.mp3,F2-GMS-1101A 00:51.88-00:53.82
1105,2,1101,12,GLOSSIKA-ENZS-F2-GMS-1101A.mp3,66.632,70.294,3.663,transcript_media/en/ZS_F2_1105_en.mp3,F2-GMS-1101A 01:06.63-01:10.29
1106,2,1101,15,GLOSSIKA-ENZS-F2-GMS-1101A.mp3,82.265,85.363,3.098,transcript_media/en/ZS_F2_1106_en.mp3,F2-GMS-1101A 01:22.26-01:25.36
1107,2,1101,18,GLOSSIKA-ENZS-F2-GMS-1101A.mp3,94.894,97.053,2.159,transcript_media/en/ZS_F2_1107_en.mp3,F2-GMS-1101A 01:34.89-01:37.05
1108,2,1101,21,GLOSSIKA-ENZS-F2-GMS-1101A.mp3,109.812,111.833,2.021,transcript_media/en/ZS_F2_1108_en.mp3,F2-GMS-1101A 01:49.81-01:51.83
1109,2,1101,24,GLOSSIKA-ENZS-F2-GMS-1101A.mp3,123.159,125.255,2.096,transcript_media/en/ZS_F2_1109_en.mp3,F2-GMS-1101A 02:03.16-02:05.25
1110,2,1101,27,GLOSSIKA-ENZS-F2-GMS-1101A.mp3,136.939,138.762,1.823,transcript_media/en/ZS_F2_1110_en.mp3,F2-GMS-1101A 02:16.94-02:18.76
1111,2,1101,30,GLOSSIKA-ENZS-F2-GMS-1101A.mp3,150.237,152.219,1.982,transcript_media/en/ZS_F2_1111_en.mp3,F2-GMS-1101A 02:30.24-02:32.22
1112,2,1101,33,GLOSSIKA-ENZS-F2-GMS-1101A.mp3,164.517,166.458,1.941,transcript_media/en/ZS_F2_1112_en.mp3,F2-GMS-1101A 02:44.52-02:46.46
1113,2,1101,36,GLOSSIKA-ENZS-F2-GMS-1101A.mp3,176.912,178.838,1.926,transcript_media/en/ZS_F2_1113_en.mp3,F2-GMS-1101A 02:56.91-02:58.84
1114,2,1101,39,GLOSSIKA-ENZS-F2-GMS-1101A.mp3,189.116,190.625,1.508,transcript_media/en/ZS_F2_1114_en.mp3,F2-GMS-1101A 03:09.12-03:10.62
1115,2,1101,42,GLOSSIKA-ENZS-F2-GMS-1101A.mp3,202.137,203.636,1.499,transcript_media/en/ZS_F2_1115_en.mp3,F2-GMS-1101A 03:22.14-03:23.64
1116,2,1101,45,GLOSSIKA-ENZS-F2-GMS-1101A.mp3,214.340,215.670,1.330,transcript_media/en/ZS_F2_1116_en.mp3,F2-GMS-1101A 03:34.34-03:35.67
1117,2,1101,48,GLOSSIKA-ENZS-F2-GMS-1101A.mp3,226.917,229.538,2.621,transcript_media/en/ZS_F2_1117_en.mp3,F2-GMS-1101A 03:46.92-03:49.54
1118,2,1101,51,GLOSSIKA-ENZS-F2-GMS-1101A.mp3,242.474,243.400,0.926,transcript_media/en/ZS_F2_1118_en.mp3,F2-GMS-1101A 04:02.47-04:03.40
1119,2,1101,54,GLOSSIKA-ENZS-F2-GMS-1101A.mp3,253.535,254.459,0.924,transcript_media/en/ZS_F2_1119_en.mp3,F2-GMS-1101A 04:13.54-04:14.46
1120,2,1101,57,GLOSSIKA-ENZS-F2-GMS-1101A.mp3,264.976,266.205,1.230,transcript_media/en/ZS_F2_1120_en.mp3,F2-GMS-1101A 04:24.98-04:26.21
1121,2,1101,60,GLOSSIKA-ENZS-F2-GMS-1101A.mp3,276.618,278.128,1.510,transcript_media/en/ZS_F2_1121_en.mp3,F2-GMS-1101A 04:36.62-04:38.13
1122,2,1101,63,GLOSSIKA-ENZS-F2-GMS-1101A.mp3,289.996,290.844,0.848,transcript_media/en/ZS_F2_1122_en.mp3,F2-GMS-1101A 04:50.00-04:50.84
1123,2,1101,66,GLOSSIKA-ENZS-F2-GMS-1101A.mp3,300.371,301.695,1.323,transcript_media/en/ZS_F2_1123_en.mp3,F2-GMS-1101A 05:00.37-05:01.69
1124,2,1101,69,GLOSSIKA-ENZS-F2-GMS-1101A.mp3,310.886,312.800,1.914,transcript_media/en/ZS_F2_1124_en.mp3,F2-GMS-1101A 05:10.89-05:12.80
1125,2,1101,72,GLOSSIKA-ENZS-F2-GMS-1101A.mp3,322.954,324.470,1.516,transcript_media/en/ZS_F2_1125_en.mp3,F2-GMS-1101A 05:22.95-05:24.47
1126,2,1101,75,GLOSSIKA-ENZS-F2-GMS-1101A.mp3,335.790,336.982,1.191,transcript_media/en/ZS_F2_1126_en.mp3,F2-GMS-1101A 05:35.79-05:36.98
1127,2,1101,78,GLOSSIKA-ENZS-F2-GMS-1101A.mp3,347.981,349.075,1.094,transcript_media/en/ZS_F2_1127_en.mp3,F2-GMS-1101A 05:47.98-05:49.08
1128,2,1101,81,GLOSSIKA-ENZS-F2-GMS-1101A.mp3,359.030,360.441,1.411,transcript_media/en/ZS_F2_1128_en.mp3,F2-GMS-1101A 05:59.03-06:00.44
1129,2,1101,84,GLOSSIKA-ENZS-F2-GMS-1101A.mp3,371.327,373.998,2.670,transcript_media/en/ZS_F2_1129_en.mp3,F2-GMS-1101A 06:11.33-06:14.00
1130,2,1101,87,GLOSSIKA-ENZS-F2-GMS-1101A.mp3,386.658,389.234,2.577,transcript_media/en/ZS_F2_1130_en.mp3,F2-GMS-1101A 06:26.66-06:29.23
1131,2,1101,90,GLOSSIKA-ENZS-F2-GMS-1101A.mp3,401.489,404.336,2.848,transcript_media/en/ZS_F2_1131_en.mp3,F2-GMS-1101A 06:41.49-06:44.34
1132,2,1101,93,GLOSSIKA-ENZS-F2-GMS-1101A.mp3,417.300,420.428,3.128,transcript_media/en/ZS_F2_1132_en.mp3,F2-GMS-1101A 06:57.30-07:00.43
1133,2,1101,96,GLOSSIKA-ENZS-F2-GMS-1101A.mp3,434.112,438.336,4.224,transcript_media/en/ZS_F2_1133_en.mp3,F2-GMS-1101A 07:14.11-07:18.34
1134,2,1101,99,GLOSSIKA-ENZS-F2-GMS-1101A.mp3,453.974,456.502,2.527,transcript_media/en/ZS_F2_1134_en.mp3,F2-GMS-1101A 07:33.97-07:36.50
1135,2,1101,102,GLOSSIKA-ENZS-F2-GMS-1101A.mp3,468.355,471.769,3.415,transcript_media/en/ZS_F2_1135_en.mp3,F2-GMS-1101A 07:48.35-07:51.77
1136,2,1101,105,GLOSSIKA-ENZS-F2-GMS-1101A.mp3,488.381,489.629,1.248,transcript_media/en/ZS_F2_1136_en.mp3,F2-GMS-1101A 08:08.38-08:09.63
1137,2,1101,108,GLOSSIKA-ENZS-F2-GMS-1101A.mp3,501.367,502.480,1.112,transcript_media/en/ZS_F2_1137_en.mp3,F2-GMS-1101A 08:21.37-08:22.48
1138,2,1101,111,GLOSSIKA-ENZS-F2-GMS-1101A.mp3,512.722,514.144,1.423,transcript_media/en/ZS_F2_1138_en.mp3,F2-GMS-1101A 08:32.72-08:34.14
1139,2,1101,114,GLOSSIKA-ENZS-F2-GMS-1101A.mp3,525.450,526.608,1.158,transcript_media/en/ZS_F2_1139_en.mp3,F2-GMS-1101A 08:45.45-08:46.61
1140,2,1101,117,GLOSSIKA-ENZS-F2-GMS-1101A.mp3,538.729,539.970,1.241,transcript_media/en/ZS_F2_1140_en.mp3,F2-GMS-1101A 08:58.73-08:59.97
1141,2,1101,120,GLOSSIKA-ENZS-F2-GMS-1101A.mp3,550.151,551.252,1.101,transcript_media/en/ZS_F2_1141_en.mp3,F2-GMS-1101A 09:10.15-09:11.25
1142,2,1101,123,GLOSSIKA-ENZS-F2-GMS-1101A.mp3,561.597,563.000,1.403,transcript_media/en/ZS_F2_1142_en.mp3,F2-GMS-1101A 09:21.60-09:23.00
1143,2,1101,126,GLOSSIKA-ENZS-F2-GMS-1101A.mp3,574.651,576.440,1.790,transcript_media/en/ZS_F2_1143_en.mp3,F2-GMS-1101A 09:34.65-09:36.44
1144,2,1101,129,GLOSSIKA-ENZS-F2-GMS-1101A.mp3,586.565,587.804,1.239,transcript_media/en/ZS_F2_1144_en.mp3,F2-GMS-1101A 09:46.57-09:47.80
1145,2,1101,132,GLOSSIKA-ENZS-F2-GMS-1101A.mp3,598.779,600.071,1.293,transcript_media/en/ZS_F2_1145_en.mp3,F2-GMS-1101A 09:58.78-10:00.07
1146,2,1101,135,GLOSSIKA-ENZS-F2-GMS-1101A.mp3,611.053,612.674,1.621,transcript_media/en/ZS_F2_1146_en.mp3,F2-GMS-1101A 10:11.05-10:12.67
1147,2,1101,138,GLOSSIKA-ENZS-F2-GMS-1101A.mp3,623.565,625.557,1.991,transcript_media/en/ZS_F2_1147_en.mp3,F2-GMS-1101A 10:23.57-10:25.56
1148,2,1101,141,GLOSSIKA-ENZS-F2-GMS-1101A.mp3,636.417,637.752,1.335,transcript_media/en/ZS_F2_1148_en.mp3,F2-GMS-1101A 10:36.42-10:37.75
1149,2,1101,144,GLOSSIKA-ENZS-F2-GMS-1101A.mp3,647.779,651.551,3.773,transcript_media/en/ZS_F2_1149_en.mp3,F2-GMS-1101A 10:47.78-10:51.55
1150,2,1101,147,GLOSSIKA-ENZS-F2-GMS-1101A.mp3,666.821,668.819,1.998,transcript_media/en/ZS_F2_1150_en.mp3,F2-GMS-1101A 11:06.82-11:08.82
1151,2,1151,0,GLOSSIKA-ENZS-F2-GMS-1151A.mp3,0.000,3.279,3.279,transcript_media/en/ZS_F2_1151_en.mp3,F2-GMS-1151A 00:00.00-00:03.28
1152,2,1151,3,GLOSSIKA-ENZS-F2-GMS-1151A.mp3,14.355,17.483,3.128,transcript_media/en/ZS_F2_1152_en.mp3,F2-GMS-1151A 00:14.35-00:17.48
1153,2,1151,6,GLOSSIKA-ENZS-F2-GMS-1151A.mp3,29.641,31.425,1.784,transcript_media/en/ZS_F2_1153_en.mp3,F2-GMS-1151A 00:29.64-00:31.42
1154,2,1151,9,GLOSSIKA-ENZS-F2-GMS-1151A.mp3,43.556,45.776,2.219,transcript_media/en/ZS_F2_1154_en.mp3,F2-GMS-1151A 00:43.56-00:45.78
1155,2,1151,12,GLOSSIKA-ENZS-F2-GMS-1151A.mp3,58.965,62.208,3.243,transcript_media/en/ZS_F2_1155_en.mp3,F2-GMS-1151A 00:58.96-01:02.21
1156,2,1151,15,GLOSSIKA-ENZS-F2-GMS-1151A.mp3,75.874,78.449,2.575,transcript_media/en/ZS_F2_1156_en.mp3,F2-GMS-1151A 01:15.87-01:18.45
1157,2,1151,18,GLOSSIKA-ENZS-F2-GMS-1151A.mp3,90.586,93.099,2.513,transcript_media/en/ZS_F2_1157_en.mp3,F2-GMS-1151A 01:30.59-01:33.10
1158,2,1151,21,GLOSSIKA-ENZS-F2-GMS-1151A.mp3,107.020,110.456,3.436,transcript_media/en/ZS_F2_1158_en.mp3,F2-GMS-1151A 01:47.02-01:50.46
1159,2,1151,24,GLOSSIKA-ENZS-F2-GMS-1151A.mp3,124.931,127.435,2.504,transcript_media/en/ZS_F2_1159_en.mp3,F2-GMS-1151A 02:04.93-02:07.44
1160,2,1151,27,GLOSSIKA-ENZS-F2-GMS-1151A.mp3,140.701,143.529,2.828,transcript_media/en/ZS_F2_1160_en.mp3,F2-GMS-1151A 02:20.70-02:23.53
1161,2,1151,30,GLOSSIKA-ENZS-F2-GMS-1151A.mp3,156.144,159.400,3.256,transcript_media/en/ZS_F2_1161_en.mp3,F2-GMS-1151A 02:36.14-02:39.40
1162,2,1151,33,GLOSSIKA-ENZS-F2-GMS-1151A.mp3,172.026,174.504,2.478,transcript_media/en/ZS_F2_1162_en.mp3,F2-GMS-1151A 02:52.03-02:54.50
1163,2,1151,36,GLOSSIKA-ENZS-F2-GMS-1151A.mp3,186.798,190.049,3.252,transcript_media/en/ZS_F2_1163_en.mp3,F2-GMS-1151A 03:06.80-03:10.05
1164,2,1151,39,GLOSSIKA-ENZS-F2-GMS-1151A.mp3,202.982,206.455,3.473,transcript_media/en/ZS_F2_1164_en.mp3,F2-GMS-1151A 03:22.98-03:26.45
1165,2,1151,42,GLOSSIKA-ENZS-F2-GMS-1151A.mp3,219.022,220.791,1.770,transcript_media/en/ZS_F2_1165_en.mp3,F2-GMS-1151A 03:39.02-03:40.79
1166,2,1151,45,GLOSSIKA-ENZS-F2-GMS-1151A.mp3,232.965,235.274,2.309,transcript_media/en/ZS_F2_1166_en.mp3,F2-GMS-1151A 03:52.97-03:55.27
1167,2,1151,48,GLOSSIKA-ENZS-F2-GMS-1151A.mp3,245.930,247.617,1.687,transcript_media/en/ZS_F2_1167_en.mp3,F2-GMS-1151A 04:05.93-04:07.62
1168,2,1151,51,GLOSSIKA-ENZS-F2-GMS-1151A.mp3,260.047,262.726,2.679,transcript_media/en/ZS_F2_1168_en.mp3,F2-GMS-1151A 04:20.05-04:22.73
1169,2,1151,54,GLOSSIKA-ENZS-F2-GMS-1151A.mp3,276.504,278.762,2.258,transcript_media/en/ZS_F2_1169_en.mp3,F2-GMS-1151A 04:36.50-04:38.76
1170,2,1151,57,GLOSSIKA-ENZS-F2-GMS-1151A.mp3,289.928,291.400,1.472,transcript_media/en/ZS_F2_1170_en.mp3,F2-GMS-1151A 04:49.93-04:51.40
1171,2,1151,60,GLOSSIKA-ENZS-F2-GMS-1151A.mp3,301.485,303.174,1.688,transcript_media/en/ZS_F2_1171_en.mp3,F2-GMS-1151A 05:01.49-05:03.17
1172,2,1151,63,GLOSSIKA-ENZS-F2-GMS-1151A.mp3,313.293,314.588,1.295,transcript_media/en/ZS_F2_1172_en.mp3,F2-GMS-1151A 05:13.29-05:14.59
1173,2,1151,66,GLOSSIKA-ENZS-F2-GMS-1151A.mp3,325.387,327.373,1.986,transcript_media/en/ZS_F2_1173_en.mp3,F2-GMS-1151A 05:25.39-05:27.37
1174,2,1151,69,GLOSSIKA-ENZS-F2-GMS-1151A.mp3,338.342,340.088,1.746,transcript_media/en/ZS_F2_1174_en.mp3,F2-GMS-1151A 05:38.34-05:40.09
1175,2,1151,72,GLOSSIKA-ENZS-F2-GMS-1151A.mp3,353.364,355.102,1.738,transcript_media/en/ZS_F2_1175_en.mp3,F2-GMS-1151A 05:53.36-05:55.10
1176,2,1151,75,GLOSSIKA-ENZS-F2-GMS-1151A.mp3,366.245,368.285,2.040,transcript_media/en/ZS_F2_1176_en.mp3,F2-GMS-1151A 06:06.24-06:08.28
1177,2,1151,78,GLOSSIKA-ENZS-F2-GMS-1151A.mp3,380.937,383.464,2.527,transcript_media/en/ZS_F2_1177_en.mp3,F2-GMS-1151A 06:20.94-06:23.46
1178,2,1151,81,GLOSSIKA-ENZS-F2-GMS-1151A.mp3,395.343,398.006,2.663,transcript_media/en/ZS_F2_1178_en.mp3,F2-GMS-1151A 06:35.34-06:38.01
1179,2,1151,84,GLOSSIKA-ENZS-F2-GMS-1151A.mp3,410.830,413.315,2.486,transcript_media/en/ZS_F2_1179_en.mp3,F2-GMS-1151A 06:50.83-06:53.32
1180,2,1151,87,GLOSSIKA-ENZS-F2-GMS-1151A.mp3,425.412,427.877,2.465,transcript_media/en/ZS_F2_1180_en.mp3,F2-GMS-1151A 07:05.41-07:07.88
1181,2,1151,90,GLOSSIKA-ENZS-F2-GMS-1151A.mp3,440.230,442.510,2.280,transcript_media/en/ZS_F2_1181_en.mp3,F2-GMS-1151A 07:20.23-07:22.51
1182,2,1151,93,GLOSSIKA-ENZS-F2-GMS-1151A.mp3,454.198,456.637,2.440,transcript_media/en/ZS_F2_1182_en.mp3,F2-GMS-1151A 07:34.20-07:36.64
1183,2,1151,96,GLOSSIKA-ENZS-F2-GMS-1151A.mp3,468.639,471.025,2.386,transcript_media/en/ZS_F2_1183_en.mp3,F2-GMS-1151A 07:48.64-07:51.03
1184,2,1151,99,GLOSSIKA-ENZS-F2-GMS-1151A.mp3,483.532,486.050,2.518,transcript_media/en/ZS_F2_1184_en.mp3,F2-GMS-1151A 08:03.53-08:06.05
1185,2,1151,102,GLOSSIKA-ENZS-F2-GMS-1151A.mp3,497.424,498.484,1.060,transcript_media/en/ZS_F2_1185_en.mp3,F2-GMS-1151A 08:17.42-08:18.48
1186,2,1151,105,GLOSSIKA-ENZS-F2-GMS-1151A.mp3,510.201,513.534,3.332,transcript_media/en/ZS_F2_1186_en.mp3,F2-GMS-1151A 08:30.20-08:33.53
1187,2,1151,108,GLOSSIKA-ENZS-F2-GMS-1151A.mp3,526.126,528.541,2.415,transcript_media/en/ZS_F2_1187_en.mp3,F2-GMS-1151A 08:46.13-08:48.54
1188,2,1151,111,GLOSSIKA-ENZS-F2-GMS-1151A.mp3,542.694,546.485,3.791,transcript_media/en/ZS_F2_1188_en.mp3,F2-GMS-1151A 09:02.69-09:06.48
1189,2,1151,114,GLOSSIKA-ENZS-F2-GMS-1151A.mp3,559.028,561.327,2.300,transcript_media/en/ZS_F2_1189_en.mp3,F2-GMS-1151A 09:19.03-09:21.33
1190,2,1151,117,GLOSSIKA-ENZS-F2-GMS-1151A.mp3,576.361,580.869,4.508,transcript_media/en/ZS_F2_1190_en.mp3,F2-GMS-1151A 09:36.36-09:40.87
1191,2,1151,120,GLOSSIKA-ENZS-F2-GMS-1151A.mp3,595.486,597.997,2.511,transcript_media/en/ZS_F2_1191_en.mp3,F2-GMS-1151A 09:55.49-09:58.00
1192,2,1151,123,GLOSSIKA-ENZS-F2-GMS-1151A.mp3,610.259,612.731,2.471,transcript_media/en/ZS_F2_1192_en.mp3,F2-GMS-1151A 10:10.26-10:12.73
1193,2,1151,126,GLOSSIKA-ENZS-F2-GMS-1151A.mp3,625.591,628.253,2.661,transcript_media/en/ZS_F2_1193_en.mp3,F2-GMS-1151A 10:25.59-10:28.25
1194,2,1151,129,GLOSSIKA-ENZS-F2-GMS-1151A.mp3,638.296,640.124,1.829,transcript_media/en/ZS_F2_1194_en.mp3,F2-GMS-1151A 10:38.30-10:40.12
1195,2,1151,132,GLOSSIKA-ENZS-F2-GMS-1151A.mp3,654.098,657.490,3.392,transcript_media/en/ZS_F2_1195_en.mp3,F2-GMS-1151A 10:54.10-10:57.49
1196,2,1151,135,GLOSSIKA-ENZS-F2-GMS-1151A.mp3,669.141,674.010,4.869,transcript_media/en/ZS_F2_1196_en.mp3,F2-GMS-1151A 11:09.14-11:14.01
1197,2,1151,138,GLOSSIKA-ENZS-F2-GMS-1151A.mp3,688.206,690.028,1.822,transcript_media/en/ZS_F2_1197_en.mp3,F2-GMS-1151A 11:28.21-11:30.03
1198,2,1151,141,GLOSSIKA-ENZS-F2-GMS-1151A.mp3,699.979,703.082,3.103,transcript_media/en/ZS_F2_1198_en.mp3,F2-GMS-1151A 11:39.98-11:43.08
1199,2,1151,144,GLOSSIKA-ENZS-F2-GMS-1151A.mp3,713.944,718.233,4.290,transcript_media/en/ZS_F2_1199_en.mp3,F2-GMS-1151A 11:53.94-11:58.23
1200,2,1151,147,GLOSSIKA-ENZS-F2-GMS-1151A.mp3,734.487,736.700,2.213,transcript_media/en/ZS_F2_1200_en.mp3,F2-GMS-1151A 12:14.49-12:16.70
1201,2,1201,0,GLOSSIKA-ENZS-F2-GMS-1201A.mp3,0.000,3.279,3.279,transcript_media/en/ZS_F2_1201_en.mp3,F2-GMS-1201A 00:00.00-00:03.28
1202,2,1201,3,GLOSSIKA-ENZS-F2-GMS-1201A.mp3,11.858,13.440,1.582,transcript_media/en/ZS_F2_1202_en.mp3,F2-GMS-1201A 00:11.86-00:13.44
1203,2,1201,6,GLOSSIKA-ENZS-F2-GMS-1201A.mp3,25.084,27.297,2.213,transcript_media/en/ZS_F2_1203_en.mp3,F2-GMS-1201A 00:25.08-00:27.30
1204,2,1201,9,GLOSSIKA-ENZS-F2-GMS-1201A.mp3,38.990,41.056,2.066,transcript_media/en/ZS_F2_1204_en.mp3,F2-GMS-1201A 00:38.99-00:41.06
1205,2,1201,12,GLOSSIKA-ENZS-F2-GMS-1201A.mp3,52.259,54.223,1.964,transcript_media/en/ZS_F2_1205_en.mp3,F2-GMS-1201A 00:52.26-00:54.22
1206,2,1201,15,GLOSSIKA-ENZS-F2-GMS-1201A.mp3,65.487,67.097,1.610,transcript_media/en/ZS_F2_1206_en.mp3,F2-GMS-1201A 01:05.49-01:07.10
1207,2,1201,18,GLOSSIKA-ENZS-F2-GMS-1201A.mp3,78.753,81.395,2.642,transcript_media/en/ZS_F2_1207_en.mp3,F2-GMS-1201A 01:18.75-01:21.39
1208,2,1201,21,GLOSSIKA-ENZS-F2-GMS-1201A.mp3,93.096,94.767,1.671,transcript_media/en/ZS_F2_1208_en.mp3,F2-GMS-1201A 01:33.10-01:34.77
1209,2,1201,24,GLOSSIKA-ENZS-F2-GMS-1201A.mp3,104.988,106.701,1.713,transcript_media/en/ZS_F2_1209_en.mp3,F2-GMS-1201A 01:44.99-01:46.70
1210,2,1201,27,GLOSSIKA-ENZS-F2-GMS-1201A.mp3,117.759,120.112,2.353,transcript_media/en/ZS_F2_1210_en.mp3,F2-GMS-1201A 01:57.76-02:00.11
1211,2,1201,30,GLOSSIKA-ENZS-F2-GMS-1201A.mp3,133.171,135.682,2.511,transcript_media/en/ZS_F2_1211_en.mp3,F2-GMS-1201A 02:13.17-02:15.68
1212,2,1201,33,GLOSSIKA-ENZS-F2-GMS-1201A.mp3,147.175,148.944,1.768,transcript_media/en/ZS_F2_1212_en.mp3,F2-GMS-1201A 02:27.18-02:28.94
1213,2,1201,36,GLOSSIKA-ENZS-F2-GMS-1201A.mp3,159.650,161.387,1.737,transcript_media/en/ZS_F2_1213_en.mp3,F2-GMS-1201A 02:39.65-02:41.39
1214,2,1201,39,GLOSSIKA-ENZS-F2-GMS-1201A.mp3,172.762,174.557,1.795,transcript_media/en/ZS_F2_1214_en.mp3,F2-GMS-1201A 02:52.76-02:54.56
1215,2,1201,42,GLOSSIKA-ENZS-F2-GMS-1201A.mp3,185.787,186.972,1.185,transcript_media/en/ZS_F2_1215_en.mp3,F2-GMS-1201A 03:05.79-03:06.97
1216,2,1201,45,GLOSSIKA-ENZS-F2-GMS-1201A.mp3,197.397,199.150,1.753,transcript_media/en/ZS_F2_1216_en.mp3,F2-GMS-1201A 03:17.40-03:19.15
1217,2,1201,48,GLOSSIKA-ENZS-F2-GMS-1201A.mp3,210.878,213.411,2.533,transcript_media/en/ZS_F2_1217_en.mp3,F2-GMS-1201A 03:30.88-03:33.41
1218,2,1201,51,GLOSSIKA-ENZS-F2-GMS-1201A.mp3,225.291,226.976,1.684,transcript_media/en/ZS_F2_1218_en.mp3,F2-GMS-1201A 03:45.29-03:46.98
1219,2,1201,54,GLOSSIKA-ENZS-F2-GMS-1201A.mp3,238.582,240.949,2.367,transcript_media/en/ZS_F2_1219_en.mp3,F2-GMS-1201A 03:58.58-04:00.95
1220,2,1201,57,GLOSSIKA-ENZS-F2-GMS-1201A.mp3,253.430,256.260,2.830,transcript_media/en/ZS_F2_1220_en.mp3,F2-GMS-1201A 04:13.43-04:16.26
1221,2,1201,60,GLOSSIKA-ENZS-F2-GMS-1201A.mp3,270.819,273.266,2.446,transcript_media/en/ZS_F2_1221_en.mp3,F2-GMS-1201A 04:30.82-04:33.27
1222,2,1201,63,GLOSSIKA-ENZS-F2-GMS-1201A.mp3,284.142,285.908,1.767,transcript_media/en/ZS_F2_1222_en.mp3,F2-GMS-1201A 04:44.14-04:45.91
1223,2,1201,66,GLOSSIKA-ENZS-F2-GMS-1201A.mp3,296.710,298.498,1.788,transcript_media/en/ZS_F2_1223_en.mp3,F2-GMS-1201A 04:56.71-04:58.50
1224,2,1201,69,GLOSSIKA-ENZS-F2-GMS-1201A.mp3,310.124,311.860,1.736,transcript_media/en/ZS_F2_1224_en.mp3,F2-GMS-1201A 05:10.12-05:11.86
1225,2,1201,72,GLOSSIKA-ENZS-F2-GMS-1201A.mp3,322.737,324.419,1.682,transcript_media/en/ZS_F2_1225_en.mp3,F2-GMS-1201A 05:22.74-05:24.42
1226,2,1201,75,GLOSSIKA-ENZS-F2-GMS-1201A.mp3,336.762,339.699,2.938,transcript_media/en/ZS_F2_1226_en.mp3,F2-GMS-1201A 05:36.76-05:39.70
1227,2,1201,78,GLOSSIKA-ENZS-F2-GMS-1201A.mp3,351.765,353.442,1.677,transcript_media/en/ZS_F2_1227_en.mp3,F2-GMS-1201A 05:51.76-05:53.44
1228,2,1201,81,GLOSSIKA-ENZS-F2-GMS-1201A.mp3,369.672,372.302,2.630,transcript_media/en/ZS_F2_1228_en.mp3,F2-GMS-1201A 06:09.67-06:12.30
1229,2,1201,84,GLOSSIKA-ENZS-F2-GMS-1201A.mp3,383.650,388.655,5.005,transcript_media/en/ZS_F2_1229_en.mp3,F2-GMS-1201A 06:23.65-06:28.65
1230,2,1201,87,GLOSSIKA-ENZS-F2-GMS-1201A.mp3,400.876,403.486,2.609,transcript_media/en/ZS_F2_1230_en.mp3,F2-GMS-1201A 06:40.88-06:43.49
1231,2,1201,90,GLOSSIKA-ENZS-F2-GMS-1201A.mp3,411.052,414.709,3.657,transcript_media/en/ZS_F2_1231_en.mp3,F2-GMS-1201A 06:51.05-06:54.71
1232,2,1201,93,GLOSSIKA-ENZS-F2-GMS-1201A.mp3,427.821,429.700,1.878,transcript_media/en/ZS_F2_1232_en.mp3,F2-GMS-1201A 07:07.82-07:09.70
1233,2,1201,96,GLOSSIKA-ENZS-F2-GMS-1201A.mp3,441.695,445.320,3.625,transcript_media/en/ZS_F2_1233_en.mp3,F2-GMS-1201A 07:21.70-07:25.32
1234,2,1201,99,GLOSSIKA-ENZS-F2-GMS-1201A.mp3,459.836,463.254,3.419,transcript_media/en/ZS_F2_1234_en.mp3,F2-GMS-1201A 07:39.84-07:43.25
1235,2,1201,102,GLOSSIKA-ENZS-F2-GMS-1201A.mp3,475.266,477.206,1.940,transcript_media/en/ZS_F2_1235_en.mp3,F2-GMS-1201A 07:55.27-07:57.21
1236,2,1201,105,GLOSSIKA-ENZS-F2-GMS-1201A.mp3,492.873,494.430,1.557,transcript_media/en/ZS_F2_1236_en.mp3,F2-GMS-1201A 08:12.87-08:14.43
1237,2,1201,108,GLOSSIKA-ENZS-F2-GMS-1201A.mp3,502.681,505.510,2.829,transcript_media/en/ZS_F2_1237_en.mp3,F2-GMS-1201A 08:22.68-08:25.51
1238,2,1201,111,GLOSSIKA-ENZS-F2-GMS-1201A.mp3,516.343,517.960,1.617,transcript_media/en/ZS_F2_1238_en.mp3,F2-GMS-1201A 08:36.34-08:37.96
1239,2,1201,114,GLOSSIKA-ENZS-F2-GMS-1201A.mp3,528.449,530.046,1.597,transcript_media/en/ZS_F2_1239_en.mp3,F2-GMS-1201A 08:48.45-08:50.05
1240,2,1201,117,GLOSSIKA-ENZS-F2-GMS-1201A.mp3,540.759,542.510,1.751,transcript_media/en/ZS_F2_1240_en.mp3,F2-GMS-1201A 09:00.76-09:02.51
1241,2,1201,120,GLOSSIKA-ENZS-F2-GMS-1201A.mp3,553.467,555.397,1.930,transcript_media/en/ZS_F2_1241_en.mp3,F2-GMS-1201A 09:13.47-09:15.40
1242,2,1201,123,GLOSSIKA-ENZS-F2-GMS-1201A.mp3,567.914,570.666,2.752,transcript_media/en/ZS_F2_1242_en.mp3,F2-GMS-1201A 09:27.91-09:30.67
1243,2,1201,126,GLOSSIKA-ENZS-F2-GMS-1201A.mp3,581.928,584.012,2.085,transcript_media/en/ZS_F2_1243_en.mp3,F2-GMS-1201A 09:41.93-09:44.01
1244,2,1201,129,GLOSSIKA-ENZS-F2-GMS-1201A.mp3,594.229,595.435,1.206,transcript_media/en/ZS_F2_1244_en.mp3,F2-GMS-1201A 09:54.23-09:55.43
1245,2,1201,132,GLOSSIKA-ENZS-F2-GMS-1201A.mp3,607.634,610.105,2.472,transcript_media/en/ZS_F2_1245_en.mp3,F2-GMS-1201A 10:07.63-10:10.11
1246,2,1201,135,GLOSSIKA-ENZS-F2-GMS-1201A.mp3,621.384,623.260,1.876,transcript_media/en/ZS_F2_1246_en.mp3,F2-GMS-1201A 10:21.38-10:23.26
1247,2,1201,138,GLOSSIKA-ENZS-F2-GMS-1201A.mp3,633.588,635.041,1.453,transcript_media/en/ZS_F2_1247_en.mp3,F2-GMS-1201A 10:33.59-10:35.04
1248,2,1201,141,GLOSSIKA-ENZS-F2-GMS-1201A.mp3,646.006,647.639,1.633,transcript_media/en/ZS_F2_1248_en.mp3,F2-GMS-1201A 10:46.01-10:47.64
1249,2,1201,144,GLOSSIKA-ENZS-F2-GMS-1201A.mp3,660.378,662.797,2.419,transcript_media/en/ZS_F2_1249_en.mp3,F2-GMS-1201A 11:00.38-11:02.80
1250,2,1201,147,GLOSSIKA-ENZS-F2-GMS-1201A.mp3,673.946,676.054,2.107,transcript_media/en/ZS_F2_1250_en.mp3,F2-GMS-1201A 11:13.95-11:16.05
1251,2,1251,0,GLOSSIKA-ENZS-F2-GMS-1251A.mp3,0.000,3.279,3.279,transcript_media/en/ZS_F2_1251_en.mp3,F2-GMS-1251A 00:00.00-00:03.28
1252,2,1251,3,GLOSSIKA-ENZS-F2-GMS-1251A.mp3,13.677,17.202,3.526,transcript_media/en/ZS_F2_1252_en.mp3,F2-GMS-1251A 00:13.68-00:17.20
1253,2,1251,6,GLOSSIKA-ENZS-F2-GMS-1251A.mp3,32.720,36.755,4.035,transcript_media/en/ZS_F2_1253_en.mp3,F2-GMS-1251A 00:32.72-00:36.76
1254,2,1251,9,GLOSSIKA-ENZS-F2-GMS-1251A.mp3,51.981,55.634,3.653,transcript_media/en/ZS_F2_1254_en.mp3,F2-GMS-1251A 00:51.98-00:55.63
1255,2,1251,12,GLOSSIKA-ENZS-F2-GMS-1251A.mp3,69.206,71.315,2.109,transcript_media/en/ZS_F2_1255_en.mp3,F2-GMS-1251A 01:09.21-01:11.32
1256,2,1251,15,GLOSSIKA-ENZS-F2-GMS-1251A.mp3,85.204,88.916,3.713,transcript_media/en/ZS_F2_1256_en.mp3,F2-GMS-1251A 01:25.20-01:28.92
1257,2,1251,18,GLOSSIKA-ENZS-F2-GMS-1251A.mp3,102.980,105.681,2.700,transcript_media/en/ZS_F2_1257_en.mp3,F2-GMS-1251A 01:42.98-01:45.68
1258,2,1251,21,GLOSSIKA-ENZS-F2-GMS-1251A.mp3,118.187,120.514,2.327,transcript_media/en/ZS_F2_1258_en.mp3,F2-GMS-1251A 01:58.19-02:00.51
1259,2,1251,24,GLOSSIKA-ENZS-F2-GMS-1251A.mp3,132.485,134.863,2.377,transcript_media/en/ZS_F2_1259_en.mp3,F2-GMS-1251A 02:12.49-02:14.86
1260,2,1251,27,GLOSSIKA-ENZS-F2-GMS-1251A.mp3,152.259,158.327,6.068,transcript_media/en/ZS_F2_1260_en.mp3,F2-GMS-1251A 02:32.26-02:38.33
1261,2,1251,30,GLOSSIKA-ENZS-F2-GMS-1251A.mp3,174.025,176.177,2.152,transcript_media/en/ZS_F2_1261_en.mp3,F2-GMS-1251A 02:54.02-02:56.18
1262,2,1251,33,GLOSSIKA-ENZS-F2-GMS-1251A.mp3,188.679,191.956,3.278,transcript_media/en/ZS_F2_1262_en.mp3,F2-GMS-1251A 03:08.68-03:11.96
1263,2,1251,36,GLOSSIKA-ENZS-F2-GMS-1251A.mp3,203.914,205.856,1.941,transcript_media/en/ZS_F2_1263_en.mp3,F2-GMS-1251A 03:23.91-03:25.86
1264,2,1251,39,GLOSSIKA-ENZS-F2-GMS-1251A.mp3,216.377,218.089,1.712,transcript_media/en/ZS_F2_1264_en.mp3,F2-GMS-1251A 03:36.38-03:38.09
1265,2,1251,42,GLOSSIKA-ENZS-F2-GMS-1251A.mp3,228.445,229.757,1.312,transcript_media/en/ZS_F2_1265_en.mp3,F2-GMS-1251A 03:48.45-03:49.76
1266,2,1251,45,GLOSSIKA-ENZS-F2-GMS-1251A.mp3,242.021,244.711,2.690,transcript_media/en/ZS_F2_1266_en.mp3,F2-GMS-1251A 04:02.02-04:04.71
1267,2,1251,48,GLOSSIKA-ENZS-F2-GMS-1251A.mp3,257.480,259.902,2.422,transcript_media/en/ZS_F2_1267_en.mp3,F2-GMS-1251A 04:17.48-04:19.90
1268,2,1251,51,GLOSSIKA-ENZS-F2-GMS-1251A.mp3,271.255,273.378,2.123,transcript_media/en/ZS_F2_1268_en.mp3,F2-GMS-1251A 04:31.25-04:33.38
1269,2,1251,54,GLOSSIKA-ENZS-F2-GMS-1251A.mp3,284.252,286.145,1.893,transcript_media/en/ZS_F2_1269_en.mp3,F2-GMS-1251A 04:44.25-04:46.14
1270,2,1251,57,GLOSSIKA-ENZS-F2-GMS-1251A.mp3,298.135,301.320,3.185,transcript_media/en/ZS_F2_1270_en.mp3,F2-GMS-1251A 04:58.14-05:01.32
1271,2,1251,60,GLOSSIKA-ENZS-F2-GMS-1251A.mp3,313.310,314.464,1.154,transcript_media/en/ZS_F2_1271_en.mp3,F2-GMS-1251A 05:13.31-05:14.46
1272,2,1251,63,GLOSSIKA-ENZS-F2-GMS-1251A.mp3,324.935,326.586,1.651,transcript_media/en/ZS_F2_1272_en.mp3,F2-GMS-1251A 05:24.93-05:26.59
1273,2,1251,66,GLOSSIKA-ENZS-F2-GMS-1251A.mp3,338.005,339.691,1.686,transcript_media/en/ZS_F2_1273_en.mp3,F2-GMS-1251A 05:38.01-05:39.69
1274,2,1251,69,GLOSSIKA-ENZS-F2-GMS-1251A.mp3,350.565,352.414,1.850,transcript_media/en/ZS_F2_1274_en.mp3,F2-GMS-1251A 05:50.56-05:52.41
1275,2,1251,72,GLOSSIKA-ENZS-F2-GMS-1251A.mp3,362.191,363.672,1.481,transcript_media/en/ZS_F2_1275_en.mp3,F2-GMS-1251A 06:02.19-06:03.67
1276,2,1251,75,GLOSSIKA-ENZS-F2-GMS-1251A.mp3,374.636,376.467,1.831,transcript_media/en/ZS_F2_1276_en.mp3,F2-GMS-1251A 06:14.64-06:16.47
1277,2,1251,78,GLOSSIKA-ENZS-F2-GMS-1251A.mp3,387.901,390.070,2.169,transcript_media/en/ZS_F2_1277_en.mp3,F2-GMS-1251A 06:27.90-06:30.07
1278,2,1251,81,GLOSSIKA-ENZS-F2-GMS-1251A.mp3,401.874,403.826,1.952,transcript_media/en/ZS_F2_1278_en.mp3,F2-GMS-1251A 06:41.87-06:43.83
1279,2,1251,84,GLOSSIKA-ENZS-F2-GMS-1251A.mp3,416.242,418.089,1.847,transcript_media/en/ZS_F2_1279_en.mp3,F2-GMS-1251A 06:56.24-06:58.09
1280,2,1251,87,GLOSSIKA-ENZS-F2-GMS-1251A.mp3,429.010,430.846,1.835,transcript_media/en/ZS_F2_1280_en.mp3,F2-GMS-1251A 07:09.01-07:10.85
1281,2,1251,90,GLOSSIKA-ENZS-F2-GMS-1251A.mp3,441.758,443.669,1.911,transcript_media/en/ZS_F2_1281_en.mp3,F2-GMS-1251A 07:21.76-07:23.67
1282,2,1251,93,GLOSSIKA-ENZS-F2-GMS-1251A.mp3,455.382,457.517,2.134,transcript_media/en/ZS_F2_1282_en.mp3,F2-GMS-1251A 07:35.38-07:37.52
1283,2,1251,96,GLOSSIKA-ENZS-F2-GMS-1251A.mp3,469.437,471.390,1.953,transcript_media/en/ZS_F2_1283_en.mp3,F2-GMS-1251A 07:49.44-07:51.39
1284,2,1251,99,GLOSSIKA-ENZS-F2-GMS-1251A.mp3,480.101,482.583,2.482,transcript_media/en/ZS_F2_1284_en.mp3,F2-GMS-1251A 08:00.10-08:02.58
1285,2,1251,102,GLOSSIKA-ENZS-F2-GMS-1251A.mp3,496.909,501.532,4.622,transcript_media/en/ZS_F2_1285_en.mp3,F2-GMS-1251A 08:16.91-08:21.53
1286,2,1251,105,GLOSSIKA-ENZS-F2-GMS-1251A.mp3,516.562,519.035,2.473,transcript_media/en/ZS_F2_1286_en.mp3,F2-GMS-1251A 08:36.56-08:39.04
1287,2,1251,108,GLOSSIKA-ENZS-F2-GMS-1251A.mp3,530.713,532.368,1.655,transcript_media/en/ZS_F2_1287_en.mp3,F2-GMS-1251A 08:50.71-08:52.37
1288,2,1251,111,GLOSSIKA-ENZS-F2-GMS-1251A.mp3,543.360,545.989,2.629,transcript_media/en/ZS_F2_1288_en.mp3,F2-GMS-1251A 09:03.36-09:05.99
1289,2,1251,114,GLOSSIKA-ENZS-F2-GMS-1251A.mp3,559.261,562.325,3.064,transcript_media/en/ZS_F2_1289_en.mp3,F2-GMS-1251A 09:19.26-09:22.33
1290,2,1251,117,GLOSSIKA-ENZS-F2-GMS-1251A.mp3,577.789,580.258,2.469,transcript_media/en/ZS_F2_1290_en.mp3,F2-GMS-1251A 09:37.79-09:40.26
1291,2,1251,120,GLOSSIKA-ENZS-F2-GMS-1251A.mp3,595.117,597.585,2.468,transcript_media/en/ZS_F2_1291_en.mp3,F2-GMS-1251A 09:55.12-09:57.58
1292,2,1251,123,GLOSSIKA-ENZS-F2-GMS-1251A.mp3,608.888,611.328,2.440,transcript_media/en/ZS_F2_1292_en.mp3,F2-GMS-1251A 10:08.89-10:11.33
1293,2,1251,126,GLOSSIKA-ENZS-F2-GMS-1251A.mp3,623.391,624.766,1.375,transcript_media/en/ZS_F2_1293_en.mp3,F2-GMS-1251A 10:23.39-10:24.77
1294,2,1251,129,GLOSSIKA-ENZS-F2-GMS-1251A.mp3,635.780,638.766,2.985,transcript_media/en/ZS_F2_1294_en.mp3,F2-GMS-1251A 10:35.78-10:38.77
1295,2,1251,132,GLOSSIKA-ENZS-F2-GMS-1251A.mp3,652.081,653.803,1.722,transcript_media/en/ZS_F2_1295_en.mp3,F2-GMS-1251A 10:52.08-10:53.80
1296,2,1251,135,GLOSSIKA-ENZS-F2-GMS-1251A.mp3,665.800,668.518,2.718,transcript_media/en/ZS_F2_1296_en.mp3,F2-GMS-1251A 11:05.80-11:08.52
1297,2,1251,138,GLOSSIKA-ENZS-F2-GMS-1251A.mp3,676.222,677.575,1.353,transcript_media/en/ZS_F2_1297_en.mp3,F2-GMS-1251A 11:16.22-11:17.57
1298,2,1251,141,GLOSSIKA-ENZS-F2-GMS-1251A.mp3,686.794,690.172,3.378,transcript_media/en/ZS_F2_1298_en.mp3,F2-GMS-1251A 11:26.79-11:30.17
1299,2,1251,144,GLOSSIKA-ENZS-F2-GMS-1251A.mp3,703.528,706.370,2.842,transcript_media/en/ZS_F2_1299_en.mp3,F2-GMS-1251A 11:43.53-11:46.37
1300,2,1251,147,GLOSSIKA-ENZS-F2-GMS-1251A.mp3,717.287,718.250,0.963,transcript_media/en/ZS_F2_1300_en.mp3,F2-GMS-1251A 11:57.29-11:58.25
1301,2,1301,0,GLOSSIKA-ENZS-F2-GMS-1301A.mp3,0.000,3.279,3.279,transcript_media/en/ZS_F2_1301_en.mp3,F2-GMS-1301A 00:00.00-00:03.28
1302,2,1301,3,GLOSSIKA-ENZS-F2-GMS-1301A.mp3,13.175,15.656,2.481,transcript_media/en/ZS_F2_1302_en.mp3,F2-GMS-1301A 00:13.18-00:15.66
1303,2,1301,6,GLOSSIKA-ENZS-F2-GMS-1301A.mp3,30.111,33.574,3.464,transcript_media/en/ZS_F2_1303_en.mp3,F2-GMS-1301A 00:30.11-00:33.57
1304,2,1301,9,GLOSSIKA-ENZS-F2-GMS-1301A.mp3,48.982,54.279,5.298,transcript_media/en/ZS_F2_1304_en.mp3,F2-GMS-1301A 00:48.98-00:54.28
1305,2,1301,12,GLOSSIKA-ENZS-F2-GMS-1301A.mp3,68.579,70.037,1.457,transcript_media/en/ZS_F2_1305_en.mp3,F2-GMS-1301A 01:08.58-01:10.04
1306,2,1301,15,GLOSSIKA-ENZS-F2-GMS-1301A.mp3,80.558,82.616,2.058,transcript_media/en/ZS_F2_1306_en.mp3,F2-GMS-1301A 01:20.56-01:22.62
1307,2,1301,18,GLOSSIKA-ENZS-F2-GMS-1301A.mp3,94.510,97.156,2.645,transcript_media/en/ZS_F2_1307_en.mp3,F2-GMS-1301A 01:34.51-01:37.16
1308,2,1301,21,GLOSSIKA-ENZS-F2-GMS-1301A.mp3,108.363,109.900,1.537,transcript_media/en/ZS_F2_1308_en.mp3,F2-GMS-1301A 01:48.36-01:49.90
1309,2,1301,24,GLOSSIKA-ENZS-F2-GMS-1301A.mp3,120.979,123.227,2.248,transcript_media/en/ZS_F2_1309_en.mp3,F2-GMS-1301A 02:00.98-02:03.23
1310,2,1301,27,GLOSSIKA-ENZS-F2-GMS-1301A.mp3,135.352,137.849,2.496,transcript_media/en/ZS_F2_1310_en.mp3,F2-GMS-1301A 02:15.35-02:17.85
1311,2,1301,30,GLOSSIKA-ENZS-F2-GMS-1301A.mp3,149.755,152.063,2.308,transcript_media/en/ZS_F2_1311_en.mp3,F2-GMS-1301A 02:29.75-02:32.06
1312,2,1301,33,GLOSSIKA-ENZS-F2-GMS-1301A.mp3,162.956,164.188,1.232,transcript_media/en/ZS_F2_1312_en.mp3,F2-GMS-1301A 02:42.96-02:44.19
1313,2,1301,36,GLOSSIKA-ENZS-F2-GMS-1301A.mp3,175.543,178.922,3.379,transcript_media/en/ZS_F2_1313_en.mp3,F2-GMS-1301A 02:55.54-02:58.92
1314,2,1301,39,GLOSSIKA-ENZS-F2-GMS-1301A.mp3,190.708,192.332,1.623,transcript_media/en/ZS_F2_1314_en.mp3,F2-GMS-1301A 03:10.71-03:12.33
1315,2,1301,42,GLOSSIKA-ENZS-F2-GMS-1301A.mp3,203.865,206.646,2.782,transcript_media/en/ZS_F2_1315_en.mp3,F2-GMS-1301A 03:23.86-03:26.65
1316,2,1301,45,GLOSSIKA-ENZS-F2-GMS-1301A.mp3,217.695,218.968,1.273,transcript_media/en/ZS_F2_1316_en.mp3,F2-GMS-1301A 03:37.69-03:38.97
1317,2,1301,48,GLOSSIKA-ENZS-F2-GMS-1301A.mp3,229.315,231.601,2.286,transcript_media/en/ZS_F2_1317_en.mp3,F2-GMS-1301A 03:49.32-03:51.60
1318,2,1301,51,GLOSSIKA-ENZS-F2-GMS-1301A.mp3,242.557,243.862,1.305,transcript_media/en/ZS_F2_1318_en.mp3,F2-GMS-1301A 04:02.56-04:03.86
1319,2,1301,54,GLOSSIKA-ENZS-F2-GMS-1301A.mp3,253.333,254.807,1.474,transcript_media/en/ZS_F2_1319_en.mp3,F2-GMS-1301A 04:13.33-04:14.81
1320,2,1301,57,GLOSSIKA-ENZS-F2-GMS-1301A.mp3,265.627,268.400,2.773,transcript_media/en/ZS_F2_1320_en.mp3,F2-GMS-1301A 04:25.63-04:28.40
1321,2,1301,60,GLOSSIKA-ENZS-F2-GMS-1301A.mp3,279.747,281.262,1.516,transcript_media/en/ZS_F2_1321_en.mp3,F2-GMS-1301A 04:39.75-04:41.26
1322,2,1301,63,GLOSSIKA-ENZS-F2-GMS-1301A.mp3,292.515,295.958,3.443,transcript_media/en/ZS_F2_1322_en.mp3,F2-GMS-1301A 04:52.51-04:55.96
1323,2,1301,66,GLOSSIKA-ENZS-F2-GMS-1301A.mp3,307.495,308.741,1.246,transcript_media/en/ZS_F2_1323_en.mp3,F2-GMS-1301A 05:07.49-05:08.74
1324,2,1301,69,GLOSSIKA-ENZS-F2-GMS-1301A.mp3,322.887,323.908,1.021,transcript_media/en/ZS_F2_1324_en.mp3,F2-GMS-1301A 05:22.89-05:23.91
1325,2,1301,72,GLOSSIKA-ENZS-F2-GMS-1301A.mp3,334.197,338.050,3.853,transcript_media/en/ZS_F2_1325_en.mp3,F2-GMS-1301A 05:34.20-05:38.05
1326,2,1301,75,GLOSSIKA-ENZS-F2-GMS-1301A.mp3,346.746,351.209,4.463,transcript_media/en/ZS_F2_1326_en.mp3,F2-GMS-1301A 05:46.75-05:51.21
1327,2,1301,78,GLOSSIKA-ENZS-F2-GMS-1301A.mp3,366.299,369.245,2.946,transcript_media/en/ZS_F2_1327_en.mp3,F2-GMS-1301A 06:06.30-06:09.25
1328,2,1301,81,GLOSSIKA-ENZS-F2-GMS-1301A.mp3,380.640,381.802,1.162,transcript_media/en/ZS_F2_1328_en.mp3,F2-GMS-1301A 06:20.64-06:21.80
1329,2,1301,84,GLOSSIKA-ENZS-F2-GMS-1301A.mp3,394.111,396.348,2.237,transcript_media/en/ZS_F2_1329_en.mp3,F2-GMS-1301A 06:34.11-06:36.35
1330,2,1301,87,GLOSSIKA-ENZS-F2-GMS-1301A.mp3,408.017,410.325,2.308,transcript_media/en/ZS_F2_1330_en.mp3,F2-GMS-1301A 06:48.02-06:50.33
1331,2,1301,90,GLOSSIKA-ENZS-F2-GMS-1301A.mp3,422.530,425.444,2.915,transcript_media/en/ZS_F2_1331_en.mp3,F2-GMS-1301A 07:02.53-07:05.44
1332,2,1301,93,GLOSSIKA-ENZS-F2-GMS-1301A.mp3,438.657,440.547,1.890,transcript_media/en/ZS_F2_1332_en.mp3,F2-GMS-1301A 07:18.66-07:20.55
1333,2,1301,96,GLOSSIKA-ENZS-F2-GMS-1301A.mp3,452.525,455.301,2.777,transcript_media/en/ZS_F2_1333_en.mp3,F2-GMS-1301A 07:32.52-07:35.30
1334,2,1301,99,GLOSSIKA-ENZS-F2-GMS-1301A.mp3,467.792,470.132,2.341,transcript_media/en/ZS_F2_1334_en.mp3,F2-GMS-1301A 07:47.79-07:50.13
1335,2,1301,102,GLOSSIKA-ENZS-F2-GMS-1301A.mp3,482.777,485.728,2.951,transcript_media/en/ZS_F2_1335_en.mp3,F2-GMS-1301A 08:02.78-08:05.73
1336,2,1301,105,GLOSSIKA-ENZS-F2-GMS-1301A.mp3,499.443,502.081,2.638,transcript_media/en/ZS_F2_1336_en.mp3,F2-GMS-1301A 08:19.44-08:22.08
1337,2,1301,108,GLOSSIKA-ENZS-F2-GMS-1301A.mp3,514.278,517.259,2.981,transcript_media/en/ZS_F2_1337_en.mp3,F2-GMS-1301A 08:34.28-08:37.26
1338,2,1301,111,GLOSSIKA-ENZS-F2-GMS-1301A.mp3,531.535,532.956,1.421,transcript_media/en/ZS_F2_1338_en.mp3,F2-GMS-1301A 08:51.54-08:52.96
1339,2,1301,114,GLOSSIKA-ENZS-F2-GMS-1301A.mp3,542.696,546.590,3.894,transcript_media/en/ZS_F2_1339_en.mp3,F2-GMS-1301A 09:02.70-09:06.59
1340,2,1301,117,GLOSSIKA-ENZS-F2-GMS-1301A.mp3,557.701,559.471,1.770,transcript_media/en/ZS_F2_1340_en.mp3,F2-GMS-1301A 09:17.70-09:19.47
1341,2,1301,120,GLOSSIKA-ENZS-F2-GMS-1301A.mp3,571.098,573.260,2.162,transcript_media/en/ZS_F2_1341_en.mp3,F2-GMS-1301A 09:31.10-09:33.26
1342,2,1301,123,GLOSSIKA-ENZS-F2-GMS-1301A.mp3,586.228,589.516,3.287,transcript_media/en/ZS_F2_1342_en.mp3,F2-GMS-1301A 09:46.23-09:49.52
1343,2,1301,126,GLOSSIKA-ENZS-F2-GMS-1301A.mp3,601.370,603.749,2.379,transcript_media/en/ZS_F2_1343_en.mp3,F2-GMS-1301A 10:01.37-10:03.75
1344,2,1301,129,GLOSSIKA-ENZS-F2-GMS-1301A.mp3,610.329,612.914,2.585,transcript_media/en/ZS_F2_1344_en.mp3,F2-GMS-1301A 10:10.33-10:12.91
1345,2,1301,132,GLOSSIKA-ENZS-F2-GMS-1301A.mp3,625.336,628.201,2.866,transcript_media/en/ZS_F2_1345_en.mp3,F2-GMS-1301A 10:25.34-10:28.20
1346,2,1301,135,GLOSSIKA-ENZS-F2-GMS-1301A.mp3,639.462,640.940,1.478,transcript_media/en/ZS_F2_1346_en.mp3,F2-GMS-1301A 10:39.46-10:40.94
1347,2,1301,138,GLOSSIKA-ENZS-F2-GMS-1301A.mp3,655.633,659.068,3.435,transcript_media/en/ZS_F2_1347_en.mp3,F2-GMS-1301A 10:55.63-10:59.07
1348,2,1301,141,GLOSSIKA-ENZS-F2-GMS-1301A.mp3,674.057,675.233,1.176,transcript_media/en/ZS_F2_1348_en.mp3,F2-GMS-1301A 11:14.06-11:15.23
1349,2,1301,144,GLOSSIKA-ENZS-F2-GMS-1301A.mp3,685.578,687.824,2.246,transcript_media/en/ZS_F2_1349_en.mp3,F2-GMS-1301A 11:25.58-11:27.82
1350,2,1301,147,GLOSSIKA-ENZS-F2-GMS-1301A.mp3,702.895,704.623,1.727,transcript_media/en/ZS_F2_1350_en.mp3,F2-GMS-1301A 11:42.90-11:44.62
1351,2,1351,0,GLOSSIKA-ENZS-F2-GMS-1351A.mp3,0.000,6.776,6.776,transcript_media/en/ZS_F2_1351_en.mp3,F2-GMS-1351A 00:00.00-00:06.78
1352,2,1351,3,GLOSSIKA-ENZS-F2-GMS-1351A.mp3,19.618,23.032,3.415,transcript_media/en/ZS_F2_1352_en.mp3,F2-GMS-1351A 00:19.62-00:23.03
1353,2,1351,6,GLOSSIKA-ENZS-F2-GMS-1351A.mp3,34.427,36.839,2.412,transcript_media/en/ZS_F2_1353_en.mp3,F2-GMS-1351A 00:34.43-00:36.84
1354,2,1351,9,GLOSSIKA-ENZS-F2-GMS-1351A.mp3,48.232,50.612,2.380,transcript_media/en/ZS_F2_1354_en.mp3,F2-GMS-1351A 00:48.23-00:50.61
1355,2,1351,12,GLOSSIKA-ENZS-F2-GMS-1351A.mp3,61.636,63.534,1.898,transcript_media/en/ZS_F2_1355_en.mp3,F2-GMS-1351A 01:01.64-01:03.53
1356,2,1351,15,GLOSSIKA-ENZS-F2-GMS-1351A.mp3,75.519,77.402,1.883,transcript_media/en/ZS_F2_1356_en.mp3,F2-GMS-1351A 01:15.52-01:17.40
1357,2,1351,18,GLOSSIKA-ENZS-F2-GMS-1351A.mp3,88.274,90.183,1.909,transcript_media/en/ZS_F2_1357_en.mp3,F2-GMS-1351A 01:28.27-01:30.18
1358,2,1351,21,GLOSSIKA-ENZS-F2-GMS-1351A.mp3,101.841,103.753,1.913,transcript_media/en/ZS_F2_1358_en.mp3,F2-GMS-1351A 01:41.84-01:43.75
1359,2,1351,24,GLOSSIKA-ENZS-F2-GMS-1351A.mp3,113.978,115.425,1.447,transcript_media/en/ZS_F2_1359_en.mp3,F2-GMS-1351A 01:53.98-01:55.42
1360,2,1351,27,GLOSSIKA-ENZS-F2-GMS-1351A.mp3,127.325,129.690,2.364,transcript_media/en/ZS_F2_1360_en.mp3,F2-GMS-1351A 02:07.33-02:09.69
1361,2,1351,30,GLOSSIKA-ENZS-F2-GMS-1351A.mp3,140.274,141.761,1.486,transcript_media/en/ZS_F2_1361_en.mp3,F2-GMS-1351A 02:20.27-02:21.76
1362,2,1351,33,GLOSSIKA-ENZS-F2-GMS-1351A.mp3,152.594,156.467,3.872,transcript_media/en/ZS_F2_1362_en.mp3,F2-GMS-1351A 02:32.59-02:36.47
1363,2,1351,36,GLOSSIKA-ENZS-F2-GMS-1351A.mp3,171.255,173.762,2.507,transcript_media/en/ZS_F2_1363_en.mp3,F2-GMS-1351A 02:51.26-02:53.76
1364,2,1351,39,GLOSSIKA-ENZS-F2-GMS-1351A.mp3,184.404,188.447,4.043,transcript_media/en/ZS_F2_1364_en.mp3,F2-GMS-1351A 03:04.40-03:08.45
1365,2,1351,42,GLOSSIKA-ENZS-F2-GMS-1351A.mp3,197.024,200.830,3.806,transcript_media/en/ZS_F2_1365_en.mp3,F2-GMS-1351A 03:17.02-03:20.83
1366,2,1351,45,GLOSSIKA-ENZS-F2-GMS-1351A.mp3,213.732,214.724,0.993,transcript_media/en/ZS_F2_1366_en.mp3,F2-GMS-1351A 03:33.73-03:34.72
1367,2,1351,48,GLOSSIKA-ENZS-F2-GMS-1351A.mp3,231.016,235.725,4.709,transcript_media/en/ZS_F2_1367_en.mp3,F2-GMS-1351A 03:51.02-03:55.72
1368,2,1351,51,GLOSSIKA-ENZS-F2-GMS-1351A.mp3,252.677,257.187,4.510,transcript_media/en/ZS_F2_1368_en.mp3,F2-GMS-1351A 04:12.68-04:17.19
1369,2,1351,54,GLOSSIKA-ENZS-F2-GMS-1351A.mp3,274.219,275.764,1.545,transcript_media/en/ZS_F2_1369_en.mp3,F2-GMS-1351A 04:34.22-04:35.76
1370,2,1351,57,GLOSSIKA-ENZS-F2-GMS-1351A.mp3,286.870,291.009,4.139,transcript_media/en/ZS_F2_1370_en.mp3,F2-GMS-1351A 04:46.87-04:51.01
1371,2,1351,60,GLOSSIKA-ENZS-F2-GMS-1351A.mp3,306.203,310.326,4.123,transcript_media/en/ZS_F2_1371_en.mp3,F2-GMS-1351A 05:06.20-05:10.33
1372,2,1351,63,GLOSSIKA-ENZS-F2-GMS-1351A.mp3,326.532,331.039,4.506,transcript_media/en/ZS_F2_1372_en.mp3,F2-GMS-1351A 05:26.53-05:31.04
1373,2,1351,66,GLOSSIKA-ENZS-F2-GMS-1351A.mp3,346.258,350.184,3.926,transcript_media/en/ZS_F2_1373_en.mp3,F2-GMS-1351A 05:46.26-05:50.18
1374,2,1351,69,GLOSSIKA-ENZS-F2-GMS-1351A.mp3,359.280,363.130,3.850,transcript_media/en/ZS_F2_1374_en.mp3,F2-GMS-1351A 05:59.28-06:03.13
1375,2,1351,72,GLOSSIKA-ENZS-F2-GMS-1351A.mp3,377.181,379.681,2.500,transcript_media/en/ZS_F2_1375_en.mp3,F2-GMS-1351A 06:17.18-06:19.68
1376,2,1351,75,GLOSSIKA-ENZS-F2-GMS-1351A.mp3,399.777,401.643,1.866,transcript_media/en/ZS_F2_1376_en.mp3,F2-GMS-1351A 06:39.78-06:41.64
1377,2,1351,78,GLOSSIKA-ENZS-F2-GMS-1351A.mp3,413.344,414.895,1.550,transcript_media/en/ZS_F2_1377_en.mp3,F2-GMS-1351A 06:53.34-06:54.89
1378,2,1351,81,GLOSSIKA-ENZS-F2-GMS-1351A.mp3,426.386,427.457,1.071,transcript_media/en/ZS_F2_1378_en.mp3,F2-GMS-1351A 07:06.39-07:07.46
1379,2,1351,84,GLOSSIKA-ENZS-F2-GMS-1351A.mp3,437.795,439.256,1.461,transcript_media/en/ZS_F2_1379_en.mp3,F2-GMS-1351A 07:17.80-07:19.26
1380,2,1351,87,GLOSSIKA-ENZS-F2-GMS-1351A.mp3,450.249,451.862,1.613,transcript_media/en/ZS_F2_1380_en.mp3,F2-GMS-1351A 07:30.25-07:31.86
1381,2,1351,90,GLOSSIKA-ENZS-F2-GMS-1351A.mp3,463.292,464.714,1.422,transcript_media/en/ZS_F2_1381_en.mp3,F2-GMS-1351A 07:43.29-07:44.71
1382,2,1351,93,GLOSSIKA-ENZS-F2-GMS-1351A.mp3,475.091,477.085,1.994,transcript_media/en/ZS_F2_1382_en.mp3,F2-GMS-1351A 07:55.09-07:57.08
1383,2,1351,96,GLOSSIKA-ENZS-F2-GMS-1351A.mp3,487.771,489.717,1.945,transcript_media/en/ZS_F2_1383_en.mp3,F2-GMS-1351A 08:07.77-08:09.72
1384,2,1351,99,GLOSSIKA-ENZS-F2-GMS-1351A.mp3,502.074,505.253,3.180,transcript_media/en/ZS_F2_1384_en.mp3,F2-GMS-1351A 08:22.07-08:25.25
1385,2,1351,102,GLOSSIKA-ENZS-F2-GMS-1351A.mp3,518.519,522.736,4.217,transcript_media/en/ZS_F2_1385_en.mp3,F2-GMS-1351A 08:38.52-08:42.74
1386,2,1351,105,GLOSSIKA-ENZS-F2-GMS-1351A.mp3,538.599,541.694,3.094,transcript_media/en/ZS_F2_1386_en.mp3,F2-GMS-1351A 08:58.60-09:01.69
1387,2,1351,108,GLOSSIKA-ENZS-F2-GMS-1351A.mp3,555.361,558.392,3.030,transcript_media/en/ZS_F2_1387_en.mp3,F2-GMS-1351A 09:15.36-09:18.39
1388,2,1351,111,GLOSSIKA-ENZS-F2-GMS-1351A.mp3,575.040,579.144,4.103,transcript_media/en/ZS_F2_1388_en.mp3,F2-GMS-1351A 09:35.04-09:39.14
1389,2,1351,114,GLOSSIKA-ENZS-F2-GMS-1351A.mp3,594.802,597.083,2.281,transcript_media/en/ZS_F2_1389_en.mp3,F2-GMS-1351A 09:54.80-09:57.08
1390,2,1351,117,GLOSSIKA-ENZS-F2-GMS-1351A.mp3,609.584,615.678,6.094,transcript_media/en/ZS_F2_1390_en.mp3,F2-GMS-1351A 10:09.58-10:15.68
1391,2,1351,120,GLOSSIKA-ENZS-F2-GMS-1351A.mp3,633.049,635.287,2.238,transcript_media/en/ZS_F2_1391_en.mp3,F2-GMS-1351A 10:33.05-10:35.29
1392,2,1351,123,GLOSSIKA-ENZS-F2-GMS-1351A.mp3,648.030,651.226,3.195,transcript_media/en/ZS_F2_1392_en.mp3,F2-GMS-1351A 10:48.03-10:51.23
1393,2,1351,126,GLOSSIKA-ENZS-F2-GMS-1351A.mp3,667.961,670.964,3.003,transcript_media/en/ZS_F2_1393_en.mp3,F2-GMS-1351A 11:07.96-11:10.96
1394,2,1351,129,GLOSSIKA-ENZS-F2-GMS-1351A.mp3,687.092,690.063,2.971,transcript_media/en/ZS_F2_1394_en.mp3,F2-GMS-1351A 11:27.09-11:30.06
1395,2,1351,132,GLOSSIKA-ENZS-F2-GMS-1351A.mp3,704.896,708.915,4.020,transcript_media/en/ZS_F2_1395_en.mp3,F2-GMS-1351A 11:44.90-11:48.92
1396,2,1351,135,GLOSSIKA-ENZS-F2-GMS-1351A.mp3,725.976,730.582,4.605,transcript_media/en/ZS_F2_1396_en.mp3,F2-GMS-1351A 12:05.98-12:10.58
1397,2,1351,138,GLOSSIKA-ENZS-F2-GMS-1351A.mp3,743.915,745.935,2.020,transcript_media/en/ZS_F2_1397_en.mp3,F2-GMS-1351A 12:23.92-12:25.93
1398,2,1351,141,GLOSSIKA-ENZS-F2-GMS-1351A.mp3,758.179,762.802,4.623,transcript_media/en/ZS_F2_1398_en.mp3,F2-GMS-1351A 12:38.18-12:42.80
1399,2,1351,144,GLOSSIKA-ENZS-F2-GMS-1351A.mp3,772.868,774.082,1.214,transcript_media/en/ZS_F2_1399_en.mp3,F2-GMS-1351A 12:52.87-12:54.08
1400,2,1351,147,GLOSSIKA-ENZS-F2-GMS-1351A.mp3,784.195,785.442,1.246,transcript_media/en/ZS_F2_1400_en.mp3,F2-GMS-1351A 13:04.20-13:05.44
1401,2,1401,0,GLOSSIKA-ENZS-F2-GMS-1401A.mp3,0.000,3.279,3.279,transcript_media/en/ZS_F2_1401_en.mp3,F2-GMS-1401A 00:00.00-00:03.28
1402,2,1401,3,GLOSSIKA-ENZS-F2-GMS-1401A.mp3,11.234,12.603,1.369,transcript_media/en/ZS_F2_1402_en.mp3,F2-GMS-1401A 00:11.23-00:12.60
1403,2,1401,6,GLOSSIKA-ENZS-F2-GMS-1401A.mp3,24.301,27.679,3.378,transcript_media/en/ZS_F2_1403_en.mp3,F2-GMS-1401A 00:24.30-00:27.68
1404,2,1401,9,GLOSSIKA-ENZS-F2-GMS-1401A.mp3,42.304,46.113,3.810,transcript_media/en/ZS_F2_1404_en.mp3,F2-GMS-1401A 00:42.30-00:46.11
1405,2,1401,12,GLOSSIKA-ENZS-F2-GMS-1401A.mp3,60.939,63.138,2.199,transcript_media/en/ZS_F2_1405_en.mp3,F2-GMS-1401A 01:00.94-01:03.14
1406,2,1401,15,GLOSSIKA-ENZS-F2-GMS-1401A.mp3,73.436,74.264,0.827,transcript_media/en/ZS_F2_1406_en.mp3,F2-GMS-1401A 01:13.44-01:14.26
1407,2,1401,18,GLOSSIKA-ENZS-F2-GMS-1401A.mp3,87.084,90.562,3.478,transcript_media/en/ZS_F2_1407_en.mp3,F2-GMS-1401A 01:27.08-01:30.56
1408,2,1401,21,GLOSSIKA-ENZS-F2-GMS-1401A.mp3,106.636,108.397,1.761,transcript_media/en/ZS_F2_1408_en.mp3,F2-GMS-1401A 01:46.64-01:48.40
1409,2,1401,24,GLOSSIKA-ENZS-F2-GMS-1401A.mp3,119.700,122.257,2.557,transcript_media/en/ZS_F2_1409_en.mp3,F2-GMS-1401A 01:59.70-02:02.26
1410,2,1401,27,GLOSSIKA-ENZS-F2-GMS-1401A.mp3,134.899,137.579,2.680,transcript_media/en/ZS_F2_1410_en.mp3,F2-GMS-1401A 02:14.90-02:17.58
1411,2,1401,30,GLOSSIKA-ENZS-F2-GMS-1401A.mp3,151.147,154.147,3.000,transcript_media/en/ZS_F2_1411_en.mp3,F2-GMS-1401A 02:31.15-02:34.15
1412,2,1401,33,GLOSSIKA-ENZS-F2-GMS-1401A.mp3,167.797,171.202,3.405,transcript_media/en/ZS_F2_1412_en.mp3,F2-GMS-1401A 02:47.80-02:51.20
1413,2,1401,36,GLOSSIKA-ENZS-F2-GMS-1401A.mp3,186.225,189.172,2.946,transcript_media/en/ZS_F2_1413_en.mp3,F2-GMS-1401A 03:06.23-03:09.17
1414,2,1401,39,GLOSSIKA-ENZS-F2-GMS-1401A.mp3,204.433,206.996,2.563,transcript_media/en/ZS_F2_1414_en.mp3,F2-GMS-1401A 03:24.43-03:27.00
1415,2,1401,42,GLOSSIKA-ENZS-F2-GMS-1401A.mp3,220.722,224.124,3.403,transcript_media/en/ZS_F2_1415_en.mp3,F2-GMS-1401A 03:40.72-03:44.12
1416,2,1401,45,GLOSSIKA-ENZS-F2-GMS-1401A.mp3,239.302,242.924,3.621,transcript_media/en/ZS_F2_1416_en.mp3,F2-GMS-1401A 03:59.30-04:02.92
1417,2,1401,48,GLOSSIKA-ENZS-F2-GMS-1401A.mp3,257.628,260.986,3.358,transcript_media/en/ZS_F2_1417_en.mp3,F2-GMS-1401A 04:17.63-04:20.99
1418,2,1401,51,GLOSSIKA-ENZS-F2-GMS-1401A.mp3,276.138,280.511,4.372,transcript_media/en/ZS_F2_1418_en.mp3,F2-GMS-1401A 04:36.14-04:40.51
1419,2,1401,54,GLOSSIKA-ENZS-F2-GMS-1401A.mp3,295.563,298.900,3.337,transcript_media/en/ZS_F2_1419_en.mp3,F2-GMS-1401A 04:55.56-04:58.90
1420,2,1401,57,GLOSSIKA-ENZS-F2-GMS-1401A.mp3,313.139,316.910,3.771,transcript_media/en/ZS_F2_1420_en.mp3,F2-GMS-1401A 05:13.14-05:16.91
1421,2,1401,60,GLOSSIKA-ENZS-F2-GMS-1401A.mp3,332.919,335.690,2.771,transcript_media/en/ZS_F2_1421_en.mp3,F2-GMS-1401A 05:32.92-05:35.69
1422,2,1401,63,GLOSSIKA-ENZS-F2-GMS-1401A.mp3,349.979,352.565,2.585,transcript_media/en/ZS_F2_1422_en.mp3,F2-GMS-1401A 05:49.98-05:52.56
1423,2,1401,66,GLOSSIKA-ENZS-F2-GMS-1401A.mp3,366.534,369.483,2.949,transcript_media/en/ZS_F2_1423_en.mp3,F2-GMS-1401A 06:06.53-06:09.48
1424,2,1401,69,GLOSSIKA-ENZS-F2-GMS-1401A.mp3,383.116,386.400,3.284,transcript_media/en/ZS_F2_1424_en.mp3,F2-GMS-1401A 06:23.12-06:26.40
1425,2,1401,72,GLOSSIKA-ENZS-F2-GMS-1401A.mp3,400.234,403.857,3.623,transcript_media/en/ZS_F2_1425_en.mp3,F2-GMS-1401A 06:40.23-06:43.86
1426,2,1401,75,GLOSSIKA-ENZS-F2-GMS-1401A.mp3,417.469,419.780,2.311,transcript_media/en/ZS_F2_1426_en.mp3,F2-GMS-1401A 06:57.47-06:59.78
1427,2,1401,78,GLOSSIKA-ENZS-F2-GMS-1401A.mp3,432.016,433.900,1.884,transcript_media/en/ZS_F2_1427_en.mp3,F2-GMS-1401A 07:12.02-07:13.90
1428,2,1401,81,GLOSSIKA-ENZS-F2-GMS-1401A.mp3,446.527,450.553,4.026,transcript_media/en/ZS_F2_1428_en.mp3,F2-GMS-1401A 07:26.53-07:30.55
1429,2,1401,84,GLOSSIKA-ENZS-F2-GMS-1401A.mp3,466.656,471.016,4.360,transcript_media/en/ZS_F2_1429_en.mp3,F2-GMS-1401A 07:46.66-07:51.02
1430,2,1401,87,GLOSSIKA-ENZS-F2-GMS-1401A.mp3,485.888,486.776,0.888,transcript_media/en/ZS_F2_1430_en.mp3,F2-GMS-1401A 08:05.89-08:06.78
1431,2,1401,90,GLOSSIKA-ENZS-F2-GMS-1401A.mp3,497.353,500.860,3.507,transcript_media/en/ZS_F2_1431_en.mp3,F2-GMS-1401A 08:17.35-08:20.86
1432,2,1401,93,GLOSSIKA-ENZS-F2-GMS-1401A.mp3,515.863,519.880,4.017,transcript_media/en/ZS_F2_1432_en.mp3,F2-GMS-1401A 08:35.86-08:39.88
1433,2,1401,96,GLOSSIKA-ENZS-F2-GMS-1401A.mp3,533.150,536.185,3.036,transcript_media/en/ZS_F2_1433_en.mp3,F2-GMS-1401A 08:53.15-08:56.19
1434,2,1401,99,GLOSSIKA-ENZS-F2-GMS-1401A.mp3,551.983,556.306,4.323,transcript_media/en/ZS_F2_1434_en.mp3,F2-GMS-1401A 09:11.98-09:16.31
1435,2,1401,102,GLOSSIKA-ENZS-F2-GMS-1401A.mp3,572.472,577.033,4.561,transcript_media/en/ZS_F2_1435_en.mp3,F2-GMS-1401A 09:32.47-09:37.03
1436,2,1401,105,GLOSSIKA-ENZS-F2-GMS-1401A.mp3,594.009,598.315,4.306,transcript_media/en/ZS_F2_1436_en.mp3,F2-GMS-1401A 09:54.01-09:58.31
1437,2,1401,108,GLOSSIKA-ENZS-F2-GMS-1401A.mp3,617.044,622.127,5.083,transcript_media/en/ZS_F2_1437_en.mp3,F2-GMS-1401A 10:17.04-10:22.13
1438,2,1401,111,GLOSSIKA-ENZS-F2-GMS-1401A.mp3,635.716,638.824,3.107,transcript_media/en/ZS_F2_1438_en.mp3,F2-GMS-1401A 10:35.72-10:38.82
1439,2,1401,114,GLOSSIKA-ENZS-F2-GMS-1401A.mp3,651.826,654.588,2.762,transcript_media/en/ZS_F2_1439_en.mp3,F2-GMS-1401A 10:51.83-10:54.59
1440,2,1401,117,GLOSSIKA-ENZS-F2-GMS-1401A.mp3,669.363,673.367,4.003,transcript_media/en/ZS_F2_1440_en.mp3,F2-GMS-1401A 11:09.36-11:13.37
1441,2,1401,120,GLOSSIKA-ENZS-F2-GMS-1401A.mp3,690.206,694.338,4.132,transcript_media/en/ZS_F2_1441_en.mp3,F2-GMS-1401A 11:30.21-11:34.34
1442,2,1401,123,GLOSSIKA-ENZS-F2-GMS-1401A.mp3,703.695,707.676,3.981,transcript_media/en/ZS_F2_1442_en.mp3,F2-GMS-1401A 11:43.69-11:47.68
1443,2,1401,126,GLOSSIKA-ENZS-F2-GMS-1401A.mp3,723.192,726.901,3.710,transcript_media/en/ZS_F2_1443_en.mp3,F2-GMS-1401A 12:03.19-12:06.90
1444,2,1401,129,GLOSSIKA-ENZS-F2-GMS-1401A.mp3,743.445,747.215,3.770,transcript_media/en/ZS_F2_1444_en.mp3,F2-GMS-1401A 12:23.44-12:27.22
1445,2,1401,132,GLOSSIKA-ENZS-F2-GMS-1401A.mp3,762.125,765.618,3.493,transcript_media/en/ZS_F2_1445_en.mp3,F2-GMS-1401A 12:42.13-12:45.62
1446,2,1401,135,GLOSSIKA-ENZS-F2-GMS-1401A.mp3,780.849,783.740,2.891,transcript_media/en/ZS_F2_1446_en.mp3,F2-GMS-1401A 13:00.85-13:03.74
1447,2,1401,138,GLOSSIKA-ENZS-F2-GMS-1401A.mp3,798.761,801.729,2.968,transcript_media/en/ZS_F2_1447_en.mp3,F2-GMS-1401A 13:18.76-13:21.73
1448,2,1401,141,GLOSSIKA-ENZS-F2-GMS-1401A.mp3,815.697,818.703,3.006,transcript_media/en/ZS_F2_1448_en.mp3,F2-GMS-1401A 13:35.70-13:38.70
1449,2,1401,144,GLOSSIKA-ENZS-F2-GMS-1401A.mp3,832.984,836.538,3.554,transcript_media/en/ZS_F2_1449_en.mp3,F2-GMS-1401A 13:52.98-13:56.54
1450,2,1401,147,GLOSSIKA-ENZS-F2-GMS-1401A.mp3,851.244,853.903,2.659,transcript_media/en/ZS_F2_1450_en.mp3,F2-GMS-1401A 14:11.24-14:13.90
1451,2,1451,0,GLOSSIKA-ENZS-F2-GMS-1451A.mp3,0.000,3.279,3.279,transcript_media/en/ZS_F2_1451_en.mp3,F2-GMS-1451A 00:00.00-00:03.28
1452,2,1451,3,GLOSSIKA-ENZS-F2-GMS-1451A.mp3,13.616,16.221,2.606,transcript_media/en/ZS_F2_1452_en.mp3,F2-GMS-1451A 00:13.62-00:16.22
1453,2,1451,6,GLOSSIKA-ENZS-F2-GMS-1451A.mp3,29.558,33.825,4.268,transcript_media/en/ZS_F2_1453_en.mp3,F2-GMS-1451A 00:29.56-00:33.83
1454,2,1451,9,GLOSSIKA-ENZS-F2-GMS-1451A.mp3,48.216,50.139,1.923,transcript_media/en/ZS_F2_1454_en.mp3,F2-GMS-1451A 00:48.22-00:50.14
1455,2,1451,12,GLOSSIKA-ENZS-F2-GMS-1451A.mp3,62.771,66.508,3.737,transcript_media/en/ZS_F2_1455_en.mp3,F2-GMS-1451A 01:02.77-01:06.51
1456,2,1451,15,GLOSSIKA-ENZS-F2-GMS-1451A.mp3,80.470,83.670,3.200,transcript_media/en/ZS_F2_1456_en.mp3,F2-GMS-1451A 01:20.47-01:23.67
1457,2,1451,18,GLOSSIKA-ENZS-F2-GMS-1451A.mp3,95.767,98.151,2.384,transcript_media/en/ZS_F2_1457_en.mp3,F2-GMS-1451A 01:35.77-01:38.15
1458,2,1451,21,GLOSSIKA-ENZS-F2-GMS-1451A.mp3,110.524,113.251,2.727,transcript_media/en/ZS_F2_1458_en.mp3,F2-GMS-1451A 01:50.52-01:53.25
1459,2,1451,24,GLOSSIKA-ENZS-F2-GMS-1451A.mp3,125.012,127.029,2.017,transcript_media/en/ZS_F2_1459_en.mp3,F2-GMS-1451A 02:05.01-02:07.03
1460,2,1451,27,GLOSSIKA-ENZS-F2-GMS-1451A.mp3,138.230,140.613,2.383,transcript_media/en/ZS_F2_1460_en.mp3,F2-GMS-1451A 02:18.23-02:20.61
1461,2,1451,30,GLOSSIKA-ENZS-F2-GMS-1451A.mp3,152.320,154.861,2.541,transcript_media/en/ZS_F2_1461_en.mp3,F2-GMS-1451A 02:32.32-02:34.86
1462,2,1451,33,GLOSSIKA-ENZS-F2-GMS-1451A.mp3,168.077,171.390,3.313,transcript_media/en/ZS_F2_1462_en.mp3,F2-GMS-1451A 02:48.08-02:51.39
1463,2,1451,36,GLOSSIKA-ENZS-F2-GMS-1451A.mp3,183.890,186.723,2.833,transcript_media/en/ZS_F2_1463_en.mp3,F2-GMS-1451A 03:03.89-03:06.72
1464,2,1451,39,GLOSSIKA-ENZS-F2-GMS-1451A.mp3,198.959,201.465,2.506,transcript_media/en/ZS_F2_1464_en.mp3,F2-GMS-1451A 03:18.96-03:21.46
1465,2,1451,42,GLOSSIKA-ENZS-F2-GMS-1451A.mp3,212.020,213.202,1.182,transcript_media/en/ZS_F2_1465_en.mp3,F2-GMS-1451A 03:32.02-03:33.20
1466,2,1451,45,GLOSSIKA-ENZS-F2-GMS-1451A.mp3,227.095,228.608,1.513,transcript_media/en/ZS_F2_1466_en.mp3,F2-GMS-1451A 03:47.10-03:48.61
1467,2,1451,48,GLOSSIKA-ENZS-F2-GMS-1451A.mp3,240.972,243.247,2.274,transcript_media/en/ZS_F2_1467_en.mp3,F2-GMS-1451A 04:00.97-04:03.25
1468,2,1451,51,GLOSSIKA-ENZS-F2-GMS-1451A.mp3,254.989,256.355,1.367,transcript_media/en/ZS_F2_1468_en.mp3,F2-GMS-1451A 04:14.99-04:16.36
1469,2,1451,54,GLOSSIKA-ENZS-F2-GMS-1451A.mp3,267.328,269.130,1.802,transcript_media/en/ZS_F2_1469_en.mp3,F2-GMS-1451A 04:27.33-04:29.13
1470,2,1451,57,GLOSSIKA-ENZS-F2-GMS-1451A.mp3,280.348,283.330,2.983,transcript_media/en/ZS_F2_1470_en.mp3,F2-GMS-1451A 04:40.35-04:43.33
1471,2,1451,60,GLOSSIKA-ENZS-F2-GMS-1451A.mp3,296.175,299.166,2.991,transcript_media/en/ZS_F2_1471_en.mp3,F2-GMS-1451A 04:56.18-04:59.17
1472,2,1451,63,GLOSSIKA-ENZS-F2-GMS-1451A.mp3,312.228,315.274,3.046,transcript_media/en/ZS_F2_1472_en.mp3,F2-GMS-1451A 05:12.23-05:15.27
1473,2,1451,66,GLOSSIKA-ENZS-F2-GMS-1451A.mp3,328.523,331.395,2.872,transcript_media/en/ZS_F2_1473_en.mp3,F2-GMS-1451A 05:28.52-05:31.40
1474,2,1451,69,GLOSSIKA-ENZS-F2-GMS-1451A.mp3,344.351,347.288,2.936,transcript_media/en/ZS_F2_1474_en.mp3,F2-GMS-1451A 05:44.35-05:47.29
1475,2,1451,72,GLOSSIKA-ENZS-F2-GMS-1451A.mp3,361.315,363.538,2.223,transcript_media/en/ZS_F2_1475_en.mp3,F2-GMS-1451A 06:01.32-06:03.54
1476,2,1451,75,GLOSSIKA-ENZS-F2-GMS-1451A.mp3,374.911,378.696,3.785,transcript_media/en/ZS_F2_1476_en.mp3,F2-GMS-1451A 06:14.91-06:18.70
1477,2,1451,78,GLOSSIKA-ENZS-F2-GMS-1451A.mp3,394.333,396.339,2.005,transcript_media/en/ZS_F2_1477_en.mp3,F2-GMS-1451A 06:34.33-06:36.34
1478,2,1451,81,GLOSSIKA-ENZS-F2-GMS-1451A.mp3,408.379,410.310,1.931,transcript_media/en/ZS_F2_1478_en.mp3,F2-GMS-1451A 06:48.38-06:50.31
1479,2,1451,84,GLOSSIKA-ENZS-F2-GMS-1451A.mp3,421.660,423.488,1.828,transcript_media/en/ZS_F2_1479_en.mp3,F2-GMS-1451A 07:01.66-07:03.49
1480,2,1451,87,GLOSSIKA-ENZS-F2-GMS-1451A.mp3,434.612,435.855,1.243,transcript_media/en/ZS_F2_1480_en.mp3,F2-GMS-1451A 07:14.61-07:15.86
1481,2,1451,90,GLOSSIKA-ENZS-F2-GMS-1451A.mp3,445.905,447.063,1.157,transcript_media/en/ZS_F2_1481_en.mp3,F2-GMS-1451A 07:25.91-07:27.06
1482,2,1451,93,GLOSSIKA-ENZS-F2-GMS-1451A.mp3,458.962,460.511,1.550,transcript_media/en/ZS_F2_1482_en.mp3,F2-GMS-1451A 07:38.96-07:40.51
1483,2,1451,96,GLOSSIKA-ENZS-F2-GMS-1451A.mp3,470.604,473.952,3.348,transcript_media/en/ZS_F2_1483_en.mp3,F2-GMS-1451A 07:50.60-07:53.95
1484,2,1451,99,GLOSSIKA-ENZS-F2-GMS-1451A.mp3,489.761,492.787,3.026,transcript_media/en/ZS_F2_1484_en.mp3,F2-GMS-1451A 08:09.76-08:12.79
1485,2,1451,102,GLOSSIKA-ENZS-F2-GMS-1451A.mp3,506.191,507.497,1.306,transcript_media/en/ZS_F2_1485_en.mp3,F2-GMS-1451A 08:26.19-08:27.50
1486,2,1451,105,GLOSSIKA-ENZS-F2-GMS-1451A.mp3,517.557,521.176,3.620,transcript_media/en/ZS_F2_1486_en.mp3,F2-GMS-1451A 08:37.56-08:41.18
1487,2,1451,108,GLOSSIKA-ENZS-F2-GMS-1451A.mp3,529.203,532.865,3.663,transcript_media/en/ZS_F2_1487_en.mp3,F2-GMS-1451A 08:49.20-08:52.87
1488,2,1451,111,GLOSSIKA-ENZS-F2-GMS-1451A.mp3,544.827,546.281,1.454,transcript_media/en/ZS_F2_1488_en.mp3,F2-GMS-1451A 09:04.83-09:06.28
1489,2,1451,114,GLOSSIKA-ENZS-F2-GMS-1451A.mp3,560.477,563.632,3.155,transcript_media/en/ZS_F2_1489_en.mp3,F2-GMS-1451A 09:20.48-09:23.63
1490,2,1451,117,GLOSSIKA-ENZS-F2-GMS-1451A.mp3,577.655,579.559,1.905,transcript_media/en/ZS_F2_1490_en.mp3,F2-GMS-1451A 09:37.65-09:39.56
1491,2,1451,120,GLOSSIKA-ENZS-F2-GMS-1451A.mp3,591.771,595.018,3.246,transcript_media/en/ZS_F2_1491_en.mp3,F2-GMS-1451A 09:51.77-09:55.02
1492,2,1451,123,GLOSSIKA-ENZS-F2-GMS-1451A.mp3,609.406,612.955,3.549,transcript_media/en/ZS_F2_1492_en.mp3,F2-GMS-1451A 10:09.41-10:12.96
1493,2,1451,126,GLOSSIKA-ENZS-F2-GMS-1451A.mp3,627.597,630.145,2.549,transcript_media/en/ZS_F2_1493_en.mp3,F2-GMS-1451A 10:27.60-10:30.15
1494,2,1451,129,GLOSSIKA-ENZS-F2-GMS-1451A.mp3,643.217,646.772,3.555,transcript_media/en/ZS_F2_1494_en.mp3,F2-GMS-1451A 10:43.22-10:46.77
1495,2,1451,132,GLOSSIKA-ENZS-F2-GMS-1451A.mp3,661.226,664.305,3.079,transcript_media/en/ZS_F2_1495_en.mp3,F2-GMS-1451A 11:01.23-11:04.31
1496,2,1451,135,GLOSSIKA-ENZS-F2-GMS-1451A.mp3,679.352,681.551,2.199,transcript_media/en/ZS_F2_1496_en.mp3,F2-GMS-1451A 11:19.35-11:21.55
1497,2,1451,138,GLOSSIKA-ENZS-F2-GMS-1451A.mp3,693.392,695.783,2.392,transcript_media/en/ZS_F2_1497_en.mp3,F2-GMS-1451A 11:33.39-11:35.78
1498,2,1451,141,GLOSSIKA-ENZS-F2-GMS-1451A.mp3,707.926,709.587,1.660,transcript_media/en/ZS_F2_1498_en.mp3,F2-GMS-1451A 11:47.93-11:49.59
1499,2,1451,144,GLOSSIKA-ENZS-F2-GMS-1451A.mp3,721.017,722.688,1.671,transcript_media/en/ZS_F2_1499_en.mp3,F2-GMS-1451A 12:01.02-12:02.69
1500,2,1451,147,GLOSSIKA-ENZS-F2-GMS-1451A.mp3,733.749,736.880,3.132,transcript_media/en/ZS_F2_1500_en.mp3,F2-GMS-1451A 12:13.75-12:16.88
1501,2,1501,0,GLOSSIKA-ENZS-F2-GMS-1501A.mp3,0.000,3.279,3.279,transcript_media/en/ZS_F2_1501_en.mp3,F2-GMS-1501A 00:00.00-00:03.28
1502,2,1501,3,GLOSSIKA-ENZS-F2-GMS-1501A.mp3,13.018,15.517,2.499,transcript_media/en/ZS_F2_1502_en.mp3,F2-GMS-1501A 00:13.02-00:15.52
1503,2,1501,6,GLOSSIKA-ENZS-F2-GMS-1501A.mp3,28.277,31.498,3.221,transcript_media/en/ZS_F2_1503_en.mp3,F2-GMS-1501A 00:28.28-00:31.50
1504,2,1501,9,GLOSSIKA-ENZS-F2-GMS-1501A.mp3,44.528,47.821,3.293,transcript_media/en/ZS_F2_1504_en.mp3,F2-GMS-1501A 00:44.53-00:47.82
1505,2,1501,12,GLOSSIKA-ENZS-F2-GMS-1501A.mp3,61.117,63.010,1.893,transcript_media/en/ZS_F2_1505_en.mp3,F2-GMS-1501A 01:01.12-01:03.01
1506,2,1501,15,GLOSSIKA-ENZS-F2-GMS-1501A.mp3,73.909,76.174,2.266,transcript_media/en/ZS_F2_1506_en.mp3,F2-GMS-1501A 01:13.91-01:16.17
1507,2,1501,18,GLOSSIKA-ENZS-F2-GMS-1501A.mp3,87.486,89.780,2.294,transcript_media/en/ZS_F2_1507_en.mp3,F2-GMS-1501A 01:27.49-01:29.78
1508,2,1501,21,GLOSSIKA-ENZS-F2-GMS-1501A.mp3,102.025,104.582,2.557,transcript_media/en/ZS_F2_1508_en.mp3,F2-GMS-1501A 01:42.02-01:44.58
1509,2,1501,24,GLOSSIKA-ENZS-F2-GMS-1501A.mp3,118.422,122.167,3.745,transcript_media/en/ZS_F2_1509_en.mp3,F2-GMS-1501A 01:58.42-02:02.17
1510,2,1501,27,GLOSSIKA-ENZS-F2-GMS-1501A.mp3,137.744,140.902,3.158,transcript_media/en/ZS_F2_1510_en.mp3,F2-GMS-1501A 02:17.74-02:20.90
1511,2,1501,30,GLOSSIKA-ENZS-F2-GMS-1501A.mp3,155.129,157.955,2.825,transcript_media/en/ZS_F2_1511_en.mp3,F2-GMS-1501A 02:35.13-02:37.95
1512,2,1501,33,GLOSSIKA-ENZS-F2-GMS-1501A.mp3,170.920,173.632,2.711,transcript_media/en/ZS_F2_1512_en.mp3,F2-GMS-1501A 02:50.92-02:53.63
1513,2,1501,36,GLOSSIKA-ENZS-F2-GMS-1501A.mp3,186.671,190.181,3.510,transcript_media/en/ZS_F2_1513_en.mp3,F2-GMS-1501A 03:06.67-03:10.18
1514,2,1501,39,GLOSSIKA-ENZS-F2-GMS-1501A.mp3,204.556,207.722,3.166,transcript_media/en/ZS_F2_1514_en.mp3,F2-GMS-1501A 03:24.56-03:27.72
1515,2,1501,42,GLOSSIKA-ENZS-F2-GMS-1501A.mp3,220.330,222.128,1.798,transcript_media/en/ZS_F2_1515_en.mp3,F2-GMS-1501A 03:40.33-03:42.13
1516,2,1501,45,GLOSSIKA-ENZS-F2-GMS-1501A.mp3,237.984,242.206,4.222,transcript_media/en/ZS_F2_1516_en.mp3,F2-GMS-1501A 03:57.98-04:02.21
1517,2,1501,48,GLOSSIKA-ENZS-F2-GMS-1501A.mp3,258.359,260.783,2.424,transcript_media/en/ZS_F2_1517_en.mp3,F2-GMS-1501A 04:18.36-04:20.78
1518,2,1501,51,GLOSSIKA-ENZS-F2-GMS-1501A.mp3,272.649,275.565,2.916,transcript_media/en/ZS_F2_1518_en.mp3,F2-GMS-1501A 04:32.65-04:35.57
1519,2,1501,54,GLOSSIKA-ENZS-F2-GMS-1501A.mp3,289.941,292.826,2.885,transcript_media/en/ZS_F2_1519_en.mp3,F2-GMS-1501A 04:49.94-04:52.83
1520,2,1501,57,GLOSSIKA-ENZS-F2-GMS-1501A.mp3,305.580,308.900,3.320,transcript_media/en/ZS_F2_1520_en.mp3,F2-GMS-1501A 05:05.58-05:08.90
1521,2,1501,60,GLOSSIKA-ENZS-F2-GMS-1501A.mp3,324.072,328.159,4.087,transcript_media/en/ZS_F2_1521_en.mp3,F2-GMS-1501A 05:24.07-05:28.16
1522,2,1501,63,GLOSSIKA-ENZS-F2-GMS-1501A.mp3,343.494,347.157,3.664,transcript_media/en/ZS_F2_1522_en.mp3,F2-GMS-1501A 05:43.49-05:47.16
1523,2,1501,66,GLOSSIKA-ENZS-F2-GMS-1501A.mp3,360.402,362.809,2.407,transcript_media/en/ZS_F2_1523_en.mp3,F2-GMS-1501A 06:00.40-06:02.81
1524,2,1501,69,GLOSSIKA-ENZS-F2-GMS-1501A.mp3,374.265,377.351,3.086,transcript_media/en/ZS_F2_1524_en.mp3,F2-GMS-1501A 06:14.26-06:17.35
1525,2,1501,72,GLOSSIKA-ENZS-F2-GMS-1501A.mp3,389.454,394.593,5.140,transcript_media/en/ZS_F2_1525_en.mp3,F2-GMS-1501A 06:29.45-06:34.59
1526,2,1501,75,GLOSSIKA-ENZS-F2-GMS-1501A.mp3,407.404,409.817,2.413,transcript_media/en/ZS_F2_1526_en.mp3,F2-GMS-1501A 06:47.40-06:49.82
1527,2,1501,78,GLOSSIKA-ENZS-F2-GMS-1501A.mp3,424.073,427.489,3.416,transcript_media/en/ZS_F2_1527_en.mp3,F2-GMS-1501A 07:04.07-07:07.49
1528,2,1501,81,GLOSSIKA-ENZS-F2-GMS-1501A.mp3,434.757,437.640,2.883,transcript_media/en/ZS_F2_1528_en.mp3,F2-GMS-1501A 07:14.76-07:17.64
1529,2,1501,84,GLOSSIKA-ENZS-F2-GMS-1501A.mp3,448.879,450.310,1.431,transcript_media/en/ZS_F2_1529_en.mp3,F2-GMS-1501A 07:28.88-07:30.31
1530,2,1501,87,GLOSSIKA-ENZS-F2-GMS-1501A.mp3,464.231,465.424,1.193,transcript_media/en/ZS_F2_1530_en.mp3,F2-GMS-1501A 07:44.23-07:45.42
1531,2,1501,90,GLOSSIKA-ENZS-F2-GMS-1501A.mp3,475.492,479.017,3.524,transcript_media/en/ZS_F2_1531_en.mp3,F2-GMS-1501A 07:55.49-07:59.02
1532,2,1501,93,GLOSSIKA-ENZS-F2-GMS-1501A.mp3,486.712,489.459,2.746,transcript_media/en/ZS_F2_1532_en.mp3,F2-GMS-1501A 08:06.71-08:09.46
1533,2,1501,96,GLOSSIKA-ENZS-F2-GMS-1501A.mp3,501.073,502.201,1.128,transcript_media/en/ZS_F2_1533_en.mp3,F2-GMS-1501A 08:21.07-08:22.20
1534,2,1501,99,GLOSSIKA-ENZS-F2-GMS-1501A.mp3,516.735,517.867,1.133,transcript_media/en/ZS_F2_1534_en.mp3,F2-GMS-1501A 08:36.73-08:37.87
1535,2,1501,102,GLOSSIKA-ENZS-F2-GMS-1501A.mp3,526.702,529.751,3.049,transcript_media/en/ZS_F2_1535_en.mp3,F2-GMS-1501A 08:46.70-08:49.75
1536,2,1501,105,GLOSSIKA-ENZS-F2-GMS-1501A.mp3,543.119,545.970,2.852,transcript_media/en/ZS_F2_1536_en.mp3,F2-GMS-1501A 09:03.12-09:05.97
1537,2,1501,108,GLOSSIKA-ENZS-F2-GMS-1501A.mp3,560.811,563.803,2.992,transcript_media/en/ZS_F2_1537_en.mp3,F2-GMS-1501A 09:20.81-09:23.80
1538,2,1501,111,GLOSSIKA-ENZS-F2-GMS-1501A.mp3,571.758,575.778,4.020,transcript_media/en/ZS_F2_1538_en.mp3,F2-GMS-1501A 09:31.76-09:35.78
1539,2,1501,114,GLOSSIKA-ENZS-F2-GMS-1501A.mp3,590.143,594.466,4.323,transcript_media/en/ZS_F2_1539_en.mp3,F2-GMS-1501A 09:50.14-09:54.47
1540,2,1501,117,GLOSSIKA-ENZS-F2-GMS-1501A.mp3,610.564,614.754,4.191,transcript_media/en/ZS_F2_1540_en.mp3,F2-GMS-1501A 10:10.56-10:14.75
1541,2,1501,120,GLOSSIKA-ENZS-F2-GMS-1501A.mp3,632.736,635.893,3.158,transcript_media/en/ZS_F2_1541_en.mp3,F2-GMS-1501A 10:32.74-10:35.89
1542,2,1501,123,GLOSSIKA-ENZS-F2-GMS-1501A.mp3,648.494,650.463,1.969,transcript_media/en/ZS_F2_1542_en.mp3,F2-GMS-1501A 10:48.49-10:50.46
1543,2,1501,126,GLOSSIKA-ENZS-F2-GMS-1501A.mp3,662.051,664.752,2.700,transcript_media/en/ZS_F2_1543_en.mp3,F2-GMS-1501A 11:02.05-11:04.75
1544,2,1501,129,GLOSSIKA-ENZS-F2-GMS-1501A.mp3,677.438,680.341,2.902,transcript_media/en/ZS_F2_1544_en.mp3,F2-GMS-1501A 11:17.44-11:20.34
1545,2,1501,132,GLOSSIKA-ENZS-F2-GMS-1501A.mp3,693.243,695.365,2.122,transcript_media/en/ZS_F2_1545_en.mp3,F2-GMS-1501A 11:33.24-11:35.37
1546,2,1501,135,GLOSSIKA-ENZS-F2-GMS-1501A.mp3,705.779,707.061,1.282,transcript_media/en/ZS_F2_1546_en.mp3,F2-GMS-1501A 11:45.78-11:47.06
1547,2,1501,138,GLOSSIKA-ENZS-F2-GMS-1501A.mp3,717.136,718.343,1.207,transcript_media/en/ZS_F2_1547_en.mp3,F2-GMS-1501A 11:57.14-11:58.34
1548,2,1501,141,GLOSSIKA-ENZS-F2-GMS-1501A.mp3,729.429,731.210,1.780,transcript_media/en/ZS_F2_1548_en.mp3,F2-GMS-1501A 12:09.43-12:11.21
1549,2,1501,144,GLOSSIKA-ENZS-F2-GMS-1501A.mp3,741.963,743.313,1.350,transcript_media/en/ZS_F2_1549_en.mp3,F2-GMS-1501A 12:21.96-12:23.31
1550,2,1501,147,GLOSSIKA-ENZS-F2-GMS-1501A.mp3,754.180,756.540,2.361,transcript_media/en/ZS_F2_1550_en.mp3,F2-GMS-1501A 12:34.18-12:36.54
1551,2,1551,0,GLOSSIKA-ENZS-F2-GMS-1551B.mp3,0.000,3.279,3.279,transcript_media/en/ZS_F2_1551_en.mp3,F2-GMS-1551B 00:00.00-00:03.28
1552,2,1551,3,GLOSSIKA-ENZS-F2-GMS-1551B.mp3,6.799,7.669,0.871,transcript_media/en/ZS_F2_1552_en.mp3,F2-GMS-1551B 00:06.80-00:07.67
1553,2,1551,6,GLOSSIKA-ENZS-F2-GMS-1551B.mp3,15.682,17.714,2.032,transcript_media/en/ZS_F2_1553_en.mp3,F2-GMS-1551B 00:15.68-00:17.71
1554,2,1551,9,GLOSSIKA-ENZS-F2-GMS-1551B.mp3,26.727,28.710,1.984,transcript_media/en/ZS_F2_1554_en.mp3,F2-GMS-1551B 00:26.73-00:28.71
1555,2,1551,12,GLOSSIKA-ENZS-F2-GMS-1551B.mp3,34.225,36.335,2.110,transcript_media/en/ZS_F2_1555_en.mp3,F2-GMS-1551B 00:34.23-00:36.33
1556,2,1551,15,GLOSSIKA-ENZS-F2-GMS-1551B.mp3,47.365,50.593,3.228,transcript_media/en/ZS_F2_1556_en.mp3,F2-GMS-1551B 00:47.36-00:50.59
1557,2,1551,18,GLOSSIKA-ENZS-F2-GMS-1551B.mp3,61.194,62.410,1.215,transcript_media/en/ZS_F2_1557_en.mp3,F2-GMS-1551B 01:01.19-01:02.41
1558,2,1551,21,GLOSSIKA-ENZS-F2-GMS-1551B.mp3,70.763,72.271,1.508,transcript_media/en/ZS_F2_1558_en.mp3,F2-GMS-1551B 01:10.76-01:12.27
1559,2,1551,24,GLOSSIKA-ENZS-F2-GMS-1551B.mp3,81.248,82.990,1.742,transcript_media/en/ZS_F2_1559_en.mp3,F2-GMS-1551B 01:21.25-01:22.99
1560,2,1551,27,GLOSSIKA-ENZS-F2-GMS-1551B.mp3,91.262,94.469,3.207,transcript_media/en/ZS_F2_1560_en.mp3,F2-GMS-1551B 01:31.26-01:34.47
1561,2,1551,30,GLOSSIKA-ENZS-F2-GMS-1551B.mp3,106.768,108.674,1.906,transcript_media/en/ZS_F2_1561_en.mp3,F2-GMS-1551B 01:46.77-01:48.67
1562,2,1551,33,GLOSSIKA-ENZS-F2-GMS-1551B.mp3,118.381,121.378,2.997,transcript_media/en/ZS_F2_1562_en.mp3,F2-GMS-1551B 01:58.38-02:01.38
1563,2,1551,36,GLOSSIKA-ENZS-F2-GMS-1551B.mp3,131.381,133.179,1.798,transcript_media/en/ZS_F2_1563_en.mp3,F2-GMS-1551B 02:11.38-02:13.18
1564,2,1551,39,GLOSSIKA-ENZS-F2-GMS-1551B.mp3,142.944,146.624,3.680,transcript_media/en/ZS_F2_1564_en.mp3,F2-GMS-1551B 02:22.94-02:26.62
1565,2,1551,42,GLOSSIKA-ENZS-F2-GMS-1551B.mp3,157.754,159.907,2.153,transcript_media/en/ZS_F2_1565_en.mp3,F2-GMS-1551B 02:37.75-02:39.91
1566,2,1551,45,GLOSSIKA-ENZS-F2-GMS-1551B.mp3,169.218,173.542,4.324,transcript_media/en/ZS_F2_1566_en.mp3,F2-GMS-1551B 02:49.22-02:53.54
1567,2,1551,48,GLOSSIKA-ENZS-F2-GMS-1551B.mp3,185.302,186.916,1.614,transcript_media/en/ZS_F2_1567_en.mp3,F2-GMS-1551B 03:05.30-03:06.92
1568,2,1551,51,GLOSSIKA-ENZS-F2-GMS-1551B.mp3,194.731,195.851,1.120,transcript_media/en/ZS_F2_1568_en.mp3,F2-GMS-1551B 03:14.73-03:15.85
1569,2,1551,54,GLOSSIKA-ENZS-F2-GMS-1551B.mp3,203.860,205.417,1.557,transcript_media/en/ZS_F2_1569_en.mp3,F2-GMS-1551B 03:23.86-03:25.42
1570,2,1551,57,GLOSSIKA-ENZS-F2-GMS-1551B.mp3,213.694,216.120,2.427,transcript_media/en/ZS_F2_1570_en.mp3,F2-GMS-1551B 03:33.69-03:36.12
1571,2,1551,60,GLOSSIKA-ENZS-F2-GMS-1551B.mp3,225.097,226.915,1.818,transcript_media/en/ZS_F2_1571_en.mp3,F2-GMS-1551B 03:45.10-03:46.92
1572,2,1551,63,GLOSSIKA-ENZS-F2-GMS-1551B.mp3,236.096,237.313,1.218,transcript_media/en/ZS_F2_1572_en.mp3,F2-GMS-1551B 03:56.10-03:57.31
1573,2,1551,66,GLOSSIKA-ENZS-F2-GMS-1551B.mp3,245.491,246.917,1.426,transcript_media/en/ZS_F2_1573_en.mp3,F2-GMS-1551B 04:05.49-04:06.92
1574,2,1551,69,GLOSSIKA-ENZS-F2-GMS-1551B.mp3,255.887,257.975,2.088,transcript_media/en/ZS_F2_1574_en.mp3,F2-GMS-1551B 04:15.89-04:17.98
1575,2,1551,72,GLOSSIKA-ENZS-F2-GMS-1551B.mp3,267.296,269.038,1.742,transcript_media/en/ZS_F2_1575_en.mp3,F2-GMS-1551B 04:27.30-04:29.04
1576,2,1551,75,GLOSSIKA-ENZS-F2-GMS-1551B.mp3,278.293,279.567,1.273,transcript_media/en/ZS_F2_1576_en.mp3,F2-GMS-1551B 04:38.29-04:39.57
1577,2,1551,78,GLOSSIKA-ENZS-F2-GMS-1551B.mp3,287.692,291.602,3.911,transcript_media/en/ZS_F2_1577_en.mp3,F2-GMS-1551B 04:47.69-04:51.60
1578,2,1551,81,GLOSSIKA-ENZS-F2-GMS-1551B.mp3,301.294,302.702,1.408,transcript_media/en/ZS_F2_1578_en.mp3,F2-GMS-1551B 05:01.29-05:02.70
1579,2,1551,84,GLOSSIKA-ENZS-F2-GMS-1551B.mp3,308.562,311.505,2.943,transcript_media/en/ZS_F2_1579_en.mp3,F2-GMS-1551B 05:08.56-05:11.50
1580,2,1551,87,GLOSSIKA-ENZS-F2-GMS-1551B.mp3,321.398,324.383,2.985,transcript_media/en/ZS_F2_1580_en.mp3,F2-GMS-1551B 05:21.40-05:24.38
1581,2,1551,90,GLOSSIKA-ENZS-F2-GMS-1551B.mp3,328.991,329.748,0.756,transcript_media/en/ZS_F2_1581_en.mp3,F2-GMS-1551B 05:28.99-05:29.75
1582,2,1551,93,GLOSSIKA-ENZS-F2-GMS-1551B.mp3,336.754,339.707,2.953,transcript_media/en/ZS_F2_1582_en.mp3,F2-GMS-1551B 05:36.75-05:39.71
1583,2,1551,96,GLOSSIKA-ENZS-F2-GMS-1551B.mp3,349.016,351.928,2.913,transcript_media/en/ZS_F2_1583_en.mp3,F2-GMS-1551B 05:49.02-05:51.93
1584,2,1551,99,GLOSSIKA-ENZS-F2-GMS-1551B.mp3,360.414,363.004,2.589,transcript_media/en/ZS_F2_1584_en.mp3,F2-GMS-1551B 06:00.41-06:03.00
1585,2,1551,102,GLOSSIKA-ENZS-F2-GMS-1551B.mp3,372.534,374.807,2.273,transcript_media/en/ZS_F2_1585_en.mp3,F2-GMS-1551B 06:12.53-06:14.81
1586,2,1551,105,GLOSSIKA-ENZS-F2-GMS-1551B.mp3,384.378,387.241,2.863,transcript_media/en/ZS_F2_1586_en.mp3,F2-GMS-1551B 06:24.38-06:27.24
1587,2,1551,108,GLOSSIKA-ENZS-F2-GMS-1551B.mp3,395.999,398.188,2.188,transcript_media/en/ZS_F2_1587_en.mp3,F2-GMS-1551B 06:36.00-06:38.19
1588,2,1551,111,GLOSSIKA-ENZS-F2-GMS-1551B.mp3,403.257,404.094,0.837,transcript_media/en/ZS_F2_1588_en.mp3,F2-GMS-1551B 06:43.26-06:44.09
1589,2,1551,114,GLOSSIKA-ENZS-F2-GMS-1551B.mp3,412.941,414.769,1.827,transcript_media/en/ZS_F2_1589_en.mp3,F2-GMS-1551B 06:52.94-06:54.77
1590,2,1551,117,GLOSSIKA-ENZS-F2-GMS-1551B.mp3,420.314,424.059,3.745,transcript_media/en/ZS_F2_1590_en.mp3,F2-GMS-1551B 07:00.31-07:04.06
1591,2,1551,120,GLOSSIKA-ENZS-F2-GMS-1551B.mp3,433.812,436.363,2.551,transcript_media/en/ZS_F2_1591_en.mp3,F2-GMS-1551B 07:13.81-07:16.36
1592,2,1551,123,GLOSSIKA-ENZS-F2-GMS-1551B.mp3,444.854,446.694,1.840,transcript_media/en/ZS_F2_1592_en.mp3,F2-GMS-1551B 07:24.85-07:26.69
1593,2,1551,126,GLOSSIKA-ENZS-F2-GMS-1551B.mp3,455.340,457.009,1.668,transcript_media/en/ZS_F2_1593_en.mp3,F2-GMS-1551B 07:35.34-07:37.01
1594,2,1551,129,GLOSSIKA-ENZS-F2-GMS-1551B.mp3,466.026,468.397,2.370,transcript_media/en/ZS_F2_1594_en.mp3,F2-GMS-1551B 07:46.03-07:48.40
1595,2,1551,132,GLOSSIKA-ENZS-F2-GMS-1551B.mp3,478.004,480.223,2.218,transcript_media/en/ZS_F2_1595_en.mp3,F2-GMS-1551B 07:58.00-08:00.22
1596,2,1551,135,GLOSSIKA-ENZS-F2-GMS-1551B.mp3,489.086,490.654,1.568,transcript_media/en/ZS_F2_1596_en.mp3,F2-GMS-1551B 08:09.09-08:10.65
1597,2,1551,138,GLOSSIKA-ENZS-F2-GMS-1551B.mp3,498.842,500.969,2.127,transcript_media/en/ZS_F2_1597_en.mp3,F2-GMS-1551B 08:18.84-08:20.97
1598,2,1551,141,GLOSSIKA-ENZS-F2-GMS-1551B.mp3,509.712,511.725,2.013,transcript_media/en/ZS_F2_1598_en.mp3,F2-GMS-1551B 08:29.71-08:31.73
1599,2,1551,144,GLOSSIKA-ENZS-F2-GMS-1551B.mp3,522.414,525.702,3.288,transcript_media/en/ZS_F2_1599_en.mp3,F2-GMS-1551B 08:42.41-08:45.70
1600,2,1551,147,GLOSSIKA-ENZS-F2-GMS-1551B.mp3,535.505,537.814,2.309,transcript_media/en/ZS_F2_1600_en.mp3,F2-GMS-1551B 08:55.51-08:57.81
1601,2,1601,0,GLOSSIKA-ENZS-F2-GMS-1601A.mp3,0.000,3.279,3.279,transcript_media/en/ZS_F2_1601_en.mp3,F2-GMS-1601A 00:00.00-00:03.28
1602,2,1601,3,GLOSSIKA-ENZS-F2-GMS-1601A.mp3,12.509,15.683,3.174,transcript_media/en/ZS_F2_1602_en.mp3,F2-GMS-1601A 00:12.51-00:15.68
1603,2,1601,6,GLOSSIKA-ENZS-F2-GMS-1601A.mp3,31.088,35.017,3.929,transcript_media/en/ZS_F2_1603_en.mp3,F2-GMS-1601A 00:31.09-00:35.02
1604,2,1601,9,GLOSSIKA-ENZS-F2-GMS-1601A.mp3,49.107,52.234,3.127,transcript_media/en/ZS_F2_1604_en.mp3,F2-GMS-1601A 00:49.11-00:52.23
1605,2,1601,12,GLOSSIKA-ENZS-F2-GMS-1601A.mp3,65.057,67.691,2.634,transcript_media/en/ZS_F2_1605_en.mp3,F2-GMS-1601A 01:05.06-01:07.69
1606,2,1601,15,GLOSSIKA-ENZS-F2-GMS-1601A.mp3,81.484,84.175,2.691,transcript_media/en/ZS_F2_1606_en.mp3,F2-GMS-1601A 01:21.48-01:24.17
1607,2,1601,18,GLOSSIKA-ENZS-F2-GMS-1601A.mp3,97.584,100.649,3.065,transcript_media/en/ZS_F2_1607_en.mp3,F2-GMS-1601A 01:37.58-01:40.65
1608,2,1601,21,GLOSSIKA-ENZS-F2-GMS-1601A.mp3,112.451,114.217,1.766,transcript_media/en/ZS_F2_1608_en.mp3,F2-GMS-1601A 01:52.45-01:54.22
1609,2,1601,24,GLOSSIKA-ENZS-F2-GMS-1601A.mp3,129.326,132.940,3.614,transcript_media/en/ZS_F2_1609_en.mp3,F2-GMS-1601A 02:09.33-02:12.94
1610,2,1601,27,GLOSSIKA-ENZS-F2-GMS-1601A.mp3,147.777,151.610,3.832,transcript_media/en/ZS_F2_1610_en.mp3,F2-GMS-1601A 02:27.78-02:31.61
1611,2,1601,30,GLOSSIKA-ENZS-F2-GMS-1601A.mp3,164.000,166.573,2.573,transcript_media/en/ZS_F2_1611_en.mp3,F2-GMS-1601A 02:44.00-02:46.57
1612,2,1601,33,GLOSSIKA-ENZS-F2-GMS-1601A.mp3,180.819,184.155,3.337,transcript_media/en/ZS_F2_1612_en.mp3,F2-GMS-1601A 03:00.82-03:04.16
1613,2,1601,36,GLOSSIKA-ENZS-F2-GMS-1601A.mp3,196.332,198.811,2.478,transcript_media/en/ZS_F2_1613_en.mp3,F2-GMS-1601A 03:16.33-03:18.81
1614,2,1601,39,GLOSSIKA-ENZS-F2-GMS-1601A.mp3,211.716,215.274,3.559,transcript_media/en/ZS_F2_1614_en.mp3,F2-GMS-1601A 03:31.72-03:35.27
1615,2,1601,42,GLOSSIKA-ENZS-F2-GMS-1601A.mp3,228.130,230.620,2.490,transcript_media/en/ZS_F2_1615_en.mp3,F2-GMS-1601A 03:48.13-03:50.62
1616,2,1601,45,GLOSSIKA-ENZS-F2-GMS-1601A.mp3,244.679,248.025,3.346,transcript_media/en/ZS_F2_1616_en.mp3,F2-GMS-1601A 04:04.68-04:08.03
1617,2,1601,48,GLOSSIKA-ENZS-F2-GMS-1601A.mp3,260.687,262.870,2.183,transcript_media/en/ZS_F2_1617_en.mp3,F2-GMS-1601A 04:20.69-04:22.87
1618,2,1601,51,GLOSSIKA-ENZS-F2-GMS-1601A.mp3,276.139,279.409,3.270,transcript_media/en/ZS_F2_1618_en.mp3,F2-GMS-1601A 04:36.14-04:39.41
1619,2,1601,54,GLOSSIKA-ENZS-F2-GMS-1601A.mp3,291.496,293.992,2.496,transcript_media/en/ZS_F2_1619_en.mp3,F2-GMS-1601A 04:51.50-04:53.99
1620,2,1601,57,GLOSSIKA-ENZS-F2-GMS-1601A.mp3,306.504,309.708,3.204,transcript_media/en/ZS_F2_1620_en.mp3,F2-GMS-1601A 05:06.50-05:09.71
1621,2,1601,60,GLOSSIKA-ENZS-F2-GMS-1601A.mp3,321.342,323.558,2.216,transcript_media/en/ZS_F2_1621_en.mp3,F2-GMS-1601A 05:21.34-05:23.56
1622,2,1601,63,GLOSSIKA-ENZS-F2-GMS-1601A.mp3,335.745,337.076,1.331,transcript_media/en/ZS_F2_1622_en.mp3,F2-GMS-1601A 05:35.75-05:37.08
1623,2,1601,66,GLOSSIKA-ENZS-F2-GMS-1601A.mp3,344.992,347.312,2.320,transcript_media/en/ZS_F2_1623_en.mp3,F2-GMS-1601A 05:44.99-05:47.31
1624,2,1601,69,GLOSSIKA-ENZS-F2-GMS-1601A.mp3,358.556,360.320,1.764,transcript_media/en/ZS_F2_1624_en.mp3,F2-GMS-1601A 05:58.56-06:00.32
1625,2,1601,72,GLOSSIKA-ENZS-F2-GMS-1601A.mp3,373.358,375.661,2.303,transcript_media/en/ZS_F2_1625_en.mp3,F2-GMS-1601A 06:13.36-06:15.66
1626,2,1601,75,GLOSSIKA-ENZS-F2-GMS-1601A.mp3,388.538,390.570,2.032,transcript_media/en/ZS_F2_1626_en.mp3,F2-GMS-1601A 06:28.54-06:30.57
1627,2,1601,78,GLOSSIKA-ENZS-F2-GMS-1601A.mp3,404.122,405.086,0.964,transcript_media/en/ZS_F2_1627_en.mp3,F2-GMS-1601A 06:44.12-06:45.09
1628,2,1601,81,GLOSSIKA-ENZS-F2-GMS-1601A.mp3,416.348,418.042,1.695,transcript_media/en/ZS_F2_1628_en.mp3,F2-GMS-1601A 06:56.35-06:58.04
1629,2,1601,84,GLOSSIKA-ENZS-F2-GMS-1601A.mp3,428.604,430.185,1.582,transcript_media/en/ZS_F2_1629_en.mp3,F2-GMS-1601A 07:08.60-07:10.19
1630,2,1601,87,GLOSSIKA-ENZS-F2-GMS-1601A.mp3,441.740,443.730,1.990,transcript_media/en/ZS_F2_1630_en.mp3,F2-GMS-1601A 07:21.74-07:23.73
1631,2,1601,90,GLOSSIKA-ENZS-F2-GMS-1601A.mp3,455.118,457.135,2.017,transcript_media/en/ZS_F2_1631_en.mp3,F2-GMS-1601A 07:35.12-07:37.13
1632,2,1601,93,GLOSSIKA-ENZS-F2-GMS-1601A.mp3,469.403,471.424,2.020,transcript_media/en/ZS_F2_1632_en.mp3,F2-GMS-1601A 07:49.40-07:51.42
1633,2,1601,96,GLOSSIKA-ENZS-F2-GMS-1601A.mp3,482.603,484.032,1.428,transcript_media/en/ZS_F2_1633_en.mp3,F2-GMS-1601A 08:02.60-08:04.03
1634,2,1601,99,GLOSSIKA-ENZS-F2-GMS-1601A.mp3,495.997,497.828,1.831,transcript_media/en/ZS_F2_1634_en.mp3,F2-GMS-1601A 08:16.00-08:17.83
1635,2,1601,102,GLOSSIKA-ENZS-F2-GMS-1601A.mp3,509.919,512.124,2.204,transcript_media/en/ZS_F2_1635_en.mp3,F2-GMS-1601A 08:29.92-08:32.12
1636,2,1601,105,GLOSSIKA-ENZS-F2-GMS-1601A.mp3,520.406,524.932,4.526,transcript_media/en/ZS_F2_1636_en.mp3,F2-GMS-1601A 08:40.41-08:44.93
1637,2,1601,108,GLOSSIKA-ENZS-F2-GMS-1601A.mp3,540.056,543.185,3.128,transcript_media/en/ZS_F2_1637_en.mp3,F2-GMS-1601A 09:00.06-09:03.18
1638,2,1601,111,GLOSSIKA-ENZS-F2-GMS-1601A.mp3,557.654,560.279,2.626,transcript_media/en/ZS_F2_1638_en.mp3,F2-GMS-1601A 09:17.65-09:20.28
1639,2,1601,114,GLOSSIKA-ENZS-F2-GMS-1601A.mp3,574.190,576.877,2.687,transcript_media/en/ZS_F2_1639_en.mp3,F2-GMS-1601A 09:34.19-09:36.88
1640,2,1601,117,GLOSSIKA-ENZS-F2-GMS-1601A.mp3,587.971,589.760,1.790,transcript_media/en/ZS_F2_1640_en.mp3,F2-GMS-1601A 09:47.97-09:49.76
1641,2,1601,120,GLOSSIKA-ENZS-F2-GMS-1601A.mp3,605.671,606.852,1.181,transcript_media/en/ZS_F2_1641_en.mp3,F2-GMS-1601A 10:05.67-10:06.85
1642,2,1601,123,GLOSSIKA-ENZS-F2-GMS-1601A.mp3,618.156,621.911,3.755,transcript_media/en/ZS_F2_1642_en.mp3,F2-GMS-1601A 10:18.16-10:21.91
1643,2,1601,126,GLOSSIKA-ENZS-F2-GMS-1601A.mp3,630.004,633.496,3.493,transcript_media/en/ZS_F2_1643_en.mp3,F2-GMS-1601A 10:30.00-10:33.50
1644,2,1601,129,GLOSSIKA-ENZS-F2-GMS-1601A.mp3,645.816,647.516,1.700,transcript_media/en/ZS_F2_1644_en.mp3,F2-GMS-1601A 10:45.82-10:47.52
1645,2,1601,132,GLOSSIKA-ENZS-F2-GMS-1601A.mp3,663.627,664.600,0.973,transcript_media/en/ZS_F2_1645_en.mp3,F2-GMS-1601A 11:03.63-11:04.60
1646,2,1601,135,GLOSSIKA-ENZS-F2-GMS-1601A.mp3,674.491,677.768,3.277,transcript_media/en/ZS_F2_1646_en.mp3,F2-GMS-1601A 11:14.49-11:17.77
1647,2,1601,138,GLOSSIKA-ENZS-F2-GMS-1601A.mp3,686.457,689.082,2.625,transcript_media/en/ZS_F2_1647_en.mp3,F2-GMS-1601A 11:26.46-11:29.08
1648,2,1601,141,GLOSSIKA-ENZS-F2-GMS-1601A.mp3,700.461,702.123,1.662,transcript_media/en/ZS_F2_1648_en.mp3,F2-GMS-1601A 11:40.46-11:42.12
1649,2,1601,144,GLOSSIKA-ENZS-F2-GMS-1601A.mp3,717.355,718.178,0.823,transcript_media/en/ZS_F2_1649_en.mp3,F2-GMS-1601A 11:57.36-11:58.18
1650,2,1601,147,GLOSSIKA-ENZS-F2-GMS-1601A.mp3,728.523,731.760,3.238,transcript_media/en/ZS_F2_1650_en.mp3,F2-GMS-1601A 12:08.52-12:11.76
1651,2,1651,0,GLOSSIKA-ENZS-F2-GMS-1651A.mp3,0.000,3.279,3.279,transcript_media/en/ZS_F2_1651_en.mp3,F2-GMS-1651A 00:00.00-00:03.28
1652,2,1651,3,GLOSSIKA-ENZS-F2-GMS-1651A.mp3,11.455,13.143,1.688,transcript_media/en/ZS_F2_1652_en.mp3,F2-GMS-1651A 00:11.46-00:13.14
1653,2,1651,6,GLOSSIKA-ENZS-F2-GMS-1651A.mp3,24.133,25.879,1.746,transcript_media/en/ZS_F2_1653_en.mp3,F2-GMS-1651A 00:24.13-00:25.88
1654,2,1651,9,GLOSSIKA-ENZS-F2-GMS-1651A.mp3,36.511,38.161,1.650,transcript_media/en/ZS_F2_1654_en.mp3,F2-GMS-1651A 00:36.51-00:38.16
1655,2,1651,12,GLOSSIKA-ENZS-F2-GMS-1651A.mp3,49.197,50.934,1.737,transcript_media/en/ZS_F2_1655_en.mp3,F2-GMS-1651A 00:49.20-00:50.93
1656,2,1651,15,GLOSSIKA-ENZS-F2-GMS-1651A.mp3,61.690,63.821,2.131,transcript_media/en/ZS_F2_1656_en.mp3,F2-GMS-1651A 01:01.69-01:03.82
1657,2,1651,18,GLOSSIKA-ENZS-F2-GMS-1651A.mp3,74.067,75.578,1.511,transcript_media/en/ZS_F2_1657_en.mp3,F2-GMS-1651A 01:14.07-01:15.58
1658,2,1651,21,GLOSSIKA-ENZS-F2-GMS-1651A.mp3,90.432,92.484,2.051,transcript_media/en/ZS_F2_1658_en.mp3,F2-GMS-1651A 01:30.43-01:32.48
1659,2,1651,24,GLOSSIKA-ENZS-F2-GMS-1651A.mp3,104.343,109.247,4.904,transcript_media/en/ZS_F2_1659_en.mp3,F2-GMS-1651A 01:44.34-01:49.25
1660,2,1651,27,GLOSSIKA-ENZS-F2-GMS-1651A.mp3,121.585,124.468,2.883,transcript_media/en/ZS_F2_1660_en.mp3,F2-GMS-1651A 02:01.59-02:04.47
1661,2,1651,30,GLOSSIKA-ENZS-F2-GMS-1651A.mp3,135.956,138.086,2.129,transcript_media/en/ZS_F2_1661_en.mp3,F2-GMS-1651A 02:15.96-02:18.09
1662,2,1651,33,GLOSSIKA-ENZS-F2-GMS-1651A.mp3,150.304,152.627,2.323,transcript_media/en/ZS_F2_1662_en.mp3,F2-GMS-1651A 02:30.30-02:32.63
1663,2,1651,36,GLOSSIKA-ENZS-F2-GMS-1651A.mp3,159.704,160.663,0.959,transcript_media/en/ZS_F2_1663_en.mp3,F2-GMS-1651A 02:39.70-02:40.66
1664,2,1651,39,GLOSSIKA-ENZS-F2-GMS-1651A.mp3,175.665,178.799,3.134,transcript_media/en/ZS_F2_1664_en.mp3,F2-GMS-1651A 02:55.67-02:58.80
1665,2,1651,42,GLOSSIKA-ENZS-F2-GMS-1651A.mp3,192.073,194.299,2.226,transcript_media/en/ZS_F2_1665_en.mp3,F2-GMS-1651A 03:12.07-03:14.30
1666,2,1651,45,GLOSSIKA-ENZS-F2-GMS-1651A.mp3,205.793,208.312,2.520,transcript_media/en/ZS_F2_1666_en.mp3,F2-GMS-1651A 03:25.79-03:28.31
1667,2,1651,48,GLOSSIKA-ENZS-F2-GMS-1651A.mp3,220.687,221.980,1.292,transcript_media/en/ZS_F2_1667_en.mp3,F2-GMS-1651A 03:40.69-03:41.98
1668,2,1651,51,GLOSSIKA-ENZS-F2-GMS-1651A.mp3,232.944,235.730,2.786,transcript_media/en/ZS_F2_1668_en.mp3,F2-GMS-1651A 03:52.94-03:55.73
1669,2,1651,54,GLOSSIKA-ENZS-F2-GMS-1651A.mp3,249.006,250.905,1.899,transcript_media/en/ZS_F2_1669_en.mp3,F2-GMS-1651A 04:09.01-04:10.90
1670,2,1651,57,GLOSSIKA-ENZS-F2-GMS-1651A.mp3,262.273,264.264,1.992,transcript_media/en/ZS_F2_1670_en.mp3,F2-GMS-1651A 04:22.27-04:24.26
1671,2,1651,60,GLOSSIKA-ENZS-F2-GMS-1651A.mp3,275.815,279.470,3.655,transcript_media/en/ZS_F2_1671_en.mp3,F2-GMS-1651A 04:35.82-04:39.47
1672,2,1651,63,GLOSSIKA-ENZS-F2-GMS-1651A.mp3,295.595,298.442,2.847,transcript_media/en/ZS_F2_1672_en.mp3,F2-GMS-1651A 04:55.59-04:58.44
1673,2,1651,66,GLOSSIKA-ENZS-F2-GMS-1651A.mp3,310.903,312.830,1.926,transcript_media/en/ZS_F2_1673_en.mp3,F2-GMS-1651A 05:10.90-05:12.83
1674,2,1651,69,GLOSSIKA-ENZS-F2-GMS-1651A.mp3,324.129,328.784,4.655,transcript_media/en/ZS_F2_1674_en.mp3,F2-GMS-1651A 05:24.13-05:28.78
1675,2,1651,72,GLOSSIKA-ENZS-F2-GMS-1651A.mp3,338.215,342.271,4.056,transcript_media/en/ZS_F2_1675_en.mp3,F2-GMS-1651A 05:38.21-05:42.27
1676,2,1651,75,GLOSSIKA-ENZS-F2-GMS-1651A.mp3,355.587,356.114,0.528,transcript_media/en/ZS_F2_1676_en.mp3,F2-GMS-1651A 05:55.59-05:56.11
1677,2,1651,78,GLOSSIKA-ENZS-F2-GMS-1651A.mp3,369.114,372.373,3.259,transcript_media/en/ZS_F2_1677_en.mp3,F2-GMS-1651A 06:09.11-06:12.37
1678,2,1651,81,GLOSSIKA-ENZS-F2-GMS-1651A.mp3,385.284,387.687,2.403,transcript_media/en/ZS_F2_1678_en.mp3,F2-GMS-1651A 06:25.28-06:27.69
1679,2,1651,84,GLOSSIKA-ENZS-F2-GMS-1651A.mp3,399.079,403.928,4.848,transcript_media/en/ZS_F2_1679_en.mp3,F2-GMS-1651A 06:39.08-06:43.93
1680,2,1651,87,GLOSSIKA-ENZS-F2-GMS-1651A.mp3,412.042,414.926,2.884,transcript_media/en/ZS_F2_1680_en.mp3,F2-GMS-1651A 06:52.04-06:54.93
1681,2,1651,90,GLOSSIKA-ENZS-F2-GMS-1651A.mp3,428.492,431.562,3.070,transcript_media/en/ZS_F2_1681_en.mp3,F2-GMS-1651A 07:08.49-07:11.56
1682,2,1651,93,GLOSSIKA-ENZS-F2-GMS-1651A.mp3,444.788,446.623,1.835,transcript_media/en/ZS_F2_1682_en.mp3,F2-GMS-1651A 07:24.79-07:26.62
1683,2,1651,96,GLOSSIKA-ENZS-F2-GMS-1651A.mp3,458.555,460.433,1.878,transcript_media/en/ZS_F2_1683_en.mp3,F2-GMS-1651A 07:38.55-07:40.43
1684,2,1651,99,GLOSSIKA-ENZS-F2-GMS-1651A.mp3,471.434,472.995,1.561,transcript_media/en/ZS_F2_1684_en.mp3,F2-GMS-1651A 07:51.43-07:52.99
1685,2,1651,102,GLOSSIKA-ENZS-F2-GMS-1651A.mp3,484.277,485.877,1.600,transcript_media/en/ZS_F2_1685_en.mp3,F2-GMS-1651A 08:04.28-08:05.88
1686,2,1651,105,GLOSSIKA-ENZS-F2-GMS-1651A.mp3,497.445,499.681,2.236,transcript_media/en/ZS_F2_1686_en.mp3,F2-GMS-1651A 08:17.45-08:19.68
1687,2,1651,108,GLOSSIKA-ENZS-F2-GMS-1651A.mp3,510.463,511.801,1.338,transcript_media/en/ZS_F2_1687_en.mp3,F2-GMS-1651A 08:30.46-08:31.80
1688,2,1651,111,GLOSSIKA-ENZS-F2-GMS-1651A.mp3,526.646,529.249,2.602,transcript_media/en/ZS_F2_1688_en.mp3,F2-GMS-1651A 08:46.65-08:49.25
1689,2,1651,114,GLOSSIKA-ENZS-F2-GMS-1651A.mp3,542.765,543.475,0.710,transcript_media/en/ZS_F2_1689_en.mp3,F2-GMS-1651A 09:02.77-09:03.48
1690,2,1651,117,GLOSSIKA-ENZS-F2-GMS-1651A.mp3,552.906,555.542,2.635,transcript_media/en/ZS_F2_1690_en.mp3,F2-GMS-1651A 09:12.91-09:15.54
1691,2,1651,120,GLOSSIKA-ENZS-F2-GMS-1651A.mp3,569.062,572.074,3.012,transcript_media/en/ZS_F2_1691_en.mp3,F2-GMS-1651A 09:29.06-09:32.07
1692,2,1651,123,GLOSSIKA-ENZS-F2-GMS-1651A.mp3,580.591,584.813,4.222,transcript_media/en/ZS_F2_1692_en.mp3,F2-GMS-1651A 09:40.59-09:44.81
1693,2,1651,126,GLOSSIKA-ENZS-F2-GMS-1651A.mp3,597.298,598.084,0.786,transcript_media/en/ZS_F2_1693_en.mp3,F2-GMS-1651A 09:57.30-09:58.08
1694,2,1651,129,GLOSSIKA-ENZS-F2-GMS-1651A.mp3,611.029,612.934,1.904,transcript_media/en/ZS_F2_1694_en.mp3,F2-GMS-1651A 10:11.03-10:12.93
1695,2,1651,132,GLOSSIKA-ENZS-F2-GMS-1651A.mp3,622.676,626.250,3.574,transcript_media/en/ZS_F2_1695_en.mp3,F2-GMS-1651A 10:22.68-10:26.25
1696,2,1651,135,GLOSSIKA-ENZS-F2-GMS-1651A.mp3,637.083,639.118,2.035,transcript_media/en/ZS_F2_1696_en.mp3,F2-GMS-1651A 10:37.08-10:39.12
1697,2,1651,138,GLOSSIKA-ENZS-F2-GMS-1651A.mp3,655.484,660.304,4.821,transcript_media/en/ZS_F2_1697_en.mp3,F2-GMS-1651A 10:55.48-11:00.30
1698,2,1651,141,GLOSSIKA-ENZS-F2-GMS-1651A.mp3,673.981,678.109,4.128,transcript_media/en/ZS_F2_1698_en.mp3,F2-GMS-1651A 11:13.98-11:18.11
1699,2,1651,144,GLOSSIKA-ENZS-F2-GMS-1651A.mp3,691.618,695.125,3.507,transcript_media/en/ZS_F2_1699_en.mp3,F2-GMS-1651A 11:31.62-11:35.13
1700,2,1651,147,GLOSSIKA-ENZS-F2-GMS-1651A.mp3,712.098,716.609,4.511,transcript_media/en/ZS_F2_1700_en.mp3,F2-GMS-1651A 11:52.10-11:56.61
1701,2,1701,0,GLOSSIKA-ENZS-F2-GMS-1701A.mp3,0.000,3.279,3.279,transcript_media/en/ZS_F2_1701_en.mp3,F2-GMS-1701A 00:00.00-00:03.28
1702,2,1701,3,GLOSSIKA-ENZS-F2-GMS-1701A.mp3,13.812,17.103,3.291,transcript_media/en/ZS_F2_1702_en.mp3,F2-GMS-1701A 00:13.81-00:17.10
1703,2,1701,6,GLOSSIKA-ENZS-F2-GMS-1701A.mp3,29.190,31.265,2.075,transcript_media/en/ZS_F2_1703_en.mp3,F2-GMS-1701A 00:29.19-00:31.27
1704,2,1701,9,GLOSSIKA-ENZS-F2-GMS-1701A.mp3,43.489,46.145,2.657,transcript_media/en/ZS_F2_1704_en.mp3,F2-GMS-1701A 00:43.49-00:46.15
1705,2,1701,12,GLOSSIKA-ENZS-F2-GMS-1701A.mp3,59.582,63.644,4.062,transcript_media/en/ZS_F2_1705_en.mp3,F2-GMS-1701A 00:59.58-01:03.64
1706,2,1701,15,GLOSSIKA-ENZS-F2-GMS-1701A.mp3,80.553,85.104,4.551,transcript_media/en/ZS_F2_1706_en.mp3,F2-GMS-1701A 01:20.55-01:25.10
1707,2,1701,18,GLOSSIKA-ENZS-F2-GMS-1701A.mp3,99.373,100.688,1.315,transcript_media/en/ZS_F2_1707_en.mp3,F2-GMS-1701A 01:39.37-01:40.69
1708,2,1701,21,GLOSSIKA-ENZS-F2-GMS-1701A.mp3,112.678,114.214,1.536,transcript_media/en/ZS_F2_1708_en.mp3,F2-GMS-1701A 01:52.68-01:54.21
1709,2,1701,24,GLOSSIKA-ENZS-F2-GMS-1701A.mp3,126.795,129.134,2.340,transcript_media/en/ZS_F2_1709_en.mp3,F2-GMS-1701A 02:06.79-02:09.13
1710,2,1701,27,GLOSSIKA-ENZS-F2-GMS-1701A.mp3,141.164,144.314,3.150,transcript_media/en/ZS_F2_1710_en.mp3,F2-GMS-1701A 02:21.16-02:24.31
1711,2,1701,30,GLOSSIKA-ENZS-F2-GMS-1701A.mp3,157.650,160.895,3.245,transcript_media/en/ZS_F2_1711_en.mp3,F2-GMS-1701A 02:37.65-02:40.89
1712,2,1701,33,GLOSSIKA-ENZS-F2-GMS-1701A.mp3,174.070,176.235,2.166,transcript_media/en/ZS_F2_1712_en.mp3,F2-GMS-1701A 02:54.07-02:56.24
1713,2,1701,36,GLOSSIKA-ENZS-F2-GMS-1701A.mp3,188.548,191.150,2.602,transcript_media/en/ZS_F2_1713_en.mp3,F2-GMS-1701A 03:08.55-03:11.15
1714,2,1701,39,GLOSSIKA-ENZS-F2-GMS-1701A.mp3,203.425,205.795,2.370,transcript_media/en/ZS_F2_1714_en.mp3,F2-GMS-1701A 03:23.43-03:25.79
1715,2,1701,42,GLOSSIKA-ENZS-F2-GMS-1701A.mp3,219.166,223.160,3.994,transcript_media/en/ZS_F2_1715_en.mp3,F2-GMS-1701A 03:39.17-03:43.16
1716,2,1701,45,GLOSSIKA-ENZS-F2-GMS-1701A.mp3,236.352,238.139,1.787,transcript_media/en/ZS_F2_1716_en.mp3,F2-GMS-1701A 03:56.35-03:58.14
1717,2,1701,48,GLOSSIKA-ENZS-F2-GMS-1701A.mp3,255.233,256.592,1.359,transcript_media/en/ZS_F2_1717_en.mp3,F2-GMS-1701A 04:15.23-04:16.59
1718,2,1701,51,GLOSSIKA-ENZS-F2-GMS-1701A.mp3,266.821,269.990,3.169,transcript_media/en/ZS_F2_1718_en.mp3,F2-GMS-1701A 04:26.82-04:29.99
1719,2,1701,54,GLOSSIKA-ENZS-F2-GMS-1701A.mp3,282.155,284.388,2.233,transcript_media/en/ZS_F2_1719_en.mp3,F2-GMS-1701A 04:42.15-04:44.39
1720,2,1701,57,GLOSSIKA-ENZS-F2-GMS-1701A.mp3,291.758,294.876,3.118,transcript_media/en/ZS_F2_1720_en.mp3,F2-GMS-1701A 04:51.76-04:54.88
1721,2,1701,60,GLOSSIKA-ENZS-F2-GMS-1701A.mp3,308.115,310.508,2.393,transcript_media/en/ZS_F2_1721_en.mp3,F2-GMS-1701A 05:08.12-05:10.51
1722,2,1701,63,GLOSSIKA-ENZS-F2-GMS-1701A.mp3,323.972,326.778,2.806,transcript_media/en/ZS_F2_1722_en.mp3,F2-GMS-1701A 05:23.97-05:26.78
1723,2,1701,66,GLOSSIKA-ENZS-F2-GMS-1701A.mp3,341.159,344.715,3.555,transcript_media/en/ZS_F2_1723_en.mp3,F2-GMS-1701A 05:41.16-05:44.71
1724,2,1701,69,GLOSSIKA-ENZS-F2-GMS-1701A.mp3,358.215,360.137,1.922,transcript_media/en/ZS_F2_1724_en.mp3,F2-GMS-1701A 05:58.21-06:00.14
1725,2,1701,72,GLOSSIKA-ENZS-F2-GMS-1701A.mp3,372.721,376.025,3.303,transcript_media/en/ZS_F2_1725_en.mp3,F2-GMS-1701A 06:12.72-06:16.02
1726,2,1701,75,GLOSSIKA-ENZS-F2-GMS-1701A.mp3,389.093,391.233,2.140,transcript_media/en/ZS_F2_1726_en.mp3,F2-GMS-1701A 06:29.09-06:31.23
1727,2,1701,78,GLOSSIKA-ENZS-F2-GMS-1701A.mp3,406.053,407.964,1.911,transcript_media/en/ZS_F2_1727_en.mp3,F2-GMS-1701A 06:46.05-06:47.96
1728,2,1701,81,GLOSSIKA-ENZS-F2-GMS-1701A.mp3,417.573,421.036,3.463,transcript_media/en/ZS_F2_1728_en.mp3,F2-GMS-1701A 06:57.57-07:01.04
1729,2,1701,84,GLOSSIKA-ENZS-F2-GMS-1701A.mp3,434.415,437.425,3.010,transcript_media/en/ZS_F2_1729_en.mp3,F2-GMS-1701A 07:14.42-07:17.43
1730,2,1701,87,GLOSSIKA-ENZS-F2-GMS-1701A.mp3,451.546,454.325,2.779,transcript_media/en/ZS_F2_1730_en.mp3,F2-GMS-1701A 07:31.55-07:34.32
1731,2,1701,90,GLOSSIKA-ENZS-F2-GMS-1701A.mp3,471.578,476.361,4.783,transcript_media/en/ZS_F2_1731_en.mp3,F2-GMS-1701A 07:51.58-07:56.36
1732,2,1701,93,GLOSSIKA-ENZS-F2-GMS-1701A.mp3,496.360,502.728,6.369,transcript_media/en/ZS_F2_1732_en.mp3,F2-GMS-1701A 08:16.36-08:22.73
1733,2,1701,96,GLOSSIKA-ENZS-F2-GMS-1701A.mp3,517.198,520.599,3.401,transcript_media/en/ZS_F2_1733_en.mp3,F2-GMS-1701A 08:37.20-08:40.60
1734,2,1701,99,GLOSSIKA-ENZS-F2-GMS-1701A.mp3,532.882,535.708,2.826,transcript_media/en/ZS_F2_1734_en.mp3,F2-GMS-1701A 08:52.88-08:55.71
1735,2,1701,102,GLOSSIKA-ENZS-F2-GMS-1701A.mp3,547.257,549.110,1.853,transcript_media/en/ZS_F2_1735_en.mp3,F2-GMS-1701A 09:07.26-09:09.11
1736,2,1701,105,GLOSSIKA-ENZS-F2-GMS-1701A.mp3,562.111,565.089,2.978,transcript_media/en/ZS_F2_1736_en.mp3,F2-GMS-1701A 09:22.11-09:25.09
1737,2,1701,108,GLOSSIKA-ENZS-F2-GMS-1701A.mp3,581.684,585.845,4.161,transcript_media/en/ZS_F2_1737_en.mp3,F2-GMS-1701A 09:41.68-09:45.85
1738,2,1701,111,GLOSSIKA-ENZS-F2-GMS-1701A.mp3,598.204,600.630,2.426,transcript_media/en/ZS_F2_1738_en.mp3,F2-GMS-1701A 09:58.20-10:00.63
1739,2,1701,114,GLOSSIKA-ENZS-F2-GMS-1701A.mp3,611.763,613.704,1.941,transcript_media/en/ZS_F2_1739_en.mp3,F2-GMS-1701A 10:11.76-10:13.70
1740,2,1701,117,GLOSSIKA-ENZS-F2-GMS-1701A.mp3,627.893,631.353,3.460,transcript_media/en/ZS_F2_1740_en.mp3,F2-GMS-1701A 10:27.89-10:31.35
1741,2,1701,120,GLOSSIKA-ENZS-F2-GMS-1701A.mp3,644.700,647.556,2.856,transcript_media/en/ZS_F2_1741_en.mp3,F2-GMS-1701A 10:44.70-10:47.56
1742,2,1701,123,GLOSSIKA-ENZS-F2-GMS-1701A.mp3,658.719,660.536,1.817,transcript_media/en/ZS_F2_1742_en.mp3,F2-GMS-1701A 10:58.72-11:00.54
1743,2,1701,126,GLOSSIKA-ENZS-F2-GMS-1701A.mp3,671.757,673.675,1.918,transcript_media/en/ZS_F2_1743_en.mp3,F2-GMS-1701A 11:11.76-11:13.68
1744,2,1701,129,GLOSSIKA-ENZS-F2-GMS-1701A.mp3,684.980,686.964,1.984,transcript_media/en/ZS_F2_1744_en.mp3,F2-GMS-1701A 11:24.98-11:26.96
1745,2,1701,132,GLOSSIKA-ENZS-F2-GMS-1701A.mp3,698.372,700.294,1.923,transcript_media/en/ZS_F2_1745_en.mp3,F2-GMS-1701A 11:38.37-11:40.29
1746,2,1701,135,GLOSSIKA-ENZS-F2-GMS-1701A.mp3,711.989,714.013,2.024,transcript_media/en/ZS_F2_1746_en.mp3,F2-GMS-1701A 11:51.99-11:54.01
1747,2,1701,138,GLOSSIKA-ENZS-F2-GMS-1701A.mp3,726.193,728.541,2.348,transcript_media/en/ZS_F2_1747_en.mp3,F2-GMS-1701A 12:06.19-12:08.54
1748,2,1701,141,GLOSSIKA-ENZS-F2-GMS-1701A.mp3,739.100,740.193,1.093,transcript_media/en/ZS_F2_1748_en.mp3,F2-GMS-1701A 12:19.10-12:20.19
1749,2,1701,144,GLOSSIKA-ENZS-F2-GMS-1701A.mp3,752.025,754.567,2.541,transcript_media/en/ZS_F2_1749_en.mp3,F2-GMS-1701A 12:32.03-12:34.57
1750,2,1701,147,GLOSSIKA-ENZS-F2-GMS-1701A.mp3,767.951,771.067,3.116,transcript_media/en/ZS_F2_1750_en.mp3,F2-GMS-1701A 12:47.95-12:51.07
1751,2,1751,0,GLOSSIKA-ENZS-F2-GMS-1751A.mp3,0.000,3.279,3.279,transcript_media/en/ZS_F2_1751_en.mp3,F2-GMS-1751A 00:00.00-00:03.28
1752,2,1751,3,GLOSSIKA-ENZS-F2-GMS-1751A.mp3,13.167,16.761,3.594,transcript_media/en/ZS_F2_1752_en.mp3,F2-GMS-1751A 00:13.17-00:16.76
1753,2,1751,6,GLOSSIKA-ENZS-F2-GMS-1751A.mp3,31.630,34.930,3.300,transcript_media/en/ZS_F2_1753_en.mp3,F2-GMS-1751A 00:31.63-00:34.93
1754,2,1751,9,GLOSSIKA-ENZS-F2-GMS-1751A.mp3,48.259,51.465,3.206,transcript_media/en/ZS_F2_1754_en.mp3,F2-GMS-1751A 00:48.26-00:51.47
1755,2,1751,12,GLOSSIKA-ENZS-F2-GMS-1751A.mp3,65.814,68.704,2.890,transcript_media/en/ZS_F2_1755_en.mp3,F2-GMS-1751A 01:05.81-01:08.70
1756,2,1751,15,GLOSSIKA-ENZS-F2-GMS-1751A.mp3,81.623,84.804,3.181,transcript_media/en/ZS_F2_1756_en.mp3,F2-GMS-1751A 01:21.62-01:24.80
1757,2,1751,18,GLOSSIKA-ENZS-F2-GMS-1751A.mp3,98.749,102.116,3.368,transcript_media/en/ZS_F2_1757_en.mp3,F2-GMS-1751A 01:38.75-01:42.12
1758,2,1751,21,GLOSSIKA-ENZS-F2-GMS-1751A.mp3,115.778,118.750,2.972,transcript_media/en/ZS_F2_1758_en.mp3,F2-GMS-1751A 01:55.78-01:58.75
1759,2,1751,24,GLOSSIKA-ENZS-F2-GMS-1751A.mp3,130.921,132.882,1.960,transcript_media/en/ZS_F2_1759_en.mp3,F2-GMS-1751A 02:10.92-02:12.88
1760,2,1751,27,GLOSSIKA-ENZS-F2-GMS-1751A.mp3,144.268,146.700,2.433,transcript_media/en/ZS_F2_1760_en.mp3,F2-GMS-1751A 02:24.27-02:26.70
1761,2,1751,30,GLOSSIKA-ENZS-F2-GMS-1751A.mp3,158.469,161.245,2.776,transcript_media/en/ZS_F2_1761_en.mp3,F2-GMS-1751A 02:38.47-02:41.25
1762,2,1751,33,GLOSSIKA-ENZS-F2-GMS-1751A.mp3,173.572,176.191,2.619,transcript_media/en/ZS_F2_1762_en.mp3,F2-GMS-1751A 02:53.57-02:56.19
1763,2,1751,36,GLOSSIKA-ENZS-F2-GMS-1751A.mp3,188.902,192.231,3.329,transcript_media/en/ZS_F2_1763_en.mp3,F2-GMS-1751A 03:08.90-03:12.23
1764,2,1751,39,GLOSSIKA-ENZS-F2-GMS-1751A.mp3,203.950,204.505,0.555,transcript_media/en/ZS_F2_1764_en.mp3,F2-GMS-1751A 03:23.95-03:24.51
1765,2,1751,42,GLOSSIKA-ENZS-F2-GMS-1751A.mp3,219.680,220.845,1.165,transcript_media/en/ZS_F2_1765_en.mp3,F2-GMS-1751A 03:39.68-03:40.84
1766,2,1751,45,GLOSSIKA-ENZS-F2-GMS-1751A.mp3,231.352,235.652,4.300,transcript_media/en/ZS_F2_1766_en.mp3,F2-GMS-1751A 03:51.35-03:55.65
1767,2,1751,48,GLOSSIKA-ENZS-F2-GMS-1751A.mp3,248.072,251.067,2.995,transcript_media/en/ZS_F2_1767_en.mp3,F2-GMS-1751A 04:08.07-04:11.07
1768,2,1751,51,GLOSSIKA-ENZS-F2-GMS-1751A.mp3,259.103,262.905,3.802,transcript_media/en/ZS_F2_1768_en.mp3,F2-GMS-1751A 04:19.10-04:22.90
1769,2,1751,54,GLOSSIKA-ENZS-F2-GMS-1751A.mp3,274.780,275.501,0.721,transcript_media/en/ZS_F2_1769_en.mp3,F2-GMS-1751A 04:34.78-04:35.50
1770,2,1751,57,GLOSSIKA-ENZS-F2-GMS-1751A.mp3,285.733,288.103,2.370,transcript_media/en/ZS_F2_1770_en.mp3,F2-GMS-1751A 04:45.73-04:48.10
1771,2,1751,60,GLOSSIKA-ENZS-F2-GMS-1751A.mp3,295.401,296.161,0.760,transcript_media/en/ZS_F2_1771_en.mp3,F2-GMS-1751A 04:55.40-04:56.16
1772,2,1751,63,GLOSSIKA-ENZS-F2-GMS-1751A.mp3,306.205,310.657,4.453,transcript_media/en/ZS_F2_1772_en.mp3,F2-GMS-1751A 05:06.20-05:10.66
1773,2,1751,66,GLOSSIKA-ENZS-F2-GMS-1751A.mp3,319.342,324.496,5.154,transcript_media/en/ZS_F2_1773_en.mp3,F2-GMS-1751A 05:19.34-05:24.50
1774,2,1751,69,GLOSSIKA-ENZS-F2-GMS-1751A.mp3,339.115,341.943,2.828,transcript_media/en/ZS_F2_1774_en.mp3,F2-GMS-1751A 05:39.11-05:41.94
1775,2,1751,72,GLOSSIKA-ENZS-F2-GMS-1751A.mp3,353.407,356.135,2.729,transcript_media/en/ZS_F2_1775_en.mp3,F2-GMS-1751A 05:53.41-05:56.14
1776,2,1751,75,GLOSSIKA-ENZS-F2-GMS-1751A.mp3,367.145,367.832,0.687,transcript_media/en/ZS_F2_1776_en.mp3,F2-GMS-1751A 06:07.14-06:07.83
1777,2,1751,78,GLOSSIKA-ENZS-F2-GMS-1751A.mp3,380.263,381.638,1.375,transcript_media/en/ZS_F2_1777_en.mp3,F2-GMS-1751A 06:20.26-06:21.64
1778,2,1751,81,GLOSSIKA-ENZS-F2-GMS-1751A.mp3,392.744,397.186,4.442,transcript_media/en/ZS_F2_1778_en.mp3,F2-GMS-1751A 06:32.74-06:37.19
1779,2,1751,84,GLOSSIKA-ENZS-F2-GMS-1751A.mp3,403.851,406.143,2.292,transcript_media/en/ZS_F2_1779_en.mp3,F2-GMS-1751A 06:43.85-06:46.14
1780,2,1751,87,GLOSSIKA-ENZS-F2-GMS-1751A.mp3,417.919,420.207,2.288,transcript_media/en/ZS_F2_1780_en.mp3,F2-GMS-1751A 06:57.92-07:00.21
1781,2,1751,90,GLOSSIKA-ENZS-F2-GMS-1751A.mp3,431.830,434.235,2.405,transcript_media/en/ZS_F2_1781_en.mp3,F2-GMS-1751A 07:11.83-07:14.23
1782,2,1751,93,GLOSSIKA-ENZS-F2-GMS-1751A.mp3,446.325,448.712,2.387,transcript_media/en/ZS_F2_1782_en.mp3,F2-GMS-1751A 07:26.33-07:28.71
1783,2,1751,96,GLOSSIKA-ENZS-F2-GMS-1751A.mp3,460.599,463.468,2.869,transcript_media/en/ZS_F2_1783_en.mp3,F2-GMS-1751A 07:40.60-07:43.47
1784,2,1751,99,GLOSSIKA-ENZS-F2-GMS-1751A.mp3,475.821,478.883,3.063,transcript_media/en/ZS_F2_1784_en.mp3,F2-GMS-1751A 07:55.82-07:58.88
1785,2,1751,102,GLOSSIKA-ENZS-F2-GMS-1751A.mp3,491.034,493.149,2.116,transcript_media/en/ZS_F2_1785_en.mp3,F2-GMS-1751A 08:11.03-08:13.15
1786,2,1751,105,GLOSSIKA-ENZS-F2-GMS-1751A.mp3,504.567,507.172,2.605,transcript_media/en/ZS_F2_1786_en.mp3,F2-GMS-1751A 08:24.57-08:27.17
1787,2,1751,108,GLOSSIKA-ENZS-F2-GMS-1751A.mp3,519.356,522.243,2.887,transcript_media/en/ZS_F2_1787_en.mp3,F2-GMS-1751A 08:39.36-08:42.24
1788,2,1751,111,GLOSSIKA-ENZS-F2-GMS-1751A.mp3,534.745,537.501,2.756,transcript_media/en/ZS_F2_1788_en.mp3,F2-GMS-1751A 08:54.74-08:57.50
1789,2,1751,114,GLOSSIKA-ENZS-F2-GMS-1751A.mp3,549.833,552.421,2.588,transcript_media/en/ZS_F2_1789_en.mp3,F2-GMS-1751A 09:09.83-09:12.42
1790,2,1751,117,GLOSSIKA-ENZS-F2-GMS-1751A.mp3,564.875,568.036,3.161,transcript_media/en/ZS_F2_1790_en.mp3,F2-GMS-1751A 09:24.87-09:28.04
1791,2,1751,120,GLOSSIKA-ENZS-F2-GMS-1751A.mp3,580.626,583.514,2.888,transcript_media/en/ZS_F2_1791_en.mp3,F2-GMS-1751A 09:40.63-09:43.51
1792,2,1751,123,GLOSSIKA-ENZS-F2-GMS-1751A.mp3,595.876,599.177,3.301,transcript_media/en/ZS_F2_1792_en.mp3,F2-GMS-1751A 09:55.88-09:59.18
1793,2,1751,126,GLOSSIKA-ENZS-F2-GMS-1751A.mp3,611.449,614.717,3.268,transcript_media/en/ZS_F2_1793_en.mp3,F2-GMS-1751A 10:11.45-10:14.72
1794,2,1751,129,GLOSSIKA-ENZS-F2-GMS-1751A.mp3,627.713,630.396,2.684,transcript_media/en/ZS_F2_1794_en.mp3,F2-GMS-1751A 10:27.71-10:30.40
1795,2,1751,132,GLOSSIKA-ENZS-F2-GMS-1751A.mp3,642.537,645.657,3.120,transcript_media/en/ZS_F2_1795_en.mp3,F2-GMS-1751A 10:42.54-10:45.66
1796,2,1751,135,GLOSSIKA-ENZS-F2-GMS-1751A.mp3,658.335,662.671,4.336,transcript_media/en/ZS_F2_1796_en.mp3,F2-GMS-1751A 10:58.34-11:02.67
1797,2,1751,138,GLOSSIKA-ENZS-F2-GMS-1751A.mp3,677.150,680.103,2.953,transcript_media/en/ZS_F2_1797_en.mp3,F2-GMS-1751A 11:17.15-11:20.10
1798,2,1751,141,GLOSSIKA-ENZS-F2-GMS-1751A.mp3,693.592,696.839,3.247,transcript_media/en/ZS_F2_1798_en.mp3,F2-GMS-1751A 11:33.59-11:36.84
1799,2,1751,144,GLOSSIKA-ENZS-F2-GMS-1751A.mp3,709.785,712.040,2.255,transcript_media/en/ZS_F2_1799_en.mp3,F2-GMS-1751A 11:49.78-11:52.04
1800,2,1751,147,GLOSSIKA-ENZS-F2-GMS-1751A.mp3,724.702,727.900,3.199,transcript_media/en/ZS_F2_1800_en.mp3,F2-GMS-1751A 12:04.70-12:07.90
1801,2,1801,0,GLOSSIKA-ENZS-F2-GMS-1801B.mp3,0.000,4.529,4.529,transcript_media/en/ZS_F2_1801_en.mp3,F2-GMS-1801B 00:00.00-00:04.53
1802,2,1801,3,GLOSSIKA-ENZS-F2-GMS-1801B.mp3,9.870,12.342,2.471,transcript_media/en/ZS_F2_1802_en.mp3,F2-GMS-1801B 00:09.87-00:12.34
1803,2,1801,6,GLOSSIKA-ENZS-F2-GMS-1801B.mp3,22.512,25.111,2.598,transcript_media/en/ZS_F2_1803_en.mp3,F2-GMS-1801B 00:22.51-00:25.11
1804,2,1801,9,GLOSSIKA-ENZS-F2-GMS-1801B.mp3,33.940,36.689,2.749,transcript_media/en/ZS_F2_1804_en.mp3,F2-GMS-1801B 00:33.94-00:36.69
1805,2,1801,12,GLOSSIKA-ENZS-F2-GMS-1801B.mp3,45.452,47.647,2.195,transcript_media/en/ZS_F2_1805_en.mp3,F2-GMS-1801B 00:45.45-00:47.65
1806,2,1801,15,GLOSSIKA-ENZS-F2-GMS-1801B.mp3,56.757,59.283,2.526,transcript_media/en/ZS_F2_1806_en.mp3,F2-GMS-1801B 00:56.76-00:59.28
1807,2,1801,18,GLOSSIKA-ENZS-F2-GMS-1801B.mp3,68.582,73.832,5.251,transcript_media/en/ZS_F2_1807_en.mp3,F2-GMS-1801B 01:08.58-01:13.83
1808,2,1801,21,GLOSSIKA-ENZS-F2-GMS-1801B.mp3,84.926,86.855,1.929,transcript_media/en/ZS_F2_1808_en.mp3,F2-GMS-1801B 01:24.93-01:26.85
1809,2,1801,24,GLOSSIKA-ENZS-F2-GMS-1801B.mp3,92.274,96.590,4.316,transcript_media/en/ZS_F2_1809_en.mp3,F2-GMS-1801B 01:32.27-01:36.59
1810,2,1801,27,GLOSSIKA-ENZS-F2-GMS-1801B.mp3,106.138,110.382,4.244,transcript_media/en/ZS_F2_1810_en.mp3,F2-GMS-1801B 01:46.14-01:50.38
1811,2,1801,30,GLOSSIKA-ENZS-F2-GMS-1801B.mp3,120.401,124.852,4.451,transcript_media/en/ZS_F2_1811_en.mp3,F2-GMS-1801B 02:00.40-02:04.85
1812,2,1801,33,GLOSSIKA-ENZS-F2-GMS-1801B.mp3,134.432,137.737,3.305,transcript_media/en/ZS_F2_1812_en.mp3,F2-GMS-1801B 02:14.43-02:17.74
1813,2,1801,36,GLOSSIKA-ENZS-F2-GMS-1801B.mp3,146.130,148.311,2.181,transcript_media/en/ZS_F2_1813_en.mp3,F2-GMS-1801B 02:26.13-02:28.31
1814,2,1801,39,GLOSSIKA-ENZS-F2-GMS-1801B.mp3,157.160,159.677,2.517,transcript_media/en/ZS_F2_1814_en.mp3,F2-GMS-1801B 02:37.16-02:39.68
1815,2,1801,42,GLOSSIKA-ENZS-F2-GMS-1801B.mp3,168.384,170.684,2.300,transcript_media/en/ZS_F2_1815_en.mp3,F2-GMS-1801B 02:48.38-02:50.68
1816,2,1801,45,GLOSSIKA-ENZS-F2-GMS-1801B.mp3,179.137,181.812,2.675,transcript_media/en/ZS_F2_1816_en.mp3,F2-GMS-1801B 02:59.14-03:01.81
1817,2,1801,48,GLOSSIKA-ENZS-F2-GMS-1801B.mp3,190.068,192.211,2.143,transcript_media/en/ZS_F2_1817_en.mp3,F2-GMS-1801B 03:10.07-03:12.21
1818,2,1801,51,GLOSSIKA-ENZS-F2-GMS-1801B.mp3,201.380,204.134,2.755,transcript_media/en/ZS_F2_1818_en.mp3,F2-GMS-1801B 03:21.38-03:24.13
1819,2,1801,54,GLOSSIKA-ENZS-F2-GMS-1801B.mp3,213.262,216.430,3.167,transcript_media/en/ZS_F2_1819_en.mp3,F2-GMS-1801B 03:33.26-03:36.43
1820,2,1801,57,GLOSSIKA-ENZS-F2-GMS-1801B.mp3,225.581,228.845,3.265,transcript_media/en/ZS_F2_1820_en.mp3,F2-GMS-1801B 03:45.58-03:48.85
1821,2,1801,60,GLOSSIKA-ENZS-F2-GMS-1801B.mp3,237.961,240.818,2.857,transcript_media/en/ZS_F2_1821_en.mp3,F2-GMS-1801B 03:57.96-04:00.82
1822,2,1801,63,GLOSSIKA-ENZS-F2-GMS-1801B.mp3,246.565,247.471,0.907,transcript_media/en/ZS_F2_1822_en.mp3,F2-GMS-1801B 04:06.56-04:07.47
1823,2,1801,66,GLOSSIKA-ENZS-F2-GMS-1801B.mp3,256.977,259.326,2.349,transcript_media/en/ZS_F2_1823_en.mp3,F2-GMS-1801B 04:16.98-04:19.33
1824,2,1801,69,GLOSSIKA-ENZS-F2-GMS-1801B.mp3,268.066,271.417,3.352,transcript_media/en/ZS_F2_1824_en.mp3,F2-GMS-1801B 04:28.07-04:31.42
1825,2,1801,72,GLOSSIKA-ENZS-F2-GMS-1801B.mp3,281.053,282.099,1.046,transcript_media/en/ZS_F2_1825_en.mp3,F2-GMS-1801B 04:41.05-04:42.10
1826,2,1801,75,GLOSSIKA-ENZS-F2-GMS-1801B.mp3,288.293,291.944,3.652,transcript_media/en/ZS_F2_1826_en.mp3,F2-GMS-1801B 04:48.29-04:51.94
1827,2,1801,78,GLOSSIKA-ENZS-F2-GMS-1801B.mp3,301.548,304.510,2.962,transcript_media/en/ZS_F2_1827_en.mp3,F2-GMS-1801B 05:01.55-05:04.51
1828,2,1801,81,GLOSSIKA-ENZS-F2-GMS-1801B.mp3,314.425,317.966,3.541,transcript_media/en/ZS_F2_1828_en.mp3,F2-GMS-1801B 05:14.43-05:17.97
1829,2,1801,84,GLOSSIKA-ENZS-F2-GMS-1801B.mp3,327.754,330.597,2.842,transcript_media/en/ZS_F2_1829_en.mp3,F2-GMS-1801B 05:27.75-05:30.60
1830,2,1801,87,GLOSSIKA-ENZS-F2-GMS-1801B.mp3,336.605,338.279,1.674,transcript_media/en/ZS_F2_1830_en.mp3,F2-GMS-1801B 05:36.60-05:38.28
1831,2,1801,90,GLOSSIKA-ENZS-F2-GMS-1801B.mp3,348.965,352.741,3.776,transcript_media/en/ZS_F2_1831_en.mp3,F2-GMS-1801B 05:48.97-05:52.74
1832,2,1801,93,GLOSSIKA-ENZS-F2-GMS-1801B.mp3,362.471,366.019,3.549,transcript_media/en/ZS_F2_1832_en.mp3,F2-GMS-1801B 06:02.47-06:06.02
1833,2,1801,96,GLOSSIKA-ENZS-F2-GMS-1801B.mp3,376.012,379.448,3.436,transcript_media/en/ZS_F2_1833_en.mp3,F2-GMS-1801B 06:16.01-06:19.45
1834,2,1801,99,GLOSSIKA-ENZS-F2-GMS-1801B.mp3,390.544,393.587,3.043,transcript_media/en/ZS_F2_1834_en.mp3,F2-GMS-1801B 06:30.54-06:33.59
1835,2,1801,102,GLOSSIKA-ENZS-F2-GMS-1801B.mp3,403.353,406.304,2.951,transcript_media/en/ZS_F2_1835_en.mp3,F2-GMS-1801B 06:43.35-06:46.30
1836,2,1801,105,GLOSSIKA-ENZS-F2-GMS-1801B.mp3,415.963,418.816,2.854,transcript_media/en/ZS_F2_1836_en.mp3,F2-GMS-1801B 06:55.96-06:58.82
1837,2,1801,108,GLOSSIKA-ENZS-F2-GMS-1801B.mp3,428.457,429.666,1.209,transcript_media/en/ZS_F2_1837_en.mp3,F2-GMS-1801B 07:08.46-07:09.67
1838,2,1801,111,GLOSSIKA-ENZS-F2-GMS-1801B.mp3,434.854,438.687,3.833,transcript_media/en/ZS_F2_1838_en.mp3,F2-GMS-1801B 07:14.85-07:18.69
1839,2,1801,114,GLOSSIKA-ENZS-F2-GMS-1801B.mp3,448.776,452.142,3.366,transcript_media/en/ZS_F2_1839_en.mp3,F2-GMS-1801B 07:28.78-07:32.14
1840,2,1801,117,GLOSSIKA-ENZS-F2-GMS-1801B.mp3,457.671,458.664,0.993,transcript_media/en/ZS_F2_1840_en.mp3,F2-GMS-1801B 07:37.67-07:38.66
1841,2,1801,120,GLOSSIKA-ENZS-F2-GMS-1801B.mp3,468.675,472.044,3.370,transcript_media/en/ZS_F2_1841_en.mp3,F2-GMS-1801B 07:48.67-07:52.04
1842,2,1801,123,GLOSSIKA-ENZS-F2-GMS-1801B.mp3,482.027,485.360,3.333,transcript_media/en/ZS_F2_1842_en.mp3,F2-GMS-1801B 08:02.03-08:05.36
1843,2,1801,126,GLOSSIKA-ENZS-F2-GMS-1801B.mp3,495.199,498.154,2.955,transcript_media/en/ZS_F2_1843_en.mp3,F2-GMS-1801B 08:15.20-08:18.15
1844,2,1801,129,GLOSSIKA-ENZS-F2-GMS-1801B.mp3,507.927,509.341,1.414,transcript_media/en/ZS_F2_1844_en.mp3,F2-GMS-1801B 08:27.93-08:29.34
1845,2,1801,132,GLOSSIKA-ENZS-F2-GMS-1801B.mp3,514.261,517.172,2.911,transcript_media/en/ZS_F2_1845_en.mp3,F2-GMS-1801B 08:34.26-08:37.17
1846,2,1801,135,GLOSSIKA-ENZS-F2-GMS-1801B.mp3,526.917,530.859,3.942,transcript_media/en/ZS_F2_1846_en.mp3,F2-GMS-1801B 08:46.92-08:50.86
1847,2,1801,138,GLOSSIKA-ENZS-F2-GMS-1801B.mp3,539.825,543.556,3.731,transcript_media/en/ZS_F2_1847_en.mp3,F2-GMS-1801B 08:59.82-09:03.56
1848,2,1801,141,GLOSSIKA-ENZS-F2-GMS-1801B.mp3,552.892,556.592,3.700,transcript_media/en/ZS_F2_1848_en.mp3,F2-GMS-1801B 09:12.89-09:16.59
1849,2,1801,144,GLOSSIKA-ENZS-F2-GMS-1801B.mp3,562.077,563.353,1.276,transcript_media/en/ZS_F2_1849_en.mp3,F2-GMS-1801B 09:22.08-09:23.35
1850,2,1801,147,GLOSSIKA-ENZS-F2-GMS-1801B.mp3,572.978,574.041,1.063,transcript_media/en/ZS_F2_1850_en.mp3,F2-GMS-1801B 09:32.98-09:34.04
1851,2,1851,0,GLOSSIKA-ENZS-F2-GMS-1851A.mp3,0.000,6.776,6.776,transcript_media/en/ZS_F2_1851_en.mp3,F2-GMS-1851A 00:00.00-00:06.78
1852,2,1851,3,GLOSSIKA-ENZS-F2-GMS-1851A.mp3,20.521,24.392,3.871,transcript_media/en/ZS_F2_1852_en.mp3,F2-GMS-1851A 00:20.52-00:24.39
1853,2,1851,6,GLOSSIKA-ENZS-F2-GMS-1851A.mp3,32.327,35.422,3.095,transcript_media/en/ZS_F2_1853_en.mp3,F2-GMS-1851A 00:32.33-00:35.42
1854,2,1851,9,GLOSSIKA-ENZS-F2-GMS-1851A.mp3,47.602,49.734,2.132,transcript_media/en/ZS_F2_1854_en.mp3,F2-GMS-1851A 00:47.60-00:49.73
1855,2,1851,12,GLOSSIKA-ENZS-F2-GMS-1851A.mp3,65.394,66.994,1.599,transcript_media/en/ZS_F2_1855_en.mp3,F2-GMS-1851A 01:05.39-01:06.99
1856,2,1851,15,GLOSSIKA-ENZS-F2-GMS-1851A.mp3,77.582,81.658,4.077,transcript_media/en/ZS_F2_1856_en.mp3,F2-GMS-1851A 01:17.58-01:21.66
1857,2,1851,18,GLOSSIKA-ENZS-F2-GMS-1851A.mp3,94.838,98.077,3.239,transcript_media/en/ZS_F2_1857_en.mp3,F2-GMS-1851A 01:34.84-01:38.08
1858,2,1851,21,GLOSSIKA-ENZS-F2-GMS-1851A.mp3,105.458,108.701,3.243,transcript_media/en/ZS_F2_1858_en.mp3,F2-GMS-1851A 01:45.46-01:48.70
1859,2,1851,24,GLOSSIKA-ENZS-F2-GMS-1851A.mp3,120.922,122.695,1.773,transcript_media/en/ZS_F2_1859_en.mp3,F2-GMS-1851A 02:00.92-02:02.69
1860,2,1851,27,GLOSSIKA-ENZS-F2-GMS-1851A.mp3,136.647,139.859,3.212,transcript_media/en/ZS_F2_1860_en.mp3,F2-GMS-1851A 02:16.65-02:19.86
1861,2,1851,30,GLOSSIKA-ENZS-F2-GMS-1851A.mp3,153.869,157.380,3.510,transcript_media/en/ZS_F2_1861_en.mp3,F2-GMS-1851A 02:33.87-02:37.38
1862,2,1851,33,GLOSSIKA-ENZS-F2-GMS-1851A.mp3,171.011,173.728,2.718,transcript_media/en/ZS_F2_1862_en.mp3,F2-GMS-1851A 02:51.01-02:53.73
1863,2,1851,36,GLOSSIKA-ENZS-F2-GMS-1851A.mp3,188.056,189.551,1.494,transcript_media/en/ZS_F2_1863_en.mp3,F2-GMS-1851A 03:08.06-03:09.55
1864,2,1851,39,GLOSSIKA-ENZS-F2-GMS-1851A.mp3,200.398,204.720,4.322,transcript_media/en/ZS_F2_1864_en.mp3,F2-GMS-1851A 03:20.40-03:24.72
1865,2,1851,42,GLOSSIKA-ENZS-F2-GMS-1851A.mp3,213.348,217.857,4.509,transcript_media/en/ZS_F2_1865_en.mp3,F2-GMS-1851A 03:33.35-03:37.86
1866,2,1851,45,GLOSSIKA-ENZS-F2-GMS-1851A.mp3,231.382,232.496,1.114,transcript_media/en/ZS_F2_1866_en.mp3,F2-GMS-1851A 03:51.38-03:52.50
1867,2,1851,48,GLOSSIKA-ENZS-F2-GMS-1851A.mp3,245.595,248.650,3.055,transcript_media/en/ZS_F2_1867_en.mp3,F2-GMS-1851A 04:05.60-04:08.65
1868,2,1851,51,GLOSSIKA-ENZS-F2-GMS-1851A.mp3,263.086,264.646,1.560,transcript_media/en/ZS_F2_1868_en.mp3,F2-GMS-1851A 04:23.09-04:24.65
1869,2,1851,54,GLOSSIKA-ENZS-F2-GMS-1851A.mp3,275.601,280.098,4.498,transcript_media/en/ZS_F2_1869_en.mp3,F2-GMS-1851A 04:35.60-04:40.10
1870,2,1851,57,GLOSSIKA-ENZS-F2-GMS-1851A.mp3,287.335,290.033,2.698,transcript_media/en/ZS_F2_1870_en.mp3,F2-GMS-1851A 04:47.34-04:50.03
1871,2,1851,60,GLOSSIKA-ENZS-F2-GMS-1851A.mp3,301.103,302.080,0.978,transcript_media/en/ZS_F2_1871_en.mp3,F2-GMS-1851A 05:01.10-05:02.08
1872,2,1851,63,GLOSSIKA-ENZS-F2-GMS-1851A.mp3,316.280,317.344,1.064,transcript_media/en/ZS_F2_1872_en.mp3,F2-GMS-1851A 05:16.28-05:17.34
1873,2,1851,66,GLOSSIKA-ENZS-F2-GMS-1851A.mp3,325.942,328.388,2.446,transcript_media/en/ZS_F2_1873_en.mp3,F2-GMS-1851A 05:25.94-05:28.39
1874,2,1851,69,GLOSSIKA-ENZS-F2-GMS-1851A.mp3,336.610,339.849,3.239,transcript_media/en/ZS_F2_1874_en.mp3,F2-GMS-1851A 05:36.61-05:39.85
1875,2,1851,72,GLOSSIKA-ENZS-F2-GMS-1851A.mp3,352.120,353.478,1.357,transcript_media/en/ZS_F2_1875_en.mp3,F2-GMS-1851A 05:52.12-05:53.48
1876,2,1851,75,GLOSSIKA-ENZS-F2-GMS-1851A.mp3,368.927,370.491,1.564,transcript_media/en/ZS_F2_1876_en.mp3,F2-GMS-1851A 06:08.93-06:10.49
1877,2,1851,78,GLOSSIKA-ENZS-F2-GMS-1851A.mp3,380.306,384.009,3.703,transcript_media/en/ZS_F2_1877_en.mp3,F2-GMS-1851A 06:20.31-06:24.01
1878,2,1851,81,GLOSSIKA-ENZS-F2-GMS-1851A.mp3,399.156,402.917,3.762,transcript_media/en/ZS_F2_1878_en.mp3,F2-GMS-1851A 06:39.16-06:42.92
1879,2,1851,84,GLOSSIKA-ENZS-F2-GMS-1851A.mp3,416.567,419.283,2.717,transcript_media/en/ZS_F2_1879_en.mp3,F2-GMS-1851A 06:56.57-06:59.28
1880,2,1851,87,GLOSSIKA-ENZS-F2-GMS-1851A.mp3,427.473,432.116,4.643,transcript_media/en/ZS_F2_1880_en.mp3,F2-GMS-1851A 07:07.47-07:12.12
1881,2,1851,90,GLOSSIKA-ENZS-F2-GMS-1851A.mp3,445.890,446.739,0.849,transcript_media/en/ZS_F2_1881_en.mp3,F2-GMS-1851A 07:25.89-07:26.74
1882,2,1851,93,GLOSSIKA-ENZS-F2-GMS-1851A.mp3,460.621,464.084,3.462,transcript_media/en/ZS_F2_1882_en.mp3,F2-GMS-1851A 07:40.62-07:44.08
1883,2,1851,96,GLOSSIKA-ENZS-F2-GMS-1851A.mp3,479.163,483.635,4.473,transcript_media/en/ZS_F2_1883_en.mp3,F2-GMS-1851A 07:59.16-08:03.64
1884,2,1851,99,GLOSSIKA-ENZS-F2-GMS-1851A.mp3,501.325,505.195,3.870,transcript_media/en/ZS_F2_1884_en.mp3,F2-GMS-1851A 08:21.32-08:25.19
1885,2,1851,102,GLOSSIKA-ENZS-F2-GMS-1851A.mp3,521.405,525.576,4.171,transcript_media/en/ZS_F2_1885_en.mp3,F2-GMS-1851A 08:41.40-08:45.58
1886,2,1851,105,GLOSSIKA-ENZS-F2-GMS-1851A.mp3,539.108,541.829,2.721,transcript_media/en/ZS_F2_1886_en.mp3,F2-GMS-1851A 08:59.11-09:01.83
1887,2,1851,108,GLOSSIKA-ENZS-F2-GMS-1851A.mp3,555.590,557.770,2.179,transcript_media/en/ZS_F2_1887_en.mp3,F2-GMS-1851A 09:15.59-09:17.77
1888,2,1851,111,GLOSSIKA-ENZS-F2-GMS-1851A.mp3,570.571,574.091,3.519,transcript_media/en/ZS_F2_1888_en.mp3,F2-GMS-1851A 09:30.57-09:34.09
1889,2,1851,114,GLOSSIKA-ENZS-F2-GMS-1851A.mp3,586.381,590.268,3.887,transcript_media/en/ZS_F2_1889_en.mp3,F2-GMS-1851A 09:46.38-09:50.27
1890,2,1851,117,GLOSSIKA-ENZS-F2-GMS-1851A.mp3,604.842,607.483,2.641,transcript_media/en/ZS_F2_1890_en.mp3,F2-GMS-1851A 10:04.84-10:07.48
1891,2,1851,120,GLOSSIKA-ENZS-F2-GMS-1851A.mp3,620.672,623.211,2.539,transcript_media/en/ZS_F2_1891_en.mp3,F2-GMS-1851A 10:20.67-10:23.21
1892,2,1851,123,GLOSSIKA-ENZS-F2-GMS-1851A.mp3,639.152,642.121,2.969,transcript_media/en/ZS_F2_1892_en.mp3,F2-GMS-1851A 10:39.15-10:42.12
1893,2,1851,126,GLOSSIKA-ENZS-F2-GMS-1851A.mp3,656.799,659.956,3.158,transcript_media/en/ZS_F2_1893_en.mp3,F2-GMS-1851A 10:56.80-10:59.96
1894,2,1851,129,GLOSSIKA-ENZS-F2-GMS-1851A.mp3,674.481,677.812,3.331,transcript_media/en/ZS_F2_1894_en.mp3,F2-GMS-1851A 11:14.48-11:17.81
1895,2,1851,132,GLOSSIKA-ENZS-F2-GMS-1851A.mp3,690.989,696.592,5.604,transcript_media/en/ZS_F2_1895_en.mp3,F2-GMS-1851A 11:30.99-11:36.59
1896,2,1851,135,GLOSSIKA-ENZS-F2-GMS-1851A.mp3,712.450,714.628,2.178,transcript_media/en/ZS_F2_1896_en.mp3,F2-GMS-1851A 11:52.45-11:54.63
1897,2,1851,138,GLOSSIKA-ENZS-F2-GMS-1851A.mp3,727.693,729.707,2.015,transcript_media/en/ZS_F2_1897_en.mp3,F2-GMS-1851A 12:07.69-12:09.71
1898,2,1851,141,GLOSSIKA-ENZS-F2-GMS-1851A.mp3,742.572,744.378,1.806,transcript_media/en/ZS_F2_1898_en.mp3,F2-GMS-1851A 12:22.57-12:24.38
1899,2,1851,144,GLOSSIKA-ENZS-F2-GMS-1851A.mp3,755.128,756.696,1.568,transcript_media/en/ZS_F2_1899_en.mp3,F2-GMS-1851A 12:35.13-12:36.70
1900,2,1851,147,GLOSSIKA-ENZS-F2-GMS-1851A.mp3,766.999,769.842,2.843,transcript_media/en/ZS_F2_1900_en.mp3,F2-GMS-1851A 12:47.00-12:49.84
1901,2,1901,0,GLOSSIKA-ENZS-F2-GMS-1901A.mp3,0.000,6.776,6.776,transcript_media/en/ZS_F2_1901_en.mp3,F2-GMS-1901A 00:00.00-00:06.78
1902,2,1901,3,GLOSSIKA-ENZS-F2-GMS-1901A.mp3,15.175,17.837,2.663,transcript_media/en/ZS_F2_1902_en.mp3,F2-GMS-1901A 00:15.17-00:17.84
1903,2,1901,6,GLOSSIKA-ENZS-F2-GMS-1901A.mp3,27.959,30.283,2.324,transcript_media/en/ZS_F2_1903_en.mp3,F2-GMS-1901A 00:27.96-00:30.28
1904,2,1901,9,GLOSSIKA-ENZS-F2-GMS-1901A.mp3,42.043,46.179,4.136,transcript_media/en/ZS_F2_1904_en.mp3,F2-GMS-1901A 00:42.04-00:46.18
1905,2,1901,12,GLOSSIKA-ENZS-F2-GMS-1901A.mp3,59.834,62.621,2.787,transcript_media/en/ZS_F2_1905_en.mp3,F2-GMS-1901A 00:59.83-01:02.62
1906,2,1901,15,GLOSSIKA-ENZS-F2-GMS-1901A.mp3,80.359,81.344,0.984,transcript_media/en/ZS_F2_1906_en.mp3,F2-GMS-1901A 01:20.36-01:21.34
1907,2,1901,18,GLOSSIKA-ENZS-F2-GMS-1901A.mp3,94.637,99.547,4.910,transcript_media/en/ZS_F2_1907_en.mp3,F2-GMS-1901A 01:34.64-01:39.55
1908,2,1901,21,GLOSSIKA-ENZS-F2-GMS-1901A.mp3,116.675,120.938,4.263,transcript_media/en/ZS_F2_1908_en.mp3,F2-GMS-1901A 01:56.67-02:00.94
1909,2,1901,24,GLOSSIKA-ENZS-F2-GMS-1901A.mp3,131.518,136.950,5.433,transcript_media/en/ZS_F2_1909_en.mp3,F2-GMS-1901A 02:11.52-02:16.95
1910,2,1901,27,GLOSSIKA-ENZS-F2-GMS-1901A.mp3,154.307,158.863,4.556,transcript_media/en/ZS_F2_1910_en.mp3,F2-GMS-1901A 02:34.31-02:38.86
1911,2,1901,30,GLOSSIKA-ENZS-F2-GMS-1901A.mp3,176.911,183.118,6.207,transcript_media/en/ZS_F2_1911_en.mp3,F2-GMS-1901A 02:56.91-03:03.12
1912,2,1901,33,GLOSSIKA-ENZS-F2-GMS-1901A.mp3,205.093,210.850,5.757,transcript_media/en/ZS_F2_1912_en.mp3,F2-GMS-1901A 03:25.09-03:30.85
1913,2,1901,36,GLOSSIKA-ENZS-F2-GMS-1901A.mp3,226.934,229.174,2.240,transcript_media/en/ZS_F2_1913_en.mp3,F2-GMS-1901A 03:46.93-03:49.17
1914,2,1901,39,GLOSSIKA-ENZS-F2-GMS-1901A.mp3,240.612,242.789,2.177,transcript_media/en/ZS_F2_1914_en.mp3,F2-GMS-1901A 04:00.61-04:02.79
1915,2,1901,42,GLOSSIKA-ENZS-F2-GMS-1901A.mp3,254.891,257.825,2.934,transcript_media/en/ZS_F2_1915_en.mp3,F2-GMS-1901A 04:14.89-04:17.83
1916,2,1901,45,GLOSSIKA-ENZS-F2-GMS-1901A.mp3,272.059,275.599,3.540,transcript_media/en/ZS_F2_1916_en.mp3,F2-GMS-1901A 04:32.06-04:35.60
1917,2,1901,48,GLOSSIKA-ENZS-F2-GMS-1901A.mp3,290.917,294.949,4.031,transcript_media/en/ZS_F2_1917_en.mp3,F2-GMS-1901A 04:50.92-04:54.95
1918,2,1901,51,GLOSSIKA-ENZS-F2-GMS-1901A.mp3,316.980,320.697,3.717,transcript_media/en/ZS_F2_1918_en.mp3,F2-GMS-1901A 05:16.98-05:20.70
1919,2,1901,54,GLOSSIKA-ENZS-F2-GMS-1901A.mp3,331.197,333.174,1.977,transcript_media/en/ZS_F2_1919_en.mp3,F2-GMS-1901A 05:31.20-05:33.17
1920,2,1901,57,GLOSSIKA-ENZS-F2-GMS-1901A.mp3,348.155,349.737,1.581,transcript_media/en/ZS_F2_1920_en.mp3,F2-GMS-1901A 05:48.16-05:49.74
1921,2,1901,60,GLOSSIKA-ENZS-F2-GMS-1901A.mp3,360.575,361.722,1.147,transcript_media/en/ZS_F2_1921_en.mp3,F2-GMS-1901A 06:00.58-06:01.72
1922,2,1901,63,GLOSSIKA-ENZS-F2-GMS-1901A.mp3,371.474,372.999,1.525,transcript_media/en/ZS_F2_1922_en.mp3,F2-GMS-1901A 06:11.47-06:13.00
1923,2,1901,66,GLOSSIKA-ENZS-F2-GMS-1901A.mp3,383.135,384.722,1.587,transcript_media/en/ZS_F2_1923_en.mp3,F2-GMS-1901A 06:23.14-06:24.72
1924,2,1901,69,GLOSSIKA-ENZS-F2-GMS-1901A.mp3,394.722,396.179,1.456,transcript_media/en/ZS_F2_1924_en.mp3,F2-GMS-1901A 06:34.72-06:36.18
1925,2,1901,72,GLOSSIKA-ENZS-F2-GMS-1901A.mp3,407.524,414.809,7.285,transcript_media/en/ZS_F2_1925_en.mp3,F2-GMS-1901A 06:47.52-06:54.81
1926,2,1901,75,GLOSSIKA-ENZS-F2-GMS-1901A.mp3,427.026,428.859,1.833,transcript_media/en/ZS_F2_1926_en.mp3,F2-GMS-1901A 07:07.03-07:08.86
1927,2,1901,78,GLOSSIKA-ENZS-F2-GMS-1901A.mp3,440.317,442.667,2.350,transcript_media/en/ZS_F2_1927_en.mp3,F2-GMS-1901A 07:20.32-07:22.67
1928,2,1901,81,GLOSSIKA-ENZS-F2-GMS-1901A.mp3,456.141,460.243,4.102,transcript_media/en/ZS_F2_1928_en.mp3,F2-GMS-1901A 07:36.14-07:40.24
1929,2,1901,84,GLOSSIKA-ENZS-F2-GMS-1901A.mp3,474.347,475.625,1.278,transcript_media/en/ZS_F2_1929_en.mp3,F2-GMS-1901A 07:54.35-07:55.62
1930,2,1901,87,GLOSSIKA-ENZS-F2-GMS-1901A.mp3,489.189,491.729,2.540,transcript_media/en/ZS_F2_1930_en.mp3,F2-GMS-1901A 08:09.19-08:11.73
1931,2,1901,90,GLOSSIKA-ENZS-F2-GMS-1901A.mp3,504.217,507.326,3.109,transcript_media/en/ZS_F2_1931_en.mp3,F2-GMS-1901A 08:24.22-08:27.33
1932,2,1901,93,GLOSSIKA-ENZS-F2-GMS-1901A.mp3,521.913,525.324,3.411,transcript_media/en/ZS_F2_1932_en.mp3,F2-GMS-1901A 08:41.91-08:45.32
1933,2,1901,96,GLOSSIKA-ENZS-F2-GMS-1901A.mp3,541.371,548.754,7.383,transcript_media/en/ZS_F2_1933_en.mp3,F2-GMS-1901A 09:01.37-09:08.75
1934,2,1901,99,GLOSSIKA-ENZS-F2-GMS-1901A.mp3,569.555,573.128,3.573,transcript_media/en/ZS_F2_1934_en.mp3,F2-GMS-1901A 09:29.56-09:33.13
1935,2,1901,102,GLOSSIKA-ENZS-F2-GMS-1901A.mp3,586.794,590.473,3.679,transcript_media/en/ZS_F2_1935_en.mp3,F2-GMS-1901A 09:46.79-09:50.47
1936,2,1901,105,GLOSSIKA-ENZS-F2-GMS-1901A.mp3,604.179,607.563,3.384,transcript_media/en/ZS_F2_1936_en.mp3,F2-GMS-1901A 10:04.18-10:07.56
1937,2,1901,108,GLOSSIKA-ENZS-F2-GMS-1901A.mp3,623.215,627.242,4.027,transcript_media/en/ZS_F2_1937_en.mp3,F2-GMS-1901A 10:23.21-10:27.24
1938,2,1901,111,GLOSSIKA-ENZS-F2-GMS-1901A.mp3,643.794,648.263,4.469,transcript_media/en/ZS_F2_1938_en.mp3,F2-GMS-1901A 10:43.79-10:48.26
1939,2,1901,114,GLOSSIKA-ENZS-F2-GMS-1901A.mp3,660.545,662.923,2.377,transcript_media/en/ZS_F2_1939_en.mp3,F2-GMS-1901A 11:00.55-11:02.92
1940,2,1901,117,GLOSSIKA-ENZS-F2-GMS-1901A.mp3,675.696,678.217,2.521,transcript_media/en/ZS_F2_1940_en.mp3,F2-GMS-1901A 11:15.70-11:18.22
1941,2,1901,120,GLOSSIKA-ENZS-F2-GMS-1901A.mp3,690.777,693.163,2.386,transcript_media/en/ZS_F2_1941_en.mp3,F2-GMS-1901A 11:30.78-11:33.16
1942,2,1901,123,GLOSSIKA-ENZS-F2-GMS-1901A.mp3,705.347,707.809,2.462,transcript_media/en/ZS_F2_1942_en.mp3,F2-GMS-1901A 11:45.35-11:47.81
1943,2,1901,126,GLOSSIKA-ENZS-F2-GMS-1901A.mp3,726.301,728.373,2.072,transcript_media/en/ZS_F2_1943_en.mp3,F2-GMS-1901A 12:06.30-12:08.37
1944,2,1901,129,GLOSSIKA-ENZS-F2-GMS-1901A.mp3,739.447,742.204,2.757,transcript_media/en/ZS_F2_1944_en.mp3,F2-GMS-1901A 12:19.45-12:22.20
1945,2,1901,132,GLOSSIKA-ENZS-F2-GMS-1901A.mp3,754.529,757.063,2.534,transcript_media/en/ZS_F2_1945_en.mp3,F2-GMS-1901A 12:34.53-12:37.06
1946,2,1901,135,GLOSSIKA-ENZS-F2-GMS-1901A.mp3,769.557,772.728,3.171,transcript_media/en/ZS_F2_1946_en.mp3,F2-GMS-1901A 12:49.56-12:52.73
1947,2,1901,138,GLOSSIKA-ENZS-F2-GMS-1901A.mp3,787.447,790.309,2.862,transcript_media/en/ZS_F2_1947_en.mp3,F2-GMS-1901A 13:07.45-13:10.31
1948,2,1901,141,GLOSSIKA-ENZS-F2-GMS-1901A.mp3,803.207,806.225,3.018,transcript_media/en/ZS_F2_1948_en.mp3,F2-GMS-1901A 13:23.21-13:26.23
1949,2,1901,144,GLOSSIKA-ENZS-F2-GMS-1901A.mp3,821.496,822.858,1.362,transcript_media/en/ZS_F2_1949_en.mp3,F2-GMS-1901A 13:41.50-13:42.86
1950,2,1901,147,GLOSSIKA-ENZS-F2-GMS-1901A.mp3,831.736,834.505,2.769,transcript_media/en/ZS_F2_1950_en.mp3,F2-GMS-1901A 13:51.74-13:54.51
1951,2,1951,0,GLOSSIKA-ENZS-F2-GMS-1951A.mp3,0.000,3.279,3.279,transcript_media/en/ZS_F2_1951_en.mp3,F2-GMS-1951A 00:00.00-00:03.28
1952,2,1951,3,GLOSSIKA-ENZS-F2-GMS-1951A.mp3,11.030,11.774,0.744,transcript_media/en/ZS_F2_1952_en.mp3,F2-GMS-1951A 00:11.03-00:11.77
1953,2,1951,6,GLOSSIKA-ENZS-F2-GMS-1951A.mp3,25.954,27.403,1.449,transcript_media/en/ZS_F2_1953_en.mp3,F2-GMS-1951A 00:25.95-00:27.40
1954,2,1951,9,GLOSSIKA-ENZS-F2-GMS-1951A.mp3,36.212,38.904,2.692,transcript_media/en/ZS_F2_1954_en.mp3,F2-GMS-1951A 00:36.21-00:38.90
1955,2,1951,12,GLOSSIKA-ENZS-F2-GMS-1951A.mp3,58.614,64.519,5.905,transcript_media/en/ZS_F2_1955_en.mp3,F2-GMS-1951A 00:58.61-01:04.52
1956,2,1951,15,GLOSSIKA-ENZS-F2-GMS-1951A.mp3,81.338,85.762,4.424,transcript_media/en/ZS_F2_1956_en.mp3,F2-GMS-1951A 01:21.34-01:25.76
1957,2,1951,18,GLOSSIKA-ENZS-F2-GMS-1951A.mp3,102.321,106.589,4.267,transcript_media/en/ZS_F2_1957_en.mp3,F2-GMS-1951A 01:42.32-01:46.59
1958,2,1951,21,GLOSSIKA-ENZS-F2-GMS-1951A.mp3,116.529,121.202,4.673,transcript_media/en/ZS_F2_1958_en.mp3,F2-GMS-1951A 01:56.53-02:01.20
1959,2,1951,24,GLOSSIKA-ENZS-F2-GMS-1951A.mp3,138.911,144.510,5.599,transcript_media/en/ZS_F2_1959_en.mp3,F2-GMS-1951A 02:18.91-02:24.51
1960,2,1951,27,GLOSSIKA-ENZS-F2-GMS-1951A.mp3,162.639,168.067,5.427,transcript_media/en/ZS_F2_1960_en.mp3,F2-GMS-1951A 02:42.64-02:48.07
1961,2,1951,30,GLOSSIKA-ENZS-F2-GMS-1951A.mp3,187.270,192.935,5.665,transcript_media/en/ZS_F2_1961_en.mp3,F2-GMS-1951A 03:07.27-03:12.94
1962,2,1951,33,GLOSSIKA-ENZS-F2-GMS-1951A.mp3,211.654,217.108,5.454,transcript_media/en/ZS_F2_1962_en.mp3,F2-GMS-1951A 03:31.65-03:37.11
1963,2,1951,36,GLOSSIKA-ENZS-F2-GMS-1951A.mp3,235.434,242.037,6.603,transcript_media/en/ZS_F2_1963_en.mp3,F2-GMS-1951A 03:55.43-04:02.04
1964,2,1951,39,GLOSSIKA-ENZS-F2-GMS-1951A.mp3,257.710,259.644,1.934,transcript_media/en/ZS_F2_1964_en.mp3,F2-GMS-1951A 04:17.71-04:19.64
1965,2,1951,42,GLOSSIKA-ENZS-F2-GMS-1951A.mp3,270.584,272.215,1.631,transcript_media/en/ZS_F2_1965_en.mp3,F2-GMS-1951A 04:30.58-04:32.22
1966,2,1951,45,GLOSSIKA-ENZS-F2-GMS-1951A.mp3,283.499,285.157,1.657,transcript_media/en/ZS_F2_1966_en.mp3,F2-GMS-1951A 04:43.50-04:45.16
1967,2,1951,48,GLOSSIKA-ENZS-F2-GMS-1951A.mp3,297.017,299.679,2.663,transcript_media/en/ZS_F2_1967_en.mp3,F2-GMS-1951A 04:57.02-04:59.68
1968,2,1951,51,GLOSSIKA-ENZS-F2-GMS-1951A.mp3,311.922,314.230,2.308,transcript_media/en/ZS_F2_1968_en.mp3,F2-GMS-1951A 05:11.92-05:14.23
1969,2,1951,54,GLOSSIKA-ENZS-F2-GMS-1951A.mp3,326.203,328.031,1.829,transcript_media/en/ZS_F2_1969_en.mp3,F2-GMS-1951A 05:26.20-05:28.03
1970,2,1951,57,GLOSSIKA-ENZS-F2-GMS-1951A.mp3,339.979,342.156,2.177,transcript_media/en/ZS_F2_1970_en.mp3,F2-GMS-1951A 05:39.98-05:42.16
1971,2,1951,60,GLOSSIKA-ENZS-F2-GMS-1951A.mp3,359.602,362.388,2.786,transcript_media/en/ZS_F2_1971_en.mp3,F2-GMS-1951A 05:59.60-06:02.39
1972,2,1951,63,GLOSSIKA-ENZS-F2-GMS-1951A.mp3,375.907,378.083,2.176,transcript_media/en/ZS_F2_1972_en.mp3,F2-GMS-1951A 06:15.91-06:18.08
1973,2,1951,66,GLOSSIKA-ENZS-F2-GMS-1951A.mp3,389.259,392.241,2.982,transcript_media/en/ZS_F2_1973_en.mp3,F2-GMS-1951A 06:29.26-06:32.24
1974,2,1951,69,GLOSSIKA-ENZS-F2-GMS-1951A.mp3,405.351,407.083,1.731,transcript_media/en/ZS_F2_1974_en.mp3,F2-GMS-1951A 06:45.35-06:47.08
1975,2,1951,72,GLOSSIKA-ENZS-F2-GMS-1951A.mp3,417.569,419.759,2.190,transcript_media/en/ZS_F2_1975_en.mp3,F2-GMS-1951A 06:57.57-06:59.76
1976,2,1951,75,GLOSSIKA-ENZS-F2-GMS-1951A.mp3,432.823,434.680,1.857,transcript_media/en/ZS_F2_1976_en.mp3,F2-GMS-1951A 07:12.82-07:14.68
1977,2,1951,78,GLOSSIKA-ENZS-F2-GMS-1951A.mp3,444.937,446.661,1.724,transcript_media/en/ZS_F2_1977_en.mp3,F2-GMS-1951A 07:24.94-07:26.66
1978,2,1951,81,GLOSSIKA-ENZS-F2-GMS-1951A.mp3,457.411,459.497,2.087,transcript_media/en/ZS_F2_1978_en.mp3,F2-GMS-1951A 07:37.41-07:39.50
1979,2,1951,84,GLOSSIKA-ENZS-F2-GMS-1951A.mp3,472.269,474.114,1.844,transcript_media/en/ZS_F2_1979_en.mp3,F2-GMS-1951A 07:52.27-07:54.11
1980,2,1951,87,GLOSSIKA-ENZS-F2-GMS-1951A.mp3,484.301,486.479,2.178,transcript_media/en/ZS_F2_1980_en.mp3,F2-GMS-1951A 08:04.30-08:06.48
1981,2,1951,90,GLOSSIKA-ENZS-F2-GMS-1951A.mp3,497.503,499.810,2.308,transcript_media/en/ZS_F2_1981_en.mp3,F2-GMS-1951A 08:17.50-08:19.81
1982,2,1951,93,GLOSSIKA-ENZS-F2-GMS-1951A.mp3,512.783,518.624,5.842,transcript_media/en/ZS_F2_1982_en.mp3,F2-GMS-1951A 08:32.78-08:38.62
1983,2,1951,96,GLOSSIKA-ENZS-F2-GMS-1951A.mp3,531.729,534.499,2.770,transcript_media/en/ZS_F2_1983_en.mp3,F2-GMS-1951A 08:51.73-08:54.50
1984,2,1951,99,GLOSSIKA-ENZS-F2-GMS-1951A.mp3,546.957,549.942,2.985,transcript_media/en/ZS_F2_1984_en.mp3,F2-GMS-1951A 09:06.96-09:09.94
1985,2,1951,102,GLOSSIKA-ENZS-F2-GMS-1951A.mp3,562.799,565.944,3.145,transcript_media/en/ZS_F2_1985_en.mp3,F2-GMS-1951A 09:22.80-09:25.94
1986,2,1951,105,GLOSSIKA-ENZS-F2-GMS-1951A.mp3,580.965,584.970,4.005,transcript_media/en/ZS_F2_1986_en.mp3,F2-GMS-1951A 09:40.96-09:44.97
1987,2,1951,108,GLOSSIKA-ENZS-F2-GMS-1951A.mp3,595.682,597.233,1.551,transcript_media/en/ZS_F2_1987_en.mp3,F2-GMS-1951A 09:55.68-09:57.23
1988,2,1951,111,GLOSSIKA-ENZS-F2-GMS-1951A.mp3,611.676,615.507,3.831,transcript_media/en/ZS_F2_1988_en.mp3,F2-GMS-1951A 10:11.68-10:15.51
1989,2,1951,114,GLOSSIKA-ENZS-F2-GMS-1951A.mp3,628.343,631.188,2.845,transcript_media/en/ZS_F2_1989_en.mp3,F2-GMS-1951A 10:28.34-10:31.19
1990,2,1951,117,GLOSSIKA-ENZS-F2-GMS-1951A.mp3,642.242,643.922,1.680,transcript_media/en/ZS_F2_1990_en.mp3,F2-GMS-1951A 10:42.24-10:43.92
1991,2,1951,120,GLOSSIKA-ENZS-F2-GMS-1951A.mp3,652.222,655.701,3.479,transcript_media/en/ZS_F2_1991_en.mp3,F2-GMS-1951A 10:52.22-10:55.70
1992,2,1951,123,GLOSSIKA-ENZS-F2-GMS-1951A.mp3,668.430,669.920,1.490,transcript_media/en/ZS_F2_1992_en.mp3,F2-GMS-1951A 11:08.43-11:09.92
1993,2,1951,126,GLOSSIKA-ENZS-F2-GMS-1951A.mp3,681.360,684.506,3.146,transcript_media/en/ZS_F2_1993_en.mp3,F2-GMS-1951A 11:21.36-11:24.51
1994,2,1951,129,GLOSSIKA-ENZS-F2-GMS-1951A.mp3,698.011,701.116,3.104,transcript_media/en/ZS_F2_1994_en.mp3,F2-GMS-1951A 11:38.01-11:41.12
1995,2,1951,132,GLOSSIKA-ENZS-F2-GMS-1951A.mp3,713.757,715.215,1.458,transcript_media/en/ZS_F2_1995_en.mp3,F2-GMS-1951A 11:53.76-11:55.22
1996,2,1951,135,GLOSSIKA-ENZS-F2-GMS-1951A.mp3,725.449,726.484,1.035,transcript_media/en/ZS_F2_1996_en.mp3,F2-GMS-1951A 12:05.45-12:06.48
1997,2,1951,138,GLOSSIKA-ENZS-F2-GMS-1951A.mp3,737.089,739.406,2.317,transcript_media/en/ZS_F2_1997_en.mp3,F2-GMS-1951A 12:17.09-12:19.41
1998,2,1951,141,GLOSSIKA-ENZS-F2-GMS-1951A.mp3,750.148,751.428,1.279,transcript_media/en/ZS_F2_1998_en.mp3,F2-GMS-1951A 12:30.15-12:31.43
1999,2,1951,144,GLOSSIKA-ENZS-F2-GMS-1951A.mp3,764.558,769.083,4.525,transcript_media/en/ZS_F2_1999_en.mp3,F2-GMS-1951A 12:44.56-12:49.08
2000,2,1951,147,GLOSSIKA-ENZS-F2-GMS-1951A.mp3,783.176,784.820,1.643,transcript_media/en/ZS_F2_2000_en.mp3,F2-GMS-1951A 13:03.18-13:04.82
2001,3,2001,0,GLOSSIKA-ENZS-F3-GMS-2001A.mp3,0.000,12.046,12.046,transcript_media/en/ZS_F3_2001_en.mp3,F3-GMS-2001A 00:00.00-00:12.05
2002,3,2001,3,GLOSSIKA-ENZS-F3-GMS-2001A.mp3,23.590,26.552,2.962,transcript_media/en/ZS_F3_2002_en.mp3,F3-GMS-2001A 00:23.59-00:26.55
2003,3,2001,6,GLOSSIKA-ENZS-F3-GMS-2001A.mp3,37.303,38.969,1.667,transcript_media/en/ZS_F3_2003_en.mp3,F3-GMS-2001A 00:37.30-00:38.97
2004,3,2001,9,GLOSSIKA-ENZS-F3-GMS-2001A.mp3,52.264,54.326,2.062,transcript_media/en/ZS_F3_2004_en.mp3,F3-GMS-2001A 00:52.26-00:54.33
2005,3,2001,12,GLOSSIKA-ENZS-F3-GMS-2001A.mp3,70.070,74.129,4.059,transcript_media/en/ZS_F3_2005_en.mp3,F3-GMS-2001A 01:10.07-01:14.13
2006,3,2001,15,GLOSSIKA-ENZS-F3-GMS-2001A.mp3,86.479,88.792,2.313,transcript_media/en/ZS_F3_2006_en.mp3,F3-GMS-2001A 01:26.48-01:28.79
2007,3,2001,18,GLOSSIKA-ENZS-F3-GMS-2001A.mp3,101.342,103.513,2.171,transcript_media/en/ZS_F3_2007_en.mp3,F3-GMS-2001A 01:41.34-01:43.51
2008,3,2001,21,GLOSSIKA-ENZS-F3-GMS-2001A.mp3,118.869,120.758,1.888,transcript_media/en/ZS_F3_2008_en.mp3,F3-GMS-2001A 01:58.87-02:00.76
2009,3,2001,24,GLOSSIKA-ENZS-F3-GMS-2001A.mp3,135.908,138.137,2.228,transcript_media/en/ZS_F3_2009_en.mp3,F3-GMS-2001A 02:15.91-02:18.14
2010,3,2001,27,GLOSSIKA-ENZS-F3-GMS-2001A.mp3,147.241,149.394,2.153,transcript_media/en/ZS_F3_2010_en.mp3,F3-GMS-2001A 02:27.24-02:29.39
2011,3,2001,30,GLOSSIKA-ENZS-F3-GMS-2001A.mp3,161.647,164.965,3.319,transcript_media/en/ZS_F3_2011_en.mp3,F3-GMS-2001A 02:41.65-02:44.97
2012,3,2001,33,GLOSSIKA-ENZS-F3-GMS-2001A.mp3,177.607,179.999,2.392,transcript_media/en/ZS_F3_2012_en.mp3,F3-GMS-2001A 02:57.61-02:60.00
2013,3,2001,36,GLOSSIKA-ENZS-F3-GMS-2001A.mp3,192.085,194.130,2.045,transcript_media/en/ZS_F3_2013_en.mp3,F3-GMS-2001A 03:12.09-03:14.13
2014,3,2001,39,GLOSSIKA-ENZS-F3-GMS-2001A.mp3,204.803,206.251,1.449,transcript_media/en/ZS_F3_2014_en.mp3,F3-GMS-2001A 03:24.80-03:26.25
2015,3,2001,42,GLOSSIKA-ENZS-F3-GMS-2001A.mp3,217.737,219.703,1.965,transcript_media/en/ZS_F3_2015_en.mp3,F3-GMS-2001A 03:37.74-03:39.70
2016,3,2001,45,GLOSSIKA-ENZS-F3-GMS-2001A.mp3,232.052,235.505,3.453,transcript_media/en/ZS_F3_2016_en.mp3,F3-GMS-2001A 03:52.05-03:55.50
2017,3,2001,48,GLOSSIKA-ENZS-F3-GMS-2001A.mp3,254.514,261.078,6.564,transcript_media/en/ZS_F3_2017_en.mp3,F3-GMS-2001A 04:14.51-04:21.08
2018,3,2001,51,GLOSSIKA-ENZS-F3-GMS-2001A.mp3,280.737,287.002,6.266,transcript_media/en/ZS_F3_2018_en.mp3,F3-GMS-2001A 04:40.74-04:47.00
2019,3,2001,54,GLOSSIKA-ENZS-F3-GMS-2001A.mp3,300.195,303.604,3.409,transcript_media/en/ZS_F3_2019_en.mp3,F3-GMS-2001A 05:00.19-05:03.60
2020,3,2001,57,GLOSSIKA-ENZS-F3-GMS-2001A.mp3,312.264,314.439,2.175,transcript_media/en/ZS_F3_2020_en.mp3,F3-GMS-2001A 05:12.26-05:14.44
2021,3,2001,60,GLOSSIKA-ENZS-F3-GMS-2001A.mp3,327.656,333.598,5.942,transcript_media/en/ZS_F3_2021_en.mp3,F3-GMS-2001A 05:27.66-05:33.60
2022,3,2001,63,GLOSSIKA-ENZS-F3-GMS-2001A.mp3,351.430,353.925,2.495,transcript_media/en/ZS_F3_2022_en.mp3,F3-GMS-2001A 05:51.43-05:53.92
2023,3,2001,66,GLOSSIKA-ENZS-F3-GMS-2001A.mp3,366.646,369.705,3.059,transcript_media/en/ZS_F3_2023_en.mp3,F3-GMS-2001A 06:06.65-06:09.71
2024,3,2001,69,GLOSSIKA-ENZS-F3-GMS-2001A.mp3,384.971,388.104,3.133,transcript_media/en/ZS_F3_2024_en.mp3,F3-GMS-2001A 06:24.97-06:28.10
2025,3,2001,72,GLOSSIKA-ENZS-F3-GMS-2001A.mp3,402.682,405.886,3.204,transcript_media/en/ZS_F3_2025_en.mp3,F3-GMS-2001A 06:42.68-06:45.89
2026,3,2001,75,GLOSSIKA-ENZS-F3-GMS-2001A.mp3,421.012,423.555,2.543,transcript_media/en/ZS_F3_2026_en.mp3,F3-GMS-2001A 07:01.01-07:03.56
2027,3,2001,78,GLOSSIKA-ENZS-F3-GMS-2001A.mp3,436.328,441.444,5.116,transcript_media/en/ZS_F3_2027_en.mp3,F3-GMS-2001A 07:16.33-07:21.44
2028,3,2001,81,GLOSSIKA-ENZS-F3-GMS-2001A.mp3,456.433,459.787,3.354,transcript_media/en/ZS_F3_2028_en.mp3,F3-GMS-2001A 07:36.43-07:39.79
2029,3,2001,84,GLOSSIKA-ENZS-F3-GMS-2001A.mp3,474.467,477.454,2.987,transcript_media/en/ZS_F3_2029_en.mp3,F3-GMS-2001A 07:54.47-07:57.45
2030,3,2001,87,GLOSSIKA-ENZS-F3-GMS-2001A.mp3,489.554,491.515,1.960,transcript_media/en/ZS_F3_2030_en.mp3,F3-GMS-2001A 08:09.55-08:11.51
2031,3,2001,90,GLOSSIKA-ENZS-F3-GMS-2001A.mp3,504.346,509.596,5.250,transcript_media/en/ZS_F3_2031_en.mp3,F3-GMS-2001A 08:24.35-08:29.60
2032,3,2001,93,GLOSSIKA-ENZS-F3-GMS-2001A.mp3,519.453,524.147,4.694,transcript_media/en/ZS_F3_2032_en.mp3,F3-GMS-2001A 08:39.45-08:44.15
2033,3,2001,96,GLOSSIKA-ENZS-F3-GMS-2001A.mp3,541.465,545.712,4.247,transcript_media/en/ZS_F3_2033_en.mp3,F3-GMS-2001A 09:01.47-09:05.71
2034,3,2001,99,GLOSSIKA-ENZS-F3-GMS-2001A.mp3,560.841,563.229,2.389,transcript_media/en/ZS_F3_2034_en.mp3,F3-GMS-2001A 09:20.84-09:23.23
2035,3,2001,102,GLOSSIKA-ENZS-F3-GMS-2001A.mp3,575.593,578.028,2.435,transcript_media/en/ZS_F3_2035_en.mp3,F3-GMS-2001A 09:35.59-09:38.03
2036,3,2001,105,GLOSSIKA-ENZS-F3-GMS-2001A.mp3,591.722,594.402,2.680,transcript_media/en/ZS_F3_2036_en.mp3,F3-GMS-2001A 09:51.72-09:54.40
2037,3,2001,108,GLOSSIKA-ENZS-F3-GMS-2001A.mp3,609.393,614.858,5.465,transcript_media/en/ZS_F3_2037_en.mp3,F3-GMS-2001A 10:09.39-10:14.86
2038,3,2001,111,GLOSSIKA-ENZS-F3-GMS-2001A.mp3,632.565,636.274,3.709,transcript_media/en/ZS_F3_2038_en.mp3,F3-GMS-2001A 10:32.57-10:36.27
2039,3,2001,114,GLOSSIKA-ENZS-F3-GMS-2001A.mp3,648.720,650.422,1.702,transcript_media/en/ZS_F3_2039_en.mp3,F3-GMS-2001A 10:48.72-10:50.42
2040,3,2001,117,GLOSSIKA-ENZS-F3-GMS-2001A.mp3,664.547,667.341,2.794,transcript_media/en/ZS_F3_2040_en.mp3,F3-GMS-2001A 11:04.55-11:07.34
2041,3,2001,120,GLOSSIKA-ENZS-F3-GMS-2001A.mp3,682.210,686.650,4.440,transcript_media/en/ZS_F3_2041_en.mp3,F3-GMS-2001A 11:22.21-11:26.65
2042,3,2001,123,GLOSSIKA-ENZS-F3-GMS-2001A.mp3,697.378,701.274,3.896,transcript_media/en/ZS_F3_2042_en.mp3,F3-GMS-2001A 11:37.38-11:41.27
2043,3,2001,126,GLOSSIKA-ENZS-F3-GMS-2001A.mp3,712.679,716.762,4.084,transcript_media/en/ZS_F3_2043_en.mp3,F3-GMS-2001A 11:52.68-11:56.76
2044,3,2001,129,GLOSSIKA-ENZS-F3-GMS-2001A.mp3,732.831,736.502,3.671,transcript_media/en/ZS_F3_2044_en.mp3,F3-GMS-2001A 12:12.83-12:16.50
2045,3,2001,132,GLOSSIKA-ENZS-F3-GMS-2001A.mp3,745.718,748.350,2.632,transcript_media/en/ZS_F3_2045_en.mp3,F3-GMS-2001A 12:25.72-12:28.35
2046,3,2001,135,GLOSSIKA-ENZS-F3-GMS-2001A.mp3,759.875,764.350,4.475,transcript_media/en/ZS_F3_2046_en.mp3,F3-GMS-2001A 12:39.88-12:44.35
2047,3,2001,138,GLOSSIKA-ENZS-F3-GMS-2001A.mp3,779.022,782.324,3.302,transcript_media/en/ZS_F3_2047_en.mp3,F3-GMS-2001A 12:59.02-13:02.32
2048,3,2001,141,GLOSSIKA-ENZS-F3-GMS-2001A.mp3,795.636,798.671,3.035,transcript_media/en/ZS_F3_2048_en.mp3,F3-GMS-2001A 13:15.64-13:18.67
2049,3,2001,144,GLOSSIKA-ENZS-F3-GMS-2001A.mp3,811.941,813.244,1.304,transcript_media/en/ZS_F3_2049_en.mp3,F3-GMS-2001A 13:31.94-13:33.24
2050,3,2001,147,GLOSSIKA-ENZS-F3-GMS-2001A.mp3,825.737,827.404,1.667,transcript_media/en/ZS_F3_2050_en.mp3,F3-GMS-2001A 13:45.74-13:47.40
2051,3,2051,0,GLOSSIKA-ENZS-F3-GMS-2051A.mp3,0.000,6.758,6.758,transcript_media/en/ZS_F3_2051_en.mp3,F3-GMS-2051A 00:00.00-00:06.76
2052,3,2051,3,GLOSSIKA-ENZS-F3-GMS-2051A.mp3,21.227,25.484,4.258,transcript_media/en/ZS_F3_2052_en.mp3,F3-GMS-2051A 00:21.23-00:25.48
2053,3,2051,6,GLOSSIKA-ENZS-F3-GMS-2051A.mp3,41.381,45.589,4.208,transcript_media/en/ZS_F3_2053_en.mp3,F3-GMS-2051A 00:41.38-00:45.59
2054,3,2051,9,GLOSSIKA-ENZS-F3-GMS-2051A.mp3,60.325,63.767,3.442,transcript_media/en/ZS_F3_2054_en.mp3,F3-GMS-2051A 01:00.33-01:03.77
2055,3,2051,12,GLOSSIKA-ENZS-F3-GMS-2051A.mp3,74.592,76.569,1.978,transcript_media/en/ZS_F3_2055_en.mp3,F3-GMS-2051A 01:14.59-01:16.57
2056,3,2051,15,GLOSSIKA-ENZS-F3-GMS-2051A.mp3,84.962,88.443,3.481,transcript_media/en/ZS_F3_2056_en.mp3,F3-GMS-2051A 01:24.96-01:28.44
2057,3,2051,18,GLOSSIKA-ENZS-F3-GMS-2051A.mp3,101.089,101.880,0.791,transcript_media/en/ZS_F3_2057_en.mp3,F3-GMS-2051A 01:41.09-01:41.88
2058,3,2051,21,GLOSSIKA-ENZS-F3-GMS-2051A.mp3,116.179,121.267,5.088,transcript_media/en/ZS_F3_2058_en.mp3,F3-GMS-2051A 01:56.18-02:01.27
2059,3,2051,24,GLOSSIKA-ENZS-F3-GMS-2051A.mp3,138.802,141.680,2.878,transcript_media/en/ZS_F3_2059_en.mp3,F3-GMS-2051A 02:18.80-02:21.68
2060,3,2051,27,GLOSSIKA-ENZS-F3-GMS-2051A.mp3,154.676,157.713,3.037,transcript_media/en/ZS_F3_2060_en.mp3,F3-GMS-2051A 02:34.68-02:37.71
2061,3,2051,30,GLOSSIKA-ENZS-F3-GMS-2051A.mp3,172.104,175.088,2.984,transcript_media/en/ZS_F3_2061_en.mp3,F3-GMS-2051A 02:52.10-02:55.09
2062,3,2051,33,GLOSSIKA-ENZS-F3-GMS-2051A.mp3,187.073,189.529,2.456,transcript_media/en/ZS_F3_2062_en.mp3,F3-GMS-2051A 03:07.07-03:09.53
2063,3,2051,36,GLOSSIKA-ENZS-F3-GMS-2051A.mp3,199.975,202.757,2.781,transcript_media/en/ZS_F3_2063_en.mp3,F3-GMS-2051A 03:19.98-03:22.76
2064,3,2051,39,GLOSSIKA-ENZS-F3-GMS-2051A.mp3,216.872,220.138,3.266,transcript_media/en/ZS_F3_2064_en.mp3,F3-GMS-2051A 03:36.87-03:40.14
2065,3,2051,42,GLOSSIKA-ENZS-F3-GMS-2051A.mp3,237.311,240.889,3.579,transcript_media/en/ZS_F3_2065_en.mp3,F3-GMS-2051A 03:57.31-04:00.89
2066,3,2051,45,GLOSSIKA-ENZS-F3-GMS-2051A.mp3,255.665,259.257,3.593,transcript_media/en/ZS_F3_2066_en.mp3,F3-GMS-2051A 04:15.66-04:19.26
2067,3,2051,48,GLOSSIKA-ENZS-F3-GMS-2051A.mp3,274.469,278.959,4.490,transcript_media/en/ZS_F3_2067_en.mp3,F3-GMS-2051A 04:34.47-04:38.96
2068,3,2051,51,GLOSSIKA-ENZS-F3-GMS-2051A.mp3,287.612,292.809,5.197,transcript_media/en/ZS_F3_2068_en.mp3,F3-GMS-2051A 04:47.61-04:52.81
2069,3,2051,54,GLOSSIKA-ENZS-F3-GMS-2051A.mp3,307.837,310.290,2.453,transcript_media/en/ZS_F3_2069_en.mp3,F3-GMS-2051A 05:07.84-05:10.29
2070,3,2051,57,GLOSSIKA-ENZS-F3-GMS-2051A.mp3,322.600,325.738,3.138,transcript_media/en/ZS_F3_2070_en.mp3,F3-GMS-2051A 05:22.60-05:25.74
2071,3,2051,60,GLOSSIKA-ENZS-F3-GMS-2051A.mp3,339.255,341.538,2.283,transcript_media/en/ZS_F3_2071_en.mp3,F3-GMS-2051A 05:39.25-05:41.54
2072,3,2051,63,GLOSSIKA-ENZS-F3-GMS-2051A.mp3,354.726,355.942,1.215,transcript_media/en/ZS_F3_2072_en.mp3,F3-GMS-2051A 05:54.73-05:55.94
2073,3,2051,66,GLOSSIKA-ENZS-F3-GMS-2051A.mp3,366.410,370.578,4.168,transcript_media/en/ZS_F3_2073_en.mp3,F3-GMS-2051A 06:06.41-06:10.58
2074,3,2051,69,GLOSSIKA-ENZS-F3-GMS-2051A.mp3,379.513,381.880,2.366,transcript_media/en/ZS_F3_2074_en.mp3,F3-GMS-2051A 06:19.51-06:21.88
2075,3,2051,72,GLOSSIKA-ENZS-F3-GMS-2051A.mp3,393.682,395.253,1.571,transcript_media/en/ZS_F3_2075_en.mp3,F3-GMS-2051A 06:33.68-06:35.25
2076,3,2051,75,GLOSSIKA-ENZS-F3-GMS-2051A.mp3,408.291,410.652,2.361,transcript_media/en/ZS_F3_2076_en.mp3,F3-GMS-2051A 06:48.29-06:50.65
2077,3,2051,78,GLOSSIKA-ENZS-F3-GMS-2051A.mp3,423.250,426.747,3.497,transcript_media/en/ZS_F3_2077_en.mp3,F3-GMS-2051A 07:03.25-07:06.75
2078,3,2051,81,GLOSSIKA-ENZS-F3-GMS-2051A.mp3,440.140,442.580,2.440,transcript_media/en/ZS_F3_2078_en.mp3,F3-GMS-2051A 07:20.14-07:22.58
2079,3,2051,84,GLOSSIKA-ENZS-F3-GMS-2051A.mp3,455.483,459.176,3.693,transcript_media/en/ZS_F3_2079_en.mp3,F3-GMS-2051A 07:35.48-07:39.18
2080,3,2051,87,GLOSSIKA-ENZS-F3-GMS-2051A.mp3,473.145,474.958,1.814,transcript_media/en/ZS_F3_2080_en.mp3,F3-GMS-2051A 07:53.14-07:54.96
2081,3,2051,90,GLOSSIKA-ENZS-F3-GMS-2051A.mp3,487.522,490.668,3.146,transcript_media/en/ZS_F3_2081_en.mp3,F3-GMS-2051A 08:07.52-08:10.67
2082,3,2051,93,GLOSSIKA-ENZS-F3-GMS-2051A.mp3,503.811,506.415,2.605,transcript_media/en/ZS_F3_2082_en.mp3,F3-GMS-2051A 08:23.81-08:26.42
2083,3,2051,96,GLOSSIKA-ENZS-F3-GMS-2051A.mp3,520.169,523.397,3.228,transcript_media/en/ZS_F3_2083_en.mp3,F3-GMS-2051A 08:40.17-08:43.40
2084,3,2051,99,GLOSSIKA-ENZS-F3-GMS-2051A.mp3,537.917,542.558,4.641,transcript_media/en/ZS_F3_2084_en.mp3,F3-GMS-2051A 08:57.92-09:02.56
2085,3,2051,102,GLOSSIKA-ENZS-F3-GMS-2051A.mp3,557.525,560.433,2.909,transcript_media/en/ZS_F3_2085_en.mp3,F3-GMS-2051A 09:17.52-09:20.43
2086,3,2051,105,GLOSSIKA-ENZS-F3-GMS-2051A.mp3,573.578,576.557,2.980,transcript_media/en/ZS_F3_2086_en.mp3,F3-GMS-2051A 09:33.58-09:36.56
2087,3,2051,108,GLOSSIKA-ENZS-F3-GMS-2051A.mp3,590.193,592.619,2.425,transcript_media/en/ZS_F3_2087_en.mp3,F3-GMS-2051A 09:50.19-09:52.62
2088,3,2051,111,GLOSSIKA-ENZS-F3-GMS-2051A.mp3,606.638,610.728,4.090,transcript_media/en/ZS_F3_2088_en.mp3,F3-GMS-2051A 10:06.64-10:10.73
2089,3,2051,114,GLOSSIKA-ENZS-F3-GMS-2051A.mp3,627.810,633.381,5.571,transcript_media/en/ZS_F3_2089_en.mp3,F3-GMS-2051A 10:27.81-10:33.38
2090,3,2051,117,GLOSSIKA-ENZS-F3-GMS-2051A.mp3,649.628,653.018,3.391,transcript_media/en/ZS_F3_2090_en.mp3,F3-GMS-2051A 10:49.63-10:53.02
2091,3,2051,120,GLOSSIKA-ENZS-F3-GMS-2051A.mp3,668.147,673.036,4.889,transcript_media/en/ZS_F3_2091_en.mp3,F3-GMS-2051A 11:08.15-11:13.04
2092,3,2051,123,GLOSSIKA-ENZS-F3-GMS-2051A.mp3,687.341,691.042,3.700,transcript_media/en/ZS_F3_2092_en.mp3,F3-GMS-2051A 11:27.34-11:31.04
2093,3,2051,126,GLOSSIKA-ENZS-F3-GMS-2051A.mp3,710.892,718.741,7.850,transcript_media/en/ZS_F3_2093_en.mp3,F3-GMS-2051A 11:50.89-11:58.74
2094,3,2051,129,GLOSSIKA-ENZS-F3-GMS-2051A.mp3,740.989,745.856,4.867,transcript_media/en/ZS_F3_2094_en.mp3,F3-GMS-2051A 12:20.99-12:25.86
2095,3,2051,132,GLOSSIKA-ENZS-F3-GMS-2051A.mp3,762.547,766.842,4.295,transcript_media/en/ZS_F3_2095_en.mp3,F3-GMS-2051A 12:42.55-12:46.84
2096,3,2051,135,GLOSSIKA-ENZS-F3-GMS-2051A.mp3,780.785,783.512,2.727,transcript_media/en/ZS_F3_2096_en.mp3,F3-GMS-2051A 13:00.79-13:03.51
2097,3,2051,138,GLOSSIKA-ENZS-F3-GMS-2051A.mp3,798.464,802.342,3.878,transcript_media/en/ZS_F3_2097_en.mp3,F3-GMS-2051A 13:18.46-13:22.34
2098,3,2051,141,GLOSSIKA-ENZS-F3-GMS-2051A.mp3,817.629,821.040,3.411,transcript_media/en/ZS_F3_2098_en.mp3,F3-GMS-2051A 13:37.63-13:41.04
2099,3,2051,144,GLOSSIKA-ENZS-F3-GMS-2051A.mp3,837.512,839.301,1.789,transcript_media/en/ZS_F3_2099_en.mp3,F3-GMS-2051A 13:57.51-13:59.30
2100,3,2051,147,GLOSSIKA-ENZS-F3-GMS-2051A.mp3,850.450,852.531,2.081,transcript_media/en/ZS_F3_2100_en.mp3,F3-GMS-2051A 14:10.45-14:12.53
2101,3,2101,0,GLOSSIKA-ENZS-F3-GMS-2101A.mp3,8.970,11.374,2.404,transcript_media/en/ZS_F3_2101_en.mp3,F3-GMS-2101A 00:08.97-00:11.37
2102,3,2101,3,GLOSSIKA-ENZS-F3-GMS-2101A.mp3,22.578,24.700,2.122,transcript_media/en/ZS_F3_2102_en.mp3,F3-GMS-2101A 00:22.58-00:24.70
2103,3,2101,6,GLOSSIKA-ENZS-F3-GMS-2101A.mp3,36.707,38.496,1.788,transcript_media/en/ZS_F3_2103_en.mp3,F3-GMS-2101A 00:36.71-00:38.50
2104,3,2101,9,GLOSSIKA-ENZS-F3-GMS-2101A.mp3,49.155,51.485,2.330,transcript_media/en/ZS_F3_2104_en.mp3,F3-GMS-2101A 00:49.16-00:51.48
2105,3,2101,12,GLOSSIKA-ENZS-F3-GMS-2101A.mp3,65.082,66.419,1.337,transcript_media/en/ZS_F3_2105_en.mp3,F3-GMS-2101A 01:05.08-01:06.42
2106,3,2101,15,GLOSSIKA-ENZS-F3-GMS-2101A.mp3,77.344,79.151,1.807,transcript_media/en/ZS_F3_2106_en.mp3,F3-GMS-2101A 01:17.34-01:19.15
2107,3,2101,18,GLOSSIKA-ENZS-F3-GMS-2101A.mp3,90.943,93.701,2.758,transcript_media/en/ZS_F3_2107_en.mp3,F3-GMS-2101A 01:30.94-01:33.70
2108,3,2101,21,GLOSSIKA-ENZS-F3-GMS-2101A.mp3,107.175,109.399,2.224,transcript_media/en/ZS_F3_2108_en.mp3,F3-GMS-2101A 01:47.18-01:49.40
2109,3,2101,24,GLOSSIKA-ENZS-F3-GMS-2101A.mp3,120.794,123.909,3.115,transcript_media/en/ZS_F3_2109_en.mp3,F3-GMS-2101A 02:00.79-02:03.91
2110,3,2101,27,GLOSSIKA-ENZS-F3-GMS-2101A.mp3,136.191,138.190,1.999,transcript_media/en/ZS_F3_2110_en.mp3,F3-GMS-2101A 02:16.19-02:18.19
2111,3,2101,30,GLOSSIKA-ENZS-F3-GMS-2101A.mp3,149.915,152.130,2.215,transcript_media/en/ZS_F3_2111_en.mp3,F3-GMS-2101A 02:29.91-02:32.13
2112,3,2101,33,GLOSSIKA-ENZS-F3-GMS-2101A.mp3,163.790,166.653,2.863,transcript_media/en/ZS_F3_2112_en.mp3,F3-GMS-2101A 02:43.79-02:46.65
2113,3,2101,36,GLOSSIKA-ENZS-F3-GMS-2101A.mp3,179.517,181.399,1.882,transcript_media/en/ZS_F3_2113_en.mp3,F3-GMS-2101A 02:59.52-03:01.40
2114,3,2101,39,GLOSSIKA-ENZS-F3-GMS-2101A.mp3,193.505,195.715,2.211,transcript_media/en/ZS_F3_2114_en.mp3,F3-GMS-2101A 03:13.50-03:15.72
2115,3,2101,42,GLOSSIKA-ENZS-F3-GMS-2101A.mp3,207.539,210.159,2.620,transcript_media/en/ZS_F3_2115_en.mp3,F3-GMS-2101A 03:27.54-03:30.16
2116,3,2101,45,GLOSSIKA-ENZS-F3-GMS-2101A.mp3,223.925,226.721,2.797,transcript_media/en/ZS_F3_2116_en.mp3,F3-GMS-2101A 03:43.92-03:46.72
2117,3,2101,48,GLOSSIKA-ENZS-F3-GMS-2101A.mp3,240.847,244.923,4.076,transcript_media/en/ZS_F3_2117_en.mp3,F3-GMS-2101A 04:00.85-04:04.92
2118,3,2101,51,GLOSSIKA-ENZS-F3-GMS-2101A.mp3,258.590,262.903,4.314,transcript_media/en/ZS_F3_2118_en.mp3,F3-GMS-2101A 04:18.59-04:22.90
2119,3,2101,54,GLOSSIKA-ENZS-F3-GMS-2101A.mp3,278.542,282.377,3.835,transcript_media/en/ZS_F3_2119_en.mp3,F3-GMS-2101A 04:38.54-04:42.38
2120,3,2101,57,GLOSSIKA-ENZS-F3-GMS-2101A.mp3,296.666,299.158,2.491,transcript_media/en/ZS_F3_2120_en.mp3,F3-GMS-2101A 04:56.67-04:59.16
2121,3,2101,60,GLOSSIKA-ENZS-F3-GMS-2101A.mp3,311.130,314.343,3.213,transcript_media/en/ZS_F3_2121_en.mp3,F3-GMS-2101A 05:11.13-05:14.34
2122,3,2101,63,GLOSSIKA-ENZS-F3-GMS-2101A.mp3,328.508,330.639,2.130,transcript_media/en/ZS_F3_2122_en.mp3,F3-GMS-2101A 05:28.51-05:30.64
2123,3,2101,66,GLOSSIKA-ENZS-F3-GMS-2101A.mp3,344.135,345.858,1.723,transcript_media/en/ZS_F3_2123_en.mp3,F3-GMS-2101A 05:44.13-05:45.86
2124,3,2101,69,GLOSSIKA-ENZS-F3-GMS-2101A.mp3,358.925,361.568,2.643,transcript_media/en/ZS_F3_2124_en.mp3,F3-GMS-2101A 05:58.92-06:01.57
2125,3,2101,72,GLOSSIKA-ENZS-F3-GMS-2101A.mp3,373.321,377.632,4.311,transcript_media/en/ZS_F3_2125_en.mp3,F3-GMS-2101A 06:13.32-06:17.63
2126,3,2101,75,GLOSSIKA-ENZS-F3-GMS-2101A.mp3,390.221,392.417,2.196,transcript_media/en/ZS_F3_2126_en.mp3,F3-GMS-2101A 06:30.22-06:32.42
2127,3,2101,78,GLOSSIKA-ENZS-F3-GMS-2101A.mp3,404.468,406.640,2.172,transcript_media/en/ZS_F3_2127_en.mp3,F3-GMS-2101A 06:44.47-06:46.64
2128,3,2101,81,GLOSSIKA-ENZS-F3-GMS-2101A.mp3,419.063,420.598,1.535,transcript_media/en/ZS_F3_2128_en.mp3,F3-GMS-2101A 06:59.06-07:00.60
2129,3,2101,84,GLOSSIKA-ENZS-F3-GMS-2101A.mp3,431.385,433.388,2.003,transcript_media/en/ZS_F3_2129_en.mp3,F3-GMS-2101A 07:11.38-07:13.39
2130,3,2101,87,GLOSSIKA-ENZS-F3-GMS-2101A.mp3,444.768,447.145,2.376,transcript_media/en/ZS_F3_2130_en.mp3,F3-GMS-2101A 07:24.77-07:27.14
2131,3,2101,90,GLOSSIKA-ENZS-F3-GMS-2101A.mp3,459.365,461.613,2.248,transcript_media/en/ZS_F3_2131_en.mp3,F3-GMS-2101A 07:39.36-07:41.61
2132,3,2101,93,GLOSSIKA-ENZS-F3-GMS-2101A.mp3,473.797,476.511,2.715,transcript_media/en/ZS_F3_2132_en.mp3,F3-GMS-2101A 07:53.80-07:56.51
2133,3,2101,96,GLOSSIKA-ENZS-F3-GMS-2101A.mp3,490.422,493.047,2.625,transcript_media/en/ZS_F3_2133_en.mp3,F3-GMS-2101A 08:10.42-08:13.05
2134,3,2101,99,GLOSSIKA-ENZS-F3-GMS-2101A.mp3,505.903,508.361,2.458,transcript_media/en/ZS_F3_2134_en.mp3,F3-GMS-2101A 08:25.90-08:28.36
2135,3,2101,102,GLOSSIKA-ENZS-F3-GMS-2101A.mp3,520.536,522.914,2.378,transcript_media/en/ZS_F3_2135_en.mp3,F3-GMS-2101A 08:40.54-08:42.91
2136,3,2101,105,GLOSSIKA-ENZS-F3-GMS-2101A.mp3,536.773,538.828,2.055,transcript_media/en/ZS_F3_2136_en.mp3,F3-GMS-2101A 08:56.77-08:58.83
2137,3,2101,108,GLOSSIKA-ENZS-F3-GMS-2101A.mp3,551.441,553.348,1.907,transcript_media/en/ZS_F3_2137_en.mp3,F3-GMS-2101A 09:11.44-09:13.35
2138,3,2101,111,GLOSSIKA-ENZS-F3-GMS-2101A.mp3,565.764,568.553,2.789,transcript_media/en/ZS_F3_2138_en.mp3,F3-GMS-2101A 09:25.76-09:28.55
2139,3,2101,114,GLOSSIKA-ENZS-F3-GMS-2101A.mp3,580.006,582.287,2.281,transcript_media/en/ZS_F3_2139_en.mp3,F3-GMS-2101A 09:40.01-09:42.29
2140,3,2101,117,GLOSSIKA-ENZS-F3-GMS-2101A.mp3,595.728,599.397,3.670,transcript_media/en/ZS_F3_2140_en.mp3,F3-GMS-2101A 09:55.73-09:59.40
2141,3,2101,120,GLOSSIKA-ENZS-F3-GMS-2101A.mp3,613.453,615.419,1.966,transcript_media/en/ZS_F3_2141_en.mp3,F3-GMS-2101A 10:13.45-10:15.42
2142,3,2101,123,GLOSSIKA-ENZS-F3-GMS-2101A.mp3,626.846,629.086,2.240,transcript_media/en/ZS_F3_2142_en.mp3,F3-GMS-2101A 10:26.85-10:29.09
2143,3,2101,126,GLOSSIKA-ENZS-F3-GMS-2101A.mp3,642.364,645.405,3.040,transcript_media/en/ZS_F3_2143_en.mp3,F3-GMS-2101A 10:42.36-10:45.40
2144,3,2101,129,GLOSSIKA-ENZS-F3-GMS-2101A.mp3,659.309,662.536,3.228,transcript_media/en/ZS_F3_2144_en.mp3,F3-GMS-2101A 10:59.31-11:02.54
2145,3,2101,132,GLOSSIKA-ENZS-F3-GMS-2101A.mp3,678.461,681.382,2.922,transcript_media/en/ZS_F3_2145_en.mp3,F3-GMS-2101A 11:18.46-11:21.38
2146,3,2101,135,GLOSSIKA-ENZS-F3-GMS-2101A.mp3,696.257,699.292,3.035,transcript_media/en/ZS_F3_2146_en.mp3,F3-GMS-2101A 11:36.26-11:39.29
2147,3,2101,138,GLOSSIKA-ENZS-F3-GMS-2101A.mp3,714.573,717.687,3.114,transcript_media/en/ZS_F3_2147_en.mp3,F3-GMS-2101A 11:54.57-11:57.69
2148,3,2101,141,GLOSSIKA-ENZS-F3-GMS-2101A.mp3,732.560,735.915,3.356,transcript_media/en/ZS_F3_2148_en.mp3,F3-GMS-2101A 12:12.56-12:15.92
2149,3,2101,144,GLOSSIKA-ENZS-F3-GMS-2101A.mp3,749.503,752.427,2.924,transcript_media/en/ZS_F3_2149_en.mp3,F3-GMS-2101A 12:29.50-12:32.43
2150,3,2101,147,GLOSSIKA-ENZS-F3-GMS-2101A.mp3,766.301,769.423,3.122,transcript_media/en/ZS_F3_2150_en.mp3,F3-GMS-2101A 12:46.30-12:49.42
2151,3,2151,0,GLOSSIKA-ENZS-F3-GMS-2151A.mp3,0.000,6.758,6.758,transcript_media/en/ZS_F3_2151_en.mp3,F3-GMS-2151A 00:00.00-00:06.76
2152,3,2151,3,GLOSSIKA-ENZS-F3-GMS-2151A.mp3,18.875,20.796,1.921,transcript_media/en/ZS_F3_2152_en.mp3,F3-GMS-2151A 00:18.87-00:20.80
2153,3,2151,6,GLOSSIKA-ENZS-F3-GMS-2151A.mp3,32.904,34.848,1.944,transcript_media/en/ZS_F3_2153_en.mp3,F3-GMS-2151A 00:32.90-00:34.85
2154,3,2151,9,GLOSSIKA-ENZS-F3-GMS-2151A.mp3,46.897,49.935,3.038,transcript_media/en/ZS_F3_2154_en.mp3,F3-GMS-2151A 00:46.90-00:49.94
2155,3,2151,12,GLOSSIKA-ENZS-F3-GMS-2151A.mp3,61.305,63.580,2.275,transcript_media/en/ZS_F3_2155_en.mp3,F3-GMS-2151A 01:01.31-01:03.58
2156,3,2151,15,GLOSSIKA-ENZS-F3-GMS-2151A.mp3,76.096,77.942,1.847,transcript_media/en/ZS_F3_2156_en.mp3,F3-GMS-2151A 01:16.10-01:17.94
2157,3,2151,18,GLOSSIKA-ENZS-F3-GMS-2151A.mp3,88.919,92.272,3.353,transcript_media/en/ZS_F3_2157_en.mp3,F3-GMS-2151A 01:28.92-01:32.27
2158,3,2151,21,GLOSSIKA-ENZS-F3-GMS-2151A.mp3,107.693,110.264,2.571,transcript_media/en/ZS_F3_2158_en.mp3,F3-GMS-2151A 01:47.69-01:50.26
2159,3,2151,24,GLOSSIKA-ENZS-F3-GMS-2151A.mp3,122.476,124.443,1.967,transcript_media/en/ZS_F3_2159_en.mp3,F3-GMS-2151A 02:02.48-02:04.44
2160,3,2151,27,GLOSSIKA-ENZS-F3-GMS-2151A.mp3,137.042,138.696,1.654,transcript_media/en/ZS_F3_2160_en.mp3,F3-GMS-2151A 02:17.04-02:18.70
2161,3,2151,30,GLOSSIKA-ENZS-F3-GMS-2151A.mp3,150.743,153.899,3.155,transcript_media/en/ZS_F3_2161_en.mp3,F3-GMS-2151A 02:30.74-02:33.90
2162,3,2151,33,GLOSSIKA-ENZS-F3-GMS-2151A.mp3,169.119,172.052,2.933,transcript_media/en/ZS_F3_2162_en.mp3,F3-GMS-2151A 02:49.12-02:52.05
2163,3,2151,36,GLOSSIKA-ENZS-F3-GMS-2151A.mp3,185.620,190.042,4.422,transcript_media/en/ZS_F3_2163_en.mp3,F3-GMS-2151A 03:05.62-03:10.04
2164,3,2151,39,GLOSSIKA-ENZS-F3-GMS-2151A.mp3,207.023,211.332,4.309,transcript_media/en/ZS_F3_2164_en.mp3,F3-GMS-2151A 03:27.02-03:31.33
2165,3,2151,42,GLOSSIKA-ENZS-F3-GMS-2151A.mp3,226.551,230.282,3.731,transcript_media/en/ZS_F3_2165_en.mp3,F3-GMS-2151A 03:46.55-03:50.28
2166,3,2151,45,GLOSSIKA-ENZS-F3-GMS-2151A.mp3,245.682,247.526,1.844,transcript_media/en/ZS_F3_2166_en.mp3,F3-GMS-2151A 04:05.68-04:07.53
2167,3,2151,48,GLOSSIKA-ENZS-F3-GMS-2151A.mp3,259.446,262.580,3.134,transcript_media/en/ZS_F3_2167_en.mp3,F3-GMS-2151A 04:19.45-04:22.58
2168,3,2151,51,GLOSSIKA-ENZS-F3-GMS-2151A.mp3,275.237,277.629,2.393,transcript_media/en/ZS_F3_2168_en.mp3,F3-GMS-2151A 04:35.24-04:37.63
2169,3,2151,54,GLOSSIKA-ENZS-F3-GMS-2151A.mp3,287.245,289.943,2.698,transcript_media/en/ZS_F3_2169_en.mp3,F3-GMS-2151A 04:47.25-04:49.94
2170,3,2151,57,GLOSSIKA-ENZS-F3-GMS-2151A.mp3,303.625,308.457,4.832,transcript_media/en/ZS_F3_2170_en.mp3,F3-GMS-2151A 05:03.62-05:08.46
2171,3,2151,60,GLOSSIKA-ENZS-F3-GMS-2151A.mp3,324.305,328.137,3.832,transcript_media/en/ZS_F3_2171_en.mp3,F3-GMS-2151A 05:24.30-05:28.14
2172,3,2151,63,GLOSSIKA-ENZS-F3-GMS-2151A.mp3,343.556,346.362,2.806,transcript_media/en/ZS_F3_2172_en.mp3,F3-GMS-2151A 05:43.56-05:46.36
2173,3,2151,66,GLOSSIKA-ENZS-F3-GMS-2151A.mp3,359.866,364.641,4.775,transcript_media/en/ZS_F3_2173_en.mp3,F3-GMS-2151A 05:59.87-06:04.64
2174,3,2151,69,GLOSSIKA-ENZS-F3-GMS-2151A.mp3,381.080,384.181,3.101,transcript_media/en/ZS_F3_2174_en.mp3,F3-GMS-2151A 06:21.08-06:24.18
2175,3,2151,72,GLOSSIKA-ENZS-F3-GMS-2151A.mp3,396.730,399.998,3.268,transcript_media/en/ZS_F3_2175_en.mp3,F3-GMS-2151A 06:36.73-06:40.00
2176,3,2151,75,GLOSSIKA-ENZS-F3-GMS-2151A.mp3,413.921,416.240,2.319,transcript_media/en/ZS_F3_2176_en.mp3,F3-GMS-2151A 06:53.92-06:56.24
2177,3,2151,78,GLOSSIKA-ENZS-F3-GMS-2151A.mp3,428.867,431.907,3.040,transcript_media/en/ZS_F3_2177_en.mp3,F3-GMS-2151A 07:08.87-07:11.91
2178,3,2151,81,GLOSSIKA-ENZS-F3-GMS-2151A.mp3,446.645,451.737,5.092,transcript_media/en/ZS_F3_2178_en.mp3,F3-GMS-2151A 07:26.64-07:31.74
2179,3,2151,84,GLOSSIKA-ENZS-F3-GMS-2151A.mp3,469.849,473.794,3.945,transcript_media/en/ZS_F3_2179_en.mp3,F3-GMS-2151A 07:49.85-07:53.79
2180,3,2151,87,GLOSSIKA-ENZS-F3-GMS-2151A.mp3,487.391,489.805,2.414,transcript_media/en/ZS_F3_2180_en.mp3,F3-GMS-2151A 08:07.39-08:09.81
2181,3,2151,90,GLOSSIKA-ENZS-F3-GMS-2151A.mp3,503.589,506.336,2.746,transcript_media/en/ZS_F3_2181_en.mp3,F3-GMS-2151A 08:23.59-08:26.34
2182,3,2151,93,GLOSSIKA-ENZS-F3-GMS-2151A.mp3,522.197,525.014,2.817,transcript_media/en/ZS_F3_2182_en.mp3,F3-GMS-2151A 08:42.20-08:45.01
2183,3,2151,96,GLOSSIKA-ENZS-F3-GMS-2151A.mp3,538.828,543.162,4.334,transcript_media/en/ZS_F3_2183_en.mp3,F3-GMS-2151A 08:58.83-09:03.16
2184,3,2151,99,GLOSSIKA-ENZS-F3-GMS-2151A.mp3,554.961,559.220,4.259,transcript_media/en/ZS_F3_2184_en.mp3,F3-GMS-2151A 09:14.96-09:19.22
2185,3,2151,102,GLOSSIKA-ENZS-F3-GMS-2151A.mp3,567.999,569.948,1.949,transcript_media/en/ZS_F3_2185_en.mp3,F3-GMS-2151A 09:28.00-09:29.95
2186,3,2151,105,GLOSSIKA-ENZS-F3-GMS-2151A.mp3,582.048,585.945,3.897,transcript_media/en/ZS_F3_2186_en.mp3,F3-GMS-2151A 09:42.05-09:45.94
2187,3,2151,108,GLOSSIKA-ENZS-F3-GMS-2151A.mp3,602.134,606.913,4.779,transcript_media/en/ZS_F3_2187_en.mp3,F3-GMS-2151A 10:02.13-10:06.91
2188,3,2151,111,GLOSSIKA-ENZS-F3-GMS-2151A.mp3,622.020,624.763,2.742,transcript_media/en/ZS_F3_2188_en.mp3,F3-GMS-2151A 10:22.02-10:24.76
2189,3,2151,114,GLOSSIKA-ENZS-F3-GMS-2151A.mp3,637.425,639.567,2.142,transcript_media/en/ZS_F3_2189_en.mp3,F3-GMS-2151A 10:37.43-10:39.57
2190,3,2151,117,GLOSSIKA-ENZS-F3-GMS-2151A.mp3,650.607,652.887,2.280,transcript_media/en/ZS_F3_2190_en.mp3,F3-GMS-2151A 10:50.61-10:52.89
2191,3,2151,120,GLOSSIKA-ENZS-F3-GMS-2151A.mp3,664.326,666.463,2.137,transcript_media/en/ZS_F3_2191_en.mp3,F3-GMS-2151A 11:04.33-11:06.46
2192,3,2151,123,GLOSSIKA-ENZS-F3-GMS-2151A.mp3,678.214,680.218,2.004,transcript_media/en/ZS_F3_2192_en.mp3,F3-GMS-2151A 11:18.21-11:20.22
2193,3,2151,126,GLOSSIKA-ENZS-F3-GMS-2151A.mp3,690.985,692.426,1.441,transcript_media/en/ZS_F3_2193_en.mp3,F3-GMS-2151A 11:30.98-11:32.43
2194,3,2151,129,GLOSSIKA-ENZS-F3-GMS-2151A.mp3,704.058,706.502,2.444,transcript_media/en/ZS_F3_2194_en.mp3,F3-GMS-2151A 11:44.06-11:46.50
2195,3,2151,132,GLOSSIKA-ENZS-F3-GMS-2151A.mp3,718.025,720.076,2.051,transcript_media/en/ZS_F3_2195_en.mp3,F3-GMS-2151A 11:58.02-12:00.08
2196,3,2151,135,GLOSSIKA-ENZS-F3-GMS-2151A.mp3,731.007,732.394,1.387,transcript_media/en/ZS_F3_2196_en.mp3,F3-GMS-2151A 12:11.01-12:12.39
2197,3,2151,138,GLOSSIKA-ENZS-F3-GMS-2151A.mp3,744.086,747.230,3.145,transcript_media/en/ZS_F3_2197_en.mp3,F3-GMS-2151A 12:24.09-12:27.23
2198,3,2151,141,GLOSSIKA-ENZS-F3-GMS-2151A.mp3,759.396,761.868,2.473,transcript_media/en/ZS_F3_2198_en.mp3,F3-GMS-2151A 12:39.40-12:41.87
2199,3,2151,144,GLOSSIKA-ENZS-F3-GMS-2151A.mp3,774.130,777.564,3.434,transcript_media/en/ZS_F3_2199_en.mp3,F3-GMS-2151A 12:54.13-12:57.56
2200,3,2151,147,GLOSSIKA-ENZS-F3-GMS-2151A.mp3,790.340,792.996,2.656,transcript_media/en/ZS_F3_2200_en.mp3,F3-GMS-2151A 13:10.34-13:13.00
2201,3,2201,0,GLOSSIKA-ENZS-F3-GMS-2201A.mp3,12.325,14.199,1.874,transcript_media/en/ZS_F3_2201_en.mp3,F3-GMS-2201A 00:12.32-00:14.20
2202,3,2201,3,GLOSSIKA-ENZS-F3-GMS-2201A.mp3,25.677,28.312,2.635,transcript_media/en/ZS_F3_2202_en.mp3,F3-GMS-2201A 00:25.68-00:28.31
2203,3,2201,6,GLOSSIKA-ENZS-F3-GMS-2201A.mp3,40.839,42.970,2.131,transcript_media/en/ZS_F3_2203_en.mp3,F3-GMS-2201A 00:40.84-00:42.97
2204,3,2201,9,GLOSSIKA-ENZS-F3-GMS-2201A.mp3,54.301,56.127,1.826,transcript_media/en/ZS_F3_2204_en.mp3,F3-GMS-2201A 00:54.30-00:56.13
2205,3,2201,12,GLOSSIKA-ENZS-F3-GMS-2201A.mp3,66.965,68.549,1.584,transcript_media/en/ZS_F3_2205_en.mp3,F3-GMS-2201A 01:06.97-01:08.55
2206,3,2201,15,GLOSSIKA-ENZS-F3-GMS-2201A.mp3,80.642,83.857,3.216,transcript_media/en/ZS_F3_2206_en.mp3,F3-GMS-2201A 01:20.64-01:23.86
2207,3,2201,18,GLOSSIKA-ENZS-F3-GMS-2201A.mp3,96.774,98.633,1.859,transcript_media/en/ZS_F3_2207_en.mp3,F3-GMS-2201A 01:36.77-01:38.63
2208,3,2201,21,GLOSSIKA-ENZS-F3-GMS-2201A.mp3,110.368,113.148,2.780,transcript_media/en/ZS_F3_2208_en.mp3,F3-GMS-2201A 01:50.37-01:53.15
2209,3,2201,24,GLOSSIKA-ENZS-F3-GMS-2201A.mp3,125.362,127.793,2.431,transcript_media/en/ZS_F3_2209_en.mp3,F3-GMS-2201A 02:05.36-02:07.79
2210,3,2201,27,GLOSSIKA-ENZS-F3-GMS-2201A.mp3,140.678,143.274,2.596,transcript_media/en/ZS_F3_2210_en.mp3,F3-GMS-2201A 02:20.68-02:23.27
2211,3,2201,30,GLOSSIKA-ENZS-F3-GMS-2201A.mp3,157.674,160.097,2.423,transcript_media/en/ZS_F3_2211_en.mp3,F3-GMS-2201A 02:37.67-02:40.10
2212,3,2201,33,GLOSSIKA-ENZS-F3-GMS-2201A.mp3,174.595,178.599,4.004,transcript_media/en/ZS_F3_2212_en.mp3,F3-GMS-2201A 02:54.59-02:58.60
2213,3,2201,36,GLOSSIKA-ENZS-F3-GMS-2201A.mp3,194.783,198.620,3.837,transcript_media/en/ZS_F3_2213_en.mp3,F3-GMS-2201A 03:14.78-03:18.62
2214,3,2201,39,GLOSSIKA-ENZS-F3-GMS-2201A.mp3,213.807,216.598,2.791,transcript_media/en/ZS_F3_2214_en.mp3,F3-GMS-2201A 03:33.81-03:36.60
2215,3,2201,42,GLOSSIKA-ENZS-F3-GMS-2201A.mp3,229.331,232.662,3.330,transcript_media/en/ZS_F3_2215_en.mp3,F3-GMS-2201A 03:49.33-03:52.66
2216,3,2201,45,GLOSSIKA-ENZS-F3-GMS-2201A.mp3,247.375,251.476,4.101,transcript_media/en/ZS_F3_2216_en.mp3,F3-GMS-2201A 04:07.37-04:11.48
2217,3,2201,48,GLOSSIKA-ENZS-F3-GMS-2201A.mp3,264.775,266.585,1.810,transcript_media/en/ZS_F3_2217_en.mp3,F3-GMS-2201A 04:24.77-04:26.59
2218,3,2201,51,GLOSSIKA-ENZS-F3-GMS-2201A.mp3,278.134,279.950,1.816,transcript_media/en/ZS_F3_2218_en.mp3,F3-GMS-2201A 04:38.13-04:39.95
2219,3,2201,54,GLOSSIKA-ENZS-F3-GMS-2201A.mp3,291.461,293.515,2.054,transcript_media/en/ZS_F3_2219_en.mp3,F3-GMS-2201A 04:51.46-04:53.51
2220,3,2201,57,GLOSSIKA-ENZS-F3-GMS-2201A.mp3,305.553,308.065,2.513,transcript_media/en/ZS_F3_2220_en.mp3,F3-GMS-2201A 05:05.55-05:08.07
2221,3,2201,60,GLOSSIKA-ENZS-F3-GMS-2201A.mp3,319.998,322.201,2.203,transcript_media/en/ZS_F3_2221_en.mp3,F3-GMS-2201A 05:20.00-05:22.20
2222,3,2201,63,GLOSSIKA-ENZS-F3-GMS-2201A.mp3,333.395,335.411,2.016,transcript_media/en/ZS_F3_2222_en.mp3,F3-GMS-2201A 05:33.40-05:35.41
2223,3,2201,66,GLOSSIKA-ENZS-F3-GMS-2201A.mp3,347.123,349.827,2.704,transcript_media/en/ZS_F3_2223_en.mp3,F3-GMS-2201A 05:47.12-05:49.83
2224,3,2201,69,GLOSSIKA-ENZS-F3-GMS-2201A.mp3,361.479,363.152,1.672,transcript_media/en/ZS_F3_2224_en.mp3,F3-GMS-2201A 06:01.48-06:03.15
2225,3,2201,72,GLOSSIKA-ENZS-F3-GMS-2201A.mp3,373.678,375.187,1.509,transcript_media/en/ZS_F3_2225_en.mp3,F3-GMS-2201A 06:13.68-06:15.19
2226,3,2201,75,GLOSSIKA-ENZS-F3-GMS-2201A.mp3,386.260,389.650,3.390,transcript_media/en/ZS_F3_2226_en.mp3,F3-GMS-2201A 06:26.26-06:29.65
2227,3,2201,78,GLOSSIKA-ENZS-F3-GMS-2201A.mp3,402.957,405.646,2.689,transcript_media/en/ZS_F3_2227_en.mp3,F3-GMS-2201A 06:42.96-06:45.65
2228,3,2201,81,GLOSSIKA-ENZS-F3-GMS-2201A.mp3,419.263,422.060,2.797,transcript_media/en/ZS_F3_2228_en.mp3,F3-GMS-2201A 06:59.26-07:02.06
2229,3,2201,84,GLOSSIKA-ENZS-F3-GMS-2201A.mp3,435.078,437.837,2.758,transcript_media/en/ZS_F3_2229_en.mp3,F3-GMS-2201A 07:15.08-07:17.84
2230,3,2201,87,GLOSSIKA-ENZS-F3-GMS-2201A.mp3,449.659,451.136,1.477,transcript_media/en/ZS_F3_2230_en.mp3,F3-GMS-2201A 07:29.66-07:31.14
2231,3,2201,90,GLOSSIKA-ENZS-F3-GMS-2201A.mp3,462.519,465.324,2.804,transcript_media/en/ZS_F3_2231_en.mp3,F3-GMS-2201A 07:42.52-07:45.32
2232,3,2201,93,GLOSSIKA-ENZS-F3-GMS-2201A.mp3,477.359,479.315,1.955,transcript_media/en/ZS_F3_2232_en.mp3,F3-GMS-2201A 07:57.36-07:59.31
2233,3,2201,96,GLOSSIKA-ENZS-F3-GMS-2201A.mp3,490.709,493.522,2.814,transcript_media/en/ZS_F3_2233_en.mp3,F3-GMS-2201A 08:10.71-08:13.52
2234,3,2201,99,GLOSSIKA-ENZS-F3-GMS-2201A.mp3,505.738,507.694,1.957,transcript_media/en/ZS_F3_2234_en.mp3,F3-GMS-2201A 08:25.74-08:27.69
2235,3,2201,102,GLOSSIKA-ENZS-F3-GMS-2201A.mp3,519.043,521.137,2.094,transcript_media/en/ZS_F3_2235_en.mp3,F3-GMS-2201A 08:39.04-08:41.14
2236,3,2201,105,GLOSSIKA-ENZS-F3-GMS-2201A.mp3,532.196,533.781,1.585,transcript_media/en/ZS_F3_2236_en.mp3,F3-GMS-2201A 08:52.20-08:53.78
2237,3,2201,108,GLOSSIKA-ENZS-F3-GMS-2201A.mp3,545.259,546.613,1.355,transcript_media/en/ZS_F3_2237_en.mp3,F3-GMS-2201A 09:05.26-09:06.61
2238,3,2201,111,GLOSSIKA-ENZS-F3-GMS-2201A.mp3,558.964,561.120,2.156,transcript_media/en/ZS_F3_2238_en.mp3,F3-GMS-2201A 09:18.96-09:21.12
2239,3,2201,114,GLOSSIKA-ENZS-F3-GMS-2201A.mp3,573.783,575.239,1.457,transcript_media/en/ZS_F3_2239_en.mp3,F3-GMS-2201A 09:33.78-09:35.24
2240,3,2201,117,GLOSSIKA-ENZS-F3-GMS-2201A.mp3,582.782,584.359,1.577,transcript_media/en/ZS_F3_2240_en.mp3,F3-GMS-2201A 09:42.78-09:44.36
2241,3,2201,120,GLOSSIKA-ENZS-F3-GMS-2201A.mp3,596.165,597.838,1.673,transcript_media/en/ZS_F3_2241_en.mp3,F3-GMS-2201A 09:56.17-09:57.84
2242,3,2201,123,GLOSSIKA-ENZS-F3-GMS-2201A.mp3,609.064,611.130,2.066,transcript_media/en/ZS_F3_2242_en.mp3,F3-GMS-2201A 10:09.06-10:11.13
2243,3,2201,126,GLOSSIKA-ENZS-F3-GMS-2201A.mp3,622.730,625.157,2.427,transcript_media/en/ZS_F3_2243_en.mp3,F3-GMS-2201A 10:22.73-10:25.16
2244,3,2201,129,GLOSSIKA-ENZS-F3-GMS-2201A.mp3,635.746,637.177,1.431,transcript_media/en/ZS_F3_2244_en.mp3,F3-GMS-2201A 10:35.75-10:37.18
2245,3,2201,132,GLOSSIKA-ENZS-F3-GMS-2201A.mp3,648.847,651.283,2.435,transcript_media/en/ZS_F3_2245_en.mp3,F3-GMS-2201A 10:48.85-10:51.28
2246,3,2201,135,GLOSSIKA-ENZS-F3-GMS-2201A.mp3,664.277,666.984,2.707,transcript_media/en/ZS_F3_2246_en.mp3,F3-GMS-2201A 11:04.28-11:06.98
2247,3,2201,138,GLOSSIKA-ENZS-F3-GMS-2201A.mp3,682.176,686.176,3.999,transcript_media/en/ZS_F3_2247_en.mp3,F3-GMS-2201A 11:22.18-11:26.18
2248,3,2201,141,GLOSSIKA-ENZS-F3-GMS-2201A.mp3,698.502,701.112,2.609,transcript_media/en/ZS_F3_2248_en.mp3,F3-GMS-2201A 11:38.50-11:41.11
2249,3,2201,144,GLOSSIKA-ENZS-F3-GMS-2201A.mp3,713.825,716.351,2.525,transcript_media/en/ZS_F3_2249_en.mp3,F3-GMS-2201A 11:53.83-11:56.35
2250,3,2201,147,GLOSSIKA-ENZS-F3-GMS-2201A.mp3,729.210,731.337,2.126,transcript_media/en/ZS_F3_2250_en.mp3,F3-GMS-2201A 12:09.21-12:11.34
2251,3,2251,0,GLOSSIKA-ENZS-F3-GMS-2251A.mp3,8.962,11.522,2.559,transcript_media/en/ZS_F3_2251_en.mp3,F3-GMS-2251A 00:08.96-00:11.52
2252,3,2251,3,GLOSSIKA-ENZS-F3-GMS-2251A.mp3,23.218,25.130,1.912,transcript_media/en/ZS_F3_2252_en.mp3,F3-GMS-2251A 00:23.22-00:25.13
2253,3,2251,6,GLOSSIKA-ENZS-F3-GMS-2251A.mp3,37.649,39.325,1.677,transcript_media/en/ZS_F3_2253_en.mp3,F3-GMS-2251A 00:37.65-00:39.33
2254,3,2251,9,GLOSSIKA-ENZS-F3-GMS-2251A.mp3,50.450,52.534,2.083,transcript_media/en/ZS_F3_2254_en.mp3,F3-GMS-2251A 00:50.45-00:52.53
2255,3,2251,12,GLOSSIKA-ENZS-F3-GMS-2251A.mp3,65.467,67.703,2.235,transcript_media/en/ZS_F3_2255_en.mp3,F3-GMS-2251A 01:05.47-01:07.70
2256,3,2251,15,GLOSSIKA-ENZS-F3-GMS-2251A.mp3,77.872,80.557,2.685,transcript_media/en/ZS_F3_2256_en.mp3,F3-GMS-2251A 01:17.87-01:20.56
2257,3,2251,18,GLOSSIKA-ENZS-F3-GMS-2251A.mp3,92.846,95.332,2.486,transcript_media/en/ZS_F3_2257_en.mp3,F3-GMS-2251A 01:32.85-01:35.33
2258,3,2251,21,GLOSSIKA-ENZS-F3-GMS-2251A.mp3,108.930,110.910,1.980,transcript_media/en/ZS_F3_2258_en.mp3,F3-GMS-2251A 01:48.93-01:50.91
2259,3,2251,24,GLOSSIKA-ENZS-F3-GMS-2251A.mp3,121.448,123.245,1.797,transcript_media/en/ZS_F3_2259_en.mp3,F3-GMS-2251A 02:01.45-02:03.24
2260,3,2251,27,GLOSSIKA-ENZS-F3-GMS-2251A.mp3,134.279,137.839,3.560,transcript_media/en/ZS_F3_2260_en.mp3,F3-GMS-2251A 02:14.28-02:17.84
2261,3,2251,30,GLOSSIKA-ENZS-F3-GMS-2251A.mp3,153.219,155.775,2.556,transcript_media/en/ZS_F3_2261_en.mp3,F3-GMS-2251A 02:33.22-02:35.78
2262,3,2251,33,GLOSSIKA-ENZS-F3-GMS-2251A.mp3,170.100,173.025,2.925,transcript_media/en/ZS_F3_2262_en.mp3,F3-GMS-2251A 02:50.10-02:53.02
2263,3,2251,36,GLOSSIKA-ENZS-F3-GMS-2251A.mp3,187.011,189.670,2.658,transcript_media/en/ZS_F3_2263_en.mp3,F3-GMS-2251A 03:07.01-03:09.67
2264,3,2251,39,GLOSSIKA-ENZS-F3-GMS-2251A.mp3,202.991,205.812,2.821,transcript_media/en/ZS_F3_2264_en.mp3,F3-GMS-2251A 03:22.99-03:25.81
2265,3,2251,42,GLOSSIKA-ENZS-F3-GMS-2251A.mp3,217.798,220.411,2.613,transcript_media/en/ZS_F3_2265_en.mp3,F3-GMS-2251A 03:37.80-03:40.41
2266,3,2251,45,GLOSSIKA-ENZS-F3-GMS-2251A.mp3,235.141,237.241,2.100,transcript_media/en/ZS_F3_2266_en.mp3,F3-GMS-2251A 03:55.14-03:57.24
2267,3,2251,48,GLOSSIKA-ENZS-F3-GMS-2251A.mp3,248.978,251.786,2.809,transcript_media/en/ZS_F3_2267_en.mp3,F3-GMS-2251A 04:08.98-04:11.79
2268,3,2251,51,GLOSSIKA-ENZS-F3-GMS-2251A.mp3,266.001,267.563,1.562,transcript_media/en/ZS_F3_2268_en.mp3,F3-GMS-2251A 04:26.00-04:27.56
2269,3,2251,54,GLOSSIKA-ENZS-F3-GMS-2251A.mp3,278.543,280.702,2.160,transcript_media/en/ZS_F3_2269_en.mp3,F3-GMS-2251A 04:38.54-04:40.70
2270,3,2251,57,GLOSSIKA-ENZS-F3-GMS-2251A.mp3,292.010,294.109,2.099,transcript_media/en/ZS_F3_2270_en.mp3,F3-GMS-2251A 04:52.01-04:54.11
2271,3,2251,60,GLOSSIKA-ENZS-F3-GMS-2251A.mp3,307.159,309.384,2.224,transcript_media/en/ZS_F3_2271_en.mp3,F3-GMS-2251A 05:07.16-05:09.38
2272,3,2251,63,GLOSSIKA-ENZS-F3-GMS-2251A.mp3,321.341,324.621,3.280,transcript_media/en/ZS_F3_2272_en.mp3,F3-GMS-2251A 05:21.34-05:24.62
2273,3,2251,66,GLOSSIKA-ENZS-F3-GMS-2251A.mp3,341.314,343.731,2.417,transcript_media/en/ZS_F3_2273_en.mp3,F3-GMS-2251A 05:41.31-05:43.73
2274,3,2251,69,GLOSSIKA-ENZS-F3-GMS-2251A.mp3,354.866,357.133,2.267,transcript_media/en/ZS_F3_2274_en.mp3,F3-GMS-2251A 05:54.87-05:57.13
2275,3,2251,72,GLOSSIKA-ENZS-F3-GMS-2251A.mp3,369.111,372.186,3.075,transcript_media/en/ZS_F3_2275_en.mp3,F3-GMS-2251A 06:09.11-06:12.19
2276,3,2251,75,GLOSSIKA-ENZS-F3-GMS-2251A.mp3,386.723,388.858,2.135,transcript_media/en/ZS_F3_2276_en.mp3,F3-GMS-2251A 06:26.72-06:28.86
2277,3,2251,78,GLOSSIKA-ENZS-F3-GMS-2251A.mp3,399.960,401.816,1.856,transcript_media/en/ZS_F3_2277_en.mp3,F3-GMS-2251A 06:39.96-06:41.82
2278,3,2251,81,GLOSSIKA-ENZS-F3-GMS-2251A.mp3,413.525,415.128,1.603,transcript_media/en/ZS_F3_2278_en.mp3,F3-GMS-2251A 06:53.53-06:55.13
2279,3,2251,84,GLOSSIKA-ENZS-F3-GMS-2251A.mp3,425.991,427.834,1.843,transcript_media/en/ZS_F3_2279_en.mp3,F3-GMS-2251A 07:05.99-07:07.83
2280,3,2251,87,GLOSSIKA-ENZS-F3-GMS-2251A.mp3,438.266,439.896,1.630,transcript_media/en/ZS_F3_2280_en.mp3,F3-GMS-2251A 07:18.27-07:19.90
2281,3,2251,90,GLOSSIKA-ENZS-F3-GMS-2251A.mp3,450.360,453.314,2.953,transcript_media/en/ZS_F3_2281_en.mp3,F3-GMS-2251A 07:30.36-07:33.31
2282,3,2251,93,GLOSSIKA-ENZS-F3-GMS-2251A.mp3,466.834,468.686,1.852,transcript_media/en/ZS_F3_2282_en.mp3,F3-GMS-2251A 07:46.83-07:48.69
2283,3,2251,96,GLOSSIKA-ENZS-F3-GMS-2251A.mp3,479.853,482.031,2.178,transcript_media/en/ZS_F3_2283_en.mp3,F3-GMS-2251A 07:59.85-08:02.03
2284,3,2251,99,GLOSSIKA-ENZS-F3-GMS-2251A.mp3,494.535,496.591,2.056,transcript_media/en/ZS_F3_2284_en.mp3,F3-GMS-2251A 08:14.53-08:16.59
2285,3,2251,102,GLOSSIKA-ENZS-F3-GMS-2251A.mp3,506.912,509.062,2.150,transcript_media/en/ZS_F3_2285_en.mp3,F3-GMS-2251A 08:26.91-08:29.06
2286,3,2251,105,GLOSSIKA-ENZS-F3-GMS-2251A.mp3,520.294,522.027,1.733,transcript_media/en/ZS_F3_2286_en.mp3,F3-GMS-2251A 08:40.29-08:42.03
2287,3,2251,108,GLOSSIKA-ENZS-F3-GMS-2251A.mp3,533.431,535.210,1.778,transcript_media/en/ZS_F3_2287_en.mp3,F3-GMS-2251A 08:53.43-08:55.21
2288,3,2251,111,GLOSSIKA-ENZS-F3-GMS-2251A.mp3,546.741,549.928,3.187,transcript_media/en/ZS_F3_2288_en.mp3,F3-GMS-2251A 09:06.74-09:09.93
2289,3,2251,114,GLOSSIKA-ENZS-F3-GMS-2251A.mp3,563.686,565.746,2.060,transcript_media/en/ZS_F3_2289_en.mp3,F3-GMS-2251A 09:23.69-09:25.75
2290,3,2251,117,GLOSSIKA-ENZS-F3-GMS-2251A.mp3,576.790,580.832,4.042,transcript_media/en/ZS_F3_2290_en.mp3,F3-GMS-2251A 09:36.79-09:40.83
2291,3,2251,120,GLOSSIKA-ENZS-F3-GMS-2251A.mp3,596.706,599.279,2.573,transcript_media/en/ZS_F3_2291_en.mp3,F3-GMS-2251A 09:56.71-09:59.28
2292,3,2251,123,GLOSSIKA-ENZS-F3-GMS-2251A.mp3,610.920,613.225,2.305,transcript_media/en/ZS_F3_2292_en.mp3,F3-GMS-2251A 10:10.92-10:13.22
2293,3,2251,126,GLOSSIKA-ENZS-F3-GMS-2251A.mp3,626.742,630.146,3.403,transcript_media/en/ZS_F3_2293_en.mp3,F3-GMS-2251A 10:26.74-10:30.15
2294,3,2251,129,GLOSSIKA-ENZS-F3-GMS-2251A.mp3,645.675,647.549,1.874,transcript_media/en/ZS_F3_2294_en.mp3,F3-GMS-2251A 10:45.68-10:47.55
2295,3,2251,132,GLOSSIKA-ENZS-F3-GMS-2251A.mp3,659.270,660.886,1.616,transcript_media/en/ZS_F3_2295_en.mp3,F3-GMS-2251A 10:59.27-11:00.89
2296,3,2251,135,GLOSSIKA-ENZS-F3-GMS-2251A.mp3,671.954,674.114,2.161,transcript_media/en/ZS_F3_2296_en.mp3,F3-GMS-2251A 11:11.95-11:14.11
2297,3,2251,138,GLOSSIKA-ENZS-F3-GMS-2251A.mp3,685.802,690.117,4.314,transcript_media/en/ZS_F3_2297_en.mp3,F3-GMS-2251A 11:25.80-11:30.12
2298,3,2251,141,GLOSSIKA-ENZS-F3-GMS-2251A.mp3,707.891,712.075,4.184,transcript_media/en/ZS_F3_2298_en.mp3,F3-GMS-2251A 11:47.89-11:52.07
2299,3,2251,144,GLOSSIKA-ENZS-F3-GMS-2251A.mp3,725.839,727.595,1.756,transcript_media/en/ZS_F3_2299_en.mp3,F3-GMS-2251A 12:05.84-12:07.60
2300,3,2251,147,GLOSSIKA-ENZS-F3-GMS-2251A.mp3,738.150,740.945,2.795,transcript_media/en/ZS_F3_2300_en.mp3,F3-GMS-2251A 12:18.15-12:20.95
2301,3,2301,0,GLOSSIKA-ENZS-F3-GMS-2301A.mp3,11.871,13.787,1.916,transcript_media/en/ZS_F3_2301_en.mp3,F3-GMS-2301A 00:11.87-00:13.79
2302,3,2301,3,GLOSSIKA-ENZS-F3-GMS-2301A.mp3,25.322,27.221,1.899,transcript_media/en/ZS_F3_2302_en.mp3,F3-GMS-2301A 00:25.32-00:27.22
2303,3,2301,6,GLOSSIKA-ENZS-F3-GMS-2301A.mp3,39.015,41.296,2.280,transcript_media/en/ZS_F3_2303_en.mp3,F3-GMS-2301A 00:39.02-00:41.30
2304,3,2301,9,GLOSSIKA-ENZS-F3-GMS-2301A.mp3,52.767,55.087,2.320,transcript_media/en/ZS_F3_2304_en.mp3,F3-GMS-2301A 00:52.77-00:55.09
2305,3,2301,12,GLOSSIKA-ENZS-F3-GMS-2301A.mp3,66.332,67.886,1.554,transcript_media/en/ZS_F3_2305_en.mp3,F3-GMS-2301A 01:06.33-01:07.89
2306,3,2301,15,GLOSSIKA-ENZS-F3-GMS-2301A.mp3,79.086,81.137,2.051,transcript_media/en/ZS_F3_2306_en.mp3,F3-GMS-2301A 01:19.09-01:21.14
2307,3,2301,18,GLOSSIKA-ENZS-F3-GMS-2301A.mp3,93.569,96.145,2.576,transcript_media/en/ZS_F3_2307_en.mp3,F3-GMS-2301A 01:33.57-01:36.15
2308,3,2301,21,GLOSSIKA-ENZS-F3-GMS-2301A.mp3,108.298,110.323,2.024,transcript_media/en/ZS_F3_2308_en.mp3,F3-GMS-2301A 01:48.30-01:50.32
2309,3,2301,24,GLOSSIKA-ENZS-F3-GMS-2301A.mp3,121.531,123.342,1.810,transcript_media/en/ZS_F3_2309_en.mp3,F3-GMS-2301A 02:01.53-02:03.34
2310,3,2301,27,GLOSSIKA-ENZS-F3-GMS-2301A.mp3,134.474,136.527,2.053,transcript_media/en/ZS_F3_2310_en.mp3,F3-GMS-2301A 02:14.47-02:16.53
2311,3,2301,30,GLOSSIKA-ENZS-F3-GMS-2301A.mp3,148.558,150.792,2.234,transcript_media/en/ZS_F3_2311_en.mp3,F3-GMS-2301A 02:28.56-02:30.79
2312,3,2301,33,GLOSSIKA-ENZS-F3-GMS-2301A.mp3,163.031,165.272,2.241,transcript_media/en/ZS_F3_2312_en.mp3,F3-GMS-2301A 02:43.03-02:45.27
2313,3,2301,36,GLOSSIKA-ENZS-F3-GMS-2301A.mp3,176.996,178.717,1.720,transcript_media/en/ZS_F3_2313_en.mp3,F3-GMS-2301A 02:57.00-02:58.72
2314,3,2301,39,GLOSSIKA-ENZS-F3-GMS-2301A.mp3,189.875,191.916,2.040,transcript_media/en/ZS_F3_2314_en.mp3,F3-GMS-2301A 03:09.88-03:11.92
2315,3,2301,42,GLOSSIKA-ENZS-F3-GMS-2301A.mp3,206.459,209.859,3.400,transcript_media/en/ZS_F3_2315_en.mp3,F3-GMS-2301A 03:26.46-03:29.86
2316,3,2301,45,GLOSSIKA-ENZS-F3-GMS-2301A.mp3,222.459,223.924,1.465,transcript_media/en/ZS_F3_2316_en.mp3,F3-GMS-2301A 03:42.46-03:43.92
2317,3,2301,48,GLOSSIKA-ENZS-F3-GMS-2301A.mp3,234.663,237.364,2.701,transcript_media/en/ZS_F3_2317_en.mp3,F3-GMS-2301A 03:54.66-03:57.36
2318,3,2301,51,GLOSSIKA-ENZS-F3-GMS-2301A.mp3,249.364,251.329,1.965,transcript_media/en/ZS_F3_2318_en.mp3,F3-GMS-2301A 04:09.36-04:11.33
2319,3,2301,54,GLOSSIKA-ENZS-F3-GMS-2301A.mp3,262.388,263.783,1.395,transcript_media/en/ZS_F3_2319_en.mp3,F3-GMS-2301A 04:22.39-04:23.78
2320,3,2301,57,GLOSSIKA-ENZS-F3-GMS-2301A.mp3,274.110,276.022,1.911,transcript_media/en/ZS_F3_2320_en.mp3,F3-GMS-2301A 04:34.11-04:36.02
2321,3,2301,60,GLOSSIKA-ENZS-F3-GMS-2301A.mp3,287.257,289.424,2.167,transcript_media/en/ZS_F3_2321_en.mp3,F3-GMS-2301A 04:47.26-04:49.42
2322,3,2301,63,GLOSSIKA-ENZS-F3-GMS-2301A.mp3,301.810,304.390,2.580,transcript_media/en/ZS_F3_2322_en.mp3,F3-GMS-2301A 05:01.81-05:04.39
2323,3,2301,66,GLOSSIKA-ENZS-F3-GMS-2301A.mp3,317.327,321.115,3.788,transcript_media/en/ZS_F3_2323_en.mp3,F3-GMS-2301A 05:17.33-05:21.11
2324,3,2301,69,GLOSSIKA-ENZS-F3-GMS-2301A.mp3,335.082,338.155,3.072,transcript_media/en/ZS_F3_2324_en.mp3,F3-GMS-2301A 05:35.08-05:38.15
2325,3,2301,72,GLOSSIKA-ENZS-F3-GMS-2301A.mp3,350.594,352.901,2.307,transcript_media/en/ZS_F3_2325_en.mp3,F3-GMS-2301A 05:50.59-05:52.90
2326,3,2301,75,GLOSSIKA-ENZS-F3-GMS-2301A.mp3,363.853,365.887,2.034,transcript_media/en/ZS_F3_2326_en.mp3,F3-GMS-2301A 06:03.85-06:05.89
2327,3,2301,78,GLOSSIKA-ENZS-F3-GMS-2301A.mp3,383.597,386.909,3.312,transcript_media/en/ZS_F3_2327_en.mp3,F3-GMS-2301A 06:23.60-06:26.91
2328,3,2301,81,GLOSSIKA-ENZS-F3-GMS-2301A.mp3,399.243,403.166,3.922,transcript_media/en/ZS_F3_2328_en.mp3,F3-GMS-2301A 06:39.24-06:43.17
2329,3,2301,84,GLOSSIKA-ENZS-F3-GMS-2301A.mp3,416.020,419.156,3.136,transcript_media/en/ZS_F3_2329_en.mp3,F3-GMS-2301A 06:56.02-06:59.16
2330,3,2301,87,GLOSSIKA-ENZS-F3-GMS-2301A.mp3,431.948,434.588,2.640,transcript_media/en/ZS_F3_2330_en.mp3,F3-GMS-2301A 07:11.95-07:14.59
2331,3,2301,90,GLOSSIKA-ENZS-F3-GMS-2301A.mp3,447.276,450.101,2.825,transcript_media/en/ZS_F3_2331_en.mp3,F3-GMS-2301A 07:27.28-07:30.10
2332,3,2301,93,GLOSSIKA-ENZS-F3-GMS-2301A.mp3,465.100,468.520,3.420,transcript_media/en/ZS_F3_2332_en.mp3,F3-GMS-2301A 07:45.10-07:48.52
2333,3,2301,96,GLOSSIKA-ENZS-F3-GMS-2301A.mp3,481.570,484.039,2.469,transcript_media/en/ZS_F3_2333_en.mp3,F3-GMS-2301A 08:01.57-08:04.04
2334,3,2301,99,GLOSSIKA-ENZS-F3-GMS-2301A.mp3,498.404,501.982,3.578,transcript_media/en/ZS_F3_2334_en.mp3,F3-GMS-2301A 08:18.40-08:21.98
2335,3,2301,102,GLOSSIKA-ENZS-F3-GMS-2301A.mp3,515.714,518.733,3.019,transcript_media/en/ZS_F3_2335_en.mp3,F3-GMS-2301A 08:35.71-08:38.73
2336,3,2301,105,GLOSSIKA-ENZS-F3-GMS-2301A.mp3,532.300,535.737,3.438,transcript_media/en/ZS_F3_2336_en.mp3,F3-GMS-2301A 08:52.30-08:55.74
2337,3,2301,108,GLOSSIKA-ENZS-F3-GMS-2301A.mp3,549.749,552.979,3.230,transcript_media/en/ZS_F3_2337_en.mp3,F3-GMS-2301A 09:09.75-09:12.98
2338,3,2301,111,GLOSSIKA-ENZS-F3-GMS-2301A.mp3,567.165,570.777,3.612,transcript_media/en/ZS_F3_2338_en.mp3,F3-GMS-2301A 09:27.16-09:30.78
2339,3,2301,114,GLOSSIKA-ENZS-F3-GMS-2301A.mp3,584.425,587.713,3.288,transcript_media/en/ZS_F3_2339_en.mp3,F3-GMS-2301A 09:44.43-09:47.71
2340,3,2301,117,GLOSSIKA-ENZS-F3-GMS-2301A.mp3,600.224,601.791,1.567,transcript_media/en/ZS_F3_2340_en.mp3,F3-GMS-2301A 10:00.22-10:01.79
2341,3,2301,120,GLOSSIKA-ENZS-F3-GMS-2301A.mp3,616.556,619.103,2.547,transcript_media/en/ZS_F3_2341_en.mp3,F3-GMS-2301A 10:16.56-10:19.10
2342,3,2301,123,GLOSSIKA-ENZS-F3-GMS-2301A.mp3,633.212,635.551,2.339,transcript_media/en/ZS_F3_2342_en.mp3,F3-GMS-2301A 10:33.21-10:35.55
2343,3,2301,126,GLOSSIKA-ENZS-F3-GMS-2301A.mp3,651.957,655.527,3.570,transcript_media/en/ZS_F3_2343_en.mp3,F3-GMS-2301A 10:51.96-10:55.53
2344,3,2301,129,GLOSSIKA-ENZS-F3-GMS-2301A.mp3,670.320,672.860,2.541,transcript_media/en/ZS_F3_2344_en.mp3,F3-GMS-2301A 11:10.32-11:12.86
2345,3,2301,132,GLOSSIKA-ENZS-F3-GMS-2301A.mp3,685.435,688.229,2.794,transcript_media/en/ZS_F3_2345_en.mp3,F3-GMS-2301A 11:25.44-11:28.23
2346,3,2301,135,GLOSSIKA-ENZS-F3-GMS-2301A.mp3,699.184,701.031,1.846,transcript_media/en/ZS_F3_2346_en.mp3,F3-GMS-2301A 11:39.18-11:41.03
2347,3,2301,138,GLOSSIKA-ENZS-F3-GMS-2301A.mp3,712.502,714.374,1.871,transcript_media/en/ZS_F3_2347_en.mp3,F3-GMS-2301A 11:52.50-11:54.37
2348,3,2301,141,GLOSSIKA-ENZS-F3-GMS-2301A.mp3,726.480,729.206,2.726,transcript_media/en/ZS_F3_2348_en.mp3,F3-GMS-2301A 12:06.48-12:09.21
2349,3,2301,144,GLOSSIKA-ENZS-F3-GMS-2301A.mp3,741.085,743.363,2.278,transcript_media/en/ZS_F3_2349_en.mp3,F3-GMS-2301A 12:21.09-12:23.36
2350,3,2301,147,GLOSSIKA-ENZS-F3-GMS-2301A.mp3,754.996,757.517,2.520,transcript_media/en/ZS_F3_2350_en.mp3,F3-GMS-2301A 12:35.00-12:37.52
2351,3,2351,0,GLOSSIKA-ENZS-F3-GMS-2351A.mp3,10.868,12.438,1.570,transcript_media/en/ZS_F3_2351_en.mp3,F3-GMS-2351A 00:10.87-00:12.44
2352,3,2351,3,GLOSSIKA-ENZS-F3-GMS-2351A.mp3,24.177,27.795,3.619,transcript_media/en/ZS_F3_2352_en.mp3,F3-GMS-2351A 00:24.18-00:27.80
2353,3,2351,6,GLOSSIKA-ENZS-F3-GMS-2351A.mp3,42.278,44.337,2.060,transcript_media/en/ZS_F3_2353_en.mp3,F3-GMS-2351A 00:42.28-00:44.34
2354,3,2351,9,GLOSSIKA-ENZS-F3-GMS-2351A.mp3,56.980,59.307,2.328,transcript_media/en/ZS_F3_2354_en.mp3,F3-GMS-2351A 00:56.98-00:59.31
2355,3,2351,12,GLOSSIKA-ENZS-F3-GMS-2351A.mp3,72.588,74.687,2.099,transcript_media/en/ZS_F3_2355_en.mp3,F3-GMS-2351A 01:12.59-01:14.69
2356,3,2351,15,GLOSSIKA-ENZS-F3-GMS-2351A.mp3,86.775,90.018,3.243,transcript_media/en/ZS_F3_2356_en.mp3,F3-GMS-2351A 01:26.78-01:30.02
2357,3,2351,18,GLOSSIKA-ENZS-F3-GMS-2351A.mp3,103.724,107.092,3.368,transcript_media/en/ZS_F3_2357_en.mp3,F3-GMS-2351A 01:43.72-01:47.09
2358,3,2351,21,GLOSSIKA-ENZS-F3-GMS-2351A.mp3,120.870,123.566,2.696,transcript_media/en/ZS_F3_2358_en.mp3,F3-GMS-2351A 02:00.87-02:03.57
2359,3,2351,24,GLOSSIKA-ENZS-F3-GMS-2351A.mp3,136.800,140.039,3.240,transcript_media/en/ZS_F3_2359_en.mp3,F3-GMS-2351A 02:16.80-02:20.04
2360,3,2351,27,GLOSSIKA-ENZS-F3-GMS-2351A.mp3,152.528,155.752,3.224,transcript_media/en/ZS_F3_2360_en.mp3,F3-GMS-2351A 02:32.53-02:35.75
2361,3,2351,30,GLOSSIKA-ENZS-F3-GMS-2351A.mp3,169.399,172.631,3.232,transcript_media/en/ZS_F3_2361_en.mp3,F3-GMS-2351A 02:49.40-02:52.63
2362,3,2351,33,GLOSSIKA-ENZS-F3-GMS-2351A.mp3,186.224,189.766,3.542,transcript_media/en/ZS_F3_2362_en.mp3,F3-GMS-2351A 03:06.22-03:09.77
2363,3,2351,36,GLOSSIKA-ENZS-F3-GMS-2351A.mp3,203.899,206.885,2.986,transcript_media/en/ZS_F3_2363_en.mp3,F3-GMS-2351A 03:23.90-03:26.89
2364,3,2351,39,GLOSSIKA-ENZS-F3-GMS-2351A.mp3,220.123,223.406,3.283,transcript_media/en/ZS_F3_2364_en.mp3,F3-GMS-2351A 03:40.12-03:43.41
2365,3,2351,42,GLOSSIKA-ENZS-F3-GMS-2351A.mp3,235.874,237.685,1.810,transcript_media/en/ZS_F3_2365_en.mp3,F3-GMS-2351A 03:55.87-03:57.68
2366,3,2351,45,GLOSSIKA-ENZS-F3-GMS-2351A.mp3,249.871,253.375,3.505,transcript_media/en/ZS_F3_2366_en.mp3,F3-GMS-2351A 04:09.87-04:13.38
2367,3,2351,48,GLOSSIKA-ENZS-F3-GMS-2351A.mp3,266.181,268.730,2.549,transcript_media/en/ZS_F3_2367_en.mp3,F3-GMS-2351A 04:26.18-04:28.73
2368,3,2351,51,GLOSSIKA-ENZS-F3-GMS-2351A.mp3,280.887,283.110,2.223,transcript_media/en/ZS_F3_2368_en.mp3,F3-GMS-2351A 04:40.89-04:43.11
2369,3,2351,54,GLOSSIKA-ENZS-F3-GMS-2351A.mp3,294.680,297.129,2.448,transcript_media/en/ZS_F3_2369_en.mp3,F3-GMS-2351A 04:54.68-04:57.13
2370,3,2351,57,GLOSSIKA-ENZS-F3-GMS-2351A.mp3,308.942,311.155,2.214,transcript_media/en/ZS_F3_2370_en.mp3,F3-GMS-2351A 05:08.94-05:11.16
2371,3,2351,60,GLOSSIKA-ENZS-F3-GMS-2351A.mp3,325.636,328.398,2.762,transcript_media/en/ZS_F3_2371_en.mp3,F3-GMS-2351A 05:25.64-05:28.40
2372,3,2351,63,GLOSSIKA-ENZS-F3-GMS-2351A.mp3,341.487,344.882,3.395,transcript_media/en/ZS_F3_2372_en.mp3,F3-GMS-2351A 05:41.49-05:44.88
2373,3,2351,66,GLOSSIKA-ENZS-F3-GMS-2351A.mp3,358.730,361.407,2.677,transcript_media/en/ZS_F3_2373_en.mp3,F3-GMS-2351A 05:58.73-06:01.41
2374,3,2351,69,GLOSSIKA-ENZS-F3-GMS-2351A.mp3,374.517,377.669,3.152,transcript_media/en/ZS_F3_2374_en.mp3,F3-GMS-2351A 06:14.52-06:17.67
2375,3,2351,72,GLOSSIKA-ENZS-F3-GMS-2351A.mp3,391.387,394.482,3.096,transcript_media/en/ZS_F3_2375_en.mp3,F3-GMS-2351A 06:31.39-06:34.48
2376,3,2351,75,GLOSSIKA-ENZS-F3-GMS-2351A.mp3,406.947,409.263,2.315,transcript_media/en/ZS_F3_2376_en.mp3,F3-GMS-2351A 06:46.95-06:49.26
2377,3,2351,78,GLOSSIKA-ENZS-F3-GMS-2351A.mp3,421.769,425.092,3.324,transcript_media/en/ZS_F3_2377_en.mp3,F3-GMS-2351A 07:01.77-07:05.09
2378,3,2351,81,GLOSSIKA-ENZS-F3-GMS-2351A.mp3,439.358,441.892,2.534,transcript_media/en/ZS_F3_2378_en.mp3,F3-GMS-2351A 07:19.36-07:21.89
2379,3,2351,84,GLOSSIKA-ENZS-F3-GMS-2351A.mp3,453.831,456.182,2.351,transcript_media/en/ZS_F3_2379_en.mp3,F3-GMS-2351A 07:33.83-07:36.18
2380,3,2351,87,GLOSSIKA-ENZS-F3-GMS-2351A.mp3,470.044,473.261,3.217,transcript_media/en/ZS_F3_2380_en.mp3,F3-GMS-2351A 07:50.04-07:53.26
2381,3,2351,90,GLOSSIKA-ENZS-F3-GMS-2351A.mp3,487.239,490.142,2.903,transcript_media/en/ZS_F3_2381_en.mp3,F3-GMS-2351A 08:07.24-08:10.14
2382,3,2351,93,GLOSSIKA-ENZS-F3-GMS-2351A.mp3,503.004,506.551,3.547,transcript_media/en/ZS_F3_2382_en.mp3,F3-GMS-2351A 08:23.00-08:26.55
2383,3,2351,96,GLOSSIKA-ENZS-F3-GMS-2351A.mp3,519.095,520.343,1.248,transcript_media/en/ZS_F3_2383_en.mp3,F3-GMS-2351A 08:39.09-08:40.34
2384,3,2351,99,GLOSSIKA-ENZS-F3-GMS-2351A.mp3,535.878,539.174,3.295,transcript_media/en/ZS_F3_2384_en.mp3,F3-GMS-2351A 08:55.88-08:59.17
2385,3,2351,102,GLOSSIKA-ENZS-F3-GMS-2351A.mp3,556.004,558.694,2.690,transcript_media/en/ZS_F3_2385_en.mp3,F3-GMS-2351A 09:16.00-09:18.69
2386,3,2351,105,GLOSSIKA-ENZS-F3-GMS-2351A.mp3,571.803,575.416,3.613,transcript_media/en/ZS_F3_2386_en.mp3,F3-GMS-2351A 09:31.80-09:35.42
2387,3,2351,108,GLOSSIKA-ENZS-F3-GMS-2351A.mp3,589.755,593.069,3.314,transcript_media/en/ZS_F3_2387_en.mp3,F3-GMS-2351A 09:49.76-09:53.07
2388,3,2351,111,GLOSSIKA-ENZS-F3-GMS-2351A.mp3,607.104,609.196,2.092,transcript_media/en/ZS_F3_2388_en.mp3,F3-GMS-2351A 10:07.10-10:09.20
2389,3,2351,114,GLOSSIKA-ENZS-F3-GMS-2351A.mp3,621.914,625.199,3.285,transcript_media/en/ZS_F3_2389_en.mp3,F3-GMS-2351A 10:21.91-10:25.20
2390,3,2351,117,GLOSSIKA-ENZS-F3-GMS-2351A.mp3,637.856,641.325,3.469,transcript_media/en/ZS_F3_2390_en.mp3,F3-GMS-2351A 10:37.86-10:41.32
2391,3,2351,120,GLOSSIKA-ENZS-F3-GMS-2351A.mp3,657.209,661.064,3.854,transcript_media/en/ZS_F3_2391_en.mp3,F3-GMS-2351A 10:57.21-11:01.06
2392,3,2351,123,GLOSSIKA-ENZS-F3-GMS-2351A.mp3,675.579,677.157,1.578,transcript_media/en/ZS_F3_2392_en.mp3,F3-GMS-2351A 11:15.58-11:17.16
2393,3,2351,126,GLOSSIKA-ENZS-F3-GMS-2351A.mp3,688.054,689.570,1.516,transcript_media/en/ZS_F3_2393_en.mp3,F3-GMS-2351A 11:28.05-11:29.57
2394,3,2351,129,GLOSSIKA-ENZS-F3-GMS-2351A.mp3,700.906,703.127,2.221,transcript_media/en/ZS_F3_2394_en.mp3,F3-GMS-2351A 11:40.91-11:43.13
2395,3,2351,132,GLOSSIKA-ENZS-F3-GMS-2351A.mp3,713.923,716.772,2.849,transcript_media/en/ZS_F3_2395_en.mp3,F3-GMS-2351A 11:53.92-11:56.77
2396,3,2351,135,GLOSSIKA-ENZS-F3-GMS-2351A.mp3,730.650,732.044,1.394,transcript_media/en/ZS_F3_2396_en.mp3,F3-GMS-2351A 12:10.65-12:12.04
2397,3,2351,138,GLOSSIKA-ENZS-F3-GMS-2351A.mp3,743.220,745.217,1.996,transcript_media/en/ZS_F3_2397_en.mp3,F3-GMS-2351A 12:23.22-12:25.22
2398,3,2351,141,GLOSSIKA-ENZS-F3-GMS-2351A.mp3,758.471,761.367,2.896,transcript_media/en/ZS_F3_2398_en.mp3,F3-GMS-2351A 12:38.47-12:41.37
2399,3,2351,144,GLOSSIKA-ENZS-F3-GMS-2351A.mp3,774.594,776.562,1.968,transcript_media/en/ZS_F3_2399_en.mp3,F3-GMS-2351A 12:54.59-12:56.56
2400,3,2351,147,GLOSSIKA-ENZS-F3-GMS-2351A.mp3,786.930,789.100,2.170,transcript_media/en/ZS_F3_2400_en.mp3,F3-GMS-2351A 13:06.93-13:09.10
2401,3,2401,0,GLOSSIKA-ENZS-F3-GMS-2401A.mp3,0.000,6.758,6.758,transcript_media/en/ZS_F3_2401_en.mp3,F3-GMS-2401A 00:00.00-00:06.76
2402,3,2401,3,GLOSSIKA-ENZS-F3-GMS-2401A.mp3,18.101,21.050,2.949,transcript_media/en/ZS_F3_2402_en.mp3,F3-GMS-2401A 00:18.10-00:21.05
2403,3,2401,6,GLOSSIKA-ENZS-F3-GMS-2401A.mp3,31.322,32.877,1.555,transcript_media/en/ZS_F3_2403_en.mp3,F3-GMS-2401A 00:31.32-00:32.88
2404,3,2401,9,GLOSSIKA-ENZS-F3-GMS-2401A.mp3,45.096,47.570,2.475,transcript_media/en/ZS_F3_2404_en.mp3,F3-GMS-2401A 00:45.10-00:47.57
2405,3,2401,12,GLOSSIKA-ENZS-F3-GMS-2401A.mp3,59.599,61.697,2.098,transcript_media/en/ZS_F3_2405_en.mp3,F3-GMS-2401A 00:59.60-01:01.70
2406,3,2401,15,GLOSSIKA-ENZS-F3-GMS-2401A.mp3,72.407,73.825,1.418,transcript_media/en/ZS_F3_2406_en.mp3,F3-GMS-2401A 01:12.41-01:13.83
2407,3,2401,18,GLOSSIKA-ENZS-F3-GMS-2401A.mp3,86.101,88.507,2.406,transcript_media/en/ZS_F3_2407_en.mp3,F3-GMS-2401A 01:26.10-01:28.51
2408,3,2401,21,GLOSSIKA-ENZS-F3-GMS-2401A.mp3,98.650,100.128,1.478,transcript_media/en/ZS_F3_2408_en.mp3,F3-GMS-2401A 01:38.65-01:40.13
2409,3,2401,24,GLOSSIKA-ENZS-F3-GMS-2401A.mp3,112.815,115.305,2.490,transcript_media/en/ZS_F3_2409_en.mp3,F3-GMS-2401A 01:52.82-01:55.31
2410,3,2401,27,GLOSSIKA-ENZS-F3-GMS-2401A.mp3,127.680,130.624,2.945,transcript_media/en/ZS_F3_2410_en.mp3,F3-GMS-2401A 02:07.68-02:10.62
2411,3,2401,30,GLOSSIKA-ENZS-F3-GMS-2401A.mp3,145.696,149.967,4.271,transcript_media/en/ZS_F3_2411_en.mp3,F3-GMS-2401A 02:25.70-02:29.97
2412,3,2401,33,GLOSSIKA-ENZS-F3-GMS-2401A.mp3,160.922,162.383,1.460,transcript_media/en/ZS_F3_2412_en.mp3,F3-GMS-2401A 02:40.92-02:42.38
2413,3,2401,36,GLOSSIKA-ENZS-F3-GMS-2401A.mp3,172.790,174.326,1.536,transcript_media/en/ZS_F3_2413_en.mp3,F3-GMS-2401A 02:52.79-02:54.33
2414,3,2401,39,GLOSSIKA-ENZS-F3-GMS-2401A.mp3,186.569,188.948,2.378,transcript_media/en/ZS_F3_2414_en.mp3,F3-GMS-2401A 03:06.57-03:08.95
2415,3,2401,42,GLOSSIKA-ENZS-F3-GMS-2401A.mp3,201.187,202.991,1.804,transcript_media/en/ZS_F3_2415_en.mp3,F3-GMS-2401A 03:21.19-03:22.99
2416,3,2401,45,GLOSSIKA-ENZS-F3-GMS-2401A.mp3,214.277,215.728,1.451,transcript_media/en/ZS_F3_2416_en.mp3,F3-GMS-2401A 03:34.28-03:35.73
2417,3,2401,48,GLOSSIKA-ENZS-F3-GMS-2401A.mp3,231.093,235.273,4.180,transcript_media/en/ZS_F3_2417_en.mp3,F3-GMS-2401A 03:51.09-03:55.27
2418,3,2401,51,GLOSSIKA-ENZS-F3-GMS-2401A.mp3,247.206,249.619,2.413,transcript_media/en/ZS_F3_2418_en.mp3,F3-GMS-2401A 04:07.21-04:09.62
2419,3,2401,54,GLOSSIKA-ENZS-F3-GMS-2401A.mp3,264.382,267.800,3.418,transcript_media/en/ZS_F3_2419_en.mp3,F3-GMS-2401A 04:24.38-04:27.80
2420,3,2401,57,GLOSSIKA-ENZS-F3-GMS-2401A.mp3,282.349,285.991,3.642,transcript_media/en/ZS_F3_2420_en.mp3,F3-GMS-2401A 04:42.35-04:45.99
2421,3,2401,60,GLOSSIKA-ENZS-F3-GMS-2401A.mp3,296.930,298.741,1.812,transcript_media/en/ZS_F3_2421_en.mp3,F3-GMS-2401A 04:56.93-04:58.74
2422,3,2401,63,GLOSSIKA-ENZS-F3-GMS-2401A.mp3,314.017,318.063,4.046,transcript_media/en/ZS_F3_2422_en.mp3,F3-GMS-2401A 05:14.02-05:18.06
2423,3,2401,66,GLOSSIKA-ENZS-F3-GMS-2401A.mp3,332.786,336.733,3.947,transcript_media/en/ZS_F3_2423_en.mp3,F3-GMS-2401A 05:32.79-05:36.73
2424,3,2401,69,GLOSSIKA-ENZS-F3-GMS-2401A.mp3,350.163,352.492,2.329,transcript_media/en/ZS_F3_2424_en.mp3,F3-GMS-2401A 05:50.16-05:52.49
2425,3,2401,72,GLOSSIKA-ENZS-F3-GMS-2401A.mp3,366.559,369.922,3.364,transcript_media/en/ZS_F3_2425_en.mp3,F3-GMS-2401A 06:06.56-06:09.92
2426,3,2401,75,GLOSSIKA-ENZS-F3-GMS-2401A.mp3,383.129,385.821,2.692,transcript_media/en/ZS_F3_2426_en.mp3,F3-GMS-2401A 06:23.13-06:25.82
2427,3,2401,78,GLOSSIKA-ENZS-F3-GMS-2401A.mp3,397.832,399.638,1.806,transcript_media/en/ZS_F3_2427_en.mp3,F3-GMS-2401A 06:37.83-06:39.64
2428,3,2401,81,GLOSSIKA-ENZS-F3-GMS-2401A.mp3,410.227,411.642,1.415,transcript_media/en/ZS_F3_2428_en.mp3,F3-GMS-2401A 06:50.23-06:51.64
2429,3,2401,84,GLOSSIKA-ENZS-F3-GMS-2401A.mp3,425.476,428.662,3.186,transcript_media/en/ZS_F3_2429_en.mp3,F3-GMS-2401A 07:05.48-07:08.66
2430,3,2401,87,GLOSSIKA-ENZS-F3-GMS-2401A.mp3,440.157,441.908,1.750,transcript_media/en/ZS_F3_2430_en.mp3,F3-GMS-2401A 07:20.16-07:21.91
2431,3,2401,90,GLOSSIKA-ENZS-F3-GMS-2401A.mp3,454.640,457.511,2.871,transcript_media/en/ZS_F3_2431_en.mp3,F3-GMS-2401A 07:34.64-07:37.51
2432,3,2401,93,GLOSSIKA-ENZS-F3-GMS-2401A.mp3,468.862,471.140,2.278,transcript_media/en/ZS_F3_2432_en.mp3,F3-GMS-2401A 07:48.86-07:51.14
2433,3,2401,96,GLOSSIKA-ENZS-F3-GMS-2401A.mp3,483.970,486.976,3.006,transcript_media/en/ZS_F3_2433_en.mp3,F3-GMS-2401A 08:03.97-08:06.98
2434,3,2401,99,GLOSSIKA-ENZS-F3-GMS-2401A.mp3,501.535,504.994,3.458,transcript_media/en/ZS_F3_2434_en.mp3,F3-GMS-2401A 08:21.54-08:24.99
2435,3,2401,102,GLOSSIKA-ENZS-F3-GMS-2401A.mp3,520.982,524.861,3.878,transcript_media/en/ZS_F3_2435_en.mp3,F3-GMS-2401A 08:40.98-08:44.86
2436,3,2401,105,GLOSSIKA-ENZS-F3-GMS-2401A.mp3,539.628,543.389,3.761,transcript_media/en/ZS_F3_2436_en.mp3,F3-GMS-2401A 08:59.63-09:03.39
2437,3,2401,108,GLOSSIKA-ENZS-F3-GMS-2401A.mp3,555.365,557.844,2.479,transcript_media/en/ZS_F3_2437_en.mp3,F3-GMS-2401A 09:15.37-09:17.84
2438,3,2401,111,GLOSSIKA-ENZS-F3-GMS-2401A.mp3,572.112,575.650,3.539,transcript_media/en/ZS_F3_2438_en.mp3,F3-GMS-2401A 09:32.11-09:35.65
2439,3,2401,114,GLOSSIKA-ENZS-F3-GMS-2401A.mp3,589.147,591.214,2.067,transcript_media/en/ZS_F3_2439_en.mp3,F3-GMS-2401A 09:49.15-09:51.21
2440,3,2401,117,GLOSSIKA-ENZS-F3-GMS-2401A.mp3,607.205,610.777,3.573,transcript_media/en/ZS_F3_2440_en.mp3,F3-GMS-2401A 10:07.20-10:10.78
2441,3,2401,120,GLOSSIKA-ENZS-F3-GMS-2401A.mp3,623.286,625.901,2.615,transcript_media/en/ZS_F3_2441_en.mp3,F3-GMS-2401A 10:23.29-10:25.90
2442,3,2401,123,GLOSSIKA-ENZS-F3-GMS-2401A.mp3,637.388,639.280,1.893,transcript_media/en/ZS_F3_2442_en.mp3,F3-GMS-2401A 10:37.39-10:39.28
2443,3,2401,126,GLOSSIKA-ENZS-F3-GMS-2401A.mp3,652.998,656.416,3.418,transcript_media/en/ZS_F3_2443_en.mp3,F3-GMS-2401A 10:53.00-10:56.42
2444,3,2401,129,GLOSSIKA-ENZS-F3-GMS-2401A.mp3,667.222,669.054,1.832,transcript_media/en/ZS_F3_2444_en.mp3,F3-GMS-2401A 11:07.22-11:09.05
2445,3,2401,132,GLOSSIKA-ENZS-F3-GMS-2401A.mp3,679.965,681.681,1.717,transcript_media/en/ZS_F3_2445_en.mp3,F3-GMS-2401A 11:19.96-11:21.68
2446,3,2401,135,GLOSSIKA-ENZS-F3-GMS-2401A.mp3,696.269,699.940,3.671,transcript_media/en/ZS_F3_2446_en.mp3,F3-GMS-2401A 11:36.27-11:39.94
2447,3,2401,138,GLOSSIKA-ENZS-F3-GMS-2401A.mp3,711.979,714.192,2.213,transcript_media/en/ZS_F3_2447_en.mp3,F3-GMS-2401A 11:51.98-11:54.19
2448,3,2401,141,GLOSSIKA-ENZS-F3-GMS-2401A.mp3,729.989,734.548,4.560,transcript_media/en/ZS_F3_2448_en.mp3,F3-GMS-2401A 12:09.99-12:14.55
2449,3,2401,144,GLOSSIKA-ENZS-F3-GMS-2401A.mp3,748.214,751.151,2.937,transcript_media/en/ZS_F3_2449_en.mp3,F3-GMS-2401A 12:28.21-12:31.15
2450,3,2401,147,GLOSSIKA-ENZS-F3-GMS-2401A.mp3,759.895,762.699,2.803,transcript_media/en/ZS_F3_2450_en.mp3,F3-GMS-2401A 12:39.90-12:42.70
2451,3,2451,0,GLOSSIKA-ENZS-F3-GMS-2451A.mp3,0.000,6.758,6.758,transcript_media/en/ZS_F3_2451_en.mp3,F3-GMS-2451A 00:00.00-00:06.76
2452,3,2451,3,GLOSSIKA-ENZS-F3-GMS-2451A.mp3,16.294,18.164,1.870,transcript_media/en/ZS_F3_2452_en.mp3,F3-GMS-2451A 00:16.29-00:18.16
2453,3,2451,6,GLOSSIKA-ENZS-F3-GMS-2451A.mp3,31.275,33.253,1.978,transcript_media/en/ZS_F3_2453_en.mp3,F3-GMS-2451A 00:31.28-00:33.25
2454,3,2451,9,GLOSSIKA-ENZS-F3-GMS-2451A.mp3,44.670,46.689,2.019,transcript_media/en/ZS_F3_2454_en.mp3,F3-GMS-2451A 00:44.67-00:46.69
2455,3,2451,12,GLOSSIKA-ENZS-F3-GMS-2451A.mp3,64.139,69.223,5.084,transcript_media/en/ZS_F3_2455_en.mp3,F3-GMS-2451A 01:04.14-01:09.22
2456,3,2451,15,GLOSSIKA-ENZS-F3-GMS-2451A.mp3,80.750,82.987,2.238,transcript_media/en/ZS_F3_2456_en.mp3,F3-GMS-2451A 01:20.75-01:22.99
2457,3,2451,18,GLOSSIKA-ENZS-F3-GMS-2451A.mp3,92.799,94.279,1.480,transcript_media/en/ZS_F3_2457_en.mp3,F3-GMS-2451A 01:32.80-01:34.28
2458,3,2451,21,GLOSSIKA-ENZS-F3-GMS-2451A.mp3,106.481,108.967,2.486,transcript_media/en/ZS_F3_2458_en.mp3,F3-GMS-2451A 01:46.48-01:48.97
2459,3,2451,24,GLOSSIKA-ENZS-F3-GMS-2451A.mp3,120.225,122.294,2.069,transcript_media/en/ZS_F3_2459_en.mp3,F3-GMS-2451A 02:00.22-02:02.29
2460,3,2451,27,GLOSSIKA-ENZS-F3-GMS-2451A.mp3,134.416,136.454,2.037,transcript_media/en/ZS_F3_2460_en.mp3,F3-GMS-2451A 02:14.42-02:16.45
2461,3,2451,30,GLOSSIKA-ENZS-F3-GMS-2451A.mp3,150.739,154.296,3.557,transcript_media/en/ZS_F3_2461_en.mp3,F3-GMS-2451A 02:30.74-02:34.30
2462,3,2451,33,GLOSSIKA-ENZS-F3-GMS-2451A.mp3,167.736,170.657,2.922,transcript_media/en/ZS_F3_2462_en.mp3,F3-GMS-2451A 02:47.74-02:50.66
2463,3,2451,36,GLOSSIKA-ENZS-F3-GMS-2451A.mp3,181.600,183.573,1.973,transcript_media/en/ZS_F3_2463_en.mp3,F3-GMS-2451A 03:01.60-03:03.57
2464,3,2451,39,GLOSSIKA-ENZS-F3-GMS-2451A.mp3,194.140,195.635,1.495,transcript_media/en/ZS_F3_2464_en.mp3,F3-GMS-2451A 03:14.14-03:15.63
2465,3,2451,42,GLOSSIKA-ENZS-F3-GMS-2451A.mp3,207.978,210.326,2.349,transcript_media/en/ZS_F3_2465_en.mp3,F3-GMS-2451A 03:27.98-03:30.33
2466,3,2451,45,GLOSSIKA-ENZS-F3-GMS-2451A.mp3,223.343,226.711,3.368,transcript_media/en/ZS_F3_2466_en.mp3,F3-GMS-2451A 03:43.34-03:46.71
2467,3,2451,48,GLOSSIKA-ENZS-F3-GMS-2451A.mp3,238.395,240.850,2.455,transcript_media/en/ZS_F3_2467_en.mp3,F3-GMS-2451A 03:58.40-04:00.85
2468,3,2451,51,GLOSSIKA-ENZS-F3-GMS-2451A.mp3,255.207,259.210,4.004,transcript_media/en/ZS_F3_2468_en.mp3,F3-GMS-2451A 04:15.21-04:19.21
2469,3,2451,54,GLOSSIKA-ENZS-F3-GMS-2451A.mp3,270.028,271.722,1.694,transcript_media/en/ZS_F3_2469_en.mp3,F3-GMS-2451A 04:30.03-04:31.72
2470,3,2451,57,GLOSSIKA-ENZS-F3-GMS-2451A.mp3,284.992,288.219,3.227,transcript_media/en/ZS_F3_2470_en.mp3,F3-GMS-2451A 04:44.99-04:48.22
2471,3,2451,60,GLOSSIKA-ENZS-F3-GMS-2451A.mp3,299.500,301.448,1.948,transcript_media/en/ZS_F3_2471_en.mp3,F3-GMS-2451A 04:59.50-05:01.45
2472,3,2451,63,GLOSSIKA-ENZS-F3-GMS-2451A.mp3,312.676,315.041,2.365,transcript_media/en/ZS_F3_2472_en.mp3,F3-GMS-2451A 05:12.68-05:15.04
2473,3,2451,66,GLOSSIKA-ENZS-F3-GMS-2451A.mp3,326.713,329.212,2.499,transcript_media/en/ZS_F3_2473_en.mp3,F3-GMS-2451A 05:26.71-05:29.21
2474,3,2451,69,GLOSSIKA-ENZS-F3-GMS-2451A.mp3,345.629,350.598,4.969,transcript_media/en/ZS_F3_2474_en.mp3,F3-GMS-2451A 05:45.63-05:50.60
2475,3,2451,72,GLOSSIKA-ENZS-F3-GMS-2451A.mp3,364.055,367.407,3.352,transcript_media/en/ZS_F3_2475_en.mp3,F3-GMS-2451A 06:04.06-06:07.41
2476,3,2451,75,GLOSSIKA-ENZS-F3-GMS-2451A.mp3,378.935,381.109,2.175,transcript_media/en/ZS_F3_2476_en.mp3,F3-GMS-2451A 06:18.93-06:21.11
2477,3,2451,78,GLOSSIKA-ENZS-F3-GMS-2451A.mp3,392.495,394.576,2.081,transcript_media/en/ZS_F3_2477_en.mp3,F3-GMS-2451A 06:32.50-06:34.58
2478,3,2451,81,GLOSSIKA-ENZS-F3-GMS-2451A.mp3,409.150,412.990,3.840,transcript_media/en/ZS_F3_2478_en.mp3,F3-GMS-2451A 06:49.15-06:52.99
2479,3,2451,84,GLOSSIKA-ENZS-F3-GMS-2451A.mp3,425.041,427.299,2.258,transcript_media/en/ZS_F3_2479_en.mp3,F3-GMS-2451A 07:05.04-07:07.30
2480,3,2451,87,GLOSSIKA-ENZS-F3-GMS-2451A.mp3,439.709,442.247,2.537,transcript_media/en/ZS_F3_2480_en.mp3,F3-GMS-2451A 07:19.71-07:22.25
2481,3,2451,90,GLOSSIKA-ENZS-F3-GMS-2451A.mp3,453.577,455.769,2.192,transcript_media/en/ZS_F3_2481_en.mp3,F3-GMS-2451A 07:33.58-07:35.77
2482,3,2451,93,GLOSSIKA-ENZS-F3-GMS-2451A.mp3,468.176,470.824,2.647,transcript_media/en/ZS_F3_2482_en.mp3,F3-GMS-2451A 07:48.18-07:50.82
2483,3,2451,96,GLOSSIKA-ENZS-F3-GMS-2451A.mp3,484.481,488.042,3.561,transcript_media/en/ZS_F3_2483_en.mp3,F3-GMS-2451A 08:04.48-08:08.04
2484,3,2451,99,GLOSSIKA-ENZS-F3-GMS-2451A.mp3,500.957,503.562,2.604,transcript_media/en/ZS_F3_2484_en.mp3,F3-GMS-2451A 08:20.96-08:23.56
2485,3,2451,102,GLOSSIKA-ENZS-F3-GMS-2451A.mp3,516.315,518.763,2.448,transcript_media/en/ZS_F3_2485_en.mp3,F3-GMS-2451A 08:36.31-08:38.76
2486,3,2451,105,GLOSSIKA-ENZS-F3-GMS-2451A.mp3,532.988,536.186,3.198,transcript_media/en/ZS_F3_2486_en.mp3,F3-GMS-2451A 08:52.99-08:56.19
2487,3,2451,108,GLOSSIKA-ENZS-F3-GMS-2451A.mp3,554.330,557.362,3.032,transcript_media/en/ZS_F3_2487_en.mp3,F3-GMS-2451A 09:14.33-09:17.36
2488,3,2451,111,GLOSSIKA-ENZS-F3-GMS-2451A.mp3,570.232,573.608,3.376,transcript_media/en/ZS_F3_2488_en.mp3,F3-GMS-2451A 09:30.23-09:33.61
2489,3,2451,114,GLOSSIKA-ENZS-F3-GMS-2451A.mp3,582.486,585.603,3.117,transcript_media/en/ZS_F3_2489_en.mp3,F3-GMS-2451A 09:42.49-09:45.60
2490,3,2451,117,GLOSSIKA-ENZS-F3-GMS-2451A.mp3,596.234,598.502,2.267,transcript_media/en/ZS_F3_2490_en.mp3,F3-GMS-2451A 09:56.23-09:58.50
2491,3,2451,120,GLOSSIKA-ENZS-F3-GMS-2451A.mp3,610.016,612.225,2.210,transcript_media/en/ZS_F3_2491_en.mp3,F3-GMS-2451A 10:10.02-10:12.23
2492,3,2451,123,GLOSSIKA-ENZS-F3-GMS-2451A.mp3,627.218,629.751,2.533,transcript_media/en/ZS_F3_2492_en.mp3,F3-GMS-2451A 10:27.22-10:29.75
2493,3,2451,126,GLOSSIKA-ENZS-F3-GMS-2451A.mp3,640.548,643.138,2.590,transcript_media/en/ZS_F3_2493_en.mp3,F3-GMS-2451A 10:40.55-10:43.14
2494,3,2451,129,GLOSSIKA-ENZS-F3-GMS-2451A.mp3,652.791,655.310,2.519,transcript_media/en/ZS_F3_2494_en.mp3,F3-GMS-2451A 10:52.79-10:55.31
2495,3,2451,132,GLOSSIKA-ENZS-F3-GMS-2451A.mp3,667.458,669.689,2.231,transcript_media/en/ZS_F3_2495_en.mp3,F3-GMS-2451A 11:07.46-11:09.69
2496,3,2451,135,GLOSSIKA-ENZS-F3-GMS-2451A.mp3,677.463,679.738,2.275,transcript_media/en/ZS_F3_2496_en.mp3,F3-GMS-2451A 11:17.46-11:19.74
2497,3,2451,138,GLOSSIKA-ENZS-F3-GMS-2451A.mp3,696.109,701.542,5.433,transcript_media/en/ZS_F3_2497_en.mp3,F3-GMS-2451A 11:36.11-11:41.54
2498,3,2451,141,GLOSSIKA-ENZS-F3-GMS-2451A.mp3,717.962,719.843,1.881,transcript_media/en/ZS_F3_2498_en.mp3,F3-GMS-2451A 11:57.96-11:59.84
2499,3,2451,144,GLOSSIKA-ENZS-F3-GMS-2451A.mp3,731.887,734.706,2.819,transcript_media/en/ZS_F3_2499_en.mp3,F3-GMS-2451A 12:11.89-12:14.71
2500,3,2451,147,GLOSSIKA-ENZS-F3-GMS-2451A.mp3,747.920,754.503,6.584,transcript_media/en/ZS_F3_2500_en.mp3,F3-GMS-2451A 12:27.92-12:34.50
2501,3,2501,0,GLOSSIKA-ENZS-F3-GMS-2501A.mp3,8.960,13.110,4.149,transcript_media/en/ZS_F3_2501_en.mp3,F3-GMS-2501A 00:08.96-00:13.11
2502,3,2501,3,GLOSSIKA-ENZS-F3-GMS-2501A.mp3,30.650,35.849,5.199,transcript_media/en/ZS_F3_2502_en.mp3,F3-GMS-2501A 00:30.65-00:35.85
2503,3,2501,6,GLOSSIKA-ENZS-F3-GMS-2501A.mp3,52.783,59.488,6.705,transcript_media/en/ZS_F3_2503_en.mp3,F3-GMS-2501A 00:52.78-00:59.49
2504,3,2501,9,GLOSSIKA-ENZS-F3-GMS-2501A.mp3,83.437,88.585,5.148,transcript_media/en/ZS_F3_2504_en.mp3,F3-GMS-2501A 01:23.44-01:28.59
2505,3,2501,12,GLOSSIKA-ENZS-F3-GMS-2501A.mp3,108.439,114.847,6.408,transcript_media/en/ZS_F3_2505_en.mp3,F3-GMS-2501A 01:48.44-01:54.85
2506,3,2501,15,GLOSSIKA-ENZS-F3-GMS-2501A.mp3,132.110,133.463,1.353,transcript_media/en/ZS_F3_2506_en.mp3,F3-GMS-2501A 02:12.11-02:13.46
2507,3,2501,18,GLOSSIKA-ENZS-F3-GMS-2501A.mp3,145.380,147.429,2.049,transcript_media/en/ZS_F3_2507_en.mp3,F3-GMS-2501A 02:25.38-02:27.43
2508,3,2501,21,GLOSSIKA-ENZS-F3-GMS-2501A.mp3,160.299,162.162,1.862,transcript_media/en/ZS_F3_2508_en.mp3,F3-GMS-2501A 02:40.30-02:42.16
2509,3,2501,24,GLOSSIKA-ENZS-F3-GMS-2501A.mp3,174.405,176.348,1.943,transcript_media/en/ZS_F3_2509_en.mp3,F3-GMS-2501A 02:54.41-02:56.35
2510,3,2501,27,GLOSSIKA-ENZS-F3-GMS-2501A.mp3,188.063,190.275,2.211,transcript_media/en/ZS_F3_2510_en.mp3,F3-GMS-2501A 03:08.06-03:10.27
2511,3,2501,30,GLOSSIKA-ENZS-F3-GMS-2501A.mp3,203.358,205.618,2.260,transcript_media/en/ZS_F3_2511_en.mp3,F3-GMS-2501A 03:23.36-03:25.62
2512,3,2501,33,GLOSSIKA-ENZS-F3-GMS-2501A.mp3,218.328,220.712,2.384,transcript_media/en/ZS_F3_2512_en.mp3,F3-GMS-2501A 03:38.33-03:40.71
2513,3,2501,36,GLOSSIKA-ENZS-F3-GMS-2501A.mp3,234.003,236.378,2.375,transcript_media/en/ZS_F3_2513_en.mp3,F3-GMS-2501A 03:54.00-03:56.38
2514,3,2501,39,GLOSSIKA-ENZS-F3-GMS-2501A.mp3,250.029,253.005,2.976,transcript_media/en/ZS_F3_2514_en.mp3,F3-GMS-2501A 04:10.03-04:13.00
2515,3,2501,42,GLOSSIKA-ENZS-F3-GMS-2501A.mp3,265.337,267.629,2.293,transcript_media/en/ZS_F3_2515_en.mp3,F3-GMS-2501A 04:25.34-04:27.63
2516,3,2501,45,GLOSSIKA-ENZS-F3-GMS-2501A.mp3,279.564,281.806,2.243,transcript_media/en/ZS_F3_2516_en.mp3,F3-GMS-2501A 04:39.56-04:41.81
2517,3,2501,48,GLOSSIKA-ENZS-F3-GMS-2501A.mp3,296.587,297.946,1.359,transcript_media/en/ZS_F3_2517_en.mp3,F3-GMS-2501A 04:56.59-04:57.95
2518,3,2501,51,GLOSSIKA-ENZS-F3-GMS-2501A.mp3,309.987,311.723,1.736,transcript_media/en/ZS_F3_2518_en.mp3,F3-GMS-2501A 05:09.99-05:11.72
2519,3,2501,54,GLOSSIKA-ENZS-F3-GMS-2501A.mp3,324.207,326.776,2.569,transcript_media/en/ZS_F3_2519_en.mp3,F3-GMS-2501A 05:24.21-05:26.78
2520,3,2501,57,GLOSSIKA-ENZS-F3-GMS-2501A.mp3,338.477,340.369,1.891,transcript_media/en/ZS_F3_2520_en.mp3,F3-GMS-2501A 05:38.48-05:40.37
2521,3,2501,60,GLOSSIKA-ENZS-F3-GMS-2501A.mp3,351.519,353.843,2.324,transcript_media/en/ZS_F3_2521_en.mp3,F3-GMS-2501A 05:51.52-05:53.84
2522,3,2501,63,GLOSSIKA-ENZS-F3-GMS-2501A.mp3,367.094,370.074,2.981,transcript_media/en/ZS_F3_2522_en.mp3,F3-GMS-2501A 06:07.09-06:10.07
2523,3,2501,66,GLOSSIKA-ENZS-F3-GMS-2501A.mp3,381.794,383.761,1.968,transcript_media/en/ZS_F3_2523_en.mp3,F3-GMS-2501A 06:21.79-06:23.76
2524,3,2501,69,GLOSSIKA-ENZS-F3-GMS-2501A.mp3,395.672,398.103,2.430,transcript_media/en/ZS_F3_2524_en.mp3,F3-GMS-2501A 06:35.67-06:38.10
2525,3,2501,72,GLOSSIKA-ENZS-F3-GMS-2501A.mp3,411.337,413.803,2.466,transcript_media/en/ZS_F3_2525_en.mp3,F3-GMS-2501A 06:51.34-06:53.80
2526,3,2501,75,GLOSSIKA-ENZS-F3-GMS-2501A.mp3,425.986,428.459,2.473,transcript_media/en/ZS_F3_2526_en.mp3,F3-GMS-2501A 07:05.99-07:08.46
2527,3,2501,78,GLOSSIKA-ENZS-F3-GMS-2501A.mp3,440.278,443.305,3.027,transcript_media/en/ZS_F3_2527_en.mp3,F3-GMS-2501A 07:20.28-07:23.30
2528,3,2501,81,GLOSSIKA-ENZS-F3-GMS-2501A.mp3,456.244,458.925,2.681,transcript_media/en/ZS_F3_2528_en.mp3,F3-GMS-2501A 07:36.24-07:38.92
2529,3,2501,84,GLOSSIKA-ENZS-F3-GMS-2501A.mp3,471.520,475.216,3.695,transcript_media/en/ZS_F3_2529_en.mp3,F3-GMS-2501A 07:51.52-07:55.22
2530,3,2501,87,GLOSSIKA-ENZS-F3-GMS-2501A.mp3,489.996,492.475,2.479,transcript_media/en/ZS_F3_2530_en.mp3,F3-GMS-2501A 08:10.00-08:12.47
2531,3,2501,90,GLOSSIKA-ENZS-F3-GMS-2501A.mp3,505.375,508.106,2.732,transcript_media/en/ZS_F3_2531_en.mp3,F3-GMS-2501A 08:25.37-08:28.11
2532,3,2501,93,GLOSSIKA-ENZS-F3-GMS-2501A.mp3,521.007,526.292,5.285,transcript_media/en/ZS_F3_2532_en.mp3,F3-GMS-2501A 08:41.01-08:46.29
2533,3,2501,96,GLOSSIKA-ENZS-F3-GMS-2501A.mp3,544.601,548.779,4.177,transcript_media/en/ZS_F3_2533_en.mp3,F3-GMS-2501A 09:04.60-09:08.78
2534,3,2501,99,GLOSSIKA-ENZS-F3-GMS-2501A.mp3,562.984,566.714,3.730,transcript_media/en/ZS_F3_2534_en.mp3,F3-GMS-2501A 09:22.98-09:26.71
2535,3,2501,102,GLOSSIKA-ENZS-F3-GMS-2501A.mp3,581.360,584.424,3.065,transcript_media/en/ZS_F3_2535_en.mp3,F3-GMS-2501A 09:41.36-09:44.42
2536,3,2501,105,GLOSSIKA-ENZS-F3-GMS-2501A.mp3,597.943,603.135,5.192,transcript_media/en/ZS_F3_2536_en.mp3,F3-GMS-2501A 09:57.94-10:03.14
2537,3,2501,108,GLOSSIKA-ENZS-F3-GMS-2501A.mp3,620.832,625.368,4.536,transcript_media/en/ZS_F3_2537_en.mp3,F3-GMS-2501A 10:20.83-10:25.37
2538,3,2501,111,GLOSSIKA-ENZS-F3-GMS-2501A.mp3,642.161,645.703,3.542,transcript_media/en/ZS_F3_2538_en.mp3,F3-GMS-2501A 10:42.16-10:45.70
2539,3,2501,114,GLOSSIKA-ENZS-F3-GMS-2501A.mp3,659.087,662.121,3.034,transcript_media/en/ZS_F3_2539_en.mp3,F3-GMS-2501A 10:59.09-11:02.12
2540,3,2501,117,GLOSSIKA-ENZS-F3-GMS-2501A.mp3,676.627,679.870,3.243,transcript_media/en/ZS_F3_2540_en.mp3,F3-GMS-2501A 11:16.63-11:19.87
2541,3,2501,120,GLOSSIKA-ENZS-F3-GMS-2501A.mp3,693.510,696.718,3.208,transcript_media/en/ZS_F3_2541_en.mp3,F3-GMS-2501A 11:33.51-11:36.72
2542,3,2501,123,GLOSSIKA-ENZS-F3-GMS-2501A.mp3,710.631,714.507,3.875,transcript_media/en/ZS_F3_2542_en.mp3,F3-GMS-2501A 11:50.63-11:54.51
2543,3,2501,126,GLOSSIKA-ENZS-F3-GMS-2501A.mp3,727.765,731.453,3.689,transcript_media/en/ZS_F3_2543_en.mp3,F3-GMS-2501A 12:07.76-12:11.45
2544,3,2501,129,GLOSSIKA-ENZS-F3-GMS-2501A.mp3,747.359,750.947,3.587,transcript_media/en/ZS_F3_2544_en.mp3,F3-GMS-2501A 12:27.36-12:30.95
2545,3,2501,132,GLOSSIKA-ENZS-F3-GMS-2501A.mp3,764.398,767.431,3.033,transcript_media/en/ZS_F3_2545_en.mp3,F3-GMS-2501A 12:44.40-12:47.43
2546,3,2501,135,GLOSSIKA-ENZS-F3-GMS-2501A.mp3,783.077,785.850,2.772,transcript_media/en/ZS_F3_2546_en.mp3,F3-GMS-2501A 13:03.08-13:05.85
2547,3,2501,138,GLOSSIKA-ENZS-F3-GMS-2501A.mp3,798.584,801.009,2.424,transcript_media/en/ZS_F3_2547_en.mp3,F3-GMS-2501A 13:18.58-13:21.01
2548,3,2501,141,GLOSSIKA-ENZS-F3-GMS-2501A.mp3,813.792,817.279,3.486,transcript_media/en/ZS_F3_2548_en.mp3,F3-GMS-2501A 13:33.79-13:37.28
2549,3,2501,144,GLOSSIKA-ENZS-F3-GMS-2501A.mp3,831.326,834.032,2.706,transcript_media/en/ZS_F3_2549_en.mp3,F3-GMS-2501A 13:51.33-13:54.03
2550,3,2501,147,GLOSSIKA-ENZS-F3-GMS-2501A.mp3,847.174,850.335,3.162,transcript_media/en/ZS_F3_2550_en.mp3,F3-GMS-2501A 14:07.17-14:10.34
2551,3,2551,0,GLOSSIKA-ENZS-F3-GMS-2551A.mp3,11.742,13.868,2.126,transcript_media/en/ZS_F3_2551_en.mp3,F3-GMS-2551A 00:11.74-00:13.87
2552,3,2551,3,GLOSSIKA-ENZS-F3-GMS-2551A.mp3,26.680,30.449,3.769,transcript_media/en/ZS_F3_2552_en.mp3,F3-GMS-2551A 00:26.68-00:30.45
2553,3,2551,6,GLOSSIKA-ENZS-F3-GMS-2551A.mp3,43.995,46.181,2.186,transcript_media/en/ZS_F3_2553_en.mp3,F3-GMS-2551A 00:44.00-00:46.18
2554,3,2551,9,GLOSSIKA-ENZS-F3-GMS-2551A.mp3,58.731,62.013,3.282,transcript_media/en/ZS_F3_2554_en.mp3,F3-GMS-2551A 00:58.73-01:02.01
2555,3,2551,12,GLOSSIKA-ENZS-F3-GMS-2551A.mp3,76.246,79.041,2.795,transcript_media/en/ZS_F3_2555_en.mp3,F3-GMS-2551A 01:16.25-01:19.04
2556,3,2551,15,GLOSSIKA-ENZS-F3-GMS-2551A.mp3,91.576,94.303,2.727,transcript_media/en/ZS_F3_2556_en.mp3,F3-GMS-2551A 01:31.58-01:34.30
2557,3,2551,18,GLOSSIKA-ENZS-F3-GMS-2551A.mp3,106.494,108.634,2.140,transcript_media/en/ZS_F3_2557_en.mp3,F3-GMS-2551A 01:46.49-01:48.63
2558,3,2551,21,GLOSSIKA-ENZS-F3-GMS-2551A.mp3,122.637,126.038,3.401,transcript_media/en/ZS_F3_2558_en.mp3,F3-GMS-2551A 02:02.64-02:06.04
2559,3,2551,24,GLOSSIKA-ENZS-F3-GMS-2551A.mp3,140.883,143.310,2.427,transcript_media/en/ZS_F3_2559_en.mp3,F3-GMS-2551A 02:20.88-02:23.31
2560,3,2551,27,GLOSSIKA-ENZS-F3-GMS-2551A.mp3,156.274,159.180,2.906,transcript_media/en/ZS_F3_2560_en.mp3,F3-GMS-2551A 02:36.27-02:39.18
2561,3,2551,30,GLOSSIKA-ENZS-F3-GMS-2551A.mp3,172.875,177.129,4.253,transcript_media/en/ZS_F3_2561_en.mp3,F3-GMS-2551A 02:52.88-02:57.13
2562,3,2551,33,GLOSSIKA-ENZS-F3-GMS-2551A.mp3,193.646,197.662,4.016,transcript_media/en/ZS_F3_2562_en.mp3,F3-GMS-2551A 03:13.65-03:17.66
2563,3,2551,36,GLOSSIKA-ENZS-F3-GMS-2551A.mp3,215.357,220.228,4.871,transcript_media/en/ZS_F3_2563_en.mp3,F3-GMS-2551A 03:35.36-03:40.23
2564,3,2551,39,GLOSSIKA-ENZS-F3-GMS-2551A.mp3,236.004,238.176,2.172,transcript_media/en/ZS_F3_2564_en.mp3,F3-GMS-2551A 03:56.00-03:58.18
2565,3,2551,42,GLOSSIKA-ENZS-F3-GMS-2551A.mp3,248.950,250.520,1.569,transcript_media/en/ZS_F3_2565_en.mp3,F3-GMS-2551A 04:08.95-04:10.52
2566,3,2551,45,GLOSSIKA-ENZS-F3-GMS-2551A.mp3,262.191,264.212,2.021,transcript_media/en/ZS_F3_2566_en.mp3,F3-GMS-2551A 04:22.19-04:24.21
2567,3,2551,48,GLOSSIKA-ENZS-F3-GMS-2551A.mp3,276.962,279.903,2.941,transcript_media/en/ZS_F3_2567_en.mp3,F3-GMS-2551A 04:36.96-04:39.90
2568,3,2551,51,GLOSSIKA-ENZS-F3-GMS-2551A.mp3,293.257,296.252,2.995,transcript_media/en/ZS_F3_2568_en.mp3,F3-GMS-2551A 04:53.26-04:56.25
2569,3,2551,54,GLOSSIKA-ENZS-F3-GMS-2551A.mp3,310.008,312.543,2.535,transcript_media/en/ZS_F3_2569_en.mp3,F3-GMS-2551A 05:10.01-05:12.54
2570,3,2551,57,GLOSSIKA-ENZS-F3-GMS-2551A.mp3,324.594,326.102,1.508,transcript_media/en/ZS_F3_2570_en.mp3,F3-GMS-2551A 05:24.59-05:26.10
2571,3,2551,60,GLOSSIKA-ENZS-F3-GMS-2551A.mp3,337.558,340.259,2.701,transcript_media/en/ZS_F3_2571_en.mp3,F3-GMS-2551A 05:37.56-05:40.26
2572,3,2551,63,GLOSSIKA-ENZS-F3-GMS-2551A.mp3,352.703,355.485,2.782,transcript_media/en/ZS_F3_2572_en.mp3,F3-GMS-2551A 05:52.70-05:55.48
2573,3,2551,66,GLOSSIKA-ENZS-F3-GMS-2551A.mp3,370.122,374.518,4.396,transcript_media/en/ZS_F3_2573_en.mp3,F3-GMS-2551A 06:10.12-06:14.52
2574,3,2551,69,GLOSSIKA-ENZS-F3-GMS-2551A.mp3,388.486,390.908,2.422,transcript_media/en/ZS_F3_2574_en.mp3,F3-GMS-2551A 06:28.49-06:30.91
2575,3,2551,72,GLOSSIKA-ENZS-F3-GMS-2551A.mp3,403.569,407.056,3.487,transcript_media/en/ZS_F3_2575_en.mp3,F3-GMS-2551A 06:43.57-06:47.06
2576,3,2551,75,GLOSSIKA-ENZS-F3-GMS-2551A.mp3,420.675,423.350,2.675,transcript_media/en/ZS_F3_2576_en.mp3,F3-GMS-2551A 07:00.67-07:03.35
2577,3,2551,78,GLOSSIKA-ENZS-F3-GMS-2551A.mp3,435.423,437.505,2.081,transcript_media/en/ZS_F3_2577_en.mp3,F3-GMS-2551A 07:15.42-07:17.50
2578,3,2551,81,GLOSSIKA-ENZS-F3-GMS-2551A.mp3,450.412,453.760,3.349,transcript_media/en/ZS_F3_2578_en.mp3,F3-GMS-2551A 07:30.41-07:33.76
2579,3,2551,84,GLOSSIKA-ENZS-F3-GMS-2551A.mp3,468.232,471.937,3.705,transcript_media/en/ZS_F3_2579_en.mp3,F3-GMS-2551A 07:48.23-07:51.94
2580,3,2551,87,GLOSSIKA-ENZS-F3-GMS-2551A.mp3,487.309,492.181,4.872,transcript_media/en/ZS_F3_2580_en.mp3,F3-GMS-2551A 08:07.31-08:12.18
2581,3,2551,90,GLOSSIKA-ENZS-F3-GMS-2551A.mp3,506.730,509.066,2.336,transcript_media/en/ZS_F3_2581_en.mp3,F3-GMS-2551A 08:26.73-08:29.07
2582,3,2551,93,GLOSSIKA-ENZS-F3-GMS-2551A.mp3,522.367,526.005,3.638,transcript_media/en/ZS_F3_2582_en.mp3,F3-GMS-2551A 08:42.37-08:46.00
2583,3,2551,96,GLOSSIKA-ENZS-F3-GMS-2551A.mp3,540.576,544.107,3.531,transcript_media/en/ZS_F3_2583_en.mp3,F3-GMS-2551A 09:00.58-09:04.11
2584,3,2551,99,GLOSSIKA-ENZS-F3-GMS-2551A.mp3,558.339,561.518,3.179,transcript_media/en/ZS_F3_2584_en.mp3,F3-GMS-2551A 09:18.34-09:21.52
2585,3,2551,102,GLOSSIKA-ENZS-F3-GMS-2551A.mp3,576.223,580.306,4.083,transcript_media/en/ZS_F3_2585_en.mp3,F3-GMS-2551A 09:36.22-09:40.31
2586,3,2551,105,GLOSSIKA-ENZS-F3-GMS-2551A.mp3,595.079,596.610,1.531,transcript_media/en/ZS_F3_2586_en.mp3,F3-GMS-2551A 09:55.08-09:56.61
2587,3,2551,108,GLOSSIKA-ENZS-F3-GMS-2551A.mp3,608.090,609.247,1.157,transcript_media/en/ZS_F3_2587_en.mp3,F3-GMS-2551A 10:08.09-10:09.25
2588,3,2551,111,GLOSSIKA-ENZS-F3-GMS-2551A.mp3,620.620,624.043,3.423,transcript_media/en/ZS_F3_2588_en.mp3,F3-GMS-2551A 10:20.62-10:24.04
2589,3,2551,114,GLOSSIKA-ENZS-F3-GMS-2551A.mp3,638.278,642.078,3.801,transcript_media/en/ZS_F3_2589_en.mp3,F3-GMS-2551A 10:38.28-10:42.08
2590,3,2551,117,GLOSSIKA-ENZS-F3-GMS-2551A.mp3,656.409,660.292,3.883,transcript_media/en/ZS_F3_2590_en.mp3,F3-GMS-2551A 10:56.41-11:00.29
2591,3,2551,120,GLOSSIKA-ENZS-F3-GMS-2551A.mp3,673.302,674.759,1.457,transcript_media/en/ZS_F3_2591_en.mp3,F3-GMS-2551A 11:13.30-11:14.76
2592,3,2551,123,GLOSSIKA-ENZS-F3-GMS-2551A.mp3,685.622,687.368,1.747,transcript_media/en/ZS_F3_2592_en.mp3,F3-GMS-2551A 11:25.62-11:27.37
2593,3,2551,126,GLOSSIKA-ENZS-F3-GMS-2551A.mp3,698.521,700.880,2.359,transcript_media/en/ZS_F3_2593_en.mp3,F3-GMS-2551A 11:38.52-11:40.88
2594,3,2551,129,GLOSSIKA-ENZS-F3-GMS-2551A.mp3,714.712,716.709,1.997,transcript_media/en/ZS_F3_2594_en.mp3,F3-GMS-2551A 11:54.71-11:56.71
2595,3,2551,132,GLOSSIKA-ENZS-F3-GMS-2551A.mp3,737.456,740.576,3.120,transcript_media/en/ZS_F3_2595_en.mp3,F3-GMS-2551A 12:17.46-12:20.58
2596,3,2551,135,GLOSSIKA-ENZS-F3-GMS-2551A.mp3,752.500,754.449,1.948,transcript_media/en/ZS_F3_2596_en.mp3,F3-GMS-2551A 12:32.50-12:34.45
2597,3,2551,138,GLOSSIKA-ENZS-F3-GMS-2551A.mp3,767.123,769.020,1.898,transcript_media/en/ZS_F3_2597_en.mp3,F3-GMS-2551A 12:47.12-12:49.02
2598,3,2551,141,GLOSSIKA-ENZS-F3-GMS-2551A.mp3,780.825,783.440,2.615,transcript_media/en/ZS_F3_2598_en.mp3,F3-GMS-2551A 13:00.83-13:03.44
2599,3,2551,144,GLOSSIKA-ENZS-F3-GMS-2551A.mp3,795.103,798.787,3.684,transcript_media/en/ZS_F3_2599_en.mp3,F3-GMS-2551A 13:15.10-13:18.79
2600,3,2551,147,GLOSSIKA-ENZS-F3-GMS-2551A.mp3,811.664,814.883,3.220,transcript_media/en/ZS_F3_2600_en.mp3,F3-GMS-2551A 13:31.66-13:34.88
2601,3,2601,0,GLOSSIKA-ENZS-F3-GMS-2601A.mp3,11.966,14.203,2.237,transcript_media/en/ZS_F3_2601_en.mp3,F3-GMS-2601A 00:11.97-00:14.20
2602,3,2601,3,GLOSSIKA-ENZS-F3-GMS-2601A.mp3,26.583,28.617,2.034,transcript_media/en/ZS_F3_2602_en.mp3,F3-GMS-2601A 00:26.58-00:28.62
2603,3,2601,6,GLOSSIKA-ENZS-F3-GMS-2601A.mp3,40.617,43.056,2.439,transcript_media/en/ZS_F3_2603_en.mp3,F3-GMS-2601A 00:40.62-00:43.06
2604,3,2601,9,GLOSSIKA-ENZS-F3-GMS-2601A.mp3,55.638,57.717,2.079,transcript_media/en/ZS_F3_2604_en.mp3,F3-GMS-2601A 00:55.64-00:57.72
2605,3,2601,12,GLOSSIKA-ENZS-F3-GMS-2601A.mp3,70.551,73.337,2.785,transcript_media/en/ZS_F3_2605_en.mp3,F3-GMS-2601A 01:10.55-01:13.34
2606,3,2601,15,GLOSSIKA-ENZS-F3-GMS-2601A.mp3,84.732,86.262,1.530,transcript_media/en/ZS_F3_2606_en.mp3,F3-GMS-2601A 01:24.73-01:26.26
2607,3,2601,18,GLOSSIKA-ENZS-F3-GMS-2601A.mp3,97.792,100.141,2.349,transcript_media/en/ZS_F3_2607_en.mp3,F3-GMS-2601A 01:37.79-01:40.14
2608,3,2601,21,GLOSSIKA-ENZS-F3-GMS-2601A.mp3,112.678,115.767,3.089,transcript_media/en/ZS_F3_2608_en.mp3,F3-GMS-2601A 01:52.68-01:55.77
2609,3,2601,24,GLOSSIKA-ENZS-F3-GMS-2601A.mp3,128.790,131.591,2.800,transcript_media/en/ZS_F3_2609_en.mp3,F3-GMS-2601A 02:08.79-02:11.59
2610,3,2601,27,GLOSSIKA-ENZS-F3-GMS-2601A.mp3,145.229,148.794,3.565,transcript_media/en/ZS_F3_2610_en.mp3,F3-GMS-2601A 02:25.23-02:28.79
2611,3,2601,30,GLOSSIKA-ENZS-F3-GMS-2601A.mp3,163.199,166.347,3.149,transcript_media/en/ZS_F3_2611_en.mp3,F3-GMS-2601A 02:43.20-02:46.35
2612,3,2601,33,GLOSSIKA-ENZS-F3-GMS-2601A.mp3,179.455,181.995,2.540,transcript_media/en/ZS_F3_2612_en.mp3,F3-GMS-2601A 02:59.46-03:02.00
2613,3,2601,36,GLOSSIKA-ENZS-F3-GMS-2601A.mp3,194.346,196.531,2.185,transcript_media/en/ZS_F3_2613_en.mp3,F3-GMS-2601A 03:14.35-03:16.53
2614,3,2601,39,GLOSSIKA-ENZS-F3-GMS-2601A.mp3,208.448,210.608,2.160,transcript_media/en/ZS_F3_2614_en.mp3,F3-GMS-2601A 03:28.45-03:30.61
2615,3,2601,42,GLOSSIKA-ENZS-F3-GMS-2601A.mp3,222.414,224.655,2.241,transcript_media/en/ZS_F3_2615_en.mp3,F3-GMS-2601A 03:42.41-03:44.66
2616,3,2601,45,GLOSSIKA-ENZS-F3-GMS-2601A.mp3,238.939,241.233,2.294,transcript_media/en/ZS_F3_2616_en.mp3,F3-GMS-2601A 03:58.94-04:01.23
2617,3,2601,48,GLOSSIKA-ENZS-F3-GMS-2601A.mp3,254.063,255.805,1.742,transcript_media/en/ZS_F3_2617_en.mp3,F3-GMS-2601A 04:14.06-04:15.80
2618,3,2601,51,GLOSSIKA-ENZS-F3-GMS-2601A.mp3,267.506,270.558,3.052,transcript_media/en/ZS_F3_2618_en.mp3,F3-GMS-2601A 04:27.51-04:30.56
2619,3,2601,54,GLOSSIKA-ENZS-F3-GMS-2601A.mp3,283.533,285.250,1.717,transcript_media/en/ZS_F3_2619_en.mp3,F3-GMS-2601A 04:43.53-04:45.25
2620,3,2601,57,GLOSSIKA-ENZS-F3-GMS-2601A.mp3,296.378,298.322,1.944,transcript_media/en/ZS_F3_2620_en.mp3,F3-GMS-2601A 04:56.38-04:58.32
2621,3,2601,60,GLOSSIKA-ENZS-F3-GMS-2601A.mp3,310.633,313.096,2.463,transcript_media/en/ZS_F3_2621_en.mp3,F3-GMS-2601A 05:10.63-05:13.10
2622,3,2601,63,GLOSSIKA-ENZS-F3-GMS-2601A.mp3,327.232,329.056,1.825,transcript_media/en/ZS_F3_2622_en.mp3,F3-GMS-2601A 05:27.23-05:29.06
2623,3,2601,66,GLOSSIKA-ENZS-F3-GMS-2601A.mp3,341.503,343.185,1.682,transcript_media/en/ZS_F3_2623_en.mp3,F3-GMS-2601A 05:41.50-05:43.18
2624,3,2601,69,GLOSSIKA-ENZS-F3-GMS-2601A.mp3,355.821,357.253,1.432,transcript_media/en/ZS_F3_2624_en.mp3,F3-GMS-2601A 05:55.82-05:57.25
2625,3,2601,72,GLOSSIKA-ENZS-F3-GMS-2601A.mp3,369.776,372.807,3.031,transcript_media/en/ZS_F3_2625_en.mp3,F3-GMS-2601A 06:09.78-06:12.81
2626,3,2601,75,GLOSSIKA-ENZS-F3-GMS-2601A.mp3,386.127,389.160,3.033,transcript_media/en/ZS_F3_2626_en.mp3,F3-GMS-2601A 06:26.13-06:29.16
2627,3,2601,78,GLOSSIKA-ENZS-F3-GMS-2601A.mp3,401.838,403.920,2.081,transcript_media/en/ZS_F3_2627_en.mp3,F3-GMS-2601A 06:41.84-06:43.92
2628,3,2601,81,GLOSSIKA-ENZS-F3-GMS-2601A.mp3,415.421,417.393,1.971,transcript_media/en/ZS_F3_2628_en.mp3,F3-GMS-2601A 06:55.42-06:57.39
2629,3,2601,84,GLOSSIKA-ENZS-F3-GMS-2601A.mp3,429.103,431.132,2.028,transcript_media/en/ZS_F3_2629_en.mp3,F3-GMS-2601A 07:09.10-07:11.13
2630,3,2601,87,GLOSSIKA-ENZS-F3-GMS-2601A.mp3,448.304,451.258,2.955,transcript_media/en/ZS_F3_2630_en.mp3,F3-GMS-2601A 07:28.30-07:31.26
2631,3,2601,90,GLOSSIKA-ENZS-F3-GMS-2601A.mp3,464.782,466.721,1.939,transcript_media/en/ZS_F3_2631_en.mp3,F3-GMS-2601A 07:44.78-07:46.72
2632,3,2601,93,GLOSSIKA-ENZS-F3-GMS-2601A.mp3,478.755,482.866,4.111,transcript_media/en/ZS_F3_2632_en.mp3,F3-GMS-2601A 07:58.75-08:02.87
2633,3,2601,96,GLOSSIKA-ENZS-F3-GMS-2601A.mp3,496.144,499.121,2.978,transcript_media/en/ZS_F3_2633_en.mp3,F3-GMS-2601A 08:16.14-08:19.12
2634,3,2601,99,GLOSSIKA-ENZS-F3-GMS-2601A.mp3,513.659,516.096,2.437,transcript_media/en/ZS_F3_2634_en.mp3,F3-GMS-2601A 08:33.66-08:36.10
2635,3,2601,102,GLOSSIKA-ENZS-F3-GMS-2601A.mp3,529.518,532.508,2.990,transcript_media/en/ZS_F3_2635_en.mp3,F3-GMS-2601A 08:49.52-08:52.51
2636,3,2601,105,GLOSSIKA-ENZS-F3-GMS-2601A.mp3,546.880,549.432,2.553,transcript_media/en/ZS_F3_2636_en.mp3,F3-GMS-2601A 09:06.88-09:09.43
2637,3,2601,108,GLOSSIKA-ENZS-F3-GMS-2601A.mp3,563.678,568.432,4.754,transcript_media/en/ZS_F3_2637_en.mp3,F3-GMS-2601A 09:23.68-09:28.43
2638,3,2601,111,GLOSSIKA-ENZS-F3-GMS-2601A.mp3,586.795,590.417,3.622,transcript_media/en/ZS_F3_2638_en.mp3,F3-GMS-2601A 09:46.80-09:50.42
2639,3,2601,114,GLOSSIKA-ENZS-F3-GMS-2601A.mp3,607.107,609.137,2.030,transcript_media/en/ZS_F3_2639_en.mp3,F3-GMS-2601A 10:07.11-10:09.14
2640,3,2601,117,GLOSSIKA-ENZS-F3-GMS-2601A.mp3,621.167,624.851,3.684,transcript_media/en/ZS_F3_2640_en.mp3,F3-GMS-2601A 10:21.17-10:24.85
2641,3,2601,120,GLOSSIKA-ENZS-F3-GMS-2601A.mp3,640.648,643.834,3.186,transcript_media/en/ZS_F3_2641_en.mp3,F3-GMS-2601A 10:40.65-10:43.83
2642,3,2601,123,GLOSSIKA-ENZS-F3-GMS-2601A.mp3,659.589,662.751,3.162,transcript_media/en/ZS_F3_2642_en.mp3,F3-GMS-2601A 10:59.59-11:02.75
2643,3,2601,126,GLOSSIKA-ENZS-F3-GMS-2601A.mp3,677.073,679.310,2.236,transcript_media/en/ZS_F3_2643_en.mp3,F3-GMS-2601A 11:17.07-11:19.31
2644,3,2601,129,GLOSSIKA-ENZS-F3-GMS-2601A.mp3,693.131,695.309,2.178,transcript_media/en/ZS_F3_2644_en.mp3,F3-GMS-2601A 11:33.13-11:35.31
2645,3,2601,132,GLOSSIKA-ENZS-F3-GMS-2601A.mp3,708.790,711.075,2.285,transcript_media/en/ZS_F3_2645_en.mp3,F3-GMS-2601A 11:48.79-11:51.08
2646,3,2601,135,GLOSSIKA-ENZS-F3-GMS-2601A.mp3,725.145,728.046,2.901,transcript_media/en/ZS_F3_2646_en.mp3,F3-GMS-2601A 12:05.14-12:08.05
2647,3,2601,138,GLOSSIKA-ENZS-F3-GMS-2601A.mp3,740.989,745.323,4.334,transcript_media/en/ZS_F3_2647_en.mp3,F3-GMS-2601A 12:20.99-12:25.32
2648,3,2601,141,GLOSSIKA-ENZS-F3-GMS-2601A.mp3,760.038,762.334,2.296,transcript_media/en/ZS_F3_2648_en.mp3,F3-GMS-2601A 12:40.04-12:42.33
2649,3,2601,144,GLOSSIKA-ENZS-F3-GMS-2601A.mp3,775.140,778.064,2.924,transcript_media/en/ZS_F3_2649_en.mp3,F3-GMS-2601A 12:55.14-12:58.06
2650,3,2601,147,GLOSSIKA-ENZS-F3-GMS-2601A.mp3,793.127,795.763,2.636,transcript_media/en/ZS_F3_2650_en.mp3,F3-GMS-2601A 13:13.13-13:15.76
2651,3,2651,0,GLOSSIKA-ENZS-F3-GMS-2651A.mp3,0.000,6.758,6.758,transcript_media/en/ZS_F3_2651_en.mp3,F3-GMS-2651A 00:00.00-00:06.76
2652,3,2651,3,GLOSSIKA-ENZS-F3-GMS-2651A.mp3,19.489,22.647,3.158,transcript_media/en/ZS_F3_2652_en.mp3,F3-GMS-2651A 00:19.49-00:22.65
2653,3,2651,6,GLOSSIKA-ENZS-F3-GMS-2651A.mp3,35.827,38.989,3.162,transcript_media/en/ZS_F3_2653_en.mp3,F3-GMS-2651A 00:35.83-00:38.99
2654,3,2651,9,GLOSSIKA-ENZS-F3-GMS-2651A.mp3,56.961,62.166,5.206,transcript_media/en/ZS_F3_2654_en.mp3,F3-GMS-2651A 00:56.96-01:02.17
2655,3,2651,12,GLOSSIKA-ENZS-F3-GMS-2651A.mp3,74.626,77.095,2.469,transcript_media/en/ZS_F3_2655_en.mp3,F3-GMS-2651A 01:14.63-01:17.09
2656,3,2651,15,GLOSSIKA-ENZS-F3-GMS-2651A.mp3,93.671,97.055,3.384,transcript_media/en/ZS_F3_2656_en.mp3,F3-GMS-2651A 01:33.67-01:37.05
2657,3,2651,18,GLOSSIKA-ENZS-F3-GMS-2651A.mp3,112.908,116.072,3.164,transcript_media/en/ZS_F3_2657_en.mp3,F3-GMS-2651A 01:52.91-01:56.07
2658,3,2651,21,GLOSSIKA-ENZS-F3-GMS-2651A.mp3,131.326,136.052,4.726,transcript_media/en/ZS_F3_2658_en.mp3,F3-GMS-2651A 02:11.33-02:16.05
2659,3,2651,24,GLOSSIKA-ENZS-F3-GMS-2651A.mp3,150.623,152.983,2.360,transcript_media/en/ZS_F3_2659_en.mp3,F3-GMS-2651A 02:30.62-02:32.98
2660,3,2651,27,GLOSSIKA-ENZS-F3-GMS-2651A.mp3,168.544,173.005,4.462,transcript_media/en/ZS_F3_2660_en.mp3,F3-GMS-2651A 02:48.54-02:53.01
2661,3,2651,30,GLOSSIKA-ENZS-F3-GMS-2651A.mp3,187.118,190.098,2.979,transcript_media/en/ZS_F3_2661_en.mp3,F3-GMS-2651A 03:07.12-03:10.10
2662,3,2651,33,GLOSSIKA-ENZS-F3-GMS-2651A.mp3,203.533,206.252,2.718,transcript_media/en/ZS_F3_2662_en.mp3,F3-GMS-2651A 03:23.53-03:26.25
2663,3,2651,36,GLOSSIKA-ENZS-F3-GMS-2651A.mp3,220.681,224.626,3.946,transcript_media/en/ZS_F3_2663_en.mp3,F3-GMS-2651A 03:40.68-03:44.63
2664,3,2651,39,GLOSSIKA-ENZS-F3-GMS-2651A.mp3,236.446,238.812,2.366,transcript_media/en/ZS_F3_2664_en.mp3,F3-GMS-2651A 03:56.45-03:58.81
2665,3,2651,42,GLOSSIKA-ENZS-F3-GMS-2651A.mp3,251.209,253.688,2.479,transcript_media/en/ZS_F3_2665_en.mp3,F3-GMS-2651A 04:11.21-04:13.69
2666,3,2651,45,GLOSSIKA-ENZS-F3-GMS-2651A.mp3,267.503,270.807,3.304,transcript_media/en/ZS_F3_2666_en.mp3,F3-GMS-2651A 04:27.50-04:30.81
2667,3,2651,48,GLOSSIKA-ENZS-F3-GMS-2651A.mp3,284.352,288.036,3.684,transcript_media/en/ZS_F3_2667_en.mp3,F3-GMS-2651A 04:44.35-04:48.04
2668,3,2651,51,GLOSSIKA-ENZS-F3-GMS-2651A.mp3,302.446,306.398,3.953,transcript_media/en/ZS_F3_2668_en.mp3,F3-GMS-2651A 05:02.45-05:06.40
2669,3,2651,54,GLOSSIKA-ENZS-F3-GMS-2651A.mp3,321.985,326.586,4.601,transcript_media/en/ZS_F3_2669_en.mp3,F3-GMS-2651A 05:21.98-05:26.59
2670,3,2651,57,GLOSSIKA-ENZS-F3-GMS-2651A.mp3,339.001,342.158,3.157,transcript_media/en/ZS_F3_2670_en.mp3,F3-GMS-2651A 05:39.00-05:42.16
2671,3,2651,60,GLOSSIKA-ENZS-F3-GMS-2651A.mp3,353.328,356.819,3.491,transcript_media/en/ZS_F3_2671_en.mp3,F3-GMS-2651A 05:53.33-05:56.82
2672,3,2651,63,GLOSSIKA-ENZS-F3-GMS-2651A.mp3,370.524,374.164,3.639,transcript_media/en/ZS_F3_2672_en.mp3,F3-GMS-2651A 06:10.52-06:14.16
2673,3,2651,66,GLOSSIKA-ENZS-F3-GMS-2651A.mp3,389.423,391.474,2.051,transcript_media/en/ZS_F3_2673_en.mp3,F3-GMS-2651A 06:29.42-06:31.47
2674,3,2651,69,GLOSSIKA-ENZS-F3-GMS-2651A.mp3,403.741,406.168,2.426,transcript_media/en/ZS_F3_2674_en.mp3,F3-GMS-2651A 06:43.74-06:46.17
2675,3,2651,72,GLOSSIKA-ENZS-F3-GMS-2651A.mp3,418.065,420.631,2.565,transcript_media/en/ZS_F3_2675_en.mp3,F3-GMS-2651A 06:58.07-07:00.63
2676,3,2651,75,GLOSSIKA-ENZS-F3-GMS-2651A.mp3,432.844,435.585,2.741,transcript_media/en/ZS_F3_2676_en.mp3,F3-GMS-2651A 07:12.84-07:15.58
2677,3,2651,78,GLOSSIKA-ENZS-F3-GMS-2651A.mp3,448.789,450.826,2.037,transcript_media/en/ZS_F3_2677_en.mp3,F3-GMS-2651A 07:28.79-07:30.83
2678,3,2651,81,GLOSSIKA-ENZS-F3-GMS-2651A.mp3,462.482,465.905,3.424,transcript_media/en/ZS_F3_2678_en.mp3,F3-GMS-2651A 07:42.48-07:45.91
2679,3,2651,84,GLOSSIKA-ENZS-F3-GMS-2651A.mp3,479.238,484.217,4.979,transcript_media/en/ZS_F3_2679_en.mp3,F3-GMS-2651A 07:59.24-08:04.22
2680,3,2651,87,GLOSSIKA-ENZS-F3-GMS-2651A.mp3,502.308,505.380,3.072,transcript_media/en/ZS_F3_2680_en.mp3,F3-GMS-2651A 08:22.31-08:25.38
2681,3,2651,90,GLOSSIKA-ENZS-F3-GMS-2651A.mp3,518.551,521.921,3.370,transcript_media/en/ZS_F3_2681_en.mp3,F3-GMS-2651A 08:38.55-08:41.92
2682,3,2651,93,GLOSSIKA-ENZS-F3-GMS-2651A.mp3,529.824,531.710,1.886,transcript_media/en/ZS_F3_2682_en.mp3,F3-GMS-2651A 08:49.82-08:51.71
2683,3,2651,96,GLOSSIKA-ENZS-F3-GMS-2651A.mp3,541.672,543.925,2.253,transcript_media/en/ZS_F3_2683_en.mp3,F3-GMS-2651A 09:01.67-09:03.92
2684,3,2651,99,GLOSSIKA-ENZS-F3-GMS-2651A.mp3,555.735,557.493,1.757,transcript_media/en/ZS_F3_2684_en.mp3,F3-GMS-2651A 09:15.74-09:17.49
2685,3,2651,102,GLOSSIKA-ENZS-F3-GMS-2651A.mp3,570.116,573.535,3.419,transcript_media/en/ZS_F3_2685_en.mp3,F3-GMS-2651A 09:30.12-09:33.53
2686,3,2651,105,GLOSSIKA-ENZS-F3-GMS-2651A.mp3,589.241,591.415,2.173,transcript_media/en/ZS_F3_2686_en.mp3,F3-GMS-2651A 09:49.24-09:51.41
2687,3,2651,108,GLOSSIKA-ENZS-F3-GMS-2651A.mp3,604.666,608.167,3.501,transcript_media/en/ZS_F3_2687_en.mp3,F3-GMS-2651A 10:04.67-10:08.17
2688,3,2651,111,GLOSSIKA-ENZS-F3-GMS-2651A.mp3,623.901,626.801,2.900,transcript_media/en/ZS_F3_2688_en.mp3,F3-GMS-2651A 10:23.90-10:26.80
2689,3,2651,114,GLOSSIKA-ENZS-F3-GMS-2651A.mp3,641.039,644.708,3.669,transcript_media/en/ZS_F3_2689_en.mp3,F3-GMS-2651A 10:41.04-10:44.71
2690,3,2651,117,GLOSSIKA-ENZS-F3-GMS-2651A.mp3,661.278,664.882,3.604,transcript_media/en/ZS_F3_2690_en.mp3,F3-GMS-2651A 11:01.28-11:04.88
2691,3,2651,120,GLOSSIKA-ENZS-F3-GMS-2651A.mp3,681.694,684.713,3.019,transcript_media/en/ZS_F3_2691_en.mp3,F3-GMS-2651A 11:21.69-11:24.71
2692,3,2651,123,GLOSSIKA-ENZS-F3-GMS-2651A.mp3,700.611,704.604,3.993,transcript_media/en/ZS_F3_2692_en.mp3,F3-GMS-2651A 11:40.61-11:44.60
2693,3,2651,126,GLOSSIKA-ENZS-F3-GMS-2651A.mp3,719.096,721.514,2.417,transcript_media/en/ZS_F3_2693_en.mp3,F3-GMS-2651A 11:59.10-12:01.51
2694,3,2651,129,GLOSSIKA-ENZS-F3-GMS-2651A.mp3,733.807,736.269,2.463,transcript_media/en/ZS_F3_2694_en.mp3,F3-GMS-2651A 12:13.81-12:16.27
2695,3,2651,132,GLOSSIKA-ENZS-F3-GMS-2651A.mp3,748.170,752.331,4.161,transcript_media/en/ZS_F3_2695_en.mp3,F3-GMS-2651A 12:28.17-12:32.33
2696,3,2651,135,GLOSSIKA-ENZS-F3-GMS-2651A.mp3,763.188,765.668,2.480,transcript_media/en/ZS_F3_2696_en.mp3,F3-GMS-2651A 12:43.19-12:45.67
2697,3,2651,138,GLOSSIKA-ENZS-F3-GMS-2651A.mp3,778.605,780.766,2.161,transcript_media/en/ZS_F3_2697_en.mp3,F3-GMS-2651A 12:58.60-13:00.77
2698,3,2651,141,GLOSSIKA-ENZS-F3-GMS-2651A.mp3,791.049,793.392,2.343,transcript_media/en/ZS_F3_2698_en.mp3,F3-GMS-2651A 13:11.05-13:13.39
2699,3,2651,144,GLOSSIKA-ENZS-F3-GMS-2651A.mp3,805.160,807.153,1.992,transcript_media/en/ZS_F3_2699_en.mp3,F3-GMS-2651A 13:25.16-13:27.15
2700,3,2651,147,GLOSSIKA-ENZS-F3-GMS-2651A.mp3,819.637,822.711,3.074,transcript_media/en/ZS_F3_2700_en.mp3,F3-GMS-2651A 13:39.64-13:42.71
2701,3,2701,0,GLOSSIKA-ENZS-F3-GMS-2701B.mp3,0.000,4.512,4.512,transcript_media/en/ZS_F3_2701_en.mp3,F3-GMS-2701B 00:00.00-00:04.51
2702,3,2701,3,GLOSSIKA-ENZS-F3-GMS-2701B.mp3,9.845,13.923,4.078,transcript_media/en/ZS_F3_2702_en.mp3,F3-GMS-2701B 00:09.84-00:13.92
2703,3,2701,6,GLOSSIKA-ENZS-F3-GMS-2701B.mp3,24.722,28.879,4.158,transcript_media/en/ZS_F3_2703_en.mp3,F3-GMS-2701B 00:24.72-00:28.88
2704,3,2701,9,GLOSSIKA-ENZS-F3-GMS-2701B.mp3,39.345,43.912,4.567,transcript_media/en/ZS_F3_2704_en.mp3,F3-GMS-2701B 00:39.34-00:43.91
2705,3,2701,12,GLOSSIKA-ENZS-F3-GMS-2701B.mp3,49.348,51.703,2.356,transcript_media/en/ZS_F3_2705_en.mp3,F3-GMS-2701B 00:49.35-00:51.70
2706,3,2701,15,GLOSSIKA-ENZS-F3-GMS-2701B.mp3,61.524,65.399,3.874,transcript_media/en/ZS_F3_2706_en.mp3,F3-GMS-2701B 01:01.52-01:05.40
2707,3,2701,18,GLOSSIKA-ENZS-F3-GMS-2701B.mp3,74.236,77.494,3.258,transcript_media/en/ZS_F3_2707_en.mp3,F3-GMS-2701B 01:14.24-01:17.49
2708,3,2701,21,GLOSSIKA-ENZS-F3-GMS-2701B.mp3,84.711,86.821,2.110,transcript_media/en/ZS_F3_2708_en.mp3,F3-GMS-2701B 01:24.71-01:26.82
2709,3,2701,24,GLOSSIKA-ENZS-F3-GMS-2701B.mp3,98.889,103.613,4.724,transcript_media/en/ZS_F3_2709_en.mp3,F3-GMS-2701B 01:38.89-01:43.61
2710,3,2701,27,GLOSSIKA-ENZS-F3-GMS-2701B.mp3,112.750,116.696,3.946,transcript_media/en/ZS_F3_2710_en.mp3,F3-GMS-2701B 01:52.75-01:56.70
2711,3,2701,30,GLOSSIKA-ENZS-F3-GMS-2701B.mp3,126.251,128.118,1.867,transcript_media/en/ZS_F3_2711_en.mp3,F3-GMS-2701B 02:06.25-02:08.12
2712,3,2701,33,GLOSSIKA-ENZS-F3-GMS-2701B.mp3,135.931,137.936,2.005,transcript_media/en/ZS_F3_2712_en.mp3,F3-GMS-2701B 02:15.93-02:17.94
2713,3,2701,36,GLOSSIKA-ENZS-F3-GMS-2701B.mp3,146.151,147.414,1.263,transcript_media/en/ZS_F3_2713_en.mp3,F3-GMS-2701B 02:26.15-02:27.41
2714,3,2701,39,GLOSSIKA-ENZS-F3-GMS-2701B.mp3,155.069,157.293,2.224,transcript_media/en/ZS_F3_2714_en.mp3,F3-GMS-2701B 02:35.07-02:37.29
2715,3,2701,42,GLOSSIKA-ENZS-F3-GMS-2701B.mp3,165.378,167.230,1.852,transcript_media/en/ZS_F3_2715_en.mp3,F3-GMS-2701B 02:45.38-02:47.23
2716,3,2701,45,GLOSSIKA-ENZS-F3-GMS-2701B.mp3,175.979,178.824,2.845,transcript_media/en/ZS_F3_2716_en.mp3,F3-GMS-2701B 02:55.98-02:58.82
2717,3,2701,48,GLOSSIKA-ENZS-F3-GMS-2701B.mp3,188.541,190.555,2.014,transcript_media/en/ZS_F3_2717_en.mp3,F3-GMS-2701B 03:08.54-03:10.56
2718,3,2701,51,GLOSSIKA-ENZS-F3-GMS-2701B.mp3,194.931,198.833,3.902,transcript_media/en/ZS_F3_2718_en.mp3,F3-GMS-2701B 03:14.93-03:18.83
2719,3,2701,54,GLOSSIKA-ENZS-F3-GMS-2701B.mp3,207.168,208.975,1.806,transcript_media/en/ZS_F3_2719_en.mp3,F3-GMS-2701B 03:27.17-03:28.97
2720,3,2701,57,GLOSSIKA-ENZS-F3-GMS-2701B.mp3,218.137,221.112,2.975,transcript_media/en/ZS_F3_2720_en.mp3,F3-GMS-2701B 03:38.14-03:41.11
2721,3,2701,60,GLOSSIKA-ENZS-F3-GMS-2701B.mp3,231.398,235.022,3.624,transcript_media/en/ZS_F3_2721_en.mp3,F3-GMS-2701B 03:51.40-03:55.02
2722,3,2701,63,GLOSSIKA-ENZS-F3-GMS-2701B.mp3,245.318,248.702,3.384,transcript_media/en/ZS_F3_2722_en.mp3,F3-GMS-2701B 04:05.32-04:08.70
2723,3,2701,66,GLOSSIKA-ENZS-F3-GMS-2701B.mp3,259.006,262.152,3.146,transcript_media/en/ZS_F3_2723_en.mp3,F3-GMS-2701B 04:19.01-04:22.15
2724,3,2701,69,GLOSSIKA-ENZS-F3-GMS-2701B.mp3,271.560,274.586,3.027,transcript_media/en/ZS_F3_2724_en.mp3,F3-GMS-2701B 04:31.56-04:34.59
2725,3,2701,72,GLOSSIKA-ENZS-F3-GMS-2701B.mp3,283.086,285.719,2.633,transcript_media/en/ZS_F3_2725_en.mp3,F3-GMS-2701B 04:43.09-04:45.72
2726,3,2701,75,GLOSSIKA-ENZS-F3-GMS-2701B.mp3,294.937,296.879,1.942,transcript_media/en/ZS_F3_2726_en.mp3,F3-GMS-2701B 04:54.94-04:56.88
2727,3,2701,78,GLOSSIKA-ENZS-F3-GMS-2701B.mp3,305.453,307.772,2.319,transcript_media/en/ZS_F3_2727_en.mp3,F3-GMS-2701B 05:05.45-05:07.77
2728,3,2701,81,GLOSSIKA-ENZS-F3-GMS-2701B.mp3,316.484,318.825,2.341,transcript_media/en/ZS_F3_2728_en.mp3,F3-GMS-2701B 05:16.48-05:18.82
2729,3,2701,84,GLOSSIKA-ENZS-F3-GMS-2701B.mp3,328.421,332.401,3.980,transcript_media/en/ZS_F3_2729_en.mp3,F3-GMS-2701B 05:28.42-05:32.40
2730,3,2701,87,GLOSSIKA-ENZS-F3-GMS-2701B.mp3,341.071,343.734,2.663,transcript_media/en/ZS_F3_2730_en.mp3,F3-GMS-2701B 05:41.07-05:43.73
2731,3,2701,90,GLOSSIKA-ENZS-F3-GMS-2701B.mp3,352.021,353.842,1.821,transcript_media/en/ZS_F3_2731_en.mp3,F3-GMS-2701B 05:52.02-05:53.84
2732,3,2701,93,GLOSSIKA-ENZS-F3-GMS-2701B.mp3,362.472,363.815,1.343,transcript_media/en/ZS_F3_2732_en.mp3,F3-GMS-2701B 06:02.47-06:03.81
2733,3,2701,96,GLOSSIKA-ENZS-F3-GMS-2701B.mp3,371.584,372.929,1.344,transcript_media/en/ZS_F3_2733_en.mp3,F3-GMS-2701B 06:11.58-06:12.93
2734,3,2701,99,GLOSSIKA-ENZS-F3-GMS-2701B.mp3,382.076,383.234,1.158,transcript_media/en/ZS_F3_2734_en.mp3,F3-GMS-2701B 06:22.08-06:23.23
2735,3,2701,102,GLOSSIKA-ENZS-F3-GMS-2701B.mp3,394.871,399.855,4.984,transcript_media/en/ZS_F3_2735_en.mp3,F3-GMS-2701B 06:34.87-06:39.86
2736,3,2701,105,GLOSSIKA-ENZS-F3-GMS-2701B.mp3,410.054,413.065,3.011,transcript_media/en/ZS_F3_2736_en.mp3,F3-GMS-2701B 06:50.05-06:53.07
2737,3,2701,108,GLOSSIKA-ENZS-F3-GMS-2701B.mp3,421.541,424.145,2.604,transcript_media/en/ZS_F3_2737_en.mp3,F3-GMS-2701B 07:01.54-07:04.14
2738,3,2701,111,GLOSSIKA-ENZS-F3-GMS-2701B.mp3,432.427,435.212,2.785,transcript_media/en/ZS_F3_2738_en.mp3,F3-GMS-2701B 07:12.43-07:15.21
2739,3,2701,114,GLOSSIKA-ENZS-F3-GMS-2701B.mp3,444.821,447.350,2.529,transcript_media/en/ZS_F3_2739_en.mp3,F3-GMS-2701B 07:24.82-07:27.35
2740,3,2701,117,GLOSSIKA-ENZS-F3-GMS-2701B.mp3,455.768,458.160,2.391,transcript_media/en/ZS_F3_2740_en.mp3,F3-GMS-2701B 07:35.77-07:38.16
2741,3,2701,120,GLOSSIKA-ENZS-F3-GMS-2701B.mp3,467.720,471.659,3.938,transcript_media/en/ZS_F3_2741_en.mp3,F3-GMS-2701B 07:47.72-07:51.66
2742,3,2701,123,GLOSSIKA-ENZS-F3-GMS-2701B.mp3,481.559,485.792,4.233,transcript_media/en/ZS_F3_2742_en.mp3,F3-GMS-2701B 08:01.56-08:05.79
2743,3,2701,126,GLOSSIKA-ENZS-F3-GMS-2701B.mp3,496.570,499.751,3.181,transcript_media/en/ZS_F3_2743_en.mp3,F3-GMS-2701B 08:16.57-08:19.75
2744,3,2701,129,GLOSSIKA-ENZS-F3-GMS-2701B.mp3,509.303,511.931,2.628,transcript_media/en/ZS_F3_2744_en.mp3,F3-GMS-2701B 08:29.30-08:31.93
2745,3,2701,132,GLOSSIKA-ENZS-F3-GMS-2701B.mp3,521.690,525.630,3.940,transcript_media/en/ZS_F3_2745_en.mp3,F3-GMS-2701B 08:41.69-08:45.63
2746,3,2701,135,GLOSSIKA-ENZS-F3-GMS-2701B.mp3,534.506,537.669,3.163,transcript_media/en/ZS_F3_2746_en.mp3,F3-GMS-2701B 08:54.51-08:57.67
2747,3,2701,138,GLOSSIKA-ENZS-F3-GMS-2701B.mp3,548.407,552.892,4.485,transcript_media/en/ZS_F3_2747_en.mp3,F3-GMS-2701B 09:08.41-09:12.89
2748,3,2701,141,GLOSSIKA-ENZS-F3-GMS-2701B.mp3,560.751,562.022,1.271,transcript_media/en/ZS_F3_2748_en.mp3,F3-GMS-2701B 09:20.75-09:22.02
2749,3,2701,144,GLOSSIKA-ENZS-F3-GMS-2701B.mp3,570.465,573.034,2.569,transcript_media/en/ZS_F3_2749_en.mp3,F3-GMS-2701B 09:30.47-09:33.03
2750,3,2701,147,GLOSSIKA-ENZS-F3-GMS-2701B.mp3,582.744,585.834,3.091,transcript_media/en/ZS_F3_2750_en.mp3,F3-GMS-2701B 09:42.74-09:45.83
2751,3,2751,0,GLOSSIKA-ENZS-F3-GMS-2751A.mp3,0.000,6.758,6.758,transcript_media/en/ZS_F3_2751_en.mp3,F3-GMS-2751A 00:00.00-00:06.76
2752,3,2751,3,GLOSSIKA-ENZS-F3-GMS-2751A.mp3,18.980,21.231,2.251,transcript_media/en/ZS_F3_2752_en.mp3,F3-GMS-2751A 00:18.98-00:21.23
2753,3,2751,6,GLOSSIKA-ENZS-F3-GMS-2751A.mp3,34.541,37.758,3.217,transcript_media/en/ZS_F3_2753_en.mp3,F3-GMS-2751A 00:34.54-00:37.76
2754,3,2751,9,GLOSSIKA-ENZS-F3-GMS-2751A.mp3,55.369,60.787,5.419,transcript_media/en/ZS_F3_2754_en.mp3,F3-GMS-2751A 00:55.37-01:00.79
2755,3,2751,12,GLOSSIKA-ENZS-F3-GMS-2751A.mp3,77.506,81.839,4.333,transcript_media/en/ZS_F3_2755_en.mp3,F3-GMS-2751A 01:17.51-01:21.84
2756,3,2751,15,GLOSSIKA-ENZS-F3-GMS-2751A.mp3,98.174,102.366,4.192,transcript_media/en/ZS_F3_2756_en.mp3,F3-GMS-2751A 01:38.17-01:42.37
2757,3,2751,18,GLOSSIKA-ENZS-F3-GMS-2751A.mp3,117.576,121.392,3.816,transcript_media/en/ZS_F3_2757_en.mp3,F3-GMS-2751A 01:57.58-02:01.39
2758,3,2751,21,GLOSSIKA-ENZS-F3-GMS-2751A.mp3,136.754,140.514,3.760,transcript_media/en/ZS_F3_2758_en.mp3,F3-GMS-2751A 02:16.75-02:20.51
2759,3,2751,24,GLOSSIKA-ENZS-F3-GMS-2751A.mp3,160.299,167.160,6.861,transcript_media/en/ZS_F3_2759_en.mp3,F3-GMS-2751A 02:40.30-02:47.16
2760,3,2751,27,GLOSSIKA-ENZS-F3-GMS-2751A.mp3,179.276,180.911,1.635,transcript_media/en/ZS_F3_2760_en.mp3,F3-GMS-2751A 02:59.28-03:00.91
2761,3,2751,30,GLOSSIKA-ENZS-F3-GMS-2751A.mp3,191.597,193.106,1.509,transcript_media/en/ZS_F3_2761_en.mp3,F3-GMS-2751A 03:11.60-03:13.11
2762,3,2751,33,GLOSSIKA-ENZS-F3-GMS-2751A.mp3,203.703,205.297,1.595,transcript_media/en/ZS_F3_2762_en.mp3,F3-GMS-2751A 03:23.70-03:25.30
2763,3,2751,36,GLOSSIKA-ENZS-F3-GMS-2751A.mp3,225.552,231.857,6.304,transcript_media/en/ZS_F3_2763_en.mp3,F3-GMS-2751A 03:45.55-03:51.86
2764,3,2751,39,GLOSSIKA-ENZS-F3-GMS-2751A.mp3,244.546,246.550,2.004,transcript_media/en/ZS_F3_2764_en.mp3,F3-GMS-2751A 04:04.55-04:06.55
2765,3,2751,42,GLOSSIKA-ENZS-F3-GMS-2751A.mp3,264.426,268.194,3.768,transcript_media/en/ZS_F3_2765_en.mp3,F3-GMS-2751A 04:24.43-04:28.19
2766,3,2751,45,GLOSSIKA-ENZS-F3-GMS-2751A.mp3,283.104,286.537,3.433,transcript_media/en/ZS_F3_2766_en.mp3,F3-GMS-2751A 04:43.10-04:46.54
2767,3,2751,48,GLOSSIKA-ENZS-F3-GMS-2751A.mp3,303.722,308.341,4.619,transcript_media/en/ZS_F3_2767_en.mp3,F3-GMS-2751A 05:03.72-05:08.34
2768,3,2751,51,GLOSSIKA-ENZS-F3-GMS-2751A.mp3,325.869,330.788,4.920,transcript_media/en/ZS_F3_2768_en.mp3,F3-GMS-2751A 05:25.87-05:30.79
2769,3,2751,54,GLOSSIKA-ENZS-F3-GMS-2751A.mp3,342.280,344.318,2.039,transcript_media/en/ZS_F3_2769_en.mp3,F3-GMS-2751A 05:42.28-05:44.32
2770,3,2751,57,GLOSSIKA-ENZS-F3-GMS-2751A.mp3,359.131,362.633,3.502,transcript_media/en/ZS_F3_2770_en.mp3,F3-GMS-2751A 05:59.13-06:02.63
2771,3,2751,60,GLOSSIKA-ENZS-F3-GMS-2751A.mp3,373.199,379.872,6.674,transcript_media/en/ZS_F3_2771_en.mp3,F3-GMS-2751A 06:13.20-06:19.87
2772,3,2751,63,GLOSSIKA-ENZS-F3-GMS-2751A.mp3,397.152,401.750,4.597,transcript_media/en/ZS_F3_2772_en.mp3,F3-GMS-2751A 06:37.15-06:41.75
2773,3,2751,66,GLOSSIKA-ENZS-F3-GMS-2751A.mp3,414.685,421.129,6.445,transcript_media/en/ZS_F3_2773_en.mp3,F3-GMS-2751A 06:54.68-07:01.13
2774,3,2751,69,GLOSSIKA-ENZS-F3-GMS-2751A.mp3,437.378,443.792,6.414,transcript_media/en/ZS_F3_2774_en.mp3,F3-GMS-2751A 07:17.38-07:23.79
2775,3,2751,72,GLOSSIKA-ENZS-F3-GMS-2751A.mp3,458.826,462.505,3.680,transcript_media/en/ZS_F3_2775_en.mp3,F3-GMS-2751A 07:38.83-07:42.51
2776,3,2751,75,GLOSSIKA-ENZS-F3-GMS-2751A.mp3,477.767,480.130,2.363,transcript_media/en/ZS_F3_2776_en.mp3,F3-GMS-2751A 07:57.77-08:00.13
2777,3,2751,78,GLOSSIKA-ENZS-F3-GMS-2751A.mp3,491.556,494.756,3.199,transcript_media/en/ZS_F3_2777_en.mp3,F3-GMS-2751A 08:11.56-08:14.76
2778,3,2751,81,GLOSSIKA-ENZS-F3-GMS-2751A.mp3,506.834,509.808,2.973,transcript_media/en/ZS_F3_2778_en.mp3,F3-GMS-2751A 08:26.83-08:29.81
2779,3,2751,84,GLOSSIKA-ENZS-F3-GMS-2751A.mp3,522.153,525.602,3.449,transcript_media/en/ZS_F3_2779_en.mp3,F3-GMS-2751A 08:42.15-08:45.60
2780,3,2751,87,GLOSSIKA-ENZS-F3-GMS-2751A.mp3,538.550,541.254,2.705,transcript_media/en/ZS_F3_2780_en.mp3,F3-GMS-2751A 08:58.55-09:01.25
2781,3,2751,90,GLOSSIKA-ENZS-F3-GMS-2751A.mp3,553.476,556.293,2.817,transcript_media/en/ZS_F3_2781_en.mp3,F3-GMS-2751A 09:13.48-09:16.29
2782,3,2751,93,GLOSSIKA-ENZS-F3-GMS-2751A.mp3,568.237,574.239,6.002,transcript_media/en/ZS_F3_2782_en.mp3,F3-GMS-2751A 09:28.24-09:34.24
2783,3,2751,96,GLOSSIKA-ENZS-F3-GMS-2751A.mp3,588.537,591.675,3.139,transcript_media/en/ZS_F3_2783_en.mp3,F3-GMS-2751A 09:48.54-09:51.68
2784,3,2751,99,GLOSSIKA-ENZS-F3-GMS-2751A.mp3,605.116,607.802,2.686,transcript_media/en/ZS_F3_2784_en.mp3,F3-GMS-2751A 10:05.12-10:07.80
2785,3,2751,102,GLOSSIKA-ENZS-F3-GMS-2751A.mp3,623.262,627.184,3.922,transcript_media/en/ZS_F3_2785_en.mp3,F3-GMS-2751A 10:23.26-10:27.18
2786,3,2751,105,GLOSSIKA-ENZS-F3-GMS-2751A.mp3,643.195,647.284,4.089,transcript_media/en/ZS_F3_2786_en.mp3,F3-GMS-2751A 10:43.19-10:47.28
2787,3,2751,108,GLOSSIKA-ENZS-F3-GMS-2751A.mp3,665.440,670.107,4.668,transcript_media/en/ZS_F3_2787_en.mp3,F3-GMS-2751A 11:05.44-11:10.11
2788,3,2751,111,GLOSSIKA-ENZS-F3-GMS-2751A.mp3,685.153,688.616,3.463,transcript_media/en/ZS_F3_2788_en.mp3,F3-GMS-2751A 11:25.15-11:28.62
2789,3,2751,114,GLOSSIKA-ENZS-F3-GMS-2751A.mp3,703.820,707.268,3.448,transcript_media/en/ZS_F3_2789_en.mp3,F3-GMS-2751A 11:43.82-11:47.27
2790,3,2751,117,GLOSSIKA-ENZS-F3-GMS-2751A.mp3,723.675,727.753,4.078,transcript_media/en/ZS_F3_2790_en.mp3,F3-GMS-2751A 12:03.68-12:07.75
2791,3,2751,120,GLOSSIKA-ENZS-F3-GMS-2751A.mp3,739.103,740.913,1.810,transcript_media/en/ZS_F3_2791_en.mp3,F3-GMS-2751A 12:19.10-12:20.91
2792,3,2751,123,GLOSSIKA-ENZS-F3-GMS-2751A.mp3,755.358,759.143,3.785,transcript_media/en/ZS_F3_2792_en.mp3,F3-GMS-2751A 12:35.36-12:39.14
2793,3,2751,126,GLOSSIKA-ENZS-F3-GMS-2751A.mp3,776.725,781.072,4.347,transcript_media/en/ZS_F3_2793_en.mp3,F3-GMS-2751A 12:56.72-13:01.07
2794,3,2751,129,GLOSSIKA-ENZS-F3-GMS-2751A.mp3,794.528,796.929,2.401,transcript_media/en/ZS_F3_2794_en.mp3,F3-GMS-2751A 13:14.53-13:16.93
2795,3,2751,132,GLOSSIKA-ENZS-F3-GMS-2751A.mp3,810.830,814.144,3.315,transcript_media/en/ZS_F3_2795_en.mp3,F3-GMS-2751A 13:30.83-13:34.14
2796,3,2751,135,GLOSSIKA-ENZS-F3-GMS-2751A.mp3,829.651,833.224,3.573,transcript_media/en/ZS_F3_2796_en.mp3,F3-GMS-2751A 13:49.65-13:53.22
2797,3,2751,138,GLOSSIKA-ENZS-F3-GMS-2751A.mp3,850.058,854.723,4.665,transcript_media/en/ZS_F3_2797_en.mp3,F3-GMS-2751A 14:10.06-14:14.72
2798,3,2751,141,GLOSSIKA-ENZS-F3-GMS-2751A.mp3,867.899,870.919,3.019,transcript_media/en/ZS_F3_2798_en.mp3,F3-GMS-2751A 14:27.90-14:30.92
2799,3,2751,144,GLOSSIKA-ENZS-F3-GMS-2751A.mp3,886.568,890.579,4.011,transcript_media/en/ZS_F3_2799_en.mp3,F3-GMS-2751A 14:46.57-14:50.58
2800,3,2751,147,GLOSSIKA-ENZS-F3-GMS-2751A.mp3,905.251,908.717,3.466,transcript_media/en/ZS_F3_2800_en.mp3,F3-GMS-2751A 15:05.25-15:08.72
2801,3,2801,0,GLOSSIKA-ENZS-F3-GMS-2801A.mp3,0.000,6.758,6.758,transcript_media/en/ZS_F3_2801_en.mp3,F3-GMS-2801A 00:00.00-00:06.76
2802,3,2801,3,GLOSSIKA-ENZS-F3-GMS-2801A.mp3,16.130,18.127,1.997,transcript_media/en/ZS_F3_2802_en.mp3,F3-GMS-2801A 00:16.13-00:18.13
2803,3,2801,6,GLOSSIKA-ENZS-F3-GMS-2801A.mp3,30.667,32.952,2.285,transcript_media/en/ZS_F3_2803_en.mp3,F3-GMS-2801A 00:30.67-00:32.95
2804,3,2801,9,GLOSSIKA-ENZS-F3-GMS-2801A.mp3,47.162,50.179,3.017,transcript_media/en/ZS_F3_2804_en.mp3,F3-GMS-2801A 00:47.16-00:50.18
2805,3,2801,12,GLOSSIKA-ENZS-F3-GMS-2801A.mp3,66.721,70.750,4.029,transcript_media/en/ZS_F3_2805_en.mp3,F3-GMS-2801A 01:06.72-01:10.75
2806,3,2801,15,GLOSSIKA-ENZS-F3-GMS-2801A.mp3,85.319,88.793,3.475,transcript_media/en/ZS_F3_2806_en.mp3,F3-GMS-2801A 01:25.32-01:28.79
2807,3,2801,18,GLOSSIKA-ENZS-F3-GMS-2801A.mp3,104.875,108.949,4.074,transcript_media/en/ZS_F3_2807_en.mp3,F3-GMS-2801A 01:44.87-01:48.95
2808,3,2801,21,GLOSSIKA-ENZS-F3-GMS-2801A.mp3,123.750,127.794,4.044,transcript_media/en/ZS_F3_2808_en.mp3,F3-GMS-2801A 02:03.75-02:07.79
2809,3,2801,24,GLOSSIKA-ENZS-F3-GMS-2801A.mp3,139.162,142.866,3.705,transcript_media/en/ZS_F3_2809_en.mp3,F3-GMS-2801A 02:19.16-02:22.87
2810,3,2801,27,GLOSSIKA-ENZS-F3-GMS-2801A.mp3,157.678,159.670,1.992,transcript_media/en/ZS_F3_2810_en.mp3,F3-GMS-2801A 02:37.68-02:39.67
2811,3,2801,30,GLOSSIKA-ENZS-F3-GMS-2801A.mp3,172.433,175.731,3.298,transcript_media/en/ZS_F3_2811_en.mp3,F3-GMS-2801A 02:52.43-02:55.73
2812,3,2801,33,GLOSSIKA-ENZS-F3-GMS-2801A.mp3,189.085,192.205,3.121,transcript_media/en/ZS_F3_2812_en.mp3,F3-GMS-2801A 03:09.08-03:12.21
2813,3,2801,36,GLOSSIKA-ENZS-F3-GMS-2801A.mp3,199.336,200.381,1.045,transcript_media/en/ZS_F3_2813_en.mp3,F3-GMS-2801A 03:19.34-03:20.38
2814,3,2801,39,GLOSSIKA-ENZS-F3-GMS-2801A.mp3,212.844,213.956,1.112,transcript_media/en/ZS_F3_2814_en.mp3,F3-GMS-2801A 03:32.84-03:33.96
2815,3,2801,42,GLOSSIKA-ENZS-F3-GMS-2801A.mp3,227.457,230.063,2.607,transcript_media/en/ZS_F3_2815_en.mp3,F3-GMS-2801A 03:47.46-03:50.06
2816,3,2801,45,GLOSSIKA-ENZS-F3-GMS-2801A.mp3,246.250,250.821,4.572,transcript_media/en/ZS_F3_2816_en.mp3,F3-GMS-2801A 04:06.25-04:10.82
2817,3,2801,48,GLOSSIKA-ENZS-F3-GMS-2801A.mp3,267.473,272.066,4.594,transcript_media/en/ZS_F3_2817_en.mp3,F3-GMS-2801A 04:27.47-04:32.07
2818,3,2801,51,GLOSSIKA-ENZS-F3-GMS-2801A.mp3,286.809,290.235,3.426,transcript_media/en/ZS_F3_2818_en.mp3,F3-GMS-2801A 04:46.81-04:50.23
2819,3,2801,54,GLOSSIKA-ENZS-F3-GMS-2801A.mp3,304.059,306.914,2.856,transcript_media/en/ZS_F3_2819_en.mp3,F3-GMS-2801A 05:04.06-05:06.91
2820,3,2801,57,GLOSSIKA-ENZS-F3-GMS-2801A.mp3,319.453,321.730,2.277,transcript_media/en/ZS_F3_2820_en.mp3,F3-GMS-2801A 05:19.45-05:21.73
2821,3,2801,60,GLOSSIKA-ENZS-F3-GMS-2801A.mp3,334.353,336.783,2.430,transcript_media/en/ZS_F3_2821_en.mp3,F3-GMS-2801A 05:34.35-05:36.78
2822,3,2801,63,GLOSSIKA-ENZS-F3-GMS-2801A.mp3,349.844,352.388,2.544,transcript_media/en/ZS_F3_2822_en.mp3,F3-GMS-2801A 05:49.84-05:52.39
2823,3,2801,66,GLOSSIKA-ENZS-F3-GMS-2801A.mp3,368.328,371.658,3.330,transcript_media/en/ZS_F3_2823_en.mp3,F3-GMS-2801A 06:08.33-06:11.66
2824,3,2801,69,GLOSSIKA-ENZS-F3-GMS-2801A.mp3,384.760,386.951,2.191,transcript_media/en/ZS_F3_2824_en.mp3,F3-GMS-2801A 06:24.76-06:26.95
2825,3,2801,72,GLOSSIKA-ENZS-F3-GMS-2801A.mp3,400.926,404.080,3.154,transcript_media/en/ZS_F3_2825_en.mp3,F3-GMS-2801A 06:40.93-06:44.08
2826,3,2801,75,GLOSSIKA-ENZS-F3-GMS-2801A.mp3,418.494,421.894,3.400,transcript_media/en/ZS_F3_2826_en.mp3,F3-GMS-2801A 06:58.49-07:01.89
2827,3,2801,78,GLOSSIKA-ENZS-F3-GMS-2801A.mp3,437.104,441.056,3.952,transcript_media/en/ZS_F3_2827_en.mp3,F3-GMS-2801A 07:17.10-07:21.06
2828,3,2801,81,GLOSSIKA-ENZS-F3-GMS-2801A.mp3,454.505,457.629,3.124,transcript_media/en/ZS_F3_2828_en.mp3,F3-GMS-2801A 07:34.51-07:37.63
2829,3,2801,84,GLOSSIKA-ENZS-F3-GMS-2801A.mp3,474.165,478.950,4.785,transcript_media/en/ZS_F3_2829_en.mp3,F3-GMS-2801A 07:54.17-07:58.95
2830,3,2801,87,GLOSSIKA-ENZS-F3-GMS-2801A.mp3,492.180,494.567,2.388,transcript_media/en/ZS_F3_2830_en.mp3,F3-GMS-2801A 08:12.18-08:14.57
2831,3,2801,90,GLOSSIKA-ENZS-F3-GMS-2801A.mp3,508.382,511.013,2.631,transcript_media/en/ZS_F3_2831_en.mp3,F3-GMS-2801A 08:28.38-08:31.01
2832,3,2801,93,GLOSSIKA-ENZS-F3-GMS-2801A.mp3,532.667,539.923,7.257,transcript_media/en/ZS_F3_2832_en.mp3,F3-GMS-2801A 08:52.67-08:59.92
2833,3,2801,96,GLOSSIKA-ENZS-F3-GMS-2801A.mp3,553.498,556.640,3.142,transcript_media/en/ZS_F3_2833_en.mp3,F3-GMS-2801A 09:13.50-09:16.64
2834,3,2801,99,GLOSSIKA-ENZS-F3-GMS-2801A.mp3,578.535,586.155,7.620,transcript_media/en/ZS_F3_2834_en.mp3,F3-GMS-2801A 09:38.54-09:46.16
2835,3,2801,102,GLOSSIKA-ENZS-F3-GMS-2801A.mp3,601.538,605.513,3.975,transcript_media/en/ZS_F3_2835_en.mp3,F3-GMS-2801A 10:01.54-10:05.51
2836,3,2801,105,GLOSSIKA-ENZS-F3-GMS-2801A.mp3,616.607,618.168,1.561,transcript_media/en/ZS_F3_2836_en.mp3,F3-GMS-2801A 10:16.61-10:18.17
2837,3,2801,108,GLOSSIKA-ENZS-F3-GMS-2801A.mp3,630.442,633.033,2.591,transcript_media/en/ZS_F3_2837_en.mp3,F3-GMS-2801A 10:30.44-10:33.03
2838,3,2801,111,GLOSSIKA-ENZS-F3-GMS-2801A.mp3,645.013,647.843,2.830,transcript_media/en/ZS_F3_2838_en.mp3,F3-GMS-2801A 10:45.01-10:47.84
2839,3,2801,114,GLOSSIKA-ENZS-F3-GMS-2801A.mp3,660.674,663.067,2.393,transcript_media/en/ZS_F3_2839_en.mp3,F3-GMS-2801A 11:00.67-11:03.07
2840,3,2801,117,GLOSSIKA-ENZS-F3-GMS-2801A.mp3,680.543,686.258,5.715,transcript_media/en/ZS_F3_2840_en.mp3,F3-GMS-2801A 11:20.54-11:26.26
2841,3,2801,120,GLOSSIKA-ENZS-F3-GMS-2801A.mp3,698.304,700.381,2.078,transcript_media/en/ZS_F3_2841_en.mp3,F3-GMS-2801A 11:38.30-11:40.38
2842,3,2801,123,GLOSSIKA-ENZS-F3-GMS-2801A.mp3,714.705,717.961,3.257,transcript_media/en/ZS_F3_2842_en.mp3,F3-GMS-2801A 11:54.70-11:57.96
2843,3,2801,126,GLOSSIKA-ENZS-F3-GMS-2801A.mp3,734.231,738.753,4.522,transcript_media/en/ZS_F3_2843_en.mp3,F3-GMS-2801A 12:14.23-12:18.75
2844,3,2801,129,GLOSSIKA-ENZS-F3-GMS-2801A.mp3,751.102,753.286,2.183,transcript_media/en/ZS_F3_2844_en.mp3,F3-GMS-2801A 12:31.10-12:33.29
2845,3,2801,132,GLOSSIKA-ENZS-F3-GMS-2801A.mp3,765.226,767.337,2.112,transcript_media/en/ZS_F3_2845_en.mp3,F3-GMS-2801A 12:45.23-12:47.34
2846,3,2801,135,GLOSSIKA-ENZS-F3-GMS-2801A.mp3,785.543,790.733,5.190,transcript_media/en/ZS_F3_2846_en.mp3,F3-GMS-2801A 13:05.54-13:10.73
2847,3,2801,138,GLOSSIKA-ENZS-F3-GMS-2801A.mp3,804.547,807.564,3.017,transcript_media/en/ZS_F3_2847_en.mp3,F3-GMS-2801A 13:24.55-13:27.56
2848,3,2801,141,GLOSSIKA-ENZS-F3-GMS-2801A.mp3,822.330,826.207,3.877,transcript_media/en/ZS_F3_2848_en.mp3,F3-GMS-2801A 13:42.33-13:46.21
2849,3,2801,144,GLOSSIKA-ENZS-F3-GMS-2801A.mp3,839.369,841.948,2.579,transcript_media/en/ZS_F3_2849_en.mp3,F3-GMS-2801A 13:59.37-14:01.95
2850,3,2801,147,GLOSSIKA-ENZS-F3-GMS-2801A.mp3,857.618,861.793,4.175,transcript_media/en/ZS_F3_2850_en.mp3,F3-GMS-2801A 14:17.62-14:21.79
2851,3,2851,0,GLOSSIKA-ENZS-F3-GMS-2851A.mp3,14.552,18.076,3.524,transcript_media/en/ZS_F3_2851_en.mp3,F3-GMS-2851A 00:14.55-00:18.08
2852,3,2851,3,GLOSSIKA-ENZS-F3-GMS-2851A.mp3,32.421,36.145,3.724,transcript_media/en/ZS_F3_2852_en.mp3,F3-GMS-2851A 00:32.42-00:36.15
2853,3,2851,6,GLOSSIKA-ENZS-F3-GMS-2851A.mp3,51.490,55.115,3.625,transcript_media/en/ZS_F3_2853_en.mp3,F3-GMS-2851A 00:51.49-00:55.12
2854,3,2851,9,GLOSSIKA-ENZS-F3-GMS-2851A.mp3,68.999,71.954,2.956,transcript_media/en/ZS_F3_2854_en.mp3,F3-GMS-2851A 01:09.00-01:11.95
2855,3,2851,12,GLOSSIKA-ENZS-F3-GMS-2851A.mp3,84.684,86.504,1.820,transcript_media/en/ZS_F3_2855_en.mp3,F3-GMS-2851A 01:24.68-01:26.50
2856,3,2851,15,GLOSSIKA-ENZS-F3-GMS-2851A.mp3,98.050,101.166,3.116,transcript_media/en/ZS_F3_2856_en.mp3,F3-GMS-2851A 01:38.05-01:41.17
2857,3,2851,18,GLOSSIKA-ENZS-F3-GMS-2851A.mp3,113.835,115.876,2.041,transcript_media/en/ZS_F3_2857_en.mp3,F3-GMS-2851A 01:53.84-01:55.88
2858,3,2851,21,GLOSSIKA-ENZS-F3-GMS-2851A.mp3,127.569,130.440,2.871,transcript_media/en/ZS_F3_2858_en.mp3,F3-GMS-2851A 02:07.57-02:10.44
2859,3,2851,24,GLOSSIKA-ENZS-F3-GMS-2851A.mp3,144.642,148.206,3.563,transcript_media/en/ZS_F3_2859_en.mp3,F3-GMS-2851A 02:24.64-02:28.21
2860,3,2851,27,GLOSSIKA-ENZS-F3-GMS-2851A.mp3,161.936,164.223,2.287,transcript_media/en/ZS_F3_2860_en.mp3,F3-GMS-2851A 02:41.94-02:44.22
2861,3,2851,30,GLOSSIKA-ENZS-F3-GMS-2851A.mp3,179.049,182.907,3.858,transcript_media/en/ZS_F3_2861_en.mp3,F3-GMS-2851A 02:59.05-03:02.91
2862,3,2851,33,GLOSSIKA-ENZS-F3-GMS-2851A.mp3,197.368,200.600,3.232,transcript_media/en/ZS_F3_2862_en.mp3,F3-GMS-2851A 03:17.37-03:20.60
2863,3,2851,36,GLOSSIKA-ENZS-F3-GMS-2851A.mp3,214.966,218.516,3.550,transcript_media/en/ZS_F3_2863_en.mp3,F3-GMS-2851A 03:34.97-03:38.52
2864,3,2851,39,GLOSSIKA-ENZS-F3-GMS-2851A.mp3,231.633,233.263,1.630,transcript_media/en/ZS_F3_2864_en.mp3,F3-GMS-2851A 03:51.63-03:53.26
2865,3,2851,42,GLOSSIKA-ENZS-F3-GMS-2851A.mp3,246.923,251.736,4.813,transcript_media/en/ZS_F3_2865_en.mp3,F3-GMS-2851A 04:06.92-04:11.74
2866,3,2851,45,GLOSSIKA-ENZS-F3-GMS-2851A.mp3,266.783,269.090,2.307,transcript_media/en/ZS_F3_2866_en.mp3,F3-GMS-2851A 04:26.78-04:29.09
2867,3,2851,48,GLOSSIKA-ENZS-F3-GMS-2851A.mp3,281.977,285.675,3.698,transcript_media/en/ZS_F3_2867_en.mp3,F3-GMS-2851A 04:41.98-04:45.67
2868,3,2851,51,GLOSSIKA-ENZS-F3-GMS-2851A.mp3,300.310,303.534,3.224,transcript_media/en/ZS_F3_2868_en.mp3,F3-GMS-2851A 05:00.31-05:03.53
2869,3,2851,54,GLOSSIKA-ENZS-F3-GMS-2851A.mp3,316.118,317.450,1.332,transcript_media/en/ZS_F3_2869_en.mp3,F3-GMS-2851A 05:16.12-05:17.45
2870,3,2851,57,GLOSSIKA-ENZS-F3-GMS-2851A.mp3,328.992,330.821,1.829,transcript_media/en/ZS_F3_2870_en.mp3,F3-GMS-2851A 05:28.99-05:30.82
2871,3,2851,60,GLOSSIKA-ENZS-F3-GMS-2851A.mp3,342.769,344.915,2.146,transcript_media/en/ZS_F3_2871_en.mp3,F3-GMS-2851A 05:42.77-05:44.92
2872,3,2851,63,GLOSSIKA-ENZS-F3-GMS-2851A.mp3,357.745,361.217,3.471,transcript_media/en/ZS_F3_2872_en.mp3,F3-GMS-2851A 05:57.75-06:01.22
2873,3,2851,66,GLOSSIKA-ENZS-F3-GMS-2851A.mp3,374.275,376.593,2.318,transcript_media/en/ZS_F3_2873_en.mp3,F3-GMS-2851A 06:14.28-06:16.59
2874,3,2851,69,GLOSSIKA-ENZS-F3-GMS-2851A.mp3,388.417,390.176,1.758,transcript_media/en/ZS_F3_2874_en.mp3,F3-GMS-2851A 06:28.42-06:30.18
2875,3,2851,72,GLOSSIKA-ENZS-F3-GMS-2851A.mp3,402.501,405.998,3.496,transcript_media/en/ZS_F3_2875_en.mp3,F3-GMS-2851A 06:42.50-06:46.00
2876,3,2851,75,GLOSSIKA-ENZS-F3-GMS-2851A.mp3,419.761,422.987,3.225,transcript_media/en/ZS_F3_2876_en.mp3,F3-GMS-2851A 06:59.76-07:02.99
2877,3,2851,78,GLOSSIKA-ENZS-F3-GMS-2851A.mp3,438.590,443.209,4.620,transcript_media/en/ZS_F3_2877_en.mp3,F3-GMS-2851A 07:18.59-07:23.21
2878,3,2851,81,GLOSSIKA-ENZS-F3-GMS-2851A.mp3,458.156,460.871,2.715,transcript_media/en/ZS_F3_2878_en.mp3,F3-GMS-2851A 07:38.16-07:40.87
2879,3,2851,84,GLOSSIKA-ENZS-F3-GMS-2851A.mp3,475.522,479.756,4.234,transcript_media/en/ZS_F3_2879_en.mp3,F3-GMS-2851A 07:55.52-07:59.76
2880,3,2851,87,GLOSSIKA-ENZS-F3-GMS-2851A.mp3,496.711,499.030,2.319,transcript_media/en/ZS_F3_2880_en.mp3,F3-GMS-2851A 08:16.71-08:19.03
2881,3,2851,90,GLOSSIKA-ENZS-F3-GMS-2851A.mp3,512.325,516.605,4.280,transcript_media/en/ZS_F3_2881_en.mp3,F3-GMS-2851A 08:32.33-08:36.61
2882,3,2851,93,GLOSSIKA-ENZS-F3-GMS-2851A.mp3,532.151,534.029,1.878,transcript_media/en/ZS_F3_2882_en.mp3,F3-GMS-2851A 08:52.15-08:54.03
2883,3,2851,96,GLOSSIKA-ENZS-F3-GMS-2851A.mp3,549.959,555.384,5.425,transcript_media/en/ZS_F3_2883_en.mp3,F3-GMS-2851A 09:09.96-09:15.38
2884,3,2851,99,GLOSSIKA-ENZS-F3-GMS-2851A.mp3,571.069,573.842,2.772,transcript_media/en/ZS_F3_2884_en.mp3,F3-GMS-2851A 09:31.07-09:33.84
2885,3,2851,102,GLOSSIKA-ENZS-F3-GMS-2851A.mp3,585.719,592.110,6.391,transcript_media/en/ZS_F3_2885_en.mp3,F3-GMS-2851A 09:45.72-09:52.11
2886,3,2851,105,GLOSSIKA-ENZS-F3-GMS-2851A.mp3,605.723,609.630,3.907,transcript_media/en/ZS_F3_2886_en.mp3,F3-GMS-2851A 10:05.72-10:09.63
2887,3,2851,108,GLOSSIKA-ENZS-F3-GMS-2851A.mp3,624.443,626.817,2.375,transcript_media/en/ZS_F3_2887_en.mp3,F3-GMS-2851A 10:24.44-10:26.82
2888,3,2851,111,GLOSSIKA-ENZS-F3-GMS-2851A.mp3,637.986,643.062,5.077,transcript_media/en/ZS_F3_2888_en.mp3,F3-GMS-2851A 10:37.99-10:43.06
2889,3,2851,114,GLOSSIKA-ENZS-F3-GMS-2851A.mp3,662.092,665.801,3.709,transcript_media/en/ZS_F3_2889_en.mp3,F3-GMS-2851A 11:02.09-11:05.80
2890,3,2851,117,GLOSSIKA-ENZS-F3-GMS-2851A.mp3,681.665,685.078,3.413,transcript_media/en/ZS_F3_2890_en.mp3,F3-GMS-2851A 11:21.66-11:25.08
2891,3,2851,120,GLOSSIKA-ENZS-F3-GMS-2851A.mp3,700.242,703.439,3.197,transcript_media/en/ZS_F3_2891_en.mp3,F3-GMS-2851A 11:40.24-11:43.44
2892,3,2851,123,GLOSSIKA-ENZS-F3-GMS-2851A.mp3,717.305,720.278,2.972,transcript_media/en/ZS_F3_2892_en.mp3,F3-GMS-2851A 11:57.31-12:00.28
2893,3,2851,126,GLOSSIKA-ENZS-F3-GMS-2851A.mp3,732.713,735.879,3.165,transcript_media/en/ZS_F3_2893_en.mp3,F3-GMS-2851A 12:12.71-12:15.88
2894,3,2851,129,GLOSSIKA-ENZS-F3-GMS-2851A.mp3,749.950,753.983,4.033,transcript_media/en/ZS_F3_2894_en.mp3,F3-GMS-2851A 12:29.95-12:33.98
2895,3,2851,132,GLOSSIKA-ENZS-F3-GMS-2851A.mp3,768.621,771.510,2.890,transcript_media/en/ZS_F3_2895_en.mp3,F3-GMS-2851A 12:48.62-12:51.51
2896,3,2851,135,GLOSSIKA-ENZS-F3-GMS-2851A.mp3,784.104,787.014,2.910,transcript_media/en/ZS_F3_2896_en.mp3,F3-GMS-2851A 13:04.10-13:07.01
2897,3,2851,138,GLOSSIKA-ENZS-F3-GMS-2851A.mp3,798.793,802.858,4.065,transcript_media/en/ZS_F3_2897_en.mp3,F3-GMS-2851A 13:18.79-13:22.86
2898,3,2851,141,GLOSSIKA-ENZS-F3-GMS-2851A.mp3,822.145,825.368,3.223,transcript_media/en/ZS_F3_2898_en.mp3,F3-GMS-2851A 13:42.15-13:45.37
2899,3,2851,144,GLOSSIKA-ENZS-F3-GMS-2851A.mp3,840.487,844.085,3.597,transcript_media/en/ZS_F3_2899_en.mp3,F3-GMS-2851A 14:00.49-14:04.08
2900,3,2851,147,GLOSSIKA-ENZS-F3-GMS-2851A.mp3,860.859,864.021,3.163,transcript_media/en/ZS_F3_2900_en.mp3,F3-GMS-2851A 14:20.86-14:24.02
2901,3,2901,0,GLOSSIKA-ENZS-F3-GMS-2901A.mp3,13.143,15.391,2.248,transcript_media/en/ZS_F3_2901_en.mp3,F3-GMS-2901A 00:13.14-00:15.39
2902,3,2901,3,GLOSSIKA-ENZS-F3-GMS-2901A.mp3,28.955,33.220,4.264,transcript_media/en/ZS_F3_2902_en.mp3,F3-GMS-2901A 00:28.96-00:33.22
2903,3,2901,6,GLOSSIKA-ENZS-F3-GMS-2901A.mp3,46.977,49.072,2.095,transcript_media/en/ZS_F3_2903_en.mp3,F3-GMS-2901A 00:46.98-00:49.07
2904,3,2901,9,GLOSSIKA-ENZS-F3-GMS-2901A.mp3,60.859,63.769,2.909,transcript_media/en/ZS_F3_2904_en.mp3,F3-GMS-2901A 01:00.86-01:03.77
2905,3,2901,12,GLOSSIKA-ENZS-F3-GMS-2901A.mp3,76.526,79.239,2.713,transcript_media/en/ZS_F3_2905_en.mp3,F3-GMS-2901A 01:16.53-01:19.24
2906,3,2901,15,GLOSSIKA-ENZS-F3-GMS-2901A.mp3,92.949,96.833,3.884,transcript_media/en/ZS_F3_2906_en.mp3,F3-GMS-2901A 01:32.95-01:36.83
2907,3,2901,18,GLOSSIKA-ENZS-F3-GMS-2901A.mp3,111.479,114.017,2.537,transcript_media/en/ZS_F3_2907_en.mp3,F3-GMS-2901A 01:51.48-01:54.02
2908,3,2901,21,GLOSSIKA-ENZS-F3-GMS-2901A.mp3,127.549,130.394,2.845,transcript_media/en/ZS_F3_2908_en.mp3,F3-GMS-2901A 02:07.55-02:10.39
2909,3,2901,24,GLOSSIKA-ENZS-F3-GMS-2901A.mp3,143.266,145.370,2.103,transcript_media/en/ZS_F3_2909_en.mp3,F3-GMS-2901A 02:23.27-02:25.37
2910,3,2901,27,GLOSSIKA-ENZS-F3-GMS-2901A.mp3,159.113,162.382,3.269,transcript_media/en/ZS_F3_2910_en.mp3,F3-GMS-2901A 02:39.11-02:42.38
2911,3,2901,30,GLOSSIKA-ENZS-F3-GMS-2901A.mp3,177.776,185.109,7.333,transcript_media/en/ZS_F3_2911_en.mp3,F3-GMS-2901A 02:57.78-03:05.11
2912,3,2901,33,GLOSSIKA-ENZS-F3-GMS-2901A.mp3,203.035,206.549,3.514,transcript_media/en/ZS_F3_2912_en.mp3,F3-GMS-2901A 03:23.04-03:26.55
2913,3,2901,36,GLOSSIKA-ENZS-F3-GMS-2901A.mp3,223.067,228.107,5.040,transcript_media/en/ZS_F3_2913_en.mp3,F3-GMS-2901A 03:43.07-03:48.11
2914,3,2901,39,GLOSSIKA-ENZS-F3-GMS-2901A.mp3,245.150,249.870,4.720,transcript_media/en/ZS_F3_2914_en.mp3,F3-GMS-2901A 04:05.15-04:09.87
2915,3,2901,42,GLOSSIKA-ENZS-F3-GMS-2901A.mp3,265.945,270.152,4.207,transcript_media/en/ZS_F3_2915_en.mp3,F3-GMS-2901A 04:25.94-04:30.15
2916,3,2901,45,GLOSSIKA-ENZS-F3-GMS-2901A.mp3,285.841,290.155,4.314,transcript_media/en/ZS_F3_2916_en.mp3,F3-GMS-2901A 04:45.84-04:50.16
2917,3,2901,48,GLOSSIKA-ENZS-F3-GMS-2901A.mp3,305.228,309.120,3.891,transcript_media/en/ZS_F3_2917_en.mp3,F3-GMS-2901A 05:05.23-05:09.12
2918,3,2901,51,GLOSSIKA-ENZS-F3-GMS-2901A.mp3,323.191,325.640,2.449,transcript_media/en/ZS_F3_2918_en.mp3,F3-GMS-2901A 05:23.19-05:25.64
2919,3,2901,54,GLOSSIKA-ENZS-F3-GMS-2901A.mp3,338.923,342.677,3.754,transcript_media/en/ZS_F3_2919_en.mp3,F3-GMS-2901A 05:38.92-05:42.68
2920,3,2901,57,GLOSSIKA-ENZS-F3-GMS-2901A.mp3,357.784,362.418,4.635,transcript_media/en/ZS_F3_2920_en.mp3,F3-GMS-2901A 05:57.78-06:02.42
2921,3,2901,60,GLOSSIKA-ENZS-F3-GMS-2901A.mp3,377.677,380.549,2.872,transcript_media/en/ZS_F3_2921_en.mp3,F3-GMS-2901A 06:17.68-06:20.55
2922,3,2901,63,GLOSSIKA-ENZS-F3-GMS-2901A.mp3,396.782,403.049,6.267,transcript_media/en/ZS_F3_2922_en.mp3,F3-GMS-2901A 06:36.78-06:43.05
2923,3,2901,66,GLOSSIKA-ENZS-F3-GMS-2901A.mp3,418.806,422.257,3.451,transcript_media/en/ZS_F3_2923_en.mp3,F3-GMS-2901A 06:58.81-07:02.26
2924,3,2901,69,GLOSSIKA-ENZS-F3-GMS-2901A.mp3,443.282,447.358,4.076,transcript_media/en/ZS_F3_2924_en.mp3,F3-GMS-2901A 07:23.28-07:27.36
2925,3,2901,72,GLOSSIKA-ENZS-F3-GMS-2901A.mp3,463.798,467.575,3.777,transcript_media/en/ZS_F3_2925_en.mp3,F3-GMS-2901A 07:43.80-07:47.57
2926,3,2901,75,GLOSSIKA-ENZS-F3-GMS-2901A.mp3,483.031,491.501,8.470,transcript_media/en/ZS_F3_2926_en.mp3,F3-GMS-2901A 08:03.03-08:11.50
2927,3,2901,78,GLOSSIKA-ENZS-F3-GMS-2901A.mp3,517.249,522.418,5.168,transcript_media/en/ZS_F3_2927_en.mp3,F3-GMS-2901A 08:37.25-08:42.42
2928,3,2901,81,GLOSSIKA-ENZS-F3-GMS-2901A.mp3,541.748,544.365,2.616,transcript_media/en/ZS_F3_2928_en.mp3,F3-GMS-2901A 09:01.75-09:04.36
2929,3,2901,84,GLOSSIKA-ENZS-F3-GMS-2901A.mp3,556.484,559.642,3.157,transcript_media/en/ZS_F3_2929_en.mp3,F3-GMS-2901A 09:16.48-09:19.64
2930,3,2901,87,GLOSSIKA-ENZS-F3-GMS-2901A.mp3,574.541,577.284,2.742,transcript_media/en/ZS_F3_2930_en.mp3,F3-GMS-2901A 09:34.54-09:37.28
2931,3,2901,90,GLOSSIKA-ENZS-F3-GMS-2901A.mp3,591.571,594.709,3.138,transcript_media/en/ZS_F3_2931_en.mp3,F3-GMS-2901A 09:51.57-09:54.71
2932,3,2901,93,GLOSSIKA-ENZS-F3-GMS-2901A.mp3,607.750,611.391,3.641,transcript_media/en/ZS_F3_2932_en.mp3,F3-GMS-2901A 10:07.75-10:11.39
2933,3,2901,96,GLOSSIKA-ENZS-F3-GMS-2901A.mp3,627.535,631.481,3.945,transcript_media/en/ZS_F3_2933_en.mp3,F3-GMS-2901A 10:27.54-10:31.48
2934,3,2901,99,GLOSSIKA-ENZS-F3-GMS-2901A.mp3,647.141,652.767,5.626,transcript_media/en/ZS_F3_2934_en.mp3,F3-GMS-2901A 10:47.14-10:52.77
2935,3,2901,102,GLOSSIKA-ENZS-F3-GMS-2901A.mp3,670.727,673.782,3.054,transcript_media/en/ZS_F3_2935_en.mp3,F3-GMS-2901A 11:10.73-11:13.78
2936,3,2901,105,GLOSSIKA-ENZS-F3-GMS-2901A.mp3,685.845,688.987,3.142,transcript_media/en/ZS_F3_2936_en.mp3,F3-GMS-2901A 11:25.84-11:28.99
2937,3,2901,108,GLOSSIKA-ENZS-F3-GMS-2901A.mp3,700.608,702.316,1.708,transcript_media/en/ZS_F3_2937_en.mp3,F3-GMS-2901A 11:40.61-11:42.32
2938,3,2901,111,GLOSSIKA-ENZS-F3-GMS-2901A.mp3,713.471,716.721,3.250,transcript_media/en/ZS_F3_2938_en.mp3,F3-GMS-2901A 11:53.47-11:56.72
2939,3,2901,114,GLOSSIKA-ENZS-F3-GMS-2901A.mp3,730.591,734.623,4.032,transcript_media/en/ZS_F3_2939_en.mp3,F3-GMS-2901A 12:10.59-12:14.62
2940,3,2901,117,GLOSSIKA-ENZS-F3-GMS-2901A.mp3,751.772,757.142,5.371,transcript_media/en/ZS_F3_2940_en.mp3,F3-GMS-2901A 12:31.77-12:37.14
2941,3,2901,120,GLOSSIKA-ENZS-F3-GMS-2901A.mp3,775.975,780.162,4.187,transcript_media/en/ZS_F3_2941_en.mp3,F3-GMS-2901A 12:55.97-13:00.16
2942,3,2901,123,GLOSSIKA-ENZS-F3-GMS-2901A.mp3,796.818,800.102,3.284,transcript_media/en/ZS_F3_2942_en.mp3,F3-GMS-2901A 13:16.82-13:20.10
2943,3,2901,126,GLOSSIKA-ENZS-F3-GMS-2901A.mp3,812.620,818.960,6.340,transcript_media/en/ZS_F3_2943_en.mp3,F3-GMS-2901A 13:32.62-13:38.96
2944,3,2901,129,GLOSSIKA-ENZS-F3-GMS-2901A.mp3,838.733,841.221,2.488,transcript_media/en/ZS_F3_2944_en.mp3,F3-GMS-2901A 13:58.73-14:01.22
2945,3,2901,132,GLOSSIKA-ENZS-F3-GMS-2901A.mp3,853.479,861.357,7.878,transcript_media/en/ZS_F3_2945_en.mp3,F3-GMS-2901A 14:13.48-14:21.36
2946,3,2901,135,GLOSSIKA-ENZS-F3-GMS-2901A.mp3,883.522,887.358,3.835,transcript_media/en/ZS_F3_2946_en.mp3,F3-GMS-2901A 14:43.52-14:47.36
2947,3,2901,138,GLOSSIKA-ENZS-F3-GMS-2901A.mp3,901.205,905.256,4.052,transcript_media/en/ZS_F3_2947_en.mp3,F3-GMS-2901A 15:01.20-15:05.26
2948,3,2901,141,GLOSSIKA-ENZS-F3-GMS-2901A.mp3,919.818,926.586,6.768,transcript_media/en/ZS_F3_2948_en.mp3,F3-GMS-2901A 15:19.82-15:26.59
2949,3,2901,144,GLOSSIKA-ENZS-F3-GMS-2901A.mp3,949.510,953.113,3.602,transcript_media/en/ZS_F3_2949_en.mp3,F3-GMS-2901A 15:49.51-15:53.11
2950,3,2901,147,GLOSSIKA-ENZS-F3-GMS-2901A.mp3,965.920,972.393,6.473,transcript_media/en/ZS_F3_2950_en.mp3,F3-GMS-2901A 16:05.92-16:12.39
2951,3,2951,0,GLOSSIKA-ENZS-F3-GMS-2951A.mp3,17.160,23.131,5.971,transcript_media/en/ZS_F3_2951_en.mp3,F3-GMS-2951A 00:17.16-00:23.13
2952,3,2951,3,GLOSSIKA-ENZS-F3-GMS-2951A.mp3,40.133,43.776,3.643,transcript_media/en/ZS_F3_2952_en.mp3,F3-GMS-2951A 00:40.13-00:43.78
2953,3,2951,6,GLOSSIKA-ENZS-F3-GMS-2951A.mp3,58.131,61.093,2.962,transcript_media/en/ZS_F3_2953_en.mp3,F3-GMS-2951A 00:58.13-01:01.09
2954,3,2951,9,GLOSSIKA-ENZS-F3-GMS-2951A.mp3,75.292,78.936,3.644,transcript_media/en/ZS_F3_2954_en.mp3,F3-GMS-2951A 01:15.29-01:18.94
2955,3,2951,12,GLOSSIKA-ENZS-F3-GMS-2951A.mp3,94.416,98.517,4.101,transcript_media/en/ZS_F3_2955_en.mp3,F3-GMS-2951A 01:34.42-01:38.52
2956,3,2951,15,GLOSSIKA-ENZS-F3-GMS-2951A.mp3,117.734,124.557,6.823,transcript_media/en/ZS_F3_2956_en.mp3,F3-GMS-2951A 01:57.73-02:04.56
2957,3,2951,18,GLOSSIKA-ENZS-F3-GMS-2951A.mp3,143.000,146.589,3.589,transcript_media/en/ZS_F3_2957_en.mp3,F3-GMS-2951A 02:23.00-02:26.59
2958,3,2951,21,GLOSSIKA-ENZS-F3-GMS-2951A.mp3,162.742,167.611,4.870,transcript_media/en/ZS_F3_2958_en.mp3,F3-GMS-2951A 02:42.74-02:47.61
2959,3,2951,24,GLOSSIKA-ENZS-F3-GMS-2951A.mp3,184.008,189.990,5.981,transcript_media/en/ZS_F3_2959_en.mp3,F3-GMS-2951A 03:04.01-03:09.99
2960,3,2951,27,GLOSSIKA-ENZS-F3-GMS-2951A.mp3,207.086,210.753,3.667,transcript_media/en/ZS_F3_2960_en.mp3,F3-GMS-2951A 03:27.09-03:30.75
2961,3,2951,30,GLOSSIKA-ENZS-F3-GMS-2951A.mp3,225.682,229.518,3.836,transcript_media/en/ZS_F3_2961_en.mp3,F3-GMS-2951A 03:45.68-03:49.52
2962,3,2951,33,GLOSSIKA-ENZS-F3-GMS-2951A.mp3,246.851,252.674,5.823,transcript_media/en/ZS_F3_2962_en.mp3,F3-GMS-2951A 04:06.85-04:12.67
2963,3,2951,36,GLOSSIKA-ENZS-F3-GMS-2951A.mp3,265.320,267.004,1.684,transcript_media/en/ZS_F3_2963_en.mp3,F3-GMS-2951A 04:25.32-04:27.00
2964,3,2951,39,GLOSSIKA-ENZS-F3-GMS-2951A.mp3,281.092,284.659,3.567,transcript_media/en/ZS_F3_2964_en.mp3,F3-GMS-2951A 04:41.09-04:44.66
2965,3,2951,42,GLOSSIKA-ENZS-F3-GMS-2951A.mp3,298.796,302.615,3.819,transcript_media/en/ZS_F3_2965_en.mp3,F3-GMS-2951A 04:58.80-05:02.62
2966,3,2951,45,GLOSSIKA-ENZS-F3-GMS-2951A.mp3,316.578,319.716,3.139,transcript_media/en/ZS_F3_2966_en.mp3,F3-GMS-2951A 05:16.58-05:19.72
2967,3,2951,48,GLOSSIKA-ENZS-F3-GMS-2951A.mp3,336.164,341.046,4.883,transcript_media/en/ZS_F3_2967_en.mp3,F3-GMS-2951A 05:36.16-05:41.05
2968,3,2951,51,GLOSSIKA-ENZS-F3-GMS-2951A.mp3,355.568,359.438,3.870,transcript_media/en/ZS_F3_2968_en.mp3,F3-GMS-2951A 05:55.57-05:59.44
2969,3,2951,54,GLOSSIKA-ENZS-F3-GMS-2951A.mp3,374.785,378.356,3.570,transcript_media/en/ZS_F3_2969_en.mp3,F3-GMS-2951A 06:14.79-06:18.36
2970,3,2951,57,GLOSSIKA-ENZS-F3-GMS-2951A.mp3,392.153,395.571,3.418,transcript_media/en/ZS_F3_2970_en.mp3,F3-GMS-2951A 06:32.15-06:35.57
2971,3,2951,60,GLOSSIKA-ENZS-F3-GMS-2951A.mp3,411.148,415.837,4.690,transcript_media/en/ZS_F3_2971_en.mp3,F3-GMS-2951A 06:51.15-06:55.84
2972,3,2951,63,GLOSSIKA-ENZS-F3-GMS-2951A.mp3,427.916,430.057,2.140,transcript_media/en/ZS_F3_2972_en.mp3,F3-GMS-2951A 07:07.92-07:10.06
2973,3,2951,66,GLOSSIKA-ENZS-F3-GMS-2951A.mp3,447.042,452.029,4.987,transcript_media/en/ZS_F3_2973_en.mp3,F3-GMS-2951A 07:27.04-07:32.03
2974,3,2951,69,GLOSSIKA-ENZS-F3-GMS-2951A.mp3,468.923,473.885,4.962,transcript_media/en/ZS_F3_2974_en.mp3,F3-GMS-2951A 07:48.92-07:53.89
2975,3,2951,72,GLOSSIKA-ENZS-F3-GMS-2951A.mp3,487.327,489.759,2.433,transcript_media/en/ZS_F3_2975_en.mp3,F3-GMS-2951A 08:07.33-08:09.76
2976,3,2951,75,GLOSSIKA-ENZS-F3-GMS-2951A.mp3,504.567,507.524,2.957,transcript_media/en/ZS_F3_2976_en.mp3,F3-GMS-2951A 08:24.57-08:27.52
2977,3,2951,78,GLOSSIKA-ENZS-F3-GMS-2951A.mp3,523.419,527.798,4.379,transcript_media/en/ZS_F3_2977_en.mp3,F3-GMS-2951A 08:43.42-08:47.80
2978,3,2951,81,GLOSSIKA-ENZS-F3-GMS-2951A.mp3,544.488,548.714,4.226,transcript_media/en/ZS_F3_2978_en.mp3,F3-GMS-2951A 09:04.49-09:08.71
2979,3,2951,84,GLOSSIKA-ENZS-F3-GMS-2951A.mp3,564.270,568.446,4.176,transcript_media/en/ZS_F3_2979_en.mp3,F3-GMS-2951A 09:24.27-09:28.45
2980,3,2951,87,GLOSSIKA-ENZS-F3-GMS-2951A.mp3,583.656,587.578,3.922,transcript_media/en/ZS_F3_2980_en.mp3,F3-GMS-2951A 09:43.66-09:47.58
2981,3,2951,90,GLOSSIKA-ENZS-F3-GMS-2951A.mp3,602.133,605.904,3.770,transcript_media/en/ZS_F3_2981_en.mp3,F3-GMS-2951A 10:02.13-10:05.90
2982,3,2951,93,GLOSSIKA-ENZS-F3-GMS-2951A.mp3,626.927,634.444,7.517,transcript_media/en/ZS_F3_2982_en.mp3,F3-GMS-2951A 10:26.93-10:34.44
2983,3,2951,96,GLOSSIKA-ENZS-F3-GMS-2951A.mp3,652.467,657.576,5.109,transcript_media/en/ZS_F3_2983_en.mp3,F3-GMS-2951A 10:52.47-10:57.58
2984,3,2951,99,GLOSSIKA-ENZS-F3-GMS-2951A.mp3,673.570,678.231,4.661,transcript_media/en/ZS_F3_2984_en.mp3,F3-GMS-2951A 11:13.57-11:18.23
2985,3,2951,102,GLOSSIKA-ENZS-F3-GMS-2951A.mp3,693.769,698.664,4.896,transcript_media/en/ZS_F3_2985_en.mp3,F3-GMS-2951A 11:33.77-11:38.66
2986,3,2951,105,GLOSSIKA-ENZS-F3-GMS-2951A.mp3,712.450,715.536,3.086,transcript_media/en/ZS_F3_2986_en.mp3,F3-GMS-2951A 11:52.45-11:55.54
2987,3,2951,108,GLOSSIKA-ENZS-F3-GMS-2951A.mp3,730.809,735.016,4.207,transcript_media/en/ZS_F3_2987_en.mp3,F3-GMS-2951A 12:10.81-12:15.02
2988,3,2951,111,GLOSSIKA-ENZS-F3-GMS-2951A.mp3,752.922,757.754,4.831,transcript_media/en/ZS_F3_2988_en.mp3,F3-GMS-2951A 12:32.92-12:37.75
2989,3,2951,114,GLOSSIKA-ENZS-F3-GMS-2951A.mp3,781.362,790.323,8.961,transcript_media/en/ZS_F3_2989_en.mp3,F3-GMS-2951A 13:01.36-13:10.32
2990,3,2951,117,GLOSSIKA-ENZS-F3-GMS-2951A.mp3,806.368,810.282,3.914,transcript_media/en/ZS_F3_2990_en.mp3,F3-GMS-2951A 13:26.37-13:30.28
2991,3,2951,120,GLOSSIKA-ENZS-F3-GMS-2951A.mp3,828.863,834.416,5.553,transcript_media/en/ZS_F3_2991_en.mp3,F3-GMS-2951A 13:48.86-13:54.42
2992,3,2951,123,GLOSSIKA-ENZS-F3-GMS-2951A.mp3,847.106,849.593,2.487,transcript_media/en/ZS_F3_2992_en.mp3,F3-GMS-2951A 14:07.11-14:09.59
2993,3,2951,126,GLOSSIKA-ENZS-F3-GMS-2951A.mp3,865.296,869.158,3.863,transcript_media/en/ZS_F3_2993_en.mp3,F3-GMS-2951A 14:25.30-14:29.16
2994,3,2951,129,GLOSSIKA-ENZS-F3-GMS-2951A.mp3,883.493,887.248,3.755,transcript_media/en/ZS_F3_2994_en.mp3,F3-GMS-2951A 14:43.49-14:47.25
2995,3,2951,132,GLOSSIKA-ENZS-F3-GMS-2951A.mp3,905.123,910.717,5.594,transcript_media/en/ZS_F3_2995_en.mp3,F3-GMS-2951A 15:05.12-15:10.72
2996,3,2951,135,GLOSSIKA-ENZS-F3-GMS-2951A.mp3,925.936,929.832,3.896,transcript_media/en/ZS_F3_2996_en.mp3,F3-GMS-2951A 15:25.94-15:29.83
2997,3,2951,138,GLOSSIKA-ENZS-F3-GMS-2951A.mp3,943.962,947.655,3.693,transcript_media/en/ZS_F3_2997_en.mp3,F3-GMS-2951A 15:43.96-15:47.66
2998,3,2951,141,GLOSSIKA-ENZS-F3-GMS-2951A.mp3,968.759,975.948,7.189,transcript_media/en/ZS_F3_2998_en.mp3,F3-GMS-2951A 16:08.76-16:15.95
2999,3,2951,144,GLOSSIKA-ENZS-F3-GMS-2951A.mp3,988.156,990.693,2.536,transcript_media/en/ZS_F3_2999_en.mp3,F3-GMS-2951A 16:28.16-16:30.69
3000,3,2951,147,GLOSSIKA-ENZS-F3-GMS-2951A.mp3,1009.840,1015.846,6.006,transcript_media/en/ZS_F3_3000_en.mp3,F3-GMS-2951A 16:49.84-16:55.85
