sentence_id,volume,group_start,seg_idx,src_file,t_start,t_end,duration,media_file,source
1,1,1,0,GLOSSIKA-ENZS-F1-GMS-0001C.mp3,6.963,8.542,1.579,media/ZS_F1_0001.mp3,F1-GMS-0001C 00:06.96-00:08.54
2,1,1,1,GLOSSIKA-ENZS-F1-GMS-0001C.mp3,11.269,13.038,1.769,media/ZS_F1_0002.mp3,F1-GMS-0001C 00:11.27-00:13.04
3,1,1,2,GLOSSIKA-ENZS-F1-GMS-0001C.mp3,15.682,17.798,2.116,media/ZS_F1_0003.mp3,F1-GMS-0001C 00:15.68-00:17.80
4,1,1,3,GLOSSIKA-ENZS-F1-GMS-0001C.mp3,19.955,22.028,2.073,media/ZS_F1_0004.mp3,F1-GMS-0001C 00:19.95-00:22.03
5,1,1,4,GLOSSIKA-ENZS-F1-GMS-0001C.mp3,24.103,26.842,2.739,media/ZS_F1_0005.mp3,F1-GMS-0001C 00:24.10-00:26.84
6,1,1,5,GLOSSIKA-ENZS-F1-GMS-0001C.mp3,28.832,31.340,2.508,media/ZS_F1_0006.mp3,F1-GMS-0001C 00:28.83-00:31.34
7,1,1,6,GLOSSIKA-ENZS-F1-GMS-0001C.mp3,33.886,36.941,3.056,media/ZS_F1_0007.mp3,F1-GMS-0001C 00:33.89-00:36.94
8,1,1,7,GLOSSIKA-ENZS-F1-GMS-0001C.mp3,38.935,41.150,2.214,media/ZS_F1_0008.mp3,F1-GMS-0001C 00:38.94-00:41.15
9,1,1,8,GLOSSIKA-ENZS-F1-GMS-0001C.mp3,43.375,46.224,2.849,media/ZS_F1_0009.mp3,F1-GMS-0001C 00:43.37-00:46.22
10,1,1,9,GLOSSIKA-ENZS-F1-GMS-0001C.mp3,48.203,50.547,2.344,media/ZS_F1_0010.mp3,F1-GMS-0001C 00:48.20-00:50.55
11,1,1,10,GLOSSIKA-ENZS-F1-GMS-0001C.mp3,52.452,55.444,2.992,media/ZS_F1_0011.mp3,F1-GMS-0001C 00:52.45-00:55.44
12,1,1,11,GLOSSIKA-ENZS-F1-GMS-0001C.mp3,57.408,59.999,2.591,media/ZS_F1_0012.mp3,F1-GMS-0001C 00:57.41-00:60.00
13,1,1,12,GLOSSIKA-ENZS-F1-GMS-0001C.mp3,62.224,65.029,2.805,media/ZS_F1_0013.mp3,F1-GMS-0001C 01:02.22-01:05.03
14,1,1,13,GLOSSIKA-ENZS-F1-GMS-0001C.mp3,67.457,70.486,3.029,media/ZS_F1_0014.mp3,F1-GMS-0001C 01:07.46-01:10.49
15,1,1,14,GLOSSIKA-ENZS-F1-GMS-0001C.mp3,72.843,76.138,3.295,media/ZS_F1_0015.mp3,F1-GMS-0001C 01:12.84-01:16.14
16,1,1,15,GLOSSIKA-ENZS-F1-GMS-0001C.mp3,78.138,81.873,3.735,media/ZS_F1_0016.mp3,F1-GMS-0001C 01:18.14-01:21.87
17,1,1,16,GLOSSIKA-ENZS-F1-GMS-0001C.mp3,83.864,86.923,3.059,media/ZS_F1_0017.mp3,F1-GMS-0001C 01:23.86-01:26.92
18,1,1,17,GLOSSIKA-ENZS-F1-GMS-0001C.mp3,88.918,90.630,1.712,media/ZS_F1_0018.mp3,F1-GMS-0001C 01:28.92-01:30.63
19,1,1,18,GLOSSIKA-ENZS-F1-GMS-0001C.mp3,92.690,94.334,1.644,media/ZS_F1_0019.mp3,F1-GMS-0001C 01:32.69-01:34.33
20,1,1,19,GLOSSIKA-ENZS-F1-GMS-0001C.mp3,96.587,98.025,1.437,media/ZS_F1_0020.mp3,F1-GMS-0001C 01:36.59-01:38.02
21,1,1,20,GLOSSIKA-ENZS-F1-GMS-0001C.mp3,100.255,101.715,1.460,media/ZS_F1_0021.mp3,F1-GMS-0001C 01:40.25-01:41.71
22,1,1,21,GLOSSIKA-ENZS-F1-GMS-0001C.mp3,104.030,106.113,2.084,media/ZS_F1_0022.mp3,F1-GMS-0001C 01:44.03-01:46.11
23,1,1,22,GLOSSIKA-ENZS-F1-GMS-0001C.mp3,108.091,109.619,1.528,media/ZS_F1_0023.mp3,F1-GMS-0001C 01:48.09-01:49.62
24,1,1,23,GLOSSIKA-ENZS-F1-GMS-0001C.mp3,111.626,113.435,1.809,media/ZS_F1_0024.mp3,F1-GMS-0001C 01:51.63-01:53.43
25,1,1,24,GLOSSIKA-ENZS-F1-GMS-0001C.mp3,115.385,117.290,1.905,media/ZS_F1_0025.mp3,F1-GMS-0001C 01:55.38-01:57.29
26,1,1,25,GLOSSIKA-ENZS-F1-GMS-0001C.mp3,119.196,120.654,1.457,media/ZS_F1_0026.mp3,F1-GMS-0001C 01:59.20-02:00.65
27,1,1,26,GLOSSIKA-ENZS-F1-GMS-0001C.mp3,123.009,124.767,1.758,media/ZS_F1_0027.mp3,F1-GMS-0001C 02:03.01-02:04.77
28,1,1,27,GLOSSIKA-ENZS-F1-GMS-0001C.mp3,127.113,129.838,2.725,media/ZS_F1_0028.mp3,F1-GMS-0001C 02:07.11-02:09.84
29,1,1,28,GLOSSIKA-ENZS-F1-GMS-0001C.mp3,131.959,134.081,2.122,media/ZS_F1_0029.mp3,F1-GMS-0001C 02:11.96-02:14.08
30,1,1,29,GLOSSIKA-ENZS-F1-GMS-0001C.mp3,136.020,138.288,2.268,media/ZS_F1_0030.mp3,F1-GMS-0001C 02:16.02-02:18.29
31,1,1,30,GLOSSIKA-ENZS-F1-GMS-0001C.mp3,140.276,141.917,1.641,media/ZS_F1_0031.mp3,F1-GMS-0001C 02:20.28-02:21.92
32,1,1,31,GLOSSIKA-ENZS-F1-GMS-0001C.mp3,144.111,145.717,1.607,media/ZS_F1_0032.mp3,F1-GMS-0001C 02:24.11-02:25.72
33,1,1,32,GLOSSIKA-ENZS-F1-GMS-0001C.mp3,147.634,149.465,1.831,media/ZS_F1_0033.mp3,F1-GMS-0001C 02:27.63-02:29.47
34,1,1,33,GLOSSIKA-ENZS-F1-GMS-0001C.mp3,151.702,153.225,1.523,media/ZS_F1_0034.mp3,F1-GMS-0001C 02:31.70-02:33.22
35,1,1,34,GLOSSIKA-ENZS-F1-GMS-0001C.mp3,155.594,157.334,1.740,media/ZS_F1_0035.mp3,F1-GMS-0001C 02:35.59-02:37.33
36,1,1,35,GLOSSIKA-ENZS-F1-GMS-0001C.mp3,159.551,162.142,2.591,media/ZS_F1_0036.mp3,F1-GMS-0001C 02:39.55-02:42.14
37,1,1,36,GLOSSIKA-ENZS-F1-GMS-0001C.mp3,164.061,165.614,1.553,media/ZS_F1_0037.mp3,F1-GMS-0001C 02:44.06-02:45.61
38,1,1,37,GLOSSIKA-ENZS-F1-GMS-0001C.mp3,168.017,170.140,2.124,media/ZS_F1_0038.mp3,F1-GMS-0001C 02:48.02-02:50.14
39,1,1,38,GLOSSIKA-ENZS-F1-GMS-0001C.mp3,172.316,173.634,1.318,media/ZS_F1_0039.mp3,F1-GMS-0001C 02:52.32-02:53.63
40,1,1,39,GLOSSIKA-ENZS-F1-GMS-0001C.mp3,175.745,177.485,1.740,media/ZS_F1_0040.mp3,F1-GMS-0001C 02:55.74-02:57.48
41,1,1,40,GLOSSIKA-ENZS-F1-GMS-0001C.mp3,179.451,180.879,1.428,media/ZS_F1_0041.mp3,F1-GMS-0001C 02:59.45-03:00.88
42,1,1,41,GLOSSIKA-ENZS-F1-GMS-0001C.mp3,182.898,184.394,1.497,media/ZS_F1_0042.mp3,F1-GMS-0001C 03:02.90-03:04.39
43,1,1,42,GLOSSIKA-ENZS-F1-GMS-0001C.mp3,186.531,188.491,1.960,media/ZS_F1_0043.mp3,F1-GMS-0001C 03:06.53-03:08.49
44,1,1,43,GLOSSIKA-ENZS-F1-GMS-0001C.mp3,190.611,192.829,2.219,media/ZS_F1_0044.mp3,F1-GMS-0001C 03:10.61-03:12.83
45,1,1,44,GLOSSIKA-ENZS-F1-GMS-0001C.mp3,194.873,196.343,1.469,media/ZS_F1_0045.mp3,F1-GMS-0001C 03:14.87-03:16.34
46,1,1,45,GLOSSIKA-ENZS-F1-GMS-0001C.mp3,198.703,200.678,1.976,media/ZS_F1_0046.mp3,F1-GMS-0001C 03:18.70-03:20.68
47,1,1,46,GLOSSIKA-ENZS-F1-GMS-0001C.mp3,202.580,204.238,1.658,media/ZS_F1_0047.mp3,F1-GMS-0001C 03:22.58-03:24.24
48,1,1,47,GLOSSIKA-ENZS-F1-GMS-0001C.mp3,206.295,208.487,2.191,media/ZS_F1_0048.mp3,F1-GMS-0001C 03:26.30-03:28.49
49,1,1,48,GLOSSIKA-ENZS-F1-GMS-0001C.mp3,210.455,211.647,1.192,media/ZS_F1_0049.mp3,F1-GMS-0001C 03:30.46-03:31.65
50,1,1,49,GLOSSIKA-ENZS-F1-GMS-0001C.mp3,213.767,215.344,1.577,media/ZS_F1_0050.mp3,F1-GMS-0001C 03:33.77-03:35.34
51,1,51,0,GLOSSIKA-ENZS-F1-GMS-0051C.mp3,6.869,8.890,2.021,media/ZS_F1_0051.mp3,F1-GMS-0051C 00:06.87-00:08.89
52,1,51,1,GLOSSIKA-ENZS-F1-GMS-0051C.mp3,10.970,12.493,1.523,media/ZS_F1_0052.mp3,F1-GMS-0051C 00:10.97-00:12.49
53,1,51,2,GLOSSIKA-ENZS-F1-GMS-0051C.mp3,15.035,16.966,1.932,media/ZS_F1_0053.mp3,F1-GMS-0051C 00:15.03-00:16.97
54,1,51,3,GLOSSIKA-ENZS-F1-GMS-0051C.mp3,18.865,20.809,1.944,media/ZS_F1_0054.mp3,F1-GMS-0051C 00:18.86-00:20.81
55,1,51,4,GLOSSIKA-ENZS-F1-GMS-0051C.mp3,23.210,25.366,2.156,media/ZS_F1_0055.mp3,F1-GMS-0051C 00:23.21-00:25.37
56,1,51,5,GLOSSIKA-ENZS-F1-GMS-0051C.mp3,27.321,29.145,1.824,media/ZS_F1_0056.mp3,F1-GMS-0051C 00:27.32-00:29.15
57,1,51,6,GLOSSIKA-ENZS-F1-GMS-0051C.mp3,31.413,33.263,1.850,media/ZS_F1_0057.mp3,F1-GMS-0051C 00:31.41-00:33.26
58,1,51,7,GLOSSIKA-ENZS-F1-GMS-0051C.mp3,35.375,37.054,1.679,media/ZS_F1_0058.mp3,F1-GMS-0051C 00:35.38-00:37.05
59,1,51,8,GLOSSIKA-ENZS-F1-GMS-0051C.mp3,39.581,41.292,1.711,media/ZS_F1_0059.mp3,F1-GMS-0051C 00:39.58-00:41.29
60,1,51,9,GLOSSIKA-ENZS-F1-GMS-0051C.mp3,43.545,45.538,1.993,media/ZS_F1_0060.mp3,F1-GMS-0051C 00:43.54-00:45.54
61,1,51,10,GLOSSIKA-ENZS-F1-GMS-0051C.mp3,47.469,50.202,2.734,media/ZS_F1_0061.mp3,F1-GMS-0051C 00:47.47-00:50.20
62,1,51,11,GLOSSIKA-ENZS-F1-GMS-0051C.mp3,52.587,54.169,1.582,media/ZS_F1_0062.mp3,F1-GMS-0051C 00:52.59-00:54.17
63,1,51,12,GLOSSIKA-ENZS-F1-GMS-0051C.mp3,56.673,59.967,3.294,media/ZS_F1_0063.mp3,F1-GMS-0051C 00:56.67-00:59.97
64,1,51,13,GLOSSIKA-ENZS-F1-GMS-0051C.mp3,61.841,63.931,2.090,media/ZS_F1_0064.mp3,F1-GMS-0051C 01:01.84-01:03.93
65,1,51,14,GLOSSIKA-ENZS-F1-GMS-0051C.mp3,65.936,67.539,1.603,media/ZS_F1_0065.mp3,F1-GMS-0051C 01:05.94-01:07.54
66,1,51,15,GLOSSIKA-ENZS-F1-GMS-0051C.mp3,69.979,72.462,2.483,media/ZS_F1_0066.mp3,F1-GMS-0051C 01:09.98-01:12.46
67,1,51,16,GLOSSIKA-ENZS-F1-GMS-0051C.mp3,74.439,75.734,1.295,media/ZS_F1_0067.mp3,F1-GMS-0051C 01:14.44-01:15.73
68,1,51,17,GLOSSIKA-ENZS-F1-GMS-0051C.mp3,78.238,79.559,1.321,media/ZS_F1_0068.mp3,F1-GMS-0051C 01:18.24-01:19.56
69,1,51,18,GLOSSIKA-ENZS-F1-GMS-0051C.mp3,82.114,83.997,1.883,media/ZS_F1_0069.mp3,F1-GMS-0051C 01:22.11-01:24.00
70,1,51,19,GLOSSIKA-ENZS-F1-GMS-0051C.mp3,85.973,88.177,2.205,media/ZS_F1_0070.mp3,F1-GMS-0051C 01:25.97-01:28.18
71,1,51,20,GLOSSIKA-ENZS-F1-GMS-0051C.mp3,90.080,91.730,1.649,media/ZS_F1_0071.mp3,F1-GMS-0051C 01:30.08-01:31.73
72,1,51,21,GLOSSIKA-ENZS-F1-GMS-0051C.mp3,93.910,96.418,2.508,media/ZS_F1_0072.mp3,F1-GMS-0051C 01:33.91-01:36.42
73,1,51,22,GLOSSIKA-ENZS-F1-GMS-0051C.mp3,98.710,100.216,1.506,media/ZS_F1_0073.mp3,F1-GMS-0051C 01:38.71-01:40.22
74,1,51,23,GLOSSIKA-ENZS-F1-GMS-0051C.mp3,102.665,105.760,3.095,media/ZS_F1_0074.mp3,F1-GMS-0051C 01:42.66-01:45.76
75,1,51,24,GLOSSIKA-ENZS-F1-GMS-0051C.mp3,108.300,109.820,1.520,media/ZS_F1_0075.mp3,F1-GMS-0051C 01:48.30-01:49.82
76,1,51,25,GLOSSIKA-ENZS-F1-GMS-0051C.mp3,112.265,114.264,1.999,media/ZS_F1_0076.mp3,F1-GMS-0051C 01:52.27-01:54.26
77,1,51,26,GLOSSIKA-ENZS-F1-GMS-0051C.mp3,116.305,117.428,1.122,media/ZS_F1_0077.mp3,F1-GMS-0051C 01:56.31-01:57.43
78,1,51,27,GLOSSIKA-ENZS-F1-GMS-0051C.mp3,119.772,121.309,1.538,media/ZS_F1_0078.mp3,F1-GMS-0051C 01:59.77-02:01.31
79,1,51,28,GLOSSIKA-ENZS-F1-GMS-0051C.mp3,123.751,125.637,1.887,media/ZS_F1_0079.mp3,F1-GMS-0051C 02:03.75-02:05.64
80,1,51,29,GLOSSIKA-ENZS-F1-GMS-0051C.mp3,127.545,129.588,2.042,media/ZS_F1_0080.mp3,F1-GMS-0051C 02:07.55-02:09.59
81,1,51,30,GLOSSIKA-ENZS-F1-GMS-0051C.mp3,131.647,132.880,1.233,media/ZS_F1_0081.mp3,F1-GMS-0051C 02:11.65-02:12.88
82,1,51,31,GLOSSIKA-ENZS-F1-GMS-0051C.mp3,135.135,136.611,1.476,media/ZS_F1_0082.mp3,F1-GMS-0051C 02:15.14-02:16.61
83,1,51,32,GLOSSIKA-ENZS-F1-GMS-0051C.mp3,138.789,141.262,2.473,media/ZS_F1_0083.mp3,F1-GMS-0051C 02:18.79-02:21.26
84,1,51,33,GLOSSIKA-ENZS-F1-GMS-0051C.mp3,143.298,144.880,1.582,media/ZS_F1_0084.mp3,F1-GMS-0051C 02:23.30-02:24.88
85,1,51,34,GLOSSIKA-ENZS-F1-GMS-0051C.mp3,146.995,149.101,2.106,media/ZS_F1_0085.mp3,F1-GMS-0051C 02:27.00-02:29.10
86,1,51,35,GLOSSIKA-ENZS-F1-GMS-0051C.mp3,151.595,154.017,2.422,media/ZS_F1_0086.mp3,F1-GMS-0051C 02:31.59-02:34.02
87,1,51,36,GLOSSIKA-ENZS-F1-GMS-0051C.mp3,156.197,157.882,1.685,media/ZS_F1_0087.mp3,F1-GMS-0051C 02:36.20-02:37.88
88,1,51,37,GLOSSIKA-ENZS-F1-GMS-0051C.mp3,160.707,162.463,1.756,media/ZS_F1_0088.mp3,F1-GMS-0051C 02:40.71-02:42.46
89,1,51,38,GLOSSIKA-ENZS-F1-GMS-0051C.mp3,165.150,167.250,2.099,media/ZS_F1_0089.mp3,F1-GMS-0051C 02:45.15-02:47.25
90,1,51,39,GLOSSIKA-ENZS-F1-GMS-0051C.mp3,169.993,171.924,1.931,media/ZS_F1_0090.mp3,F1-GMS-0051C 02:49.99-02:51.92
91,1,51,40,GLOSSIKA-ENZS-F1-GMS-0051C.mp3,174.017,175.282,1.266,media/ZS_F1_0091.mp3,F1-GMS-0051C 02:54.02-02:55.28
92,1,51,41,GLOSSIKA-ENZS-F1-GMS-0051C.mp3,178.299,180.307,2.008,media/ZS_F1_0092.mp3,F1-GMS-0051C 02:58.30-03:00.31
93,1,51,42,GLOSSIKA-ENZS-F1-GMS-0051C.mp3,182.252,183.790,1.538,media/ZS_F1_0093.mp3,F1-GMS-0051C 03:02.25-03:03.79
94,1,51,43,GLOSSIKA-ENZS-F1-GMS-0051C.mp3,185.959,188.584,2.625,media/ZS_F1_0094.mp3,F1-GMS-0051C 03:05.96-03:08.58
95,1,51,44,GLOSSIKA-ENZS-F1-GMS-0051C.mp3,190.602,193.015,2.413,media/ZS_F1_0095.mp3,F1-GMS-0051C 03:10.60-03:13.02
96,1,51,45,GLOSSIKA-ENZS-F1-GMS-0051C.mp3,194.898,197.526,2.628,media/ZS_F1_0096.mp3,F1-GMS-0051C 03:14.90-03:17.53
97,1,51,46,GLOSSIKA-ENZS-F1-GMS-0051C.mp3,199.661,202.191,2.530,media/ZS_F1_0097.mp3,F1-GMS-0051C 03:19.66-03:22.19
98,1,51,47,GLOSSIKA-ENZS-F1-GMS-0051C.mp3,204.111,205.726,1.614,media/ZS_F1_0098.mp3,F1-GMS-0051C 03:24.11-03:25.73
99,1,51,48,GLOSSIKA-ENZS-F1-GMS-0051C.mp3,208.027,210.524,2.496,media/ZS_F1_0099.mp3,F1-GMS-0051C 03:28.03-03:30.52
100,1,51,49,GLOSSIKA-ENZS-F1-GMS-0051C.mp3,212.434,214.122,1.688,media/ZS_F1_0100.mp3,F1-GMS-0051C 03:32.43-03:34.12
101,1,101,0,GLOSSIKA-ENZS-F1-GMS-0101C.mp3,6.966,8.360,1.394,media/ZS_F1_0101.mp3,F1-GMS-0101C 00:06.97-00:08.36
102,1,101,1,GLOSSIKA-ENZS-F1-GMS-0101C.mp3,11.210,13.094,1.884,media/ZS_F1_0102.mp3,F1-GMS-0101C 00:11.21-00:13.09
103,1,101,2,GLOSSIKA-ENZS-F1-GMS-0101C.mp3,15.859,16.950,1.091,media/ZS_F1_0103.mp3,F1-GMS-0101C 00:15.86-00:16.95
104,1,101,3,GLOSSIKA-ENZS-F1-GMS-0101C.mp3,19.649,20.667,1.017,media/ZS_F1_0104.mp3,F1-GMS-0101C 00:19.65-00:20.67
105,1,101,4,GLOSSIKA-ENZS-F1-GMS-0101C.mp3,23.398,24.400,1.002,media/ZS_F1_0105.mp3,F1-GMS-0101C 00:23.40-00:24.40
106,1,101,5,GLOSSIKA-ENZS-F1-GMS-0101C.mp3,27.065,28.605,1.540,media/ZS_F1_0106.mp3,F1-GMS-0101C 00:27.07-00:28.60
107,1,101,6,GLOSSIKA-ENZS-F1-GMS-0101C.mp3,31.318,32.287,0.969,media/ZS_F1_0107.mp3,F1-GMS-0101C 00:31.32-00:32.29
108,1,101,7,GLOSSIKA-ENZS-F1-GMS-0101C.mp3,35.131,36.555,1.424,media/ZS_F1_0108.mp3,F1-GMS-0101C 00:35.13-00:36.55
109,1,101,8,GLOSSIKA-ENZS-F1-GMS-0101C.mp3,39.320,40.726,1.406,media/ZS_F1_0109.mp3,F1-GMS-0101C 00:39.32-00:40.73
110,1,101,9,GLOSSIKA-ENZS-F1-GMS-0101C.mp3,43.612,45.151,1.539,media/ZS_F1_0110.mp3,F1-GMS-0101C 00:43.61-00:45.15
111,1,101,10,GLOSSIKA-ENZS-F1-GMS-0101C.mp3,47.992,49.846,1.855,media/ZS_F1_0111.mp3,F1-GMS-0101C 00:47.99-00:49.85
112,1,101,11,GLOSSIKA-ENZS-F1-GMS-0101C.mp3,52.733,54.377,1.644,media/ZS_F1_0112.mp3,F1-GMS-0101C 00:52.73-00:54.38
113,1,101,12,GLOSSIKA-ENZS-F1-GMS-0101C.mp3,57.167,59.036,1.869,media/ZS_F1_0113.mp3,F1-GMS-0101C 00:57.17-00:59.04
114,1,101,13,GLOSSIKA-ENZS-F1-GMS-0101C.mp3,61.680,63.185,1.505,media/ZS_F1_0114.mp3,F1-GMS-0101C 01:01.68-01:03.18
115,1,101,14,GLOSSIKA-ENZS-F1-GMS-0101C.mp3,65.851,67.814,1.963,media/ZS_F1_0115.mp3,F1-GMS-0101C 01:05.85-01:07.81
116,1,101,15,GLOSSIKA-ENZS-F1-GMS-0101C.mp3,70.505,72.262,1.757,media/ZS_F1_0116.mp3,F1-GMS-0101C 01:10.51-01:12.26
117,1,101,16,GLOSSIKA-ENZS-F1-GMS-0101C.mp3,75.054,76.889,1.835,media/ZS_F1_0117.mp3,F1-GMS-0101C 01:15.05-01:16.89
118,1,101,17,GLOSSIKA-ENZS-F1-GMS-0101C.mp3,79.818,81.197,1.379,media/ZS_F1_0118.mp3,F1-GMS-0101C 01:19.82-01:21.20
119,1,101,18,GLOSSIKA-ENZS-F1-GMS-0101C.mp3,83.992,85.849,1.857,media/ZS_F1_0119.mp3,F1-GMS-0101C 01:23.99-01:25.85
120,1,101,19,GLOSSIKA-ENZS-F1-GMS-0101C.mp3,88.776,89.792,1.015,media/ZS_F1_0120.mp3,F1-GMS-0101C 01:28.78-01:29.79
121,1,101,20,GLOSSIKA-ENZS-F1-GMS-0101C.mp3,92.657,94.120,1.464,media/ZS_F1_0121.mp3,F1-GMS-0101C 01:32.66-01:34.12
122,1,101,21,GLOSSIKA-ENZS-F1-GMS-0101C.mp3,97.067,98.536,1.469,media/ZS_F1_0122.mp3,F1-GMS-0101C 01:37.07-01:38.54
123,1,101,22,GLOSSIKA-ENZS-F1-GMS-0101C.mp3,101.479,103.044,1.565,media/ZS_F1_0123.mp3,F1-GMS-0101C 01:41.48-01:43.04
124,1,101,23,GLOSSIKA-ENZS-F1-GMS-0101C.mp3,105.772,108.238,2.466,media/ZS_F1_0124.mp3,F1-GMS-0101C 01:45.77-01:48.24
125,1,101,24,GLOSSIKA-ENZS-F1-GMS-0101C.mp3,111.229,112.861,1.631,media/ZS_F1_0125.mp3,F1-GMS-0101C 01:51.23-01:52.86
126,1,101,25,GLOSSIKA-ENZS-F1-GMS-0101C.mp3,115.579,117.216,1.637,media/ZS_F1_0126.mp3,F1-GMS-0101C 01:55.58-01:57.22
127,1,101,26,GLOSSIKA-ENZS-F1-GMS-0101C.mp3,120.333,121.973,1.640,media/ZS_F1_0127.mp3,F1-GMS-0101C 02:00.33-02:01.97
128,1,101,27,GLOSSIKA-ENZS-F1-GMS-0101C.mp3,124.753,126.956,2.203,media/ZS_F1_0128.mp3,F1-GMS-0101C 02:04.75-02:06.96
129,1,101,28,GLOSSIKA-ENZS-F1-GMS-0101C.mp3,129.797,131.884,2.087,media/ZS_F1_0129.mp3,F1-GMS-0101C 02:09.80-02:11.88
130,1,101,29,GLOSSIKA-ENZS-F1-GMS-0101C.mp3,134.667,136.001,1.334,media/ZS_F1_0130.mp3,F1-GMS-0101C 02:14.67-02:16.00
131,1,101,30,GLOSSIKA-ENZS-F1-GMS-0101C.mp3,138.566,140.757,2.191,media/ZS_F1_0131.mp3,F1-GMS-0101C 02:18.57-02:20.76
132,1,101,31,GLOSSIKA-ENZS-F1-GMS-0101C.mp3,143.486,144.771,1.285,media/ZS_F1_0132.mp3,F1-GMS-0101C 02:23.49-02:24.77
133,1,101,32,GLOSSIKA-ENZS-F1-GMS-0101C.mp3,147.622,149.058,1.435,media/ZS_F1_0133.mp3,F1-GMS-0101C 02:27.62-02:29.06
134,1,101,33,GLOSSIKA-ENZS-F1-GMS-0101C.mp3,151.564,152.727,1.163,media/ZS_F1_0134.mp3,F1-GMS-0101C 02:31.56-02:32.73
135,1,101,34,GLOSSIKA-ENZS-F1-GMS-0101C.mp3,155.304,157.016,1.712,media/ZS_F1_0135.mp3,F1-GMS-0101C 02:35.30-02:37.02
136,1,101,35,GLOSSIKA-ENZS-F1-GMS-0101C.mp3,159.491,161.137,1.646,media/ZS_F1_0136.mp3,F1-GMS-0101C 02:39.49-02:41.14
137,1,101,36,GLOSSIKA-ENZS-F1-GMS-0101C.mp3,163.710,164.813,1.103,media/ZS_F1_0137.mp3,F1-GMS-0101C 02:43.71-02:44.81
138,1,101,37,GLOSSIKA-ENZS-F1-GMS-0101C.mp3,167.138,168.678,1.540,media/ZS_F1_0138.mp3,F1-GMS-0101C 02:47.14-02:48.68
139,1,101,38,GLOSSIKA-ENZS-F1-GMS-0101C.mp3,171.047,172.276,1.229,media/ZS_F1_0139.mp3,F1-GMS-0101C 02:51.05-02:52.28
140,1,101,39,GLOSSIKA-ENZS-F1-GMS-0101C.mp3,174.834,176.239,1.406,media/ZS_F1_0140.mp3,F1-GMS-0101C 02:54.83-02:56.24
141,1,101,40,GLOSSIKA-ENZS-F1-GMS-0101C.mp3,178.779,179.990,1.211,media/ZS_F1_0141.mp3,F1-GMS-0101C 02:58.78-02:59.99
142,1,101,41,GLOSSIKA-ENZS-F1-GMS-0101C.mp3,182.331,183.983,1.652,media/ZS_F1_0142.mp3,F1-GMS-0101C 03:02.33-03:03.98
143,1,101,42,GLOSSIKA-ENZS-F1-GMS-0101C.mp3,186.934,188.792,1.858,media/ZS_F1_0143.mp3,F1-GMS-0101C 03:06.93-03:08.79
144,1,101,43,GLOSSIKA-ENZS-F1-GMS-0101C.mp3,191.730,193.438,1.708,media/ZS_F1_0144.mp3,F1-GMS-0101C 03:11.73-03:13.44
145,1,101,44,GLOSSIKA-ENZS-F1-GMS-0101C.mp3,196.338,197.560,1.222,media/ZS_F1_0145.mp3,F1-GMS-0101C 03:16.34-03:17.56
146,1,101,45,GLOSSIKA-ENZS-F1-GMS-0101C.mp3,200.491,201.928,1.437,media/ZS_F1_0146.mp3,F1-GMS-0101C 03:20.49-03:21.93
147,1,101,46,GLOSSIKA-ENZS-F1-GMS-0101C.mp3,205.004,206.373,1.369,media/ZS_F1_0147.mp3,F1-GMS-0101C 03:25.00-03:26.37
148,1,101,47,GLOSSIKA-ENZS-F1-GMS-0101C.mp3,209.296,210.642,1.345,media/ZS_F1_0148.mp3,F1-GMS-0101C 03:29.30-03:30.64
149,1,101,48,GLOSSIKA-ENZS-F1-GMS-0101C.mp3,213.289,214.557,1.269,media/ZS_F1_0149.mp3,F1-GMS-0101C 03:33.29-03:34.56
150,1,101,49,GLOSSIKA-ENZS-F1-GMS-0101C.mp3,217.524,218.897,1.373,media/ZS_F1_0150.mp3,F1-GMS-0101C 03:37.52-03:38.90
151,1,151,0,GLOSSIKA-ENZS-F1-GMS-0151C.mp3,6.940,9.612,2.671,media/ZS_F1_0151.mp3,F1-GMS-0151C 00:06.94-00:09.61
152,1,151,1,GLOSSIKA-ENZS-F1-GMS-0151C.mp3,12.619,15.110,2.492,media/ZS_F1_0152.mp3,F1-GMS-0151C 00:12.62-00:15.11
153,1,151,2,GLOSSIKA-ENZS-F1-GMS-0151C.mp3,17.916,20.293,2.377,media/ZS_F1_0153.mp3,F1-GMS-0151C 00:17.92-00:20.29
154,1,151,3,GLOSSIKA-ENZS-F1-GMS-0151C.mp3,23.121,25.975,2.854,media/ZS_F1_0154.mp3,F1-GMS-0151C 00:23.12-00:25.98
155,1,151,4,GLOSSIKA-ENZS-F1-GMS-0151C.mp3,28.745,31.395,2.650,media/ZS_F1_0155.mp3,F1-GMS-0151C 00:28.74-00:31.39
156,1,151,5,GLOSSIKA-ENZS-F1-GMS-0151C.mp3,34.332,37.471,3.139,media/ZS_F1_0156.mp3,F1-GMS-0151C 00:34.33-00:37.47
157,1,151,6,GLOSSIKA-ENZS-F1-GMS-0151C.mp3,40.258,42.667,2.409,media/ZS_F1_0157.mp3,F1-GMS-0151C 00:40.26-00:42.67
158,1,151,7,GLOSSIKA-ENZS-F1-GMS-0151C.mp3,45.457,47.209,1.752,media/ZS_F1_0158.mp3,F1-GMS-0151C 00:45.46-00:47.21
159,1,151,8,GLOSSIKA-ENZS-F1-GMS-0151C.mp3,49.951,51.680,1.729,media/ZS_F1_0159.mp3,F1-GMS-0151C 00:49.95-00:51.68
160,1,151,9,GLOSSIKA-ENZS-F1-GMS-0151C.mp3,54.306,55.611,1.306,media/ZS_F1_0160.mp3,F1-GMS-0151C 00:54.31-00:55.61
161,1,151,10,GLOSSIKA-ENZS-F1-GMS-0151C.mp3,58.177,59.790,1.613,media/ZS_F1_0161.mp3,F1-GMS-0151C 00:58.18-00:59.79
162,1,151,11,GLOSSIKA-ENZS-F1-GMS-0151C.mp3,62.650,64.248,1.598,media/ZS_F1_0162.mp3,F1-GMS-0151C 01:02.65-01:04.25
163,1,151,12,GLOSSIKA-ENZS-F1-GMS-0151C.mp3,66.994,68.667,1.673,media/ZS_F1_0163.mp3,F1-GMS-0151C 01:06.99-01:08.67
164,1,151,13,GLOSSIKA-ENZS-F1-GMS-0151C.mp3,71.545,73.574,2.029,media/ZS_F1_0164.mp3,F1-GMS-0151C 01:11.54-01:13.57
165,1,151,14,GLOSSIKA-ENZS-F1-GMS-0151C.mp3,76.344,78.314,1.970,media/ZS_F1_0165.mp3,F1-GMS-0151C 01:16.34-01:18.31
166,1,151,15,GLOSSIKA-ENZS-F1-GMS-0151C.mp3,80.970,84.012,3.043,media/ZS_F1_0166.mp3,F1-GMS-0151C 01:20.97-01:24.01
167,1,151,16,GLOSSIKA-ENZS-F1-GMS-0151C.mp3,87.001,90.371,3.369,media/ZS_F1_0167.mp3,F1-GMS-0151C 01:27.00-01:30.37
168,1,151,17,GLOSSIKA-ENZS-F1-GMS-0151C.mp3,93.270,94.696,1.427,media/ZS_F1_0168.mp3,F1-GMS-0151C 01:33.27-01:34.70
169,1,151,18,GLOSSIKA-ENZS-F1-GMS-0151C.mp3,97.415,98.768,1.353,media/ZS_F1_0169.mp3,F1-GMS-0151C 01:37.42-01:38.77
170,1,151,19,GLOSSIKA-ENZS-F1-GMS-0151C.mp3,101.356,103.055,1.699,media/ZS_F1_0170.mp3,F1-GMS-0151C 01:41.36-01:43.06
171,1,151,20,GLOSSIKA-ENZS-F1-GMS-0151C.mp3,105.698,107.224,1.526,media/ZS_F1_0171.mp3,F1-GMS-0151C 01:45.70-01:47.22
172,1,151,21,GLOSSIKA-ENZS-F1-GMS-0151C.mp3,109.737,111.341,1.604,media/ZS_F1_0172.mp3,F1-GMS-0151C 01:49.74-01:51.34
173,1,151,22,GLOSSIKA-ENZS-F1-GMS-0151C.mp3,113.981,115.608,1.627,media/ZS_F1_0173.mp3,F1-GMS-0151C 01:53.98-01:55.61
174,1,151,23,GLOSSIKA-ENZS-F1-GMS-0151C.mp3,118.283,119.856,1.573,media/ZS_F1_0174.mp3,F1-GMS-0151C 01:58.28-01:59.86
175,1,151,24,GLOSSIKA-ENZS-F1-GMS-0151C.mp3,122.307,124.928,2.621,media/ZS_F1_0175.mp3,F1-GMS-0151C 02:02.31-02:04.93
176,1,151,25,GLOSSIKA-ENZS-F1-GMS-0151C.mp3,127.706,130.378,2.673,media/ZS_F1_0176.mp3,F1-GMS-0151C 02:07.71-02:10.38
177,1,151,26,GLOSSIKA-ENZS-F1-GMS-0151C.mp3,133.216,134.872,1.655,media/ZS_F1_0177.mp3,F1-GMS-0151C 02:13.22-02:14.87
178,1,151,27,GLOSSIKA-ENZS-F1-GMS-0151C.mp3,137.546,141.379,3.833,media/ZS_F1_0178.mp3,F1-GMS-0151C 02:17.55-02:21.38
179,1,151,28,GLOSSIKA-ENZS-F1-GMS-0151C.mp3,144.106,146.579,2.473,media/ZS_F1_0179.mp3,F1-GMS-0151C 02:24.11-02:26.58
180,1,151,29,GLOSSIKA-ENZS-F1-GMS-0151C.mp3,149.115,152.155,3.040,media/ZS_F1_0180.mp3,F1-GMS-0151C 02:29.12-02:32.16
181,1,151,30,GLOSSIKA-ENZS-F1-GMS-0151C.mp3,154.933,156.620,1.687,media/ZS_F1_0181.mp3,F1-GMS-0151C 02:34.93-02:36.62
182,1,151,31,GLOSSIKA-ENZS-F1-GMS-0151C.mp3,159.273,160.925,1.652,media/ZS_F1_0182.mp3,F1-GMS-0151C 02:39.27-02:40.93
183,1,151,32,GLOSSIKA-ENZS-F1-GMS-0151C.mp3,163.547,164.933,1.386,media/ZS_F1_0183.mp3,F1-GMS-0151C 02:43.55-02:44.93
184,1,151,33,GLOSSIKA-ENZS-F1-GMS-0151C.mp3,167.678,169.217,1.539,media/ZS_F1_0184.mp3,F1-GMS-0151C 02:47.68-02:49.22
185,1,151,34,GLOSSIKA-ENZS-F1-GMS-0151C.mp3,171.815,173.051,1.236,media/ZS_F1_0185.mp3,F1-GMS-0151C 02:51.82-02:53.05
186,1,151,35,GLOSSIKA-ENZS-F1-GMS-0151C.mp3,175.712,177.358,1.646,media/ZS_F1_0186.mp3,F1-GMS-0151C 02:55.71-02:57.36
187,1,151,36,GLOSSIKA-ENZS-F1-GMS-0151C.mp3,179.875,180.880,1.005,media/ZS_F1_0187.mp3,F1-GMS-0151C 02:59.88-03:00.88
188,1,151,37,GLOSSIKA-ENZS-F1-GMS-0151C.mp3,183.429,184.853,1.424,media/ZS_F1_0188.mp3,F1-GMS-0151C 03:03.43-03:04.85
189,1,151,38,GLOSSIKA-ENZS-F1-GMS-0151C.mp3,187.600,188.981,1.381,media/ZS_F1_0189.mp3,F1-GMS-0151C 03:07.60-03:08.98
190,1,151,39,GLOSSIKA-ENZS-F1-GMS-0151C.mp3,191.690,193.151,1.461,media/ZS_F1_0190.mp3,F1-GMS-0151C 03:11.69-03:13.15
191,1,151,40,GLOSSIKA-ENZS-F1-GMS-0151C.mp3,195.633,197.168,1.535,media/ZS_F1_0191.mp3,F1-GMS-0151C 03:15.63-03:17.17
192,1,151,41,GLOSSIKA-ENZS-F1-GMS-0151C.mp3,199.933,201.455,1.522,media/ZS_F1_0192.mp3,F1-GMS-0151C 03:19.93-03:21.45
193,1,151,42,GLOSSIKA-ENZS-F1-GMS-0151C.mp3,204.210,205.820,1.611,media/ZS_F1_0193.mp3,F1-GMS-0151C 03:24.21-03:25.82
194,1,151,43,GLOSSIKA-ENZS-F1-GMS-0151C.mp3,208.358,210.071,1.713,media/ZS_F1_0194.mp3,F1-GMS-0151C 03:28.36-03:30.07
195,1,151,44,GLOSSIKA-ENZS-F1-GMS-0151C.mp3,212.805,214.462,1.657,media/ZS_F1_0195.mp3,F1-GMS-0151C 03:32.80-03:34.46
196,1,151,45,GLOSSIKA-ENZS-F1-GMS-0151C.mp3,217.165,218.399,1.235,media/ZS_F1_0196.mp3,F1-GMS-0151C 03:37.16-03:38.40
197,1,151,46,GLOSSIKA-ENZS-F1-GMS-0151C.mp3,220.923,222.515,1.592,media/ZS_F1_0197.mp3,F1-GMS-0151C 03:40.92-03:42.52
198,1,151,47,GLOSSIKA-ENZS-F1-GMS-0151C.mp3,225.022,226.229,1.206,media/ZS_F1_0198.mp3,F1-GMS-0151C 03:45.02-03:46.23
199,1,151,48,GLOSSIKA-ENZS-F1-GMS-0151C.mp3,228.888,230.427,1.539,media/ZS_F1_0199.mp3,F1-GMS-0151C 03:48.89-03:50.43
200,1,151,49,GLOSSIKA-ENZS-F1-GMS-0151C.mp3,233.044,234.102,1.057,media/ZS_F1_0200.mp3,F1-GMS-0151C 03:53.04-03:54.10
201,1,201,0,GLOSSIKA-ENZS-F1-GMS-0201C.mp3,6.933,8.430,1.497,media/ZS_F1_0201.mp3,F1-GMS-0201C 00:06.93-00:08.43
202,1,201,1,GLOSSIKA-ENZS-F1-GMS-0201C.mp3,10.821,12.256,1.435,media/ZS_F1_0202.mp3,F1-GMS-0201C 00:10.82-00:12.26
203,1,201,2,GLOSSIKA-ENZS-F1-GMS-0201C.mp3,14.703,16.809,2.105,media/ZS_F1_0203.mp3,F1-GMS-0201C 00:14.70-00:16.81
204,1,201,3,GLOSSIKA-ENZS-F1-GMS-0201C.mp3,19.244,20.788,1.544,media/ZS_F1_0204.mp3,F1-GMS-0201C 00:19.24-00:20.79
205,1,201,4,GLOSSIKA-ENZS-F1-GMS-0201C.mp3,23.179,24.467,1.288,media/ZS_F1_0205.mp3,F1-GMS-0201C 00:23.18-00:24.47
206,1,201,5,GLOSSIKA-ENZS-F1-GMS-0201C.mp3,26.929,28.100,1.171,media/ZS_F1_0206.mp3,F1-GMS-0201C 00:26.93-00:28.10
207,1,201,6,GLOSSIKA-ENZS-F1-GMS-0201C.mp3,30.604,31.939,1.335,media/ZS_F1_0207.mp3,F1-GMS-0201C 00:30.60-00:31.94
208,1,201,7,GLOSSIKA-ENZS-F1-GMS-0201C.mp3,34.453,36.039,1.586,media/ZS_F1_0208.mp3,F1-GMS-0201C 00:34.45-00:36.04
209,1,201,8,GLOSSIKA-ENZS-F1-GMS-0201C.mp3,38.543,39.933,1.389,media/ZS_F1_0209.mp3,F1-GMS-0201C 00:38.54-00:39.93
210,1,201,9,GLOSSIKA-ENZS-F1-GMS-0201C.mp3,42.356,43.519,1.163,media/ZS_F1_0210.mp3,F1-GMS-0201C 00:42.36-00:43.52
211,1,201,10,GLOSSIKA-ENZS-F1-GMS-0201C.mp3,46.107,47.256,1.149,media/ZS_F1_0211.mp3,F1-GMS-0201C 00:46.11-00:47.26
212,1,201,11,GLOSSIKA-ENZS-F1-GMS-0201C.mp3,50.084,51.521,1.437,media/ZS_F1_0212.mp3,F1-GMS-0201C 00:50.08-00:51.52
213,1,201,12,GLOSSIKA-ENZS-F1-GMS-0201C.mp3,54.686,56.169,1.483,media/ZS_F1_0213.mp3,F1-GMS-0201C 00:54.69-00:56.17
214,1,201,13,GLOSSIKA-ENZS-F1-GMS-0201C.mp3,59.024,60.861,1.838,media/ZS_F1_0214.mp3,F1-GMS-0201C 00:59.02-01:00.86
215,1,201,14,GLOSSIKA-ENZS-F1-GMS-0201C.mp3,64.031,65.956,1.925,media/ZS_F1_0215.mp3,F1-GMS-0201C 01:04.03-01:05.96
216,1,201,15,GLOSSIKA-ENZS-F1-GMS-0201C.mp3,68.964,70.915,1.951,media/ZS_F1_0216.mp3,F1-GMS-0201C 01:08.96-01:10.91
217,1,201,16,GLOSSIKA-ENZS-F1-GMS-0201C.mp3,73.895,75.140,1.245,media/ZS_F1_0217.mp3,F1-GMS-0201C 01:13.90-01:15.14
218,1,201,17,GLOSSIKA-ENZS-F1-GMS-0201C.mp3,78.061,79.822,1.760,media/ZS_F1_0218.mp3,F1-GMS-0201C 01:18.06-01:19.82
219,1,201,18,GLOSSIKA-ENZS-F1-GMS-0201C.mp3,82.666,84.490,1.823,media/ZS_F1_0219.mp3,F1-GMS-0201C 01:22.67-01:24.49
220,1,201,19,GLOSSIKA-ENZS-F1-GMS-0201C.mp3,87.370,89.258,1.888,media/ZS_F1_0220.mp3,F1-GMS-0201C 01:27.37-01:29.26
221,1,201,20,GLOSSIKA-ENZS-F1-GMS-0201C.mp3,92.348,93.719,1.371,media/ZS_F1_0221.mp3,F1-GMS-0201C 01:32.35-01:33.72
222,1,201,21,GLOSSIKA-ENZS-F1-GMS-0201C.mp3,96.657,98.764,2.107,media/ZS_F1_0222.mp3,F1-GMS-0201C 01:36.66-01:38.76
223,1,201,22,GLOSSIKA-ENZS-F1-GMS-0201C.mp3,101.753,102.956,1.203,media/ZS_F1_0223.mp3,F1-GMS-0201C 01:41.75-01:42.96
224,1,201,23,GLOSSIKA-ENZS-F1-GMS-0201C.mp3,105.964,107.894,1.929,media/ZS_F1_0224.mp3,F1-GMS-0201C 01:45.96-01:47.89
225,1,201,24,GLOSSIKA-ENZS-F1-GMS-0201C.mp3,110.902,112.371,1.469,media/ZS_F1_0225.mp3,F1-GMS-0201C 01:50.90-01:52.37
226,1,201,25,GLOSSIKA-ENZS-F1-GMS-0201C.mp3,115.234,116.852,1.618,media/ZS_F1_0226.mp3,F1-GMS-0201C 01:55.23-01:56.85
227,1,201,26,GLOSSIKA-ENZS-F1-GMS-0201C.mp3,119.766,121.501,1.735,media/ZS_F1_0227.mp3,F1-GMS-0201C 01:59.77-02:01.50
228,1,201,27,GLOSSIKA-ENZS-F1-GMS-0201C.mp3,124.373,126.273,1.900,media/ZS_F1_0228.mp3,F1-GMS-0201C 02:04.37-02:06.27
229,1,201,28,GLOSSIKA-ENZS-F1-GMS-0201C.mp3,129.160,130.463,1.302,media/ZS_F1_0229.mp3,F1-GMS-0201C 02:09.16-02:10.46
230,1,201,29,GLOSSIKA-ENZS-F1-GMS-0201C.mp3,133.337,134.679,1.342,media/ZS_F1_0230.mp3,F1-GMS-0201C 02:13.34-02:14.68
231,1,201,30,GLOSSIKA-ENZS-F1-GMS-0201C.mp3,137.602,138.968,1.366,media/ZS_F1_0231.mp3,F1-GMS-0201C 02:17.60-02:18.97
232,1,201,31,GLOSSIKA-ENZS-F1-GMS-0201C.mp3,141.908,143.767,1.859,media/ZS_F1_0232.mp3,F1-GMS-0201C 02:21.91-02:23.77
233,1,201,32,GLOSSIKA-ENZS-F1-GMS-0201C.mp3,146.438,147.778,1.340,media/ZS_F1_0233.mp3,F1-GMS-0201C 02:26.44-02:27.78
234,1,201,33,GLOSSIKA-ENZS-F1-GMS-0201C.mp3,150.529,151.666,1.137,media/ZS_F1_0234.mp3,F1-GMS-0201C 02:30.53-02:31.67
235,1,201,34,GLOSSIKA-ENZS-F1-GMS-0201C.mp3,154.578,155.781,1.203,media/ZS_F1_0235.mp3,F1-GMS-0201C 02:34.58-02:35.78
236,1,201,35,GLOSSIKA-ENZS-F1-GMS-0201C.mp3,158.594,159.865,1.271,media/ZS_F1_0236.mp3,F1-GMS-0201C 02:38.59-02:39.86
237,1,201,36,GLOSSIKA-ENZS-F1-GMS-0201C.mp3,162.500,163.879,1.378,media/ZS_F1_0237.mp3,F1-GMS-0201C 02:42.50-02:43.88
238,1,201,37,GLOSSIKA-ENZS-F1-GMS-0201C.mp3,166.606,167.796,1.190,media/ZS_F1_0238.mp3,F1-GMS-0201C 02:46.61-02:47.80
239,1,201,38,GLOSSIKA-ENZS-F1-GMS-0201C.mp3,170.614,171.735,1.121,media/ZS_F1_0239.mp3,F1-GMS-0201C 02:50.61-02:51.73
240,1,201,39,GLOSSIKA-ENZS-F1-GMS-0201C.mp3,174.829,176.210,1.382,media/ZS_F1_0240.mp3,F1-GMS-0201C 02:54.83-02:56.21
241,1,201,40,GLOSSIKA-ENZS-F1-GMS-0201C.mp3,179.303,181.158,1.855,media/ZS_F1_0241.mp3,F1-GMS-0201C 02:59.30-03:01.16
242,1,201,41,GLOSSIKA-ENZS-F1-GMS-0201C.mp3,184.443,186.047,1.604,media/ZS_F1_0242.mp3,F1-GMS-0201C 03:04.44-03:06.05
243,1,201,42,GLOSSIKA-ENZS-F1-GMS-0201C.mp3,189.193,190.537,1.344,media/ZS_F1_0243.mp3,F1-GMS-0201C 03:09.19-03:10.54
244,1,201,43,GLOSSIKA-ENZS-F1-GMS-0201C.mp3,193.593,195.036,1.443,media/ZS_F1_0244.mp3,F1-GMS-0201C 03:13.59-03:15.04
245,1,201,44,GLOSSIKA-ENZS-F1-GMS-0201C.mp3,197.972,199.355,1.383,media/ZS_F1_0245.mp3,F1-GMS-0201C 03:17.97-03:19.36
246,1,201,45,GLOSSIKA-ENZS-F1-GMS-0201C.mp3,201.960,203.345,1.386,media/ZS_F1_0246.mp3,F1-GMS-0201C 03:21.96-03:23.35
247,1,201,46,GLOSSIKA-ENZS-F1-GMS-0201C.mp3,206.283,207.731,1.448,media/ZS_F1_0247.mp3,F1-GMS-0201C 03:26.28-03:27.73
248,1,201,47,GLOSSIKA-ENZS-F1-GMS-0201C.mp3,210.834,212.126,1.292,media/ZS_F1_0248.mp3,F1-GMS-0201C 03:30.83-03:32.13
249,1,201,48,GLOSSIKA-ENZS-F1-GMS-0201C.mp3,215.262,216.682,1.420,media/ZS_F1_0249.mp3,F1-GMS-0201C 03:35.26-03:36.68
250,1,201,49,GLOSSIKA-ENZS-F1-GMS-0201C.mp3,219.838,221.604,1.766,media/ZS_F1_0250.mp3,F1-GMS-0201C 03:39.84-03:41.60
251,1,251,0,GLOSSIKA-ENZS-F1-GMS-0251C.mp3,7.075,8.515,1.440,media/ZS_F1_0251.mp3,F1-GMS-0251C 00:07.07-00:08.52
252,1,251,1,GLOSSIKA-ENZS-F1-GMS-0251C.mp3,11.254,12.121,0.867,media/ZS_F1_0252.mp3,F1-GMS-0251C 00:11.25-00:12.12
253,1,251,2,GLOSSIKA-ENZS-F1-GMS-0251C.mp3,15.265,16.725,1.461,media/ZS_F1_0253.mp3,F1-GMS-0251C 00:15.26-00:16.73
254,1,251,3,GLOSSIKA-ENZS-F1-GMS-0251C.mp3,19.482,21.099,1.617,media/ZS_F1_0254.mp3,F1-GMS-0251C 00:19.48-00:21.10
255,1,251,4,GLOSSIKA-ENZS-F1-GMS-0251C.mp3,23.888,24.929,1.041,media/ZS_F1_0255.mp3,F1-GMS-0251C 00:23.89-00:24.93
256,1,251,5,GLOSSIKA-ENZS-F1-GMS-0251C.mp3,27.794,28.913,1.119,media/ZS_F1_0256.mp3,F1-GMS-0251C 00:27.79-00:28.91
257,1,251,6,GLOSSIKA-ENZS-F1-GMS-0251C.mp3,31.861,33.203,1.342,media/ZS_F1_0257.mp3,F1-GMS-0251C 00:31.86-00:33.20
258,1,251,7,GLOSSIKA-ENZS-F1-GMS-0251C.mp3,36.149,37.819,1.670,media/ZS_F1_0258.mp3,F1-GMS-0251C 00:36.15-00:37.82
259,1,251,8,GLOSSIKA-ENZS-F1-GMS-0251C.mp3,40.661,41.958,1.297,media/ZS_F1_0259.mp3,F1-GMS-0251C 00:40.66-00:41.96
260,1,251,9,GLOSSIKA-ENZS-F1-GMS-0251C.mp3,44.883,46.311,1.428,media/ZS_F1_0260.mp3,F1-GMS-0251C 00:44.88-00:46.31
261,1,251,10,GLOSSIKA-ENZS-F1-GMS-0251C.mp3,49.162,50.778,1.615,media/ZS_F1_0261.mp3,F1-GMS-0251C 00:49.16-00:50.78
262,1,251,11,GLOSSIKA-ENZS-F1-GMS-0251C.mp3,53.804,55.787,1.984,media/ZS_F1_0262.mp3,F1-GMS-0251C 00:53.80-00:55.79
263,1,251,12,GLOSSIKA-ENZS-F1-GMS-0251C.mp3,58.623,59.934,1.311,media/ZS_F1_0263.mp3,F1-GMS-0251C 00:58.62-00:59.93
264,1,251,13,GLOSSIKA-ENZS-F1-GMS-0251C.mp3,62.641,65.031,2.389,media/ZS_F1_0264.mp3,F1-GMS-0251C 01:02.64-01:05.03
265,1,251,14,GLOSSIKA-ENZS-F1-GMS-0251C.mp3,67.425,69.121,1.696,media/ZS_F1_0265.mp3,F1-GMS-0251C 01:07.43-01:09.12
266,1,251,15,GLOSSIKA-ENZS-F1-GMS-0251C.mp3,71.797,74.109,2.312,media/ZS_F1_0266.mp3,F1-GMS-0251C 01:11.80-01:14.11
267,1,251,16,GLOSSIKA-ENZS-F1-GMS-0251C.mp3,76.869,78.336,1.467,media/ZS_F1_0267.mp3,F1-GMS-0251C 01:16.87-01:18.34
268,1,251,17,GLOSSIKA-ENZS-F1-GMS-0251C.mp3,81.078,82.518,1.440,media/ZS_F1_0268.mp3,F1-GMS-0251C 01:21.08-01:22.52
269,1,251,18,GLOSSIKA-ENZS-F1-GMS-0251C.mp3,85.256,86.855,1.599,media/ZS_F1_0269.mp3,F1-GMS-0251C 01:25.26-01:26.86
270,1,251,19,GLOSSIKA-ENZS-F1-GMS-0251C.mp3,89.637,91.339,1.702,media/ZS_F1_0270.mp3,F1-GMS-0251C 01:29.64-01:31.34
271,1,251,20,GLOSSIKA-ENZS-F1-GMS-0251C.mp3,94.144,95.786,1.642,media/ZS_F1_0271.mp3,F1-GMS-0251C 01:34.14-01:35.79
272,1,251,21,GLOSSIKA-ENZS-F1-GMS-0251C.mp3,98.878,100.710,1.832,media/ZS_F1_0272.mp3,F1-GMS-0251C 01:38.88-01:40.71
273,1,251,22,GLOSSIKA-ENZS-F1-GMS-0251C.mp3,103.824,105.628,1.803,media/ZS_F1_0273.mp3,F1-GMS-0251C 01:43.82-01:45.63
274,1,251,23,GLOSSIKA-ENZS-F1-GMS-0251C.mp3,108.694,111.444,2.750,media/ZS_F1_0274.mp3,F1-GMS-0251C 01:48.69-01:51.44
275,1,251,24,GLOSSIKA-ENZS-F1-GMS-0251C.mp3,114.489,116.039,1.550,media/ZS_F1_0275.mp3,F1-GMS-0251C 01:54.49-01:56.04
276,1,251,25,GLOSSIKA-ENZS-F1-GMS-0251C.mp3,119.314,121.236,1.922,media/ZS_F1_0276.mp3,F1-GMS-0251C 01:59.31-02:01.24
277,1,251,26,GLOSSIKA-ENZS-F1-GMS-0251C.mp3,124.224,126.065,1.841,media/ZS_F1_0277.mp3,F1-GMS-0251C 02:04.22-02:06.07
278,1,251,27,GLOSSIKA-ENZS-F1-GMS-0251C.mp3,129.047,130.923,1.875,media/ZS_F1_0278.mp3,F1-GMS-0251C 02:09.05-02:10.92
279,1,251,28,GLOSSIKA-ENZS-F1-GMS-0251C.mp3,134.012,136.455,2.443,media/ZS_F1_0279.mp3,F1-GMS-0251C 02:14.01-02:16.45
280,1,251,29,GLOSSIKA-ENZS-F1-GMS-0251C.mp3,139.585,142.495,2.909,media/ZS_F1_0280.mp3,F1-GMS-0251C 02:19.59-02:22.49
281,1,251,30,GLOSSIKA-ENZS-F1-GMS-0251C.mp3,145.339,146.284,0.945,media/ZS_F1_0281.mp3,F1-GMS-0251C 02:25.34-02:26.28
282,1,251,31,GLOSSIKA-ENZS-F1-GMS-0251C.mp3,149.023,150.147,1.124,media/ZS_F1_0282.mp3,F1-GMS-0251C 02:29.02-02:30.15
283,1,251,32,GLOSSIKA-ENZS-F1-GMS-0251C.mp3,152.843,153.876,1.033,media/ZS_F1_0283.mp3,F1-GMS-0251C 02:32.84-02:33.88
284,1,251,33,GLOSSIKA-ENZS-F1-GMS-0251C.mp3,156.682,157.869,1.186,media/ZS_F1_0284.mp3,F1-GMS-0251C 02:36.68-02:37.87
285,1,251,34,GLOSSIKA-ENZS-F1-GMS-0251C.mp3,160.679,161.502,0.824,media/ZS_F1_0285.mp3,F1-GMS-0251C 02:40.68-02:41.50
286,1,251,35,GLOSSIKA-ENZS-F1-GMS-0251C.mp3,164.492,165.561,1.070,media/ZS_F1_0286.mp3,F1-GMS-0251C 02:44.49-02:45.56
287,1,251,36,GLOSSIKA-ENZS-F1-GMS-0251C.mp3,168.603,169.879,1.276,media/ZS_F1_0287.mp3,F1-GMS-0251C 02:48.60-02:49.88
288,1,251,37,GLOSSIKA-ENZS-F1-GMS-0251C.mp3,172.782,175.430,2.648,media/ZS_F1_0288.mp3,F1-GMS-0251C 02:52.78-02:55.43
289,1,251,38,GLOSSIKA-ENZS-F1-GMS-0251C.mp3,178.383,179.941,1.558,media/ZS_F1_0289.mp3,F1-GMS-0251C 02:58.38-02:59.94
290,1,251,39,GLOSSIKA-ENZS-F1-GMS-0251C.mp3,182.966,184.100,1.134,media/ZS_F1_0290.mp3,F1-GMS-0251C 03:02.97-03:04.10
291,1,251,40,GLOSSIKA-ENZS-F1-GMS-0251C.mp3,187.106,189.259,2.153,media/ZS_F1_0291.mp3,F1-GMS-0251C 03:07.11-03:09.26
292,1,251,41,GLOSSIKA-ENZS-F1-GMS-0251C.mp3,192.467,194.678,2.211,media/ZS_F1_0292.mp3,F1-GMS-0251C 03:12.47-03:14.68
293,1,251,42,GLOSSIKA-ENZS-F1-GMS-0251C.mp3,197.818,199.544,1.726,media/ZS_F1_0293.mp3,F1-GMS-0251C 03:17.82-03:19.54
294,1,251,43,GLOSSIKA-ENZS-F1-GMS-0251C.mp3,203.133,205.567,2.434,media/ZS_F1_0294.mp3,F1-GMS-0251C 03:23.13-03:25.57
295,1,251,44,GLOSSIKA-ENZS-F1-GMS-0251C.mp3,208.766,210.975,2.209,media/ZS_F1_0295.mp3,F1-GMS-0251C 03:28.77-03:30.97
296,1,251,45,GLOSSIKA-ENZS-F1-GMS-0251C.mp3,214.317,217.649,3.331,media/ZS_F1_0296.mp3,F1-GMS-0251C 03:34.32-03:37.65
297,1,251,46,GLOSSIKA-ENZS-F1-GMS-0251C.mp3,220.506,224.518,4.012,media/ZS_F1_0297.mp3,F1-GMS-0251C 03:40.51-03:44.52
298,1,251,47,GLOSSIKA-ENZS-F1-GMS-0251C.mp3,227.802,230.949,3.147,media/ZS_F1_0298.mp3,F1-GMS-0251C 03:47.80-03:50.95
299,1,251,48,GLOSSIKA-ENZS-F1-GMS-0251C.mp3,234.010,236.602,2.592,media/ZS_F1_0299.mp3,F1-GMS-0251C 03:54.01-03:56.60
300,1,251,49,GLOSSIKA-ENZS-F1-GMS-0251C.mp3,239.478,241.904,2.426,media/ZS_F1_0300.mp3,F1-GMS-0251C 03:59.48-04:01.90
301,1,301,0,GLOSSIKA-ENZS-F1-GMS-0301C.mp3,7.023,9.577,2.554,media/ZS_F1_0301.mp3,F1-GMS-0301C 00:07.02-00:09.58
302,1,301,1,GLOSSIKA-ENZS-F1-GMS-0301C.mp3,12.149,15.452,3.303,media/ZS_F1_0302.mp3,F1-GMS-0301C 00:12.15-00:15.45
303,1,301,2,GLOSSIKA-ENZS-F1-GMS-0301C.mp3,18.147,19.570,1.424,media/ZS_F1_0303.mp3,F1-GMS-0301C 00:18.15-00:19.57
304,1,301,3,GLOSSIKA-ENZS-F1-GMS-0301C.mp3,22.230,24.844,2.615,media/ZS_F1_0304.mp3,F1-GMS-0301C 00:22.23-00:24.84
305,1,301,4,GLOSSIKA-ENZS-F1-GMS-0301C.mp3,27.603,29.359,1.757,media/ZS_F1_0305.mp3,F1-GMS-0301C 00:27.60-00:29.36
306,1,301,5,GLOSSIKA-ENZS-F1-GMS-0301C.mp3,32.038,34.318,2.279,media/ZS_F1_0306.mp3,F1-GMS-0301C 00:32.04-00:34.32
307,1,301,6,GLOSSIKA-ENZS-F1-GMS-0301C.mp3,37.020,38.977,1.957,media/ZS_F1_0307.mp3,F1-GMS-0301C 00:37.02-00:38.98
308,1,301,7,GLOSSIKA-ENZS-F1-GMS-0301C.mp3,41.635,43.794,2.159,media/ZS_F1_0308.mp3,F1-GMS-0301C 00:41.63-00:43.79
309,1,301,8,GLOSSIKA-ENZS-F1-GMS-0301C.mp3,46.407,47.969,1.562,media/ZS_F1_0309.mp3,F1-GMS-0301C 00:46.41-00:47.97
310,1,301,9,GLOSSIKA-ENZS-F1-GMS-0301C.mp3,50.642,52.746,2.104,media/ZS_F1_0310.mp3,F1-GMS-0301C 00:50.64-00:52.75
311,1,301,10,GLOSSIKA-ENZS-F1-GMS-0301C.mp3,55.476,57.488,2.012,media/ZS_F1_0311.mp3,F1-GMS-0301C 00:55.48-00:57.49
312,1,301,11,GLOSSIKA-ENZS-F1-GMS-0301C.mp3,60.098,61.976,1.879,media/ZS_F1_0312.mp3,F1-GMS-0301C 01:00.10-01:01.98
313,1,301,12,GLOSSIKA-ENZS-F1-GMS-0301C.mp3,64.689,66.484,1.795,media/ZS_F1_0313.mp3,F1-GMS-0301C 01:04.69-01:06.48
314,1,301,13,GLOSSIKA-ENZS-F1-GMS-0301C.mp3,69.381,71.455,2.074,media/ZS_F1_0314.mp3,F1-GMS-0301C 01:09.38-01:11.45
315,1,301,14,GLOSSIKA-ENZS-F1-GMS-0301C.mp3,74.287,76.483,2.197,media/ZS_F1_0315.mp3,F1-GMS-0301C 01:14.29-01:16.48
316,1,301,15,GLOSSIKA-ENZS-F1-GMS-0301C.mp3,79.257,81.679,2.422,media/ZS_F1_0316.mp3,F1-GMS-0301C 01:19.26-01:21.68
317,1,301,16,GLOSSIKA-ENZS-F1-GMS-0301C.mp3,84.327,86.566,2.239,media/ZS_F1_0317.mp3,F1-GMS-0301C 01:24.33-01:26.57
318,1,301,17,GLOSSIKA-ENZS-F1-GMS-0301C.mp3,89.388,90.699,1.311,media/ZS_F1_0318.mp3,F1-GMS-0301C 01:29.39-01:30.70
319,1,301,18,GLOSSIKA-ENZS-F1-GMS-0301C.mp3,93.522,95.250,1.728,media/ZS_F1_0319.mp3,F1-GMS-0301C 01:33.52-01:35.25
320,1,301,19,GLOSSIKA-ENZS-F1-GMS-0301C.mp3,98.109,100.440,2.331,media/ZS_F1_0320.mp3,F1-GMS-0301C 01:38.11-01:40.44
321,1,301,20,GLOSSIKA-ENZS-F1-GMS-0301C.mp3,103.301,105.611,2.310,media/ZS_F1_0321.mp3,F1-GMS-0301C 01:43.30-01:45.61
322,1,301,21,GLOSSIKA-ENZS-F1-GMS-0301C.mp3,108.483,110.207,1.725,media/ZS_F1_0322.mp3,F1-GMS-0301C 01:48.48-01:50.21
323,1,301,22,GLOSSIKA-ENZS-F1-GMS-0301C.mp3,113.111,114.901,1.790,media/ZS_F1_0323.mp3,F1-GMS-0301C 01:53.11-01:54.90
324,1,301,23,GLOSSIKA-ENZS-F1-GMS-0301C.mp3,117.613,119.417,1.805,media/ZS_F1_0324.mp3,F1-GMS-0301C 01:57.61-01:59.42
325,1,301,24,GLOSSIKA-ENZS-F1-GMS-0301C.mp3,122.275,124.231,1.957,media/ZS_F1_0325.mp3,F1-GMS-0301C 02:02.27-02:04.23
326,1,301,25,GLOSSIKA-ENZS-F1-GMS-0301C.mp3,127.149,128.905,1.757,media/ZS_F1_0326.mp3,F1-GMS-0301C 02:07.15-02:08.91
327,1,301,26,GLOSSIKA-ENZS-F1-GMS-0301C.mp3,131.717,133.293,1.576,media/ZS_F1_0327.mp3,F1-GMS-0301C 02:11.72-02:13.29
328,1,301,27,GLOSSIKA-ENZS-F1-GMS-0301C.mp3,135.915,137.480,1.565,media/ZS_F1_0328.mp3,F1-GMS-0301C 02:15.91-02:17.48
329,1,301,28,GLOSSIKA-ENZS-F1-GMS-0301C.mp3,140.099,141.639,1.541,media/ZS_F1_0329.mp3,F1-GMS-0301C 02:20.10-02:21.64
330,1,301,29,GLOSSIKA-ENZS-F1-GMS-0301C.mp3,144.429,147.032,2.603,media/ZS_F1_0330.mp3,F1-GMS-0301C 02:24.43-02:27.03
331,1,301,30,GLOSSIKA-ENZS-F1-GMS-0301C.mp3,149.896,151.674,1.778,media/ZS_F1_0331.mp3,F1-GMS-0301C 02:29.90-02:31.67
332,1,301,31,GLOSSIKA-ENZS-F1-GMS-0301C.mp3,154.477,157.669,3.192,media/ZS_F1_0332.mp3,F1-GMS-0301C 02:34.48-02:37.67
333,1,301,32,GLOSSIKA-ENZS-F1-GMS-0301C.mp3,160.599,162.232,1.632,media/ZS_F1_0333.mp3,F1-GMS-0301C 02:40.60-02:42.23
334,1,301,33,GLOSSIKA-ENZS-F1-GMS-0301C.mp3,164.880,166.589,1.709,media/ZS_F1_0334.mp3,F1-GMS-0301C 02:44.88-02:46.59
335,1,301,34,GLOSSIKA-ENZS-F1-GMS-0301C.mp3,169.225,173.140,3.915,media/ZS_F1_0335.mp3,F1-GMS-0301C 02:49.23-02:53.14
336,1,301,35,GLOSSIKA-ENZS-F1-GMS-0301C.mp3,176.038,178.349,2.311,media/ZS_F1_0336.mp3,F1-GMS-0301C 02:56.04-02:58.35
337,1,301,36,GLOSSIKA-ENZS-F1-GMS-0301C.mp3,181.099,182.957,1.857,media/ZS_F1_0337.mp3,F1-GMS-0301C 03:01.10-03:02.96
338,1,301,37,GLOSSIKA-ENZS-F1-GMS-0301C.mp3,185.560,187.493,1.932,media/ZS_F1_0338.mp3,F1-GMS-0301C 03:05.56-03:07.49
339,1,301,38,GLOSSIKA-ENZS-F1-GMS-0301C.mp3,190.224,192.142,1.918,media/ZS_F1_0339.mp3,F1-GMS-0301C 03:10.22-03:12.14
340,1,301,39,GLOSSIKA-ENZS-F1-GMS-0301C.mp3,194.940,196.915,1.975,media/ZS_F1_0340.mp3,F1-GMS-0301C 03:14.94-03:16.92
341,1,301,40,GLOSSIKA-ENZS-F1-GMS-0301C.mp3,199.603,201.851,2.247,media/ZS_F1_0341.mp3,F1-GMS-0301C 03:19.60-03:21.85
342,1,301,41,GLOSSIKA-ENZS-F1-GMS-0301C.mp3,204.551,205.849,1.298,media/ZS_F1_0342.mp3,F1-GMS-0301C 03:24.55-03:25.85
343,1,301,42,GLOSSIKA-ENZS-F1-GMS-0301C.mp3,208.386,210.441,2.055,media/ZS_F1_0343.mp3,F1-GMS-0301C 03:28.39-03:30.44
344,1,301,43,GLOSSIKA-ENZS-F1-GMS-0301C.mp3,213.291,215.145,1.853,media/ZS_F1_0344.mp3,F1-GMS-0301C 03:33.29-03:35.14
345,1,301,44,GLOSSIKA-ENZS-F1-GMS-0301C.mp3,217.794,219.507,1.714,media/ZS_F1_0345.mp3,F1-GMS-0301C 03:37.79-03:39.51
346,1,301,45,GLOSSIKA-ENZS-F1-GMS-0301C.mp3,222.257,223.630,1.373,media/ZS_F1_0346.mp3,F1-GMS-0301C 03:42.26-03:43.63
347,1,301,46,GLOSSIKA-ENZS-F1-GMS-0301C.mp3,226.292,227.906,1.614,media/ZS_F1_0347.mp3,F1-GMS-0301C 03:46.29-03:47.91
348,1,301,47,GLOSSIKA-ENZS-F1-GMS-0301C.mp3,230.682,232.324,1.642,media/ZS_F1_0348.mp3,F1-GMS-0301C 03:50.68-03:52.32
349,1,301,48,GLOSSIKA-ENZS-F1-GMS-0301C.mp3,235.053,236.462,1.409,media/ZS_F1_0349.mp3,F1-GMS-0301C 03:55.05-03:56.46
350,1,301,49,GLOSSIKA-ENZS-F1-GMS-0301C.mp3,239.309,240.800,1.491,media/ZS_F1_0350.mp3,F1-GMS-0301C 03:59.31-04:00.80
351,1,351,0,GLOSSIKA-ENZS-F1-GMS-0351C.mp3,7.002,8.563,1.561,media/ZS_F1_0351.mp3,F1-GMS-0351C 00:07.00-00:08.56
352,1,351,1,GLOSSIKA-ENZS-F1-GMS-0351C.mp3,11.403,13.303,1.900,media/ZS_F1_0352.mp3,F1-GMS-0351C 00:11.40-00:13.30
353,1,351,2,GLOSSIKA-ENZS-F1-GMS-0351C.mp3,16.010,17.702,1.692,media/ZS_F1_0353.mp3,F1-GMS-0351C 00:16.01-00:17.70
354,1,351,3,GLOSSIKA-ENZS-F1-GMS-0351C.mp3,20.492,22.035,1.543,media/ZS_F1_0354.mp3,F1-GMS-0351C 00:20.49-00:22.03
355,1,351,4,GLOSSIKA-ENZS-F1-GMS-0351C.mp3,24.887,26.739,1.852,media/ZS_F1_0355.mp3,F1-GMS-0351C 00:24.89-00:26.74
356,1,351,5,GLOSSIKA-ENZS-F1-GMS-0351C.mp3,29.424,31.344,1.920,media/ZS_F1_0356.mp3,F1-GMS-0351C 00:29.42-00:31.34
357,1,351,6,GLOSSIKA-ENZS-F1-GMS-0351C.mp3,34.090,36.266,2.176,media/ZS_F1_0357.mp3,F1-GMS-0351C 00:34.09-00:36.27
358,1,351,7,GLOSSIKA-ENZS-F1-GMS-0351C.mp3,39.133,41.461,2.328,media/ZS_F1_0358.mp3,F1-GMS-0351C 00:39.13-00:41.46
359,1,351,8,GLOSSIKA-ENZS-F1-GMS-0351C.mp3,44.392,47.192,2.800,media/ZS_F1_0359.mp3,F1-GMS-0351C 00:44.39-00:47.19
360,1,351,9,GLOSSIKA-ENZS-F1-GMS-0351C.mp3,50.231,52.165,1.935,media/ZS_F1_0360.mp3,F1-GMS-0351C 00:50.23-00:52.17
361,1,351,10,GLOSSIKA-ENZS-F1-GMS-0351C.mp3,54.897,58.609,3.712,media/ZS_F1_0361.mp3,F1-GMS-0351C 00:54.90-00:58.61
362,1,351,11,GLOSSIKA-ENZS-F1-GMS-0351C.mp3,61.353,64.215,2.861,media/ZS_F1_0362.mp3,F1-GMS-0351C 01:01.35-01:04.21
363,1,351,12,GLOSSIKA-ENZS-F1-GMS-0351C.mp3,66.980,70.847,3.866,media/ZS_F1_0363.mp3,F1-GMS-0351C 01:06.98-01:10.85
364,1,351,13,GLOSSIKA-ENZS-F1-GMS-0351C.mp3,73.620,76.600,2.981,media/ZS_F1_0364.mp3,F1-GMS-0351C 01:13.62-01:16.60
365,1,351,14,GLOSSIKA-ENZS-F1-GMS-0351C.mp3,79.434,82.814,3.380,media/ZS_F1_0365.mp3,F1-GMS-0351C 01:19.43-01:22.81
366,1,351,15,GLOSSIKA-ENZS-F1-GMS-0351C.mp3,85.530,87.078,1.548,media/ZS_F1_0366.mp3,F1-GMS-0351C 01:25.53-01:27.08
367,1,351,16,GLOSSIKA-ENZS-F1-GMS-0351C.mp3,89.552,92.353,2.801,media/ZS_F1_0367.mp3,F1-GMS-0351C 01:29.55-01:32.35
368,1,351,17,GLOSSIKA-ENZS-F1-GMS-0351C.mp3,95.011,97.640,2.630,media/ZS_F1_0368.mp3,F1-GMS-0351C 01:35.01-01:37.64
369,1,351,18,GLOSSIKA-ENZS-F1-GMS-0351C.mp3,100.380,103.217,2.837,media/ZS_F1_0369.mp3,F1-GMS-0351C 01:40.38-01:43.22
370,1,351,19,GLOSSIKA-ENZS-F1-GMS-0351C.mp3,105.991,109.024,3.033,media/ZS_F1_0370.mp3,F1-GMS-0351C 01:45.99-01:49.02
371,1,351,20,GLOSSIKA-ENZS-F1-GMS-0351C.mp3,111.609,113.627,2.018,media/ZS_F1_0371.mp3,F1-GMS-0351C 01:51.61-01:53.63
372,1,351,21,GLOSSIKA-ENZS-F1-GMS-0351C.mp3,116.113,119.014,2.901,media/ZS_F1_0372.mp3,F1-GMS-0351C 01:56.11-01:59.01
373,1,351,22,GLOSSIKA-ENZS-F1-GMS-0351C.mp3,121.576,124.258,2.682,media/ZS_F1_0373.mp3,F1-GMS-0351C 02:01.58-02:04.26
374,1,351,23,GLOSSIKA-ENZS-F1-GMS-0351C.mp3,126.860,128.449,1.589,media/ZS_F1_0374.mp3,F1-GMS-0351C 02:06.86-02:08.45
375,1,351,24,GLOSSIKA-ENZS-F1-GMS-0351C.mp3,131.028,133.118,2.090,media/ZS_F1_0375.mp3,F1-GMS-0351C 02:11.03-02:13.12
376,1,351,25,GLOSSIKA-ENZS-F1-GMS-0351C.mp3,135.783,137.682,1.900,media/ZS_F1_0376.mp3,F1-GMS-0351C 02:15.78-02:17.68
377,1,351,26,GLOSSIKA-ENZS-F1-GMS-0351C.mp3,140.340,141.723,1.383,media/ZS_F1_0377.mp3,F1-GMS-0351C 02:20.34-02:21.72
378,1,351,27,GLOSSIKA-ENZS-F1-GMS-0351C.mp3,144.231,146.155,1.924,media/ZS_F1_0378.mp3,F1-GMS-0351C 02:24.23-02:26.16
379,1,351,28,GLOSSIKA-ENZS-F1-GMS-0351C.mp3,149.072,150.855,1.783,media/ZS_F1_0379.mp3,F1-GMS-0351C 02:29.07-02:30.86
380,1,351,29,GLOSSIKA-ENZS-F1-GMS-0351C.mp3,153.541,155.506,1.965,media/ZS_F1_0380.mp3,F1-GMS-0351C 02:33.54-02:35.51
381,1,351,30,GLOSSIKA-ENZS-F1-GMS-0351C.mp3,158.162,159.876,1.713,media/ZS_F1_0381.mp3,F1-GMS-0351C 02:38.16-02:39.88
382,1,351,31,GLOSSIKA-ENZS-F1-GMS-0351C.mp3,162.571,164.665,2.094,media/ZS_F1_0382.mp3,F1-GMS-0351C 02:42.57-02:44.66
383,1,351,32,GLOSSIKA-ENZS-F1-GMS-0351C.mp3,167.360,169.494,2.134,media/ZS_F1_0383.mp3,F1-GMS-0351C 02:47.36-02:49.49
384,1,351,33,GLOSSIKA-ENZS-F1-GMS-0351C.mp3,172.521,174.060,1.538,media/ZS_F1_0384.mp3,F1-GMS-0351C 02:52.52-02:54.06
385,1,351,34,GLOSSIKA-ENZS-F1-GMS-0351C.mp3,176.764,178.232,1.468,media/ZS_F1_0385.mp3,F1-GMS-0351C 02:56.76-02:58.23
386,1,351,35,GLOSSIKA-ENZS-F1-GMS-0351C.mp3,180.974,182.890,1.916,media/ZS_F1_0386.mp3,F1-GMS-0351C 03:00.97-03:02.89
387,1,351,36,GLOSSIKA-ENZS-F1-GMS-0351C.mp3,185.727,187.608,1.881,media/ZS_F1_0387.mp3,F1-GMS-0351C 03:05.73-03:07.61
388,1,351,37,GLOSSIKA-ENZS-F1-GMS-0351C.mp3,190.439,192.465,2.026,media/ZS_F1_0388.mp3,F1-GMS-0351C 03:10.44-03:12.47
389,1,351,38,GLOSSIKA-ENZS-F1-GMS-0351C.mp3,195.284,198.796,3.511,media/ZS_F1_0389.mp3,F1-GMS-0351C 03:15.28-03:18.80
390,1,351,39,GLOSSIKA-ENZS-F1-GMS-0351C.mp3,201.497,204.421,2.924,media/ZS_F1_0390.mp3,F1-GMS-0351C 03:21.50-03:24.42
391,1,351,40,GLOSSIKA-ENZS-F1-GMS-0351C.mp3,207.252,211.366,4.114,media/ZS_F1_0391.mp3,F1-GMS-0351C 03:27.25-03:31.37
392,1,351,41,GLOSSIKA-ENZS-F1-GMS-0351C.mp3,214.193,218.044,3.850,media/ZS_F1_0392.mp3,F1-GMS-0351C 03:34.19-03:38.04
393,1,351,42,GLOSSIKA-ENZS-F1-GMS-0351C.mp3,220.666,223.947,3.281,media/ZS_F1_0393.mp3,F1-GMS-0351C 03:40.67-03:43.95
394,1,351,43,GLOSSIKA-ENZS-F1-GMS-0351C.mp3,226.652,231.071,4.419,media/ZS_F1_0394.mp3,F1-GMS-0351C 03:46.65-03:51.07
395,1,351,44,GLOSSIKA-ENZS-F1-GMS-0351C.mp3,233.711,237.975,4.264,media/ZS_F1_0395.mp3,F1-GMS-0351C 03:53.71-03:57.98
396,1,351,45,GLOSSIKA-ENZS-F1-GMS-0351C.mp3,240.738,243.713,2.975,media/ZS_F1_0396.mp3,F1-GMS-0351C 04:00.74-04:03.71
397,1,351,46,GLOSSIKA-ENZS-F1-GMS-0351C.mp3,246.546,250.306,3.760,media/ZS_F1_0397.mp3,F1-GMS-0351C 04:06.55-04:10.31
398,1,351,47,GLOSSIKA-ENZS-F1-GMS-0351C.mp3,253.081,254.706,1.625,media/ZS_F1_0398.mp3,F1-GMS-0351C 04:13.08-04:14.71
399,1,351,48,GLOSSIKA-ENZS-F1-GMS-0351C.mp3,257.417,259.211,1.795,media/ZS_F1_0399.mp3,F1-GMS-0351C 04:17.42-04:19.21
400,1,351,49,GLOSSIKA-ENZS-F1-GMS-0351C.mp3,261.910,263.604,1.694,media/ZS_F1_0400.mp3,F1-GMS-0351C 04:21.91-04:23.60
401,1,401,0,GLOSSIKA-ENZS-F1-GMS-0401C.mp3,6.990,8.669,1.679,media/ZS_F1_0401.mp3,F1-GMS-0401C 00:06.99-00:08.67
402,1,401,1,GLOSSIKA-ENZS-F1-GMS-0401C.mp3,11.404,12.891,1.488,media/ZS_F1_0402.mp3,F1-GMS-0401C 00:11.40-00:12.89
403,1,401,2,GLOSSIKA-ENZS-F1-GMS-0401C.mp3,15.582,17.409,1.828,media/ZS_F1_0403.mp3,F1-GMS-0401C 00:15.58-00:17.41
404,1,401,3,GLOSSIKA-ENZS-F1-GMS-0401C.mp3,19.984,21.932,1.948,media/ZS_F1_0404.mp3,F1-GMS-0401C 00:19.98-00:21.93
405,1,401,4,GLOSSIKA-ENZS-F1-GMS-0401C.mp3,24.662,26.425,1.763,media/ZS_F1_0405.mp3,F1-GMS-0401C 00:24.66-00:26.42
406,1,401,5,GLOSSIKA-ENZS-F1-GMS-0401C.mp3,29.265,31.294,2.029,media/ZS_F1_0406.mp3,F1-GMS-0401C 00:29.26-00:31.29
407,1,401,6,GLOSSIKA-ENZS-F1-GMS-0401C.mp3,33.884,35.770,1.885,media/ZS_F1_0407.mp3,F1-GMS-0401C 00:33.88-00:35.77
408,1,401,7,GLOSSIKA-ENZS-F1-GMS-0401C.mp3,38.559,40.400,1.841,media/ZS_F1_0408.mp3,F1-GMS-0401C 00:38.56-00:40.40
409,1,401,8,GLOSSIKA-ENZS-F1-GMS-0401C.mp3,43.247,45.345,2.098,media/ZS_F1_0409.mp3,F1-GMS-0401C 00:43.25-00:45.35
410,1,401,9,GLOSSIKA-ENZS-F1-GMS-0401C.mp3,48.030,50.379,2.349,media/ZS_F1_0410.mp3,F1-GMS-0401C 00:48.03-00:50.38
411,1,401,10,GLOSSIKA-ENZS-F1-GMS-0401C.mp3,53.084,54.630,1.546,media/ZS_F1_0411.mp3,F1-GMS-0401C 00:53.08-00:54.63
412,1,401,11,GLOSSIKA-ENZS-F1-GMS-0401C.mp3,57.449,60.123,2.674,media/ZS_F1_0412.mp3,F1-GMS-0401C 00:57.45-01:00.12
413,1,401,12,GLOSSIKA-ENZS-F1-GMS-0401C.mp3,62.879,65.641,2.762,media/ZS_F1_0413.mp3,F1-GMS-0401C 01:02.88-01:05.64
414,1,401,13,GLOSSIKA-ENZS-F1-GMS-0401C.mp3,68.357,71.511,3.154,media/ZS_F1_0414.mp3,F1-GMS-0401C 01:08.36-01:11.51
415,1,401,14,GLOSSIKA-ENZS-F1-GMS-0401C.mp3,73.757,76.979,3.222,media/ZS_F1_0415.mp3,F1-GMS-0401C 01:13.76-01:16.98
416,1,401,15,GLOSSIKA-ENZS-F1-GMS-0401C.mp3,79.916,82.405,2.490,media/ZS_F1_0416.mp3,F1-GMS-0401C 01:19.92-01:22.41
417,1,401,16,GLOSSIKA-ENZS-F1-GMS-0401C.mp3,85.247,86.759,1.512,media/ZS_F1_0417.mp3,F1-GMS-0401C 01:25.25-01:26.76
418,1,401,17,GLOSSIKA-ENZS-F1-GMS-0401C.mp3,89.341,91.180,1.839,media/ZS_F1_0418.mp3,F1-GMS-0401C 01:29.34-01:31.18
419,1,401,18,GLOSSIKA-ENZS-F1-GMS-0401C.mp3,93.697,95.350,1.653,media/ZS_F1_0419.mp3,F1-GMS-0401C 01:33.70-01:35.35
420,1,401,19,GLOSSIKA-ENZS-F1-GMS-0401C.mp3,98.018,101.172,3.154,media/ZS_F1_0420.mp3,F1-GMS-0401C 01:38.02-01:41.17
421,1,401,20,GLOSSIKA-ENZS-F1-GMS-0401C.mp3,103.642,105.694,2.052,media/ZS_F1_0421.mp3,F1-GMS-0401C 01:43.64-01:45.69
422,1,401,21,GLOSSIKA-ENZS-F1-GMS-0401C.mp3,107.700,109.835,2.134,media/ZS_F1_0422.mp3,F1-GMS-0401C 01:47.70-01:49.83
423,1,401,22,GLOSSIKA-ENZS-F1-GMS-0401C.mp3,112.562,115.846,3.285,media/ZS_F1_0423.mp3,F1-GMS-0401C 01:52.56-01:55.85
424,1,401,23,GLOSSIKA-ENZS-F1-GMS-0401C.mp3,118.617,121.870,3.253,media/ZS_F1_0424.mp3,F1-GMS-0401C 01:58.62-02:01.87
425,1,401,24,GLOSSIKA-ENZS-F1-GMS-0401C.mp3,124.460,126.478,2.018,media/ZS_F1_0425.mp3,F1-GMS-0401C 02:04.46-02:06.48
426,1,401,25,GLOSSIKA-ENZS-F1-GMS-0401C.mp3,129.188,130.714,1.527,media/ZS_F1_0426.mp3,F1-GMS-0401C 02:09.19-02:10.71
427,1,401,26,GLOSSIKA-ENZS-F1-GMS-0401C.mp3,133.628,135.789,2.161,media/ZS_F1_0427.mp3,F1-GMS-0401C 02:13.63-02:15.79
428,1,401,27,GLOSSIKA-ENZS-F1-GMS-0401C.mp3,138.671,141.020,2.349,media/ZS_F1_0428.mp3,F1-GMS-0401C 02:18.67-02:21.02
429,1,401,28,GLOSSIKA-ENZS-F1-GMS-0401C.mp3,143.826,146.382,2.556,media/ZS_F1_0429.mp3,F1-GMS-0401C 02:23.83-02:26.38
430,1,401,29,GLOSSIKA-ENZS-F1-GMS-0401C.mp3,149.051,151.513,2.462,media/ZS_F1_0430.mp3,F1-GMS-0401C 02:29.05-02:31.51
431,1,401,30,GLOSSIKA-ENZS-F1-GMS-0401C.mp3,154.239,156.588,2.348,media/ZS_F1_0431.mp3,F1-GMS-0401C 02:34.24-02:36.59
432,1,401,31,GLOSSIKA-ENZS-F1-GMS-0401C.mp3,159.381,161.164,1.783,media/ZS_F1_0432.mp3,F1-GMS-0401C 02:39.38-02:41.16
433,1,401,32,GLOSSIKA-ENZS-F1-GMS-0401C.mp3,164.026,165.680,1.654,media/ZS_F1_0433.mp3,F1-GMS-0401C 02:44.03-02:45.68
434,1,401,33,GLOSSIKA-ENZS-F1-GMS-0401C.mp3,168.546,170.567,2.021,media/ZS_F1_0434.mp3,F1-GMS-0401C 02:48.55-02:50.57
435,1,401,34,GLOSSIKA-ENZS-F1-GMS-0401C.mp3,173.529,174.762,1.233,media/ZS_F1_0435.mp3,F1-GMS-0401C 02:53.53-02:54.76
436,1,401,35,GLOSSIKA-ENZS-F1-GMS-0401C.mp3,177.670,178.779,1.109,media/ZS_F1_0436.mp3,F1-GMS-0401C 02:57.67-02:58.78
437,1,401,36,GLOSSIKA-ENZS-F1-GMS-0401C.mp3,181.480,182.947,1.467,media/ZS_F1_0437.mp3,F1-GMS-0401C 03:01.48-03:02.95
438,1,401,37,GLOSSIKA-ENZS-F1-GMS-0401C.mp3,185.836,186.984,1.147,media/ZS_F1_0438.mp3,F1-GMS-0401C 03:05.84-03:06.98
439,1,401,38,GLOSSIKA-ENZS-F1-GMS-0401C.mp3,189.856,191.372,1.516,media/ZS_F1_0439.mp3,F1-GMS-0401C 03:09.86-03:11.37
440,1,401,39,GLOSSIKA-ENZS-F1-GMS-0401C.mp3,194.363,195.247,0.884,media/ZS_F1_0440.mp3,F1-GMS-0401C 03:14.36-03:15.25
441,1,401,40,GLOSSIKA-ENZS-F1-GMS-0401C.mp3,197.975,199.333,1.358,media/ZS_F1_0441.mp3,F1-GMS-0401C 03:17.97-03:19.33
442,1,401,41,GLOSSIKA-ENZS-F1-GMS-0401C.mp3,202.294,203.346,1.052,media/ZS_F1_0442.mp3,F1-GMS-0401C 03:22.29-03:23.35
443,1,401,42,GLOSSIKA-ENZS-F1-GMS-0401C.mp3,206.019,207.289,1.270,media/ZS_F1_0443.mp3,F1-GMS-0401C 03:26.02-03:27.29
444,1,401,43,GLOSSIKA-ENZS-F1-GMS-0401C.mp3,210.110,211.722,1.612,media/ZS_F1_0444.mp3,F1-GMS-0401C 03:30.11-03:31.72
445,1,401,44,GLOSSIKA-ENZS-F1-GMS-0401C.mp3,214.139,215.421,1.283,media/ZS_F1_0445.mp3,F1-GMS-0401C 03:34.14-03:35.42
446,1,401,45,GLOSSIKA-ENZS-F1-GMS-0401C.mp3,218.232,219.495,1.263,media/ZS_F1_0446.mp3,F1-GMS-0401C 03:38.23-03:39.49
447,1,401,46,GLOSSIKA-ENZS-F1-GMS-0401C.mp3,222.213,223.851,1.638,media/ZS_F1_0447.mp3,F1-GMS-0401C 03:42.21-03:43.85
448,1,401,47,GLOSSIKA-ENZS-F1-GMS-0401C.mp3,226.832,228.170,1.338,media/ZS_F1_0448.mp3,F1-GMS-0401C 03:46.83-03:48.17
449,1,401,48,GLOSSIKA-ENZS-F1-GMS-0401C.mp3,230.897,232.366,1.469,media/ZS_F1_0449.mp3,F1-GMS-0401C 03:50.90-03:52.37
450,1,401,49,GLOSSIKA-ENZS-F1-GMS-0401C.mp3,235.271,237.307,2.036,media/ZS_F1_0450.mp3,F1-GMS-0401C 03:55.27-03:57.31
451,1,451,0,GLOSSIKA-ENZS-F1-GMS-0451C.mp3,0.000,3.340,3.340,media/ZS_F1_0451.mp3,F1-GMS-0451C 00:00.00-00:03.34
452,1,451,1,GLOSSIKA-ENZS-F1-GMS-0451C.mp3,3.818,4.689,0.871,media/ZS_F1_0452.mp3,F1-GMS-0451C 00:03.82-00:04.69
453,1,451,2,GLOSSIKA-ENZS-F1-GMS-0451C.mp3,7.026,8.791,1.765,media/ZS_F1_0453.mp3,F1-GMS-0451C 00:07.03-00:08.79
454,1,451,3,GLOSSIKA-ENZS-F1-GMS-0451C.mp3,11.949,13.544,1.595,media/ZS_F1_0454.mp3,F1-GMS-0451C 00:11.95-00:13.54
455,1,451,4,GLOSSIKA-ENZS-F1-GMS-0451C.mp3,16.373,17.740,1.367,media/ZS_F1_0455.mp3,F1-GMS-0451C 00:16.37-00:17.74
456,1,451,5,GLOSSIKA-ENZS-F1-GMS-0451C.mp3,20.456,21.975,1.519,media/ZS_F1_0456.mp3,F1-GMS-0451C 00:20.46-00:21.97
457,1,451,6,GLOSSIKA-ENZS-F1-GMS-0451C.mp3,24.794,26.326,1.532,media/ZS_F1_0457.mp3,F1-GMS-0451C 00:24.79-00:26.33
458,1,451,7,GLOSSIKA-ENZS-F1-GMS-0451C.mp3,29.116,30.537,1.421,media/ZS_F1_0458.mp3,F1-GMS-0451C 00:29.12-00:30.54
459,1,451,8,GLOSSIKA-ENZS-F1-GMS-0451C.mp3,33.363,34.862,1.499,media/ZS_F1_0459.mp3,F1-GMS-0451C 00:33.36-00:34.86
460,1,451,9,GLOSSIKA-ENZS-F1-GMS-0451C.mp3,37.759,38.991,1.232,media/ZS_F1_0460.mp3,F1-GMS-0451C 00:37.76-00:38.99
461,1,451,10,GLOSSIKA-ENZS-F1-GMS-0451C.mp3,41.866,43.520,1.655,media/ZS_F1_0461.mp3,F1-GMS-0451C 00:41.87-00:43.52
462,1,451,11,GLOSSIKA-ENZS-F1-GMS-0451C.mp3,46.317,48.476,2.158,media/ZS_F1_0462.mp3,F1-GMS-0451C 00:46.32-00:48.48
463,1,451,12,GLOSSIKA-ENZS-F1-GMS-0451C.mp3,51.447,53.740,2.293,media/ZS_F1_0463.mp3,F1-GMS-0451C 00:51.45-00:53.74
464,1,451,13,GLOSSIKA-ENZS-F1-GMS-0451C.mp3,56.878,59.295,2.417,media/ZS_F1_0464.mp3,F1-GMS-0451C 00:56.88-00:59.29
465,1,451,14,GLOSSIKA-ENZS-F1-GMS-0451C.mp3,62.266,65.598,3.332,media/ZS_F1_0465.mp3,F1-GMS-0451C 01:02.27-01:05.60
466,1,451,15,GLOSSIKA-ENZS-F1-GMS-0451C.mp3,68.625,71.397,2.772,media/ZS_F1_0466.mp3,F1-GMS-0451C 01:08.63-01:11.40
467,1,451,16,GLOSSIKA-ENZS-F1-GMS-0451C.mp3,74.111,75.278,1.167,media/ZS_F1_0467.mp3,F1-GMS-0451C 01:14.11-01:15.28
468,1,451,17,GLOSSIKA-ENZS-F1-GMS-0451C.mp3,78.425,80.744,2.319,media/ZS_F1_0468.mp3,F1-GMS-0451C 01:18.42-01:20.74
469,1,451,18,GLOSSIKA-ENZS-F1-GMS-0451C.mp3,83.783,86.829,3.046,media/ZS_F1_0469.mp3,F1-GMS-0451C 01:23.78-01:26.83
470,1,451,19,GLOSSIKA-ENZS-F1-GMS-0451C.mp3,89.470,91.867,2.396,media/ZS_F1_0470.mp3,F1-GMS-0451C 01:29.47-01:31.87
471,1,451,20,GLOSSIKA-ENZS-F1-GMS-0451C.mp3,94.986,96.525,1.539,media/ZS_F1_0471.mp3,F1-GMS-0451C 01:34.99-01:36.53
472,1,451,21,GLOSSIKA-ENZS-F1-GMS-0451C.mp3,99.364,100.516,1.152,media/ZS_F1_0472.mp3,F1-GMS-0451C 01:39.36-01:40.52
473,1,451,22,GLOSSIKA-ENZS-F1-GMS-0451C.mp3,103.448,105.944,2.496,media/ZS_F1_0473.mp3,F1-GMS-0451C 01:43.45-01:45.94
474,1,451,23,GLOSSIKA-ENZS-F1-GMS-0451C.mp3,108.802,110.598,1.796,media/ZS_F1_0474.mp3,F1-GMS-0451C 01:48.80-01:50.60
475,1,451,24,GLOSSIKA-ENZS-F1-GMS-0451C.mp3,113.483,115.484,2.001,media/ZS_F1_0475.mp3,F1-GMS-0451C 01:53.48-01:55.48
476,1,451,25,GLOSSIKA-ENZS-F1-GMS-0451C.mp3,115.936,116.715,0.779,media/ZS_F1_0476.mp3,F1-GMS-0451C 01:55.94-01:56.71
477,1,451,26,GLOSSIKA-ENZS-F1-GMS-0451C.mp3,119.585,122.670,3.085,media/ZS_F1_0477.mp3,F1-GMS-0451C 01:59.58-02:02.67
478,1,451,27,GLOSSIKA-ENZS-F1-GMS-0451C.mp3,126.000,129.617,3.617,media/ZS_F1_0478.mp3,F1-GMS-0451C 02:06.00-02:09.62
479,1,451,28,GLOSSIKA-ENZS-F1-GMS-0451C.mp3,132.584,134.286,1.702,media/ZS_F1_0479.mp3,F1-GMS-0451C 02:12.58-02:14.29
480,1,451,29,GLOSSIKA-ENZS-F1-GMS-0451C.mp3,137.248,139.716,2.468,media/ZS_F1_0480.mp3,F1-GMS-0451C 02:17.25-02:19.72
481,1,451,30,GLOSSIKA-ENZS-F1-GMS-0451C.mp3,142.850,144.575,1.725,media/ZS_F1_0481.mp3,F1-GMS-0451C 02:22.85-02:24.57
482,1,451,31,GLOSSIKA-ENZS-F1-GMS-0451C.mp3,147.557,151.045,3.488,media/ZS_F1_0482.mp3,F1-GMS-0451C 02:27.56-02:31.04
483,1,451,32,GLOSSIKA-ENZS-F1-GMS-0451C.mp3,154.161,156.974,2.813,media/ZS_F1_0483.mp3,F1-GMS-0451C 02:34.16-02:36.97
484,1,451,33,GLOSSIKA-ENZS-F1-GMS-0451C.mp3,159.991,161.744,1.753,media/ZS_F1_0484.mp3,F1-GMS-0451C 02:39.99-02:41.74
485,1,451,34,GLOSSIKA-ENZS-F1-GMS-0451C.mp3,164.823,166.780,1.957,media/ZS_F1_0485.mp3,F1-GMS-0451C 02:44.82-02:46.78
486,1,451,35,GLOSSIKA-ENZS-F1-GMS-0451C.mp3,169.707,171.301,1.595,media/ZS_F1_0486.mp3,F1-GMS-0451C 02:49.71-02:51.30
487,1,451,36,GLOSSIKA-ENZS-F1-GMS-0451C.mp3,174.375,176.293,1.918,media/ZS_F1_0487.mp3,F1-GMS-0451C 02:54.38-02:56.29
488,1,451,37,GLOSSIKA-ENZS-F1-GMS-0451C.mp3,179.552,184.820,5.268,media/ZS_F1_0488.mp3,F1-GMS-0451C 02:59.55-03:04.82
489,1,451,38,GLOSSIKA-ENZS-F1-GMS-0451C.mp3,185.266,186.734,1.469,media/ZS_F1_0489.mp3,F1-GMS-0451C 03:05.27-03:06.73
490,1,451,39,GLOSSIKA-ENZS-F1-GMS-0451C.mp3,189.805,192.265,2.461,media/ZS_F1_0490.mp3,F1-GMS-0451C 03:09.80-03:12.27
491,1,451,40,GLOSSIKA-ENZS-F1-GMS-0451C.mp3,195.324,196.648,1.324,media/ZS_F1_0491.mp3,F1-GMS-0451C 03:15.32-03:16.65
492,1,451,41,GLOSSIKA-ENZS-F1-GMS-0451C.mp3,200.036,202.685,2.648,media/ZS_F1_0492.mp3,F1-GMS-0451C 03:20.04-03:22.68
493,1,451,42,GLOSSIKA-ENZS-F1-GMS-0451C.mp3,205.999,207.603,1.605,media/ZS_F1_0493.mp3,F1-GMS-0451C 03:26.00-03:27.60
494,1,451,43,GLOSSIKA-ENZS-F1-GMS-0451C.mp3,210.548,212.454,1.907,media/ZS_F1_0494.mp3,F1-GMS-0451C 03:30.55-03:32.45
495,1,451,44,GLOSSIKA-ENZS-F1-GMS-0451C.mp3,215.009,216.305,1.296,media/ZS_F1_0495.mp3,F1-GMS-0451C 03:35.01-03:36.30
496,1,451,45,GLOSSIKA-ENZS-F1-GMS-0451C.mp3,218.860,220.028,1.168,media/ZS_F1_0496.mp3,F1-GMS-0451C 03:38.86-03:40.03
497,1,451,46,GLOSSIKA-ENZS-F1-GMS-0451C.mp3,222.539,223.864,1.325,media/ZS_F1_0497.mp3,F1-GMS-0451C 03:42.54-03:43.86
498,1,451,47,GLOSSIKA-ENZS-F1-GMS-0451C.mp3,226.501,228.651,2.150,media/ZS_F1_0498.mp3,F1-GMS-0451C 03:46.50-03:48.65
499,1,451,48,GLOSSIKA-ENZS-F1-GMS-0451C.mp3,231.425,233.588,2.164,media/ZS_F1_0499.mp3,F1-GMS-0451C 03:51.42-03:53.59
500,1,451,49,GLOSSIKA-ENZS-F1-GMS-0451C.mp3,236.353,237.468,1.115,media/ZS_F1_0500.mp3,F1-GMS-0451C 03:56.35-03:57.47
501,1,501,0,GLOSSIKA-ENZS-F1-GMS-0501C.mp3,6.923,11.964,5.041,media/ZS_F1_0501.mp3,F1-GMS-0501C 00:06.92-00:11.96
502,1,501,1,GLOSSIKA-ENZS-F1-GMS-0501C.mp3,14.545,16.002,1.457,media/ZS_F1_0502.mp3,F1-GMS-0501C 00:14.55-00:16.00
503,1,501,2,GLOSSIKA-ENZS-F1-GMS-0501C.mp3,18.560,19.982,1.422,media/ZS_F1_0503.mp3,F1-GMS-0501C 00:18.56-00:19.98
504,1,501,3,GLOSSIKA-ENZS-F1-GMS-0501C.mp3,22.568,24.075,1.506,media/ZS_F1_0504.mp3,F1-GMS-0501C 00:22.57-00:24.07
505,1,501,4,GLOSSIKA-ENZS-F1-GMS-0501C.mp3,26.573,28.673,2.100,media/ZS_F1_0505.mp3,F1-GMS-0501C 00:26.57-00:28.67
506,1,501,5,GLOSSIKA-ENZS-F1-GMS-0501C.mp3,31.237,32.799,1.562,media/ZS_F1_0506.mp3,F1-GMS-0501C 00:31.24-00:32.80
507,1,501,6,GLOSSIKA-ENZS-F1-GMS-0501C.mp3,35.475,36.792,1.318,media/ZS_F1_0507.mp3,F1-GMS-0501C 00:35.47-00:36.79
508,1,501,7,GLOSSIKA-ENZS-F1-GMS-0501C.mp3,39.471,41.447,1.976,media/ZS_F1_0508.mp3,F1-GMS-0501C 00:39.47-00:41.45
509,1,501,8,GLOSSIKA-ENZS-F1-GMS-0501C.mp3,44.045,45.626,1.581,media/ZS_F1_0509.mp3,F1-GMS-0501C 00:44.05-00:45.63
510,1,501,9,GLOSSIKA-ENZS-F1-GMS-0501C.mp3,48.145,49.576,1.431,media/ZS_F1_0510.mp3,F1-GMS-0501C 00:48.14-00:49.58
511,1,501,10,GLOSSIKA-ENZS-F1-GMS-0501C.mp3,52.095,54.279,2.184,media/ZS_F1_0511.mp3,F1-GMS-0501C 00:52.09-00:54.28
512,1,501,11,GLOSSIKA-ENZS-F1-GMS-0501C.mp3,56.879,58.613,1.734,media/ZS_F1_0512.mp3,F1-GMS-0501C 00:56.88-00:58.61
513,1,501,12,GLOSSIKA-ENZS-F1-GMS-0501C.mp3,61.263,62.692,1.430,media/ZS_F1_0513.mp3,F1-GMS-0501C 01:01.26-01:02.69
514,1,501,13,GLOSSIKA-ENZS-F1-GMS-0501C.mp3,65.392,67.017,1.626,media/ZS_F1_0514.mp3,F1-GMS-0501C 01:05.39-01:07.02
515,1,501,14,GLOSSIKA-ENZS-F1-GMS-0501C.mp3,69.587,72.658,3.071,media/ZS_F1_0515.mp3,F1-GMS-0501C 01:09.59-01:12.66
516,1,501,15,GLOSSIKA-ENZS-F1-GMS-0501C.mp3,75.257,78.940,3.684,media/ZS_F1_0516.mp3,F1-GMS-0501C 01:15.26-01:18.94
517,1,501,16,GLOSSIKA-ENZS-F1-GMS-0501C.mp3,81.505,84.150,2.645,media/ZS_F1_0517.mp3,F1-GMS-0501C 01:21.51-01:24.15
518,1,501,17,GLOSSIKA-ENZS-F1-GMS-0501C.mp3,86.767,89.574,2.807,media/ZS_F1_0518.mp3,F1-GMS-0501C 01:26.77-01:29.57
519,1,501,18,GLOSSIKA-ENZS-F1-GMS-0501C.mp3,92.192,94.763,2.571,media/ZS_F1_0519.mp3,F1-GMS-0501C 01:32.19-01:34.76
520,1,501,19,GLOSSIKA-ENZS-F1-GMS-0501C.mp3,97.367,100.643,3.276,media/ZS_F1_0520.mp3,F1-GMS-0501C 01:37.37-01:40.64
521,1,501,20,GLOSSIKA-ENZS-F1-GMS-0501C.mp3,103.220,105.936,2.716,media/ZS_F1_0521.mp3,F1-GMS-0501C 01:43.22-01:45.94
522,1,501,21,GLOSSIKA-ENZS-F1-GMS-0501C.mp3,108.482,110.697,2.215,media/ZS_F1_0522.mp3,F1-GMS-0501C 01:48.48-01:50.70
523,1,501,22,GLOSSIKA-ENZS-F1-GMS-0501C.mp3,113.300,116.141,2.842,media/ZS_F1_0523.mp3,F1-GMS-0501C 01:53.30-01:56.14
524,1,501,23,GLOSSIKA-ENZS-F1-GMS-0501C.mp3,118.756,120.814,2.058,media/ZS_F1_0524.mp3,F1-GMS-0501C 01:58.76-02:00.81
525,1,501,24,GLOSSIKA-ENZS-F1-GMS-0501C.mp3,123.418,126.482,3.065,media/ZS_F1_0525.mp3,F1-GMS-0501C 02:03.42-02:06.48
526,1,501,25,GLOSSIKA-ENZS-F1-GMS-0501C.mp3,129.070,131.403,2.333,media/ZS_F1_0526.mp3,F1-GMS-0501C 02:09.07-02:11.40
527,1,501,26,GLOSSIKA-ENZS-F1-GMS-0501C.mp3,134.111,135.629,1.518,media/ZS_F1_0527.mp3,F1-GMS-0501C 02:14.11-02:15.63
528,1,501,27,GLOSSIKA-ENZS-F1-GMS-0501C.mp3,138.217,140.503,2.286,media/ZS_F1_0528.mp3,F1-GMS-0501C 02:18.22-02:20.50
529,1,501,28,GLOSSIKA-ENZS-F1-GMS-0501C.mp3,143.169,144.652,1.483,media/ZS_F1_0529.mp3,F1-GMS-0501C 02:23.17-02:24.65
530,1,501,29,GLOSSIKA-ENZS-F1-GMS-0501C.mp3,147.124,148.842,1.718,media/ZS_F1_0530.mp3,F1-GMS-0501C 02:27.12-02:28.84
531,1,501,30,GLOSSIKA-ENZS-F1-GMS-0501C.mp3,151.504,152.851,1.346,media/ZS_F1_0531.mp3,F1-GMS-0501C 02:31.50-02:32.85
532,1,501,31,GLOSSIKA-ENZS-F1-GMS-0501C.mp3,155.474,156.562,1.088,media/ZS_F1_0532.mp3,F1-GMS-0501C 02:35.47-02:36.56
533,1,501,32,GLOSSIKA-ENZS-F1-GMS-0501C.mp3,159.154,161.179,2.025,media/ZS_F1_0533.mp3,F1-GMS-0501C 02:39.15-02:41.18
534,1,501,33,GLOSSIKA-ENZS-F1-GMS-0501C.mp3,163.870,165.235,1.365,media/ZS_F1_0534.mp3,F1-GMS-0501C 02:43.87-02:45.23
535,1,501,34,GLOSSIKA-ENZS-F1-GMS-0501C.mp3,167.855,169.578,1.723,media/ZS_F1_0535.mp3,F1-GMS-0501C 02:47.85-02:49.58
536,1,501,35,GLOSSIKA-ENZS-F1-GMS-0501C.mp3,172.135,174.118,1.984,media/ZS_F1_0536.mp3,F1-GMS-0501C 02:52.13-02:54.12
537,1,501,36,GLOSSIKA-ENZS-F1-GMS-0501C.mp3,176.713,178.314,1.601,media/ZS_F1_0537.mp3,F1-GMS-0501C 02:56.71-02:58.31
538,1,501,37,GLOSSIKA-ENZS-F1-GMS-0501C.mp3,180.884,182.801,1.916,media/ZS_F1_0538.mp3,F1-GMS-0501C 03:00.88-03:02.80
539,1,501,38,GLOSSIKA-ENZS-F1-GMS-0501C.mp3,185.464,189.756,4.292,media/ZS_F1_0539.mp3,F1-GMS-0501C 03:05.46-03:09.76
540,1,501,39,GLOSSIKA-ENZS-F1-GMS-0501C.mp3,192.410,194.202,1.792,media/ZS_F1_0540.mp3,F1-GMS-0501C 03:12.41-03:14.20
541,1,501,40,GLOSSIKA-ENZS-F1-GMS-0501C.mp3,196.765,199.605,2.840,media/ZS_F1_0541.mp3,F1-GMS-0501C 03:16.76-03:19.61
542,1,501,41,GLOSSIKA-ENZS-F1-GMS-0501C.mp3,202.278,204.765,2.488,media/ZS_F1_0542.mp3,F1-GMS-0501C 03:22.28-03:24.77
543,1,501,42,GLOSSIKA-ENZS-F1-GMS-0501C.mp3,207.365,209.554,2.189,media/ZS_F1_0543.mp3,F1-GMS-0501C 03:27.36-03:29.55
544,1,501,43,GLOSSIKA-ENZS-F1-GMS-0501C.mp3,212.085,214.521,2.436,media/ZS_F1_0544.mp3,F1-GMS-0501C 03:32.09-03:34.52
545,1,501,44,GLOSSIKA-ENZS-F1-GMS-0501C.mp3,217.180,219.291,2.111,media/ZS_F1_0545.mp3,F1-GMS-0501C 03:37.18-03:39.29
546,1,501,45,GLOSSIKA-ENZS-F1-GMS-0501C.mp3,221.881,224.005,2.124,media/ZS_F1_0546.mp3,F1-GMS-0501C 03:41.88-03:44.00
547,1,501,46,GLOSSIKA-ENZS-F1-GMS-0501C.mp3,226.562,229.668,3.106,media/ZS_F1_0547.mp3,F1-GMS-0501C 03:46.56-03:49.67
548,1,501,47,GLOSSIKA-ENZS-F1-GMS-0501C.mp3,232.174,235.213,3.038,media/ZS_F1_0548.mp3,F1-GMS-0501C 03:52.17-03:55.21
549,1,501,48,GLOSSIKA-ENZS-F1-GMS-0501C.mp3,237.857,240.658,2.801,media/ZS_F1_0549.mp3,F1-GMS-0501C 03:57.86-04:00.66
550,1,501,49,GLOSSIKA-ENZS-F1-GMS-0501C.mp3,243.247,245.540,2.293,media/ZS_F1_0550.mp3,F1-GMS-0501C 04:03.25-04:05.54
551,1,551,0,GLOSSIKA-ENZS-F1-GMS-0551B.mp3,3.813,4.617,0.805,media/ZS_F1_0551.mp3,F1-GMS-0551B 00:03.81-00:04.62
552,1,551,1,GLOSSIKA-ENZS-F1-GMS-0551B.mp3,9.934,12.728,2.795,media/ZS_F1_0552.mp3,F1-GMS-0551B 00:09.93-00:12.73
553,1,551,2,GLOSSIKA-ENZS-F1-GMS-0551B.mp3,22.104,24.370,2.266,media/ZS_F1_0553.mp3,F1-GMS-0551B 00:22.10-00:24.37
554,1,551,3,GLOSSIKA-ENZS-F1-GMS-0551B.mp3,32.946,35.418,2.471,media/ZS_F1_0554.mp3,F1-GMS-0551B 00:32.95-00:35.42
555,1,551,4,GLOSSIKA-ENZS-F1-GMS-0551B.mp3,43.449,45.661,2.212,media/ZS_F1_0555.mp3,F1-GMS-0551B 00:43.45-00:45.66
556,1,551,5,GLOSSIKA-ENZS-F1-GMS-0551B.mp3,54.184,56.318,2.134,media/ZS_F1_0556.mp3,F1-GMS-0551B 00:54.18-00:56.32
557,1,551,6,GLOSSIKA-ENZS-F1-GMS-0551B.mp3,64.471,65.374,0.903,media/ZS_F1_0557.mp3,F1-GMS-0551B 01:04.47-01:05.37
558,1,551,7,GLOSSIKA-ENZS-F1-GMS-0551B.mp3,70.979,74.723,3.744,media/ZS_F1_0558.mp3,F1-GMS-0551B 01:10.98-01:14.72
559,1,551,8,GLOSSIKA-ENZS-F1-GMS-0551B.mp3,85.067,89.627,4.560,media/ZS_F1_0559.mp3,F1-GMS-0551B 01:25.07-01:29.63
560,1,551,9,GLOSSIKA-ENZS-F1-GMS-0551B.mp3,99.162,103.676,4.514,media/ZS_F1_0560.mp3,F1-GMS-0551B 01:39.16-01:43.68
561,1,551,10,GLOSSIKA-ENZS-F1-GMS-0551B.mp3,113.083,117.188,4.105,media/ZS_F1_0561.mp3,F1-GMS-0551B 01:53.08-01:57.19
562,1,551,11,GLOSSIKA-ENZS-F1-GMS-0551B.mp3,122.194,124.205,2.011,media/ZS_F1_0562.mp3,F1-GMS-0551B 02:02.19-02:04.21
563,1,551,12,GLOSSIKA-ENZS-F1-GMS-0551B.mp3,136.203,137.248,1.045,media/ZS_F1_0563.mp3,F1-GMS-0551B 02:16.20-02:17.25
564,1,551,13,GLOSSIKA-ENZS-F1-GMS-0551B.mp3,143.697,148.525,4.828,media/ZS_F1_0564.mp3,F1-GMS-0551B 02:23.70-02:28.53
565,1,551,14,GLOSSIKA-ENZS-F1-GMS-0551B.mp3,156.340,158.565,2.225,media/ZS_F1_0565.mp3,F1-GMS-0551B 02:36.34-02:38.57
566,1,551,15,GLOSSIKA-ENZS-F1-GMS-0551B.mp3,167.169,169.098,1.930,media/ZS_F1_0566.mp3,F1-GMS-0551B 02:47.17-02:49.10
567,1,551,16,GLOSSIKA-ENZS-F1-GMS-0551B.mp3,173.319,174.397,1.079,media/ZS_F1_0567.mp3,F1-GMS-0551B 02:53.32-02:54.40
568,1,551,17,GLOSSIKA-ENZS-F1-GMS-0551B.mp3,178.979,181.921,2.942,media/ZS_F1_0568.mp3,F1-GMS-0551B 02:58.98-03:01.92
569,1,551,18,GLOSSIKA-ENZS-F1-GMS-0551B.mp3,190.256,193.233,2.977,media/ZS_F1_0569.mp3,F1-GMS-0551B 03:10.26-03:13.23
570,1,551,19,GLOSSIKA-ENZS-F1-GMS-0551B.mp3,197.925,201.277,3.352,media/ZS_F1_0570.mp3,F1-GMS-0551B 03:17.93-03:21.28
571,1,551,20,GLOSSIKA-ENZS-F1-GMS-0551B.mp3,211.284,213.738,2.454,media/ZS_F1_0571.mp3,F1-GMS-0551B 03:31.28-03:33.74
572,1,551,21,GLOSSIKA-ENZS-F1-GMS-0551B.mp3,222.990,225.892,2.902,media/ZS_F1_0572.mp3,F1-GMS-0551B 03:42.99-03:45.89
573,1,551,22,GLOSSIKA-ENZS-F1-GMS-0551B.mp3,235.257,238.200,2.943,media/ZS_F1_0573.mp3,F1-GMS-0551B 03:55.26-03:58.20
574,1,551,23,GLOSSIKA-ENZS-F1-GMS-0551B.mp3,244.158,245.635,1.478,media/ZS_F1_0574.mp3,F1-GMS-0551B 04:04.16-04:05.64
575,1,551,24,GLOSSIKA-ENZS-F1-GMS-0551B.mp3,254.576,258.600,4.024,media/ZS_F1_0575.mp3,F1-GMS-0551B 04:14.58-04:18.60
576,1,551,25,GLOSSIKA-ENZS-F1-GMS-0551B.mp3,267.802,271.450,3.648,media/ZS_F1_0576.mp3,F1-GMS-0551B 04:27.80-04:31.45
577,1,551,26,GLOSSIKA-ENZS-F1-GMS-0551B.mp3,278.675,281.072,2.397,media/ZS_F1_0577.mp3,F1-GMS-0551B 04:38.67-04:41.07
578,1,551,27,GLOSSIKA-ENZS-F1-GMS-0551B.mp3,289.108,292.221,3.113,media/ZS_F1_0578.mp3,F1-GMS-0551B 04:49.11-04:52.22
579,1,551,28,GLOSSIKA-ENZS-F1-GMS-0551B.mp3,299.623,301.421,1.799,media/ZS_F1_0579.mp3,F1-GMS-0551B 04:59.62-05:01.42
580,1,551,29,GLOSSIKA-ENZS-F1-GMS-0551B.mp3,310.372,314.398,4.026,media/ZS_F1_0580.mp3,F1-GMS-0551B 05:10.37-05:14.40
581,1,551,30,GLOSSIKA-ENZS-F1-GMS-0551B.mp3,322.185,324.072,1.886,media/ZS_F1_0581.mp3,F1-GMS-0551B 05:22.19-05:24.07
582,1,551,31,GLOSSIKA-ENZS-F1-GMS-0551B.mp3,332.397,335.424,3.027,media/ZS_F1_0582.mp3,F1-GMS-0551B 05:32.40-05:35.42
583,1,551,32,GLOSSIKA-ENZS-F1-GMS-0551B.mp3,345.170,348.796,3.627,media/ZS_F1_0583.mp3,F1-GMS-0551B 05:45.17-05:48.80
584,1,551,33,GLOSSIKA-ENZS-F1-GMS-0551B.mp3,356.978,359.846,2.868,media/ZS_F1_0584.mp3,F1-GMS-0551B 05:56.98-05:59.85
585,1,551,34,GLOSSIKA-ENZS-F1-GMS-0551B.mp3,370.041,374.713,4.672,media/ZS_F1_0585.mp3,F1-GMS-0551B 06:10.04-06:14.71
586,1,551,35,GLOSSIKA-ENZS-F1-GMS-0551B.mp3,382.697,384.768,2.071,media/ZS_F1_0586.mp3,F1-GMS-0551B 06:22.70-06:24.77
587,1,551,36,GLOSSIKA-ENZS-F1-GMS-0551B.mp3,392.874,395.505,2.631,media/ZS_F1_0587.mp3,F1-GMS-0551B 06:32.87-06:35.50
588,1,551,37,GLOSSIKA-ENZS-F1-GMS-0551B.mp3,404.270,407.932,3.662,media/ZS_F1_0588.mp3,F1-GMS-0551B 06:44.27-06:47.93
589,1,551,38,GLOSSIKA-ENZS-F1-GMS-0551B.mp3,417.416,421.592,4.176,media/ZS_F1_0589.mp3,F1-GMS-0551B 06:57.42-07:01.59
590,1,551,39,GLOSSIKA-ENZS-F1-GMS-0551B.mp3,430.711,434.039,3.328,media/ZS_F1_0590.mp3,F1-GMS-0551B 07:10.71-07:14.04
591,1,551,40,GLOSSIKA-ENZS-F1-GMS-0551B.mp3,441.053,442.309,1.257,media/ZS_F1_0591.mp3,F1-GMS-0551B 07:21.05-07:22.31
592,1,551,41,GLOSSIKA-ENZS-F1-GMS-0551B.mp3,449.980,451.946,1.966,media/ZS_F1_0592.mp3,F1-GMS-0551B 07:29.98-07:31.95
593,1,551,42,GLOSSIKA-ENZS-F1-GMS-0551B.mp3,459.077,460.995,1.918,media/ZS_F1_0593.mp3,F1-GMS-0551B 07:39.08-07:41.00
594,1,551,43,GLOSSIKA-ENZS-F1-GMS-0551B.mp3,467.956,469.658,1.702,media/ZS_F1_0594.mp3,F1-GMS-0551B 07:47.96-07:49.66
595,1,551,44,GLOSSIKA-ENZS-F1-GMS-0551B.mp3,476.884,478.609,1.724,media/ZS_F1_0595.mp3,F1-GMS-0551B 07:56.88-07:58.61
596,1,551,45,GLOSSIKA-ENZS-F1-GMS-0551B.mp3,486.173,488.079,1.906,media/ZS_F1_0596.mp3,F1-GMS-0551B 08:06.17-08:08.08
597,1,551,46,GLOSSIKA-ENZS-F1-GMS-0551B.mp3,497.080,500.873,3.792,media/ZS_F1_0597.mp3,F1-GMS-0551B 08:17.08-08:20.87
598,1,551,47,GLOSSIKA-ENZS-F1-GMS-0551B.mp3,508.988,512.220,3.232,media/ZS_F1_0598.mp3,F1-GMS-0551B 08:28.99-08:32.22
599,1,551,48,GLOSSIKA-ENZS-F1-GMS-0551B.mp3,520.637,524.133,3.496,media/ZS_F1_0599.mp3,F1-GMS-0551B 08:40.64-08:44.13
600,1,551,49,GLOSSIKA-ENZS-F1-GMS-0551B.mp3,533.415,538.472,5.057,media/ZS_F1_0600.mp3,F1-GMS-0551B 08:53.42-08:58.47
601,1,601,0,GLOSSIKA-ENZS-F1-GMS-0601C.mp3,6.989,11.584,4.595,media/ZS_F1_0601.mp3,F1-GMS-0601C 00:06.99-00:11.58
602,1,601,1,GLOSSIKA-ENZS-F1-GMS-0601C.mp3,14.445,18.347,3.902,media/ZS_F1_0602.mp3,F1-GMS-0601C 00:14.44-00:18.35
603,1,601,2,GLOSSIKA-ENZS-F1-GMS-0601C.mp3,21.168,25.754,4.586,media/ZS_F1_0603.mp3,F1-GMS-0601C 00:21.17-00:25.75
604,1,601,3,GLOSSIKA-ENZS-F1-GMS-0601C.mp3,28.618,31.847,3.230,media/ZS_F1_0604.mp3,F1-GMS-0601C 00:28.62-00:31.85
605,1,601,4,GLOSSIKA-ENZS-F1-GMS-0601C.mp3,34.684,38.473,3.789,media/ZS_F1_0605.mp3,F1-GMS-0601C 00:34.68-00:38.47
606,1,601,5,GLOSSIKA-ENZS-F1-GMS-0601C.mp3,41.351,45.052,3.701,media/ZS_F1_0606.mp3,F1-GMS-0601C 00:41.35-00:45.05
607,1,601,6,GLOSSIKA-ENZS-F1-GMS-0601C.mp3,47.802,49.166,1.364,media/ZS_F1_0607.mp3,F1-GMS-0601C 00:47.80-00:49.17
608,1,601,7,GLOSSIKA-ENZS-F1-GMS-0601C.mp3,52.295,53.808,1.513,media/ZS_F1_0608.mp3,F1-GMS-0601C 00:52.30-00:53.81
609,1,601,8,GLOSSIKA-ENZS-F1-GMS-0601C.mp3,56.996,58.461,1.465,media/ZS_F1_0609.mp3,F1-GMS-0601C 00:57.00-00:58.46
610,1,601,9,GLOSSIKA-ENZS-F1-GMS-0601C.mp3,61.269,63.000,1.730,media/ZS_F1_0610.mp3,F1-GMS-0601C 01:01.27-01:03.00
611,1,601,10,GLOSSIKA-ENZS-F1-GMS-0601C.mp3,66.003,68.742,2.739,media/ZS_F1_0611.mp3,F1-GMS-0601C 01:06.00-01:08.74
612,1,601,11,GLOSSIKA-ENZS-F1-GMS-0601C.mp3,71.902,74.916,3.014,media/ZS_F1_0612.mp3,F1-GMS-0601C 01:11.90-01:14.92
613,1,601,12,GLOSSIKA-ENZS-F1-GMS-0601C.mp3,78.233,81.731,3.497,media/ZS_F1_0613.mp3,F1-GMS-0601C 01:18.23-01:21.73
614,1,601,13,GLOSSIKA-ENZS-F1-GMS-0601C.mp3,84.982,88.674,3.692,media/ZS_F1_0614.mp3,F1-GMS-0601C 01:24.98-01:28.67
615,1,601,14,GLOSSIKA-ENZS-F1-GMS-0601C.mp3,91.853,95.099,3.246,media/ZS_F1_0615.mp3,F1-GMS-0601C 01:31.85-01:35.10
616,1,601,15,GLOSSIKA-ENZS-F1-GMS-0601C.mp3,97.972,101.348,3.376,media/ZS_F1_0616.mp3,F1-GMS-0601C 01:37.97-01:41.35
617,1,601,16,GLOSSIKA-ENZS-F1-GMS-0601C.mp3,104.663,108.575,3.911,media/ZS_F1_0617.mp3,F1-GMS-0601C 01:44.66-01:48.57
618,1,601,17,GLOSSIKA-ENZS-F1-GMS-0601C.mp3,111.845,115.083,3.238,media/ZS_F1_0618.mp3,F1-GMS-0601C 01:51.85-01:55.08
619,1,601,18,GLOSSIKA-ENZS-F1-GMS-0601C.mp3,118.342,122.139,3.797,media/ZS_F1_0619.mp3,F1-GMS-0601C 01:58.34-02:02.14
620,1,601,19,GLOSSIKA-ENZS-F1-GMS-0601C.mp3,125.080,127.706,2.626,media/ZS_F1_0620.mp3,F1-GMS-0601C 02:05.08-02:07.71
621,1,601,20,GLOSSIKA-ENZS-F1-GMS-0601C.mp3,131.044,133.467,2.422,media/ZS_F1_0621.mp3,F1-GMS-0601C 02:11.04-02:13.47
622,1,601,21,GLOSSIKA-ENZS-F1-GMS-0601C.mp3,137.075,140.900,3.825,media/ZS_F1_0622.mp3,F1-GMS-0601C 02:17.07-02:20.90
623,1,601,22,GLOSSIKA-ENZS-F1-GMS-0601C.mp3,143.566,148.070,4.505,media/ZS_F1_0623.mp3,F1-GMS-0601C 02:23.57-02:28.07
624,1,601,23,GLOSSIKA-ENZS-F1-GMS-0601C.mp3,150.731,155.653,4.923,media/ZS_F1_0624.mp3,F1-GMS-0601C 02:30.73-02:35.65
625,1,601,24,GLOSSIKA-ENZS-F1-GMS-0601C.mp3,158.174,161.797,3.623,media/ZS_F1_0625.mp3,F1-GMS-0601C 02:38.17-02:41.80
626,1,601,25,GLOSSIKA-ENZS-F1-GMS-0601C.mp3,164.368,167.932,3.564,media/ZS_F1_0626.mp3,F1-GMS-0601C 02:44.37-02:47.93
627,1,601,26,GLOSSIKA-ENZS-F1-GMS-0601C.mp3,170.614,174.196,3.582,media/ZS_F1_0627.mp3,F1-GMS-0601C 02:50.61-02:54.20
628,1,601,27,GLOSSIKA-ENZS-F1-GMS-0601C.mp3,176.765,177.948,1.182,media/ZS_F1_0628.mp3,F1-GMS-0601C 02:56.77-02:57.95
629,1,601,28,GLOSSIKA-ENZS-F1-GMS-0601C.mp3,180.460,182.570,2.110,media/ZS_F1_0629.mp3,F1-GMS-0601C 03:00.46-03:02.57
630,1,601,29,GLOSSIKA-ENZS-F1-GMS-0601C.mp3,185.121,186.257,1.135,media/ZS_F1_0630.mp3,F1-GMS-0601C 03:05.12-03:06.26
631,1,601,30,GLOSSIKA-ENZS-F1-GMS-0601C.mp3,188.650,190.571,1.921,media/ZS_F1_0631.mp3,F1-GMS-0601C 03:08.65-03:10.57
632,1,601,31,GLOSSIKA-ENZS-F1-GMS-0601C.mp3,192.824,195.075,2.251,media/ZS_F1_0632.mp3,F1-GMS-0601C 03:12.82-03:15.08
633,1,601,32,GLOSSIKA-ENZS-F1-GMS-0601C.mp3,197.579,199.221,1.642,media/ZS_F1_0633.mp3,F1-GMS-0601C 03:17.58-03:19.22
634,1,601,33,GLOSSIKA-ENZS-F1-GMS-0601C.mp3,201.746,202.803,1.057,media/ZS_F1_0634.mp3,F1-GMS-0601C 03:21.75-03:22.80
635,1,601,34,GLOSSIKA-ENZS-F1-GMS-0601C.mp3,205.311,207.152,1.842,media/ZS_F1_0635.mp3,F1-GMS-0601C 03:25.31-03:27.15
636,1,601,35,GLOSSIKA-ENZS-F1-GMS-0601C.mp3,209.864,211.284,1.420,media/ZS_F1_0636.mp3,F1-GMS-0601C 03:29.86-03:31.28
637,1,601,36,GLOSSIKA-ENZS-F1-GMS-0601C.mp3,213.802,215.196,1.395,media/ZS_F1_0637.mp3,F1-GMS-0601C 03:33.80-03:35.20
638,1,601,37,GLOSSIKA-ENZS-F1-GMS-0601C.mp3,217.704,219.202,1.498,media/ZS_F1_0638.mp3,F1-GMS-0601C 03:37.70-03:39.20
639,1,601,38,GLOSSIKA-ENZS-F1-GMS-0601C.mp3,221.651,223.507,1.857,media/ZS_F1_0639.mp3,F1-GMS-0601C 03:41.65-03:43.51
640,1,601,39,GLOSSIKA-ENZS-F1-GMS-0601C.mp3,225.916,226.917,1.001,media/ZS_F1_0640.mp3,F1-GMS-0601C 03:45.92-03:46.92
641,1,601,40,GLOSSIKA-ENZS-F1-GMS-0601C.mp3,229.353,230.748,1.395,media/ZS_F1_0641.mp3,F1-GMS-0601C 03:49.35-03:50.75
642,1,601,41,GLOSSIKA-ENZS-F1-GMS-0601C.mp3,233.241,235.062,1.821,media/ZS_F1_0642.mp3,F1-GMS-0601C 03:53.24-03:55.06
643,1,601,42,GLOSSIKA-ENZS-F1-GMS-0601C.mp3,237.543,238.646,1.103,media/ZS_F1_0643.mp3,F1-GMS-0601C 03:57.54-03:58.65
644,1,601,43,GLOSSIKA-ENZS-F1-GMS-0601C.mp3,241.143,242.286,1.143,media/ZS_F1_0644.mp3,F1-GMS-0601C 04:01.14-04:02.29
645,1,601,44,GLOSSIKA-ENZS-F1-GMS-0601C.mp3,244.741,246.705,1.964,media/ZS_F1_0645.mp3,F1-GMS-0601C 04:04.74-04:06.70
646,1,601,45,GLOSSIKA-ENZS-F1-GMS-0601C.mp3,248.900,250.494,1.594,media/ZS_F1_0646.mp3,F1-GMS-0601C 04:08.90-04:10.49
647,1,601,46,GLOSSIKA-ENZS-F1-GMS-0601C.mp3,253.207,255.188,1.981,media/ZS_F1_0647.mp3,F1-GMS-0601C 04:13.21-04:15.19
648,1,601,47,GLOSSIKA-ENZS-F1-GMS-0601C.mp3,258.463,260.324,1.861,media/ZS_F1_0648.mp3,F1-GMS-0601C 04:18.46-04:20.32
649,1,601,48,GLOSSIKA-ENZS-F1-GMS-0601C.mp3,263.161,264.586,1.425,media/ZS_F1_0649.mp3,F1-GMS-0601C 04:23.16-04:24.59
650,1,601,49,GLOSSIKA-ENZS-F1-GMS-0601C.mp3,267.356,269.179,1.824,media/ZS_F1_0650.mp3,F1-GMS-0601C 04:27.36-04:29.18
651,1,651,0,GLOSSIKA-ENZS-F1-GMS-0651C.mp3,7.004,8.556,1.553,media/ZS_F1_0651.mp3,F1-GMS-0651C 00:07.00-00:08.56
652,1,651,1,GLOSSIKA-ENZS-F1-GMS-0651C.mp3,11.586,12.948,1.362,media/ZS_F1_0652.mp3,F1-GMS-0651C 00:11.59-00:12.95
653,1,651,2,GLOSSIKA-ENZS-F1-GMS-0651C.mp3,15.789,17.812,2.023,media/ZS_F1_0653.mp3,F1-GMS-0651C 00:15.79-00:17.81
654,1,651,3,GLOSSIKA-ENZS-F1-GMS-0651C.mp3,20.820,22.464,1.645,media/ZS_F1_0654.mp3,F1-GMS-0651C 00:20.82-00:22.46
655,1,651,4,GLOSSIKA-ENZS-F1-GMS-0651C.mp3,24.885,25.929,1.044,media/ZS_F1_0655.mp3,F1-GMS-0651C 00:24.89-00:25.93
656,1,651,5,GLOSSIKA-ENZS-F1-GMS-0651C.mp3,28.872,30.524,1.652,media/ZS_F1_0656.mp3,F1-GMS-0651C 00:28.87-00:30.52
657,1,651,6,GLOSSIKA-ENZS-F1-GMS-0651C.mp3,33.713,37.917,4.204,media/ZS_F1_0657.mp3,F1-GMS-0651C 00:33.71-00:37.92
658,1,651,7,GLOSSIKA-ENZS-F1-GMS-0651C.mp3,41.002,45.488,4.486,media/ZS_F1_0658.mp3,F1-GMS-0651C 00:41.00-00:45.49
659,1,651,8,GLOSSIKA-ENZS-F1-GMS-0651C.mp3,48.044,51.327,3.283,media/ZS_F1_0659.mp3,F1-GMS-0651C 00:48.04-00:51.33
660,1,651,9,GLOSSIKA-ENZS-F1-GMS-0651C.mp3,53.992,57.890,3.898,media/ZS_F1_0660.mp3,F1-GMS-0651C 00:53.99-00:57.89
661,1,651,10,GLOSSIKA-ENZS-F1-GMS-0651C.mp3,59.901,62.633,2.732,media/ZS_F1_0661.mp3,F1-GMS-0651C 00:59.90-01:02.63
662,1,651,11,GLOSSIKA-ENZS-F1-GMS-0651C.mp3,65.211,69.298,4.087,media/ZS_F1_0662.mp3,F1-GMS-0651C 01:05.21-01:09.30
663,1,651,12,GLOSSIKA-ENZS-F1-GMS-0651C.mp3,71.790,74.911,3.121,media/ZS_F1_0663.mp3,F1-GMS-0651C 01:11.79-01:14.91
664,1,651,13,GLOSSIKA-ENZS-F1-GMS-0651C.mp3,77.507,80.912,3.405,media/ZS_F1_0664.mp3,F1-GMS-0651C 01:17.51-01:20.91
665,1,651,14,GLOSSIKA-ENZS-F1-GMS-0651C.mp3,83.533,86.377,2.844,media/ZS_F1_0665.mp3,F1-GMS-0651C 01:23.53-01:26.38
666,1,651,15,GLOSSIKA-ENZS-F1-GMS-0651C.mp3,88.872,92.083,3.211,media/ZS_F1_0666.mp3,F1-GMS-0651C 01:28.87-01:32.08
667,1,651,16,GLOSSIKA-ENZS-F1-GMS-0651C.mp3,95.108,97.555,2.447,media/ZS_F1_0667.mp3,F1-GMS-0651C 01:35.11-01:37.55
668,1,651,17,GLOSSIKA-ENZS-F1-GMS-0651C.mp3,100.482,103.519,3.036,media/ZS_F1_0668.mp3,F1-GMS-0651C 01:40.48-01:43.52
669,1,651,18,GLOSSIKA-ENZS-F1-GMS-0651C.mp3,106.426,109.539,3.113,media/ZS_F1_0669.mp3,F1-GMS-0651C 01:46.43-01:49.54
670,1,651,19,GLOSSIKA-ENZS-F1-GMS-0651C.mp3,111.504,114.550,3.046,media/ZS_F1_0670.mp3,F1-GMS-0651C 01:51.50-01:54.55
671,1,651,20,GLOSSIKA-ENZS-F1-GMS-0651C.mp3,117.058,119.137,2.079,media/ZS_F1_0671.mp3,F1-GMS-0651C 01:57.06-01:59.14
672,1,651,21,GLOSSIKA-ENZS-F1-GMS-0651C.mp3,121.888,125.451,3.563,media/ZS_F1_0672.mp3,F1-GMS-0651C 02:01.89-02:05.45
673,1,651,22,GLOSSIKA-ENZS-F1-GMS-0651C.mp3,128.165,131.492,3.326,media/ZS_F1_0673.mp3,F1-GMS-0651C 02:08.17-02:11.49
674,1,651,23,GLOSSIKA-ENZS-F1-GMS-0651C.mp3,134.167,136.597,2.430,media/ZS_F1_0674.mp3,F1-GMS-0651C 02:14.17-02:16.60
675,1,651,24,GLOSSIKA-ENZS-F1-GMS-0651C.mp3,139.169,141.685,2.516,media/ZS_F1_0675.mp3,F1-GMS-0651C 02:19.17-02:21.69
676,1,651,25,GLOSSIKA-ENZS-F1-GMS-0651C.mp3,144.186,146.065,1.879,media/ZS_F1_0676.mp3,F1-GMS-0651C 02:24.19-02:26.07
677,1,651,26,GLOSSIKA-ENZS-F1-GMS-0651C.mp3,148.813,150.715,1.902,media/ZS_F1_0677.mp3,F1-GMS-0651C 02:28.81-02:30.72
678,1,651,27,GLOSSIKA-ENZS-F1-GMS-0651C.mp3,153.297,156.678,3.381,media/ZS_F1_0678.mp3,F1-GMS-0651C 02:33.30-02:36.68
679,1,651,28,GLOSSIKA-ENZS-F1-GMS-0651C.mp3,159.265,160.698,1.433,media/ZS_F1_0679.mp3,F1-GMS-0651C 02:39.26-02:40.70
680,1,651,29,GLOSSIKA-ENZS-F1-GMS-0651C.mp3,163.279,165.467,2.188,media/ZS_F1_0680.mp3,F1-GMS-0651C 02:43.28-02:45.47
681,1,651,30,GLOSSIKA-ENZS-F1-GMS-0651C.mp3,167.923,170.095,2.172,media/ZS_F1_0681.mp3,F1-GMS-0651C 02:47.92-02:50.10
682,1,651,31,GLOSSIKA-ENZS-F1-GMS-0651C.mp3,172.606,174.985,2.380,media/ZS_F1_0682.mp3,F1-GMS-0651C 02:52.61-02:54.99
683,1,651,32,GLOSSIKA-ENZS-F1-GMS-0651C.mp3,177.454,180.038,2.585,media/ZS_F1_0683.mp3,F1-GMS-0651C 02:57.45-03:00.04
684,1,651,33,GLOSSIKA-ENZS-F1-GMS-0651C.mp3,182.452,184.612,2.160,media/ZS_F1_0684.mp3,F1-GMS-0651C 03:02.45-03:04.61
685,1,651,34,GLOSSIKA-ENZS-F1-GMS-0651C.mp3,187.116,189.594,2.478,media/ZS_F1_0685.mp3,F1-GMS-0651C 03:07.12-03:09.59
686,1,651,35,GLOSSIKA-ENZS-F1-GMS-0651C.mp3,192.231,194.796,2.566,media/ZS_F1_0686.mp3,F1-GMS-0651C 03:12.23-03:14.80
687,1,651,36,GLOSSIKA-ENZS-F1-GMS-0651C.mp3,197.412,199.786,2.373,media/ZS_F1_0687.mp3,F1-GMS-0651C 03:17.41-03:19.79
688,1,651,37,GLOSSIKA-ENZS-F1-GMS-0651C.mp3,202.359,204.991,2.632,media/ZS_F1_0688.mp3,F1-GMS-0651C 03:22.36-03:24.99
689,1,651,38,GLOSSIKA-ENZS-F1-GMS-0651C.mp3,207.716,209.715,2.000,media/ZS_F1_0689.mp3,F1-GMS-0651C 03:27.72-03:29.72
690,1,651,39,GLOSSIKA-ENZS-F1-GMS-0651C.mp3,212.174,214.058,1.884,media/ZS_F1_0690.mp3,F1-GMS-0651C 03:32.17-03:34.06
691,1,651,40,GLOSSIKA-ENZS-F1-GMS-0651C.mp3,216.503,218.560,2.057,media/ZS_F1_0691.mp3,F1-GMS-0651C 03:36.50-03:38.56
692,1,651,41,GLOSSIKA-ENZS-F1-GMS-0651C.mp3,221.021,222.995,1.974,media/ZS_F1_0692.mp3,F1-GMS-0651C 03:41.02-03:43.00
693,1,651,42,GLOSSIKA-ENZS-F1-GMS-0651C.mp3,225.543,226.826,1.283,media/ZS_F1_0693.mp3,F1-GMS-0651C 03:45.54-03:46.83
694,1,651,43,GLOSSIKA-ENZS-F1-GMS-0651C.mp3,229.261,230.541,1.280,media/ZS_F1_0694.mp3,F1-GMS-0651C 03:49.26-03:50.54
695,1,651,44,GLOSSIKA-ENZS-F1-GMS-0651C.mp3,232.986,234.597,1.610,media/ZS_F1_0695.mp3,F1-GMS-0651C 03:52.99-03:54.60
696,1,651,45,GLOSSIKA-ENZS-F1-GMS-0651C.mp3,237.107,238.443,1.336,media/ZS_F1_0696.mp3,F1-GMS-0651C 03:57.11-03:58.44
697,1,651,46,GLOSSIKA-ENZS-F1-GMS-0651C.mp3,240.909,242.064,1.155,media/ZS_F1_0697.mp3,F1-GMS-0651C 04:00.91-04:02.06
698,1,651,47,GLOSSIKA-ENZS-F1-GMS-0651C.mp3,244.735,246.118,1.383,media/ZS_F1_0698.mp3,F1-GMS-0651C 04:04.74-04:06.12
699,1,651,48,GLOSSIKA-ENZS-F1-GMS-0651C.mp3,249.433,251.000,1.567,media/ZS_F1_0699.mp3,F1-GMS-0651C 04:09.43-04:11.00
700,1,651,49,GLOSSIKA-ENZS-F1-GMS-0651C.mp3,254.023,255.948,1.925,media/ZS_F1_0700.mp3,F1-GMS-0651C 04:14.02-04:15.95
701,1,701,0,GLOSSIKA-ENZS-F1-GMS-0701C.mp3,7.004,9.230,2.226,media/ZS_F1_0701.mp3,F1-GMS-0701C 00:07.00-00:09.23
702,1,701,1,GLOSSIKA-ENZS-F1-GMS-0701C.mp3,11.942,13.082,1.140,media/ZS_F1_0702.mp3,F1-GMS-0701C 00:11.94-00:13.08
703,1,701,2,GLOSSIKA-ENZS-F1-GMS-0701C.mp3,16.017,18.131,2.115,media/ZS_F1_0703.mp3,F1-GMS-0701C 00:16.02-00:18.13
704,1,701,3,GLOSSIKA-ENZS-F1-GMS-0701C.mp3,20.870,23.376,2.506,media/ZS_F1_0704.mp3,F1-GMS-0701C 00:20.87-00:23.38
705,1,701,4,GLOSSIKA-ENZS-F1-GMS-0701C.mp3,26.321,28.136,1.815,media/ZS_F1_0705.mp3,F1-GMS-0701C 00:26.32-00:28.14
706,1,701,5,GLOSSIKA-ENZS-F1-GMS-0701C.mp3,30.942,33.271,2.330,media/ZS_F1_0706.mp3,F1-GMS-0701C 00:30.94-00:33.27
707,1,701,6,GLOSSIKA-ENZS-F1-GMS-0701C.mp3,36.009,39.599,3.590,media/ZS_F1_0707.mp3,F1-GMS-0701C 00:36.01-00:39.60
708,1,701,7,GLOSSIKA-ENZS-F1-GMS-0701C.mp3,42.263,43.768,1.505,media/ZS_F1_0708.mp3,F1-GMS-0701C 00:42.26-00:43.77
709,1,701,8,GLOSSIKA-ENZS-F1-GMS-0701C.mp3,46.495,49.498,3.003,media/ZS_F1_0709.mp3,F1-GMS-0701C 00:46.50-00:49.50
710,1,701,9,GLOSSIKA-ENZS-F1-GMS-0701C.mp3,52.084,54.590,2.507,media/ZS_F1_0710.mp3,F1-GMS-0701C 00:52.08-00:54.59
711,1,701,10,GLOSSIKA-ENZS-F1-GMS-0701C.mp3,57.342,59.826,2.484,media/ZS_F1_0711.mp3,F1-GMS-0701C 00:57.34-00:59.83
712,1,701,11,GLOSSIKA-ENZS-F1-GMS-0701C.mp3,62.519,64.699,2.180,media/ZS_F1_0712.mp3,F1-GMS-0701C 01:02.52-01:04.70
713,1,701,12,GLOSSIKA-ENZS-F1-GMS-0701C.mp3,67.406,73.667,6.261,media/ZS_F1_0713.mp3,F1-GMS-0701C 01:07.41-01:13.67
714,1,701,13,GLOSSIKA-ENZS-F1-GMS-0701C.mp3,76.527,78.590,2.064,media/ZS_F1_0714.mp3,F1-GMS-0701C 01:16.53-01:18.59
715,1,701,14,GLOSSIKA-ENZS-F1-GMS-0701C.mp3,81.590,84.994,3.404,media/ZS_F1_0715.mp3,F1-GMS-0701C 01:21.59-01:24.99
716,1,701,15,GLOSSIKA-ENZS-F1-GMS-0701C.mp3,87.818,89.790,1.972,media/ZS_F1_0716.mp3,F1-GMS-0701C 01:27.82-01:29.79
717,1,701,16,GLOSSIKA-ENZS-F1-GMS-0701C.mp3,92.419,95.066,2.647,media/ZS_F1_0717.mp3,F1-GMS-0701C 01:32.42-01:35.07
718,1,701,17,GLOSSIKA-ENZS-F1-GMS-0701C.mp3,97.800,100.937,3.136,media/ZS_F1_0718.mp3,F1-GMS-0701C 01:37.80-01:40.94
719,1,701,18,GLOSSIKA-ENZS-F1-GMS-0701C.mp3,103.602,105.487,1.885,media/ZS_F1_0719.mp3,F1-GMS-0701C 01:43.60-01:45.49
720,1,701,19,GLOSSIKA-ENZS-F1-GMS-0701C.mp3,108.219,111.115,2.896,media/ZS_F1_0720.mp3,F1-GMS-0701C 01:48.22-01:51.12
721,1,701,20,GLOSSIKA-ENZS-F1-GMS-0701C.mp3,113.804,116.319,2.515,media/ZS_F1_0721.mp3,F1-GMS-0701C 01:53.80-01:56.32
722,1,701,21,GLOSSIKA-ENZS-F1-GMS-0701C.mp3,118.857,121.818,2.960,media/ZS_F1_0722.mp3,F1-GMS-0701C 01:58.86-02:01.82
723,1,701,22,GLOSSIKA-ENZS-F1-GMS-0701C.mp3,124.263,127.423,3.160,media/ZS_F1_0723.mp3,F1-GMS-0701C 02:04.26-02:07.42
724,1,701,23,GLOSSIKA-ENZS-F1-GMS-0701C.mp3,130.152,132.161,2.008,media/ZS_F1_0724.mp3,F1-GMS-0701C 02:10.15-02:12.16
725,1,701,24,GLOSSIKA-ENZS-F1-GMS-0701C.mp3,134.835,137.108,2.273,media/ZS_F1_0725.mp3,F1-GMS-0701C 02:14.83-02:17.11
726,1,701,25,GLOSSIKA-ENZS-F1-GMS-0701C.mp3,139.728,141.374,1.646,media/ZS_F1_0726.mp3,F1-GMS-0701C 02:19.73-02:21.37
727,1,701,26,GLOSSIKA-ENZS-F1-GMS-0701C.mp3,143.957,146.583,2.625,media/ZS_F1_0727.mp3,F1-GMS-0701C 02:23.96-02:26.58
728,1,701,27,GLOSSIKA-ENZS-F1-GMS-0701C.mp3,149.149,151.692,2.542,media/ZS_F1_0728.mp3,F1-GMS-0701C 02:29.15-02:31.69
729,1,701,28,GLOSSIKA-ENZS-F1-GMS-0701C.mp3,154.342,156.118,1.776,media/ZS_F1_0729.mp3,F1-GMS-0701C 02:34.34-02:36.12
730,1,701,29,GLOSSIKA-ENZS-F1-GMS-0701C.mp3,158.752,161.653,2.900,media/ZS_F1_0730.mp3,F1-GMS-0701C 02:38.75-02:41.65
731,1,701,30,GLOSSIKA-ENZS-F1-GMS-0701C.mp3,164.314,167.521,3.207,media/ZS_F1_0731.mp3,F1-GMS-0701C 02:44.31-02:47.52
732,1,701,31,GLOSSIKA-ENZS-F1-GMS-0701C.mp3,170.165,173.077,2.913,media/ZS_F1_0732.mp3,F1-GMS-0701C 02:50.16-02:53.08
733,1,701,32,GLOSSIKA-ENZS-F1-GMS-0701C.mp3,175.796,177.740,1.945,media/ZS_F1_0733.mp3,F1-GMS-0701C 02:55.80-02:57.74
734,1,701,33,GLOSSIKA-ENZS-F1-GMS-0701C.mp3,180.438,183.480,3.042,media/ZS_F1_0734.mp3,F1-GMS-0701C 03:00.44-03:03.48
735,1,701,34,GLOSSIKA-ENZS-F1-GMS-0701C.mp3,186.167,189.496,3.329,media/ZS_F1_0735.mp3,F1-GMS-0701C 03:06.17-03:09.50
736,1,701,35,GLOSSIKA-ENZS-F1-GMS-0701C.mp3,192.206,194.527,2.321,media/ZS_F1_0736.mp3,F1-GMS-0701C 03:12.21-03:14.53
737,1,701,36,GLOSSIKA-ENZS-F1-GMS-0701C.mp3,197.193,200.390,3.197,media/ZS_F1_0737.mp3,F1-GMS-0701C 03:17.19-03:20.39
738,1,701,37,GLOSSIKA-ENZS-F1-GMS-0701C.mp3,202.937,205.585,2.648,media/ZS_F1_0738.mp3,F1-GMS-0701C 03:22.94-03:25.59
739,1,701,38,GLOSSIKA-ENZS-F1-GMS-0701C.mp3,208.361,209.506,1.145,media/ZS_F1_0739.mp3,F1-GMS-0701C 03:28.36-03:29.51
740,1,701,39,GLOSSIKA-ENZS-F1-GMS-0701C.mp3,212.277,214.095,1.818,media/ZS_F1_0740.mp3,F1-GMS-0701C 03:32.28-03:34.09
741,1,701,40,GLOSSIKA-ENZS-F1-GMS-0701C.mp3,216.645,218.622,1.977,media/ZS_F1_0741.mp3,F1-GMS-0701C 03:36.64-03:38.62
742,1,701,41,GLOSSIKA-ENZS-F1-GMS-0701C.mp3,221.277,222.874,1.597,media/ZS_F1_0742.mp3,F1-GMS-0701C 03:41.28-03:42.87
743,1,701,42,GLOSSIKA-ENZS-F1-GMS-0701C.mp3,225.665,228.032,2.367,media/ZS_F1_0743.mp3,F1-GMS-0701C 03:45.67-03:48.03
744,1,701,43,GLOSSIKA-ENZS-F1-GMS-0701C.mp3,230.715,232.757,2.041,media/ZS_F1_0744.mp3,F1-GMS-0701C 03:50.72-03:52.76
745,1,701,44,GLOSSIKA-ENZS-F1-GMS-0701C.mp3,235.488,237.329,1.840,media/ZS_F1_0745.mp3,F1-GMS-0701C 03:55.49-03:57.33
746,1,701,45,GLOSSIKA-ENZS-F1-GMS-0701C.mp3,240.007,243.231,3.224,media/ZS_F1_0746.mp3,F1-GMS-0701C 04:00.01-04:03.23
747,1,701,46,GLOSSIKA-ENZS-F1-GMS-0701C.mp3,245.933,249.208,3.275,media/ZS_F1_0747.mp3,F1-GMS-0701C 04:05.93-04:09.21
748,1,701,47,GLOSSIKA-ENZS-F1-GMS-0701C.mp3,252.020,254.635,2.615,media/ZS_F1_0748.mp3,F1-GMS-0701C 04:12.02-04:14.63
749,1,701,48,GLOSSIKA-ENZS-F1-GMS-0701C.mp3,257.291,261.039,3.748,media/ZS_F1_0749.mp3,F1-GMS-0701C 04:17.29-04:21.04
750,1,701,49,GLOSSIKA-ENZS-F1-GMS-0701C.mp3,263.758,267.237,3.478,media/ZS_F1_0750.mp3,F1-GMS-0701C 04:23.76-04:27.24
751,1,751,0,GLOSSIKA-ENZS-F1-GMS-0751C.mp3,6.985,9.918,2.933,media/ZS_F1_0751.mp3,F1-GMS-0751C 00:06.99-00:09.92
752,1,751,1,GLOSSIKA-ENZS-F1-GMS-0751C.mp3,12.090,14.223,2.133,media/ZS_F1_0752.mp3,F1-GMS-0751C 00:12.09-00:14.22
753,1,751,2,GLOSSIKA-ENZS-F1-GMS-0751C.mp3,16.861,18.598,1.737,media/ZS_F1_0753.mp3,F1-GMS-0751C 00:16.86-00:18.60
754,1,751,3,GLOSSIKA-ENZS-F1-GMS-0751C.mp3,21.150,23.273,2.123,media/ZS_F1_0754.mp3,F1-GMS-0751C 00:21.15-00:23.27
755,1,751,4,GLOSSIKA-ENZS-F1-GMS-0751C.mp3,25.986,27.938,1.952,media/ZS_F1_0755.mp3,F1-GMS-0751C 00:25.99-00:27.94
756,1,751,5,GLOSSIKA-ENZS-F1-GMS-0751C.mp3,31.115,32.930,1.816,media/ZS_F1_0756.mp3,F1-GMS-0751C 00:31.11-00:32.93
757,1,751,6,GLOSSIKA-ENZS-F1-GMS-0751C.mp3,36.275,38.314,2.039,media/ZS_F1_0757.mp3,F1-GMS-0751C 00:36.27-00:38.31
758,1,751,7,GLOSSIKA-ENZS-F1-GMS-0751C.mp3,41.991,45.835,3.844,media/ZS_F1_0758.mp3,F1-GMS-0751C 00:41.99-00:45.83
759,1,751,8,GLOSSIKA-ENZS-F1-GMS-0751C.mp3,48.932,54.053,5.121,media/ZS_F1_0759.mp3,F1-GMS-0751C 00:48.93-00:54.05
760,1,751,9,GLOSSIKA-ENZS-F1-GMS-0751C.mp3,57.636,62.016,4.380,media/ZS_F1_0760.mp3,F1-GMS-0751C 00:57.64-01:02.02
761,1,751,10,GLOSSIKA-ENZS-F1-GMS-0751C.mp3,64.699,68.727,4.029,media/ZS_F1_0761.mp3,F1-GMS-0751C 01:04.70-01:08.73
762,1,751,11,GLOSSIKA-ENZS-F1-GMS-0751C.mp3,71.318,76.204,4.886,media/ZS_F1_0762.mp3,F1-GMS-0751C 01:11.32-01:16.20
763,1,751,12,GLOSSIKA-ENZS-F1-GMS-0751C.mp3,78.775,81.646,2.872,media/ZS_F1_0763.mp3,F1-GMS-0751C 01:18.77-01:21.65
764,1,751,13,GLOSSIKA-ENZS-F1-GMS-0751C.mp3,84.106,87.637,3.530,media/ZS_F1_0764.mp3,F1-GMS-0751C 01:24.11-01:27.64
765,1,751,14,GLOSSIKA-ENZS-F1-GMS-0751C.mp3,90.616,94.364,3.748,media/ZS_F1_0765.mp3,F1-GMS-0751C 01:30.62-01:34.36
766,1,751,15,GLOSSIKA-ENZS-F1-GMS-0751C.mp3,97.283,101.031,3.748,media/ZS_F1_0766.mp3,F1-GMS-0751C 01:37.28-01:41.03
767,1,751,16,GLOSSIKA-ENZS-F1-GMS-0751C.mp3,103.727,108.129,4.402,media/ZS_F1_0767.mp3,F1-GMS-0751C 01:43.73-01:48.13
768,1,751,17,GLOSSIKA-ENZS-F1-GMS-0751C.mp3,111.137,114.091,2.954,media/ZS_F1_0768.mp3,F1-GMS-0751C 01:51.14-01:54.09
769,1,751,18,GLOSSIKA-ENZS-F1-GMS-0751C.mp3,116.974,120.069,3.095,media/ZS_F1_0769.mp3,F1-GMS-0751C 01:56.97-02:00.07
770,1,751,19,GLOSSIKA-ENZS-F1-GMS-0751C.mp3,122.779,126.981,4.201,media/ZS_F1_0770.mp3,F1-GMS-0751C 02:02.78-02:06.98
771,1,751,20,GLOSSIKA-ENZS-F1-GMS-0751C.mp3,130.049,134.096,4.047,media/ZS_F1_0771.mp3,F1-GMS-0751C 02:10.05-02:14.10
772,1,751,21,GLOSSIKA-ENZS-F1-GMS-0751C.mp3,137.217,139.398,2.181,media/ZS_F1_0772.mp3,F1-GMS-0751C 02:17.22-02:19.40
773,1,751,22,GLOSSIKA-ENZS-F1-GMS-0751C.mp3,142.302,144.781,2.479,media/ZS_F1_0773.mp3,F1-GMS-0751C 02:22.30-02:24.78
774,1,751,23,GLOSSIKA-ENZS-F1-GMS-0751C.mp3,147.704,150.616,2.912,media/ZS_F1_0774.mp3,F1-GMS-0751C 02:27.70-02:30.62
775,1,751,24,GLOSSIKA-ENZS-F1-GMS-0751C.mp3,153.392,158.872,5.480,media/ZS_F1_0775.mp3,F1-GMS-0751C 02:33.39-02:38.87
776,1,751,25,GLOSSIKA-ENZS-F1-GMS-0751C.mp3,161.803,165.059,3.257,media/ZS_F1_0776.mp3,F1-GMS-0751C 02:41.80-02:45.06
777,1,751,26,GLOSSIKA-ENZS-F1-GMS-0751C.mp3,167.814,169.892,2.078,media/ZS_F1_0777.mp3,F1-GMS-0751C 02:47.81-02:49.89
778,1,751,27,GLOSSIKA-ENZS-F1-GMS-0751C.mp3,172.760,175.980,3.219,media/ZS_F1_0778.mp3,F1-GMS-0751C 02:52.76-02:55.98
779,1,751,28,GLOSSIKA-ENZS-F1-GMS-0751C.mp3,178.848,182.389,3.540,media/ZS_F1_0779.mp3,F1-GMS-0751C 02:58.85-03:02.39
780,1,751,29,GLOSSIKA-ENZS-F1-GMS-0751C.mp3,185.246,188.565,3.318,media/ZS_F1_0780.mp3,F1-GMS-0751C 03:05.25-03:08.56
781,1,751,30,GLOSSIKA-ENZS-F1-GMS-0751C.mp3,191.570,193.725,2.154,media/ZS_F1_0781.mp3,F1-GMS-0751C 03:11.57-03:13.72
782,1,751,31,GLOSSIKA-ENZS-F1-GMS-0751C.mp3,196.573,197.994,1.421,media/ZS_F1_0782.mp3,F1-GMS-0751C 03:16.57-03:17.99
783,1,751,32,GLOSSIKA-ENZS-F1-GMS-0751C.mp3,200.778,204.534,3.755,media/ZS_F1_0783.mp3,F1-GMS-0751C 03:20.78-03:24.53
784,1,751,33,GLOSSIKA-ENZS-F1-GMS-0751C.mp3,207.427,211.512,4.085,media/ZS_F1_0784.mp3,F1-GMS-0751C 03:27.43-03:31.51
785,1,751,34,GLOSSIKA-ENZS-F1-GMS-0751C.mp3,214.248,217.750,3.502,media/ZS_F1_0785.mp3,F1-GMS-0751C 03:34.25-03:37.75
786,1,751,35,GLOSSIKA-ENZS-F1-GMS-0751C.mp3,220.797,224.196,3.399,media/ZS_F1_0786.mp3,F1-GMS-0751C 03:40.80-03:44.20
787,1,751,36,GLOSSIKA-ENZS-F1-GMS-0751C.mp3,227.206,230.104,2.898,media/ZS_F1_0787.mp3,F1-GMS-0751C 03:47.21-03:50.10
788,1,751,37,GLOSSIKA-ENZS-F1-GMS-0751C.mp3,233.167,235.976,2.809,media/ZS_F1_0788.mp3,F1-GMS-0751C 03:53.17-03:55.98
789,1,751,38,GLOSSIKA-ENZS-F1-GMS-0751C.mp3,238.912,242.008,3.095,media/ZS_F1_0789.mp3,F1-GMS-0751C 03:58.91-04:02.01
790,1,751,39,GLOSSIKA-ENZS-F1-GMS-0751C.mp3,244.927,248.117,3.190,media/ZS_F1_0790.mp3,F1-GMS-0751C 04:04.93-04:08.12
791,1,751,40,GLOSSIKA-ENZS-F1-GMS-0751C.mp3,251.299,254.224,2.925,media/ZS_F1_0791.mp3,F1-GMS-0751C 04:11.30-04:14.22
792,1,751,41,GLOSSIKA-ENZS-F1-GMS-0751C.mp3,257.268,260.058,2.790,media/ZS_F1_0792.mp3,F1-GMS-0751C 04:17.27-04:20.06
793,1,751,42,GLOSSIKA-ENZS-F1-GMS-0751C.mp3,262.700,264.510,1.809,media/ZS_F1_0793.mp3,F1-GMS-0751C 04:22.70-04:24.51
794,1,751,43,GLOSSIKA-ENZS-F1-GMS-0751C.mp3,267.245,268.771,1.525,media/ZS_F1_0794.mp3,F1-GMS-0751C 04:27.25-04:28.77
795,1,751,44,GLOSSIKA-ENZS-F1-GMS-0751C.mp3,271.600,273.278,1.679,media/ZS_F1_0795.mp3,F1-GMS-0751C 04:31.60-04:33.28
796,1,751,45,GLOSSIKA-ENZS-F1-GMS-0751C.mp3,275.997,278.155,2.158,media/ZS_F1_0796.mp3,F1-GMS-0751C 04:36.00-04:38.15
797,1,751,46,GLOSSIKA-ENZS-F1-GMS-0751C.mp3,280.966,282.670,1.704,media/ZS_F1_0797.mp3,F1-GMS-0751C 04:40.97-04:42.67
798,1,751,47,GLOSSIKA-ENZS-F1-GMS-0751C.mp3,285.271,286.697,1.426,media/ZS_F1_0798.mp3,F1-GMS-0751C 04:45.27-04:46.70
799,1,751,48,GLOSSIKA-ENZS-F1-GMS-0751C.mp3,289.378,290.999,1.621,media/ZS_F1_0799.mp3,F1-GMS-0751C 04:49.38-04:51.00
800,1,751,49,GLOSSIKA-ENZS-F1-GMS-0751C.mp3,293.727,295.884,2.157,media/ZS_F1_0800.mp3,F1-GMS-0751C 04:53.73-04:55.88
801,1,801,0,GLOSSIKA-ENZS-F1-GMS-0801C.mp3,7.003,9.133,2.130,media/ZS_F1_0801.mp3,F1-GMS-0801C 00:07.00-00:09.13
802,1,801,1,GLOSSIKA-ENZS-F1-GMS-0801C.mp3,12.002,13.516,1.514,media/ZS_F1_0802.mp3,F1-GMS-0801C 00:12.00-00:13.52
803,1,801,2,GLOSSIKA-ENZS-F1-GMS-0801C.mp3,16.184,18.507,2.323,media/ZS_F1_0803.mp3,F1-GMS-0801C 00:16.18-00:18.51
804,1,801,3,GLOSSIKA-ENZS-F1-GMS-0801C.mp3,21.188,23.197,2.009,media/ZS_F1_0804.mp3,F1-GMS-0801C 00:21.19-00:23.20
805,1,801,4,GLOSSIKA-ENZS-F1-GMS-0801C.mp3,26.039,27.496,1.457,media/ZS_F1_0805.mp3,F1-GMS-0801C 00:26.04-00:27.50
806,1,801,5,GLOSSIKA-ENZS-F1-GMS-0801C.mp3,30.259,32.351,2.092,media/ZS_F1_0806.mp3,F1-GMS-0801C 00:30.26-00:32.35
807,1,801,6,GLOSSIKA-ENZS-F1-GMS-0801C.mp3,35.270,38.764,3.494,media/ZS_F1_0807.mp3,F1-GMS-0801C 00:35.27-00:38.76
808,1,801,7,GLOSSIKA-ENZS-F1-GMS-0801C.mp3,41.544,44.355,2.811,media/ZS_F1_0808.mp3,F1-GMS-0801C 00:41.54-00:44.36
809,1,801,8,GLOSSIKA-ENZS-F1-GMS-0801C.mp3,47.068,50.393,3.325,media/ZS_F1_0809.mp3,F1-GMS-0801C 00:47.07-00:50.39
810,1,801,9,GLOSSIKA-ENZS-F1-GMS-0801C.mp3,53.234,56.417,3.183,media/ZS_F1_0810.mp3,F1-GMS-0801C 00:53.23-00:56.42
811,1,801,10,GLOSSIKA-ENZS-F1-GMS-0801C.mp3,59.402,62.285,2.883,media/ZS_F1_0811.mp3,F1-GMS-0801C 00:59.40-01:02.28
812,1,801,11,GLOSSIKA-ENZS-F1-GMS-0801C.mp3,65.024,68.285,3.260,media/ZS_F1_0812.mp3,F1-GMS-0801C 01:05.02-01:08.28
813,1,801,12,GLOSSIKA-ENZS-F1-GMS-0801C.mp3,71.218,76.611,5.393,media/ZS_F1_0813.mp3,F1-GMS-0801C 01:11.22-01:16.61
814,1,801,13,GLOSSIKA-ENZS-F1-GMS-0801C.mp3,79.567,84.671,5.104,media/ZS_F1_0814.mp3,F1-GMS-0801C 01:19.57-01:24.67
815,1,801,14,GLOSSIKA-ENZS-F1-GMS-0801C.mp3,87.113,90.124,3.011,media/ZS_F1_0815.mp3,F1-GMS-0801C 01:27.11-01:30.12
816,1,801,15,GLOSSIKA-ENZS-F1-GMS-0801C.mp3,92.867,95.988,3.120,media/ZS_F1_0816.mp3,F1-GMS-0801C 01:32.87-01:35.99
817,1,801,16,GLOSSIKA-ENZS-F1-GMS-0801C.mp3,98.678,100.407,1.729,media/ZS_F1_0817.mp3,F1-GMS-0801C 01:38.68-01:40.41
818,1,801,17,GLOSSIKA-ENZS-F1-GMS-0801C.mp3,103.011,105.071,2.060,media/ZS_F1_0818.mp3,F1-GMS-0801C 01:43.01-01:45.07
819,1,801,18,GLOSSIKA-ENZS-F1-GMS-0801C.mp3,107.821,109.769,1.947,media/ZS_F1_0819.mp3,F1-GMS-0801C 01:47.82-01:49.77
820,1,801,19,GLOSSIKA-ENZS-F1-GMS-0801C.mp3,112.531,116.329,3.799,media/ZS_F1_0820.mp3,F1-GMS-0801C 01:52.53-01:56.33
821,1,801,20,GLOSSIKA-ENZS-F1-GMS-0801C.mp3,119.156,122.247,3.091,media/ZS_F1_0821.mp3,F1-GMS-0801C 01:59.16-02:02.25
822,1,801,21,GLOSSIKA-ENZS-F1-GMS-0801C.mp3,125.010,127.914,2.904,media/ZS_F1_0822.mp3,F1-GMS-0801C 02:05.01-02:07.91
823,1,801,22,GLOSSIKA-ENZS-F1-GMS-0801C.mp3,130.616,133.505,2.889,media/ZS_F1_0823.mp3,F1-GMS-0801C 02:10.62-02:13.50
824,1,801,23,GLOSSIKA-ENZS-F1-GMS-0801C.mp3,136.280,139.552,3.272,media/ZS_F1_0824.mp3,F1-GMS-0801C 02:16.28-02:19.55
825,1,801,24,GLOSSIKA-ENZS-F1-GMS-0801C.mp3,142.397,144.153,1.756,media/ZS_F1_0825.mp3,F1-GMS-0801C 02:22.40-02:24.15
826,1,801,25,GLOSSIKA-ENZS-F1-GMS-0801C.mp3,146.800,149.341,2.542,media/ZS_F1_0826.mp3,F1-GMS-0801C 02:26.80-02:29.34
827,1,801,26,GLOSSIKA-ENZS-F1-GMS-0801C.mp3,152.093,153.775,1.682,media/ZS_F1_0827.mp3,F1-GMS-0801C 02:32.09-02:33.77
828,1,801,27,GLOSSIKA-ENZS-F1-GMS-0801C.mp3,156.423,159.277,2.854,media/ZS_F1_0828.mp3,F1-GMS-0801C 02:36.42-02:39.28
829,1,801,28,GLOSSIKA-ENZS-F1-GMS-0801C.mp3,162.009,163.593,1.584,media/ZS_F1_0829.mp3,F1-GMS-0801C 02:42.01-02:43.59
830,1,801,29,GLOSSIKA-ENZS-F1-GMS-0801C.mp3,166.385,170.133,3.748,media/ZS_F1_0830.mp3,F1-GMS-0801C 02:46.39-02:50.13
831,1,801,30,GLOSSIKA-ENZS-F1-GMS-0801C.mp3,172.783,174.715,1.932,media/ZS_F1_0831.mp3,F1-GMS-0801C 02:52.78-02:54.72
832,1,801,31,GLOSSIKA-ENZS-F1-GMS-0801C.mp3,177.643,180.762,3.120,media/ZS_F1_0832.mp3,F1-GMS-0801C 02:57.64-03:00.76
833,1,801,32,GLOSSIKA-ENZS-F1-GMS-0801C.mp3,183.466,188.019,4.553,media/ZS_F1_0833.mp3,F1-GMS-0801C 03:03.47-03:08.02
834,1,801,33,GLOSSIKA-ENZS-F1-GMS-0801C.mp3,190.862,193.860,2.997,media/ZS_F1_0834.mp3,F1-GMS-0801C 03:10.86-03:13.86
835,1,801,34,GLOSSIKA-ENZS-F1-GMS-0801C.mp3,196.584,200.096,3.511,media/ZS_F1_0835.mp3,F1-GMS-0801C 03:16.58-03:20.10
836,1,801,35,GLOSSIKA-ENZS-F1-GMS-0801C.mp3,202.745,207.077,4.332,media/ZS_F1_0836.mp3,F1-GMS-0801C 03:22.74-03:27.08
837,1,801,36,GLOSSIKA-ENZS-F1-GMS-0801C.mp3,209.785,213.526,3.741,media/ZS_F1_0837.mp3,F1-GMS-0801C 03:29.79-03:33.53
838,1,801,37,GLOSSIKA-ENZS-F1-GMS-0801C.mp3,216.415,219.423,3.008,media/ZS_F1_0838.mp3,F1-GMS-0801C 03:36.42-03:39.42
839,1,801,38,GLOSSIKA-ENZS-F1-GMS-0801C.mp3,222.245,224.168,1.923,media/ZS_F1_0839.mp3,F1-GMS-0801C 03:42.24-03:44.17
840,1,801,39,GLOSSIKA-ENZS-F1-GMS-0801C.mp3,227.182,229.412,2.230,media/ZS_F1_0840.mp3,F1-GMS-0801C 03:47.18-03:49.41
841,1,801,40,GLOSSIKA-ENZS-F1-GMS-0801C.mp3,232.626,234.576,1.950,media/ZS_F1_0841.mp3,F1-GMS-0801C 03:52.63-03:54.58
842,1,801,41,GLOSSIKA-ENZS-F1-GMS-0801C.mp3,237.695,239.664,1.969,media/ZS_F1_0842.mp3,F1-GMS-0801C 03:57.69-03:59.66
843,1,801,42,GLOSSIKA-ENZS-F1-GMS-0801C.mp3,242.720,244.374,1.654,media/ZS_F1_0843.mp3,F1-GMS-0801C 04:02.72-04:04.37
844,1,801,43,GLOSSIKA-ENZS-F1-GMS-0801C.mp3,247.392,248.895,1.503,media/ZS_F1_0844.mp3,F1-GMS-0801C 04:07.39-04:08.90
845,1,801,44,GLOSSIKA-ENZS-F1-GMS-0801C.mp3,251.785,253.497,1.712,media/ZS_F1_0845.mp3,F1-GMS-0801C 04:11.78-04:13.50
846,1,801,45,GLOSSIKA-ENZS-F1-GMS-0801C.mp3,256.461,259.218,2.756,media/ZS_F1_0846.mp3,F1-GMS-0801C 04:16.46-04:19.22
847,1,801,46,GLOSSIKA-ENZS-F1-GMS-0801C.mp3,262.222,265.181,2.960,media/ZS_F1_0847.mp3,F1-GMS-0801C 04:22.22-04:25.18
848,1,801,47,GLOSSIKA-ENZS-F1-GMS-0801C.mp3,268.043,271.308,3.265,media/ZS_F1_0848.mp3,F1-GMS-0801C 04:28.04-04:31.31
849,1,801,48,GLOSSIKA-ENZS-F1-GMS-0801C.mp3,273.989,277.084,3.095,media/ZS_F1_0849.mp3,F1-GMS-0801C 04:33.99-04:37.08
850,1,801,49,GLOSSIKA-ENZS-F1-GMS-0801C.mp3,279.779,283.500,3.721,media/ZS_F1_0850.mp3,F1-GMS-0801C 04:39.78-04:43.50
851,1,851,0,GLOSSIKA-ENZS-F1-GMS-0851B.mp3,3.813,4.617,0.805,media/ZS_F1_0851.mp3,F1-GMS-0851B 00:03.81-00:04.62
852,1,851,1,GLOSSIKA-ENZS-F1-GMS-0851B.mp3,10.002,13.444,3.442,media/ZS_F1_0852.mp3,F1-GMS-0851B 00:10.00-00:13.44
853,1,851,2,GLOSSIKA-ENZS-F1-GMS-0851B.mp3,23.716,25.261,1.544,media/ZS_F1_0853.mp3,F1-GMS-0851B 00:23.72-00:25.26
854,1,851,3,GLOSSIKA-ENZS-F1-GMS-0851B.mp3,33.847,37.082,3.236,media/ZS_F1_0854.mp3,F1-GMS-0851B 00:33.85-00:37.08
855,1,851,4,GLOSSIKA-ENZS-F1-GMS-0851B.mp3,47.328,50.678,3.350,media/ZS_F1_0855.mp3,F1-GMS-0851B 00:47.33-00:50.68
856,1,851,5,GLOSSIKA-ENZS-F1-GMS-0851B.mp3,60.367,63.141,2.774,media/ZS_F1_0856.mp3,F1-GMS-0851B 01:00.37-01:03.14
857,1,851,6,GLOSSIKA-ENZS-F1-GMS-0851B.mp3,72.293,74.853,2.560,media/ZS_F1_0857.mp3,F1-GMS-0851B 01:12.29-01:14.85
858,1,851,7,GLOSSIKA-ENZS-F1-GMS-0851B.mp3,83.873,86.216,2.343,media/ZS_F1_0858.mp3,F1-GMS-0851B 01:23.87-01:26.22
859,1,851,8,GLOSSIKA-ENZS-F1-GMS-0851B.mp3,94.557,96.716,2.159,media/ZS_F1_0859.mp3,F1-GMS-0851B 01:34.56-01:36.72
860,1,851,9,GLOSSIKA-ENZS-F1-GMS-0851B.mp3,104.804,106.437,1.633,media/ZS_F1_0860.mp3,F1-GMS-0851B 01:44.80-01:46.44
861,1,851,10,GLOSSIKA-ENZS-F1-GMS-0851B.mp3,114.621,116.418,1.797,media/ZS_F1_0861.mp3,F1-GMS-0851B 01:54.62-01:56.42
862,1,851,11,GLOSSIKA-ENZS-F1-GMS-0851B.mp3,124.340,126.345,2.005,media/ZS_F1_0862.mp3,F1-GMS-0851B 02:04.34-02:06.34
863,1,851,12,GLOSSIKA-ENZS-F1-GMS-0851B.mp3,134.432,137.024,2.591,media/ZS_F1_0863.mp3,F1-GMS-0851B 02:14.43-02:17.02
864,1,851,13,GLOSSIKA-ENZS-F1-GMS-0851B.mp3,145.279,147.818,2.539,media/ZS_F1_0864.mp3,F1-GMS-0851B 02:25.28-02:27.82
865,1,851,14,GLOSSIKA-ENZS-F1-GMS-0851B.mp3,157.156,158.424,1.268,media/ZS_F1_0865.mp3,F1-GMS-0851B 02:37.16-02:38.42
866,1,851,15,GLOSSIKA-ENZS-F1-GMS-0851B.mp3,163.310,166.698,3.388,media/ZS_F1_0866.mp3,F1-GMS-0851B 02:43.31-02:46.70
867,1,851,16,GLOSSIKA-ENZS-F1-GMS-0851B.mp3,174.229,176.099,1.870,media/ZS_F1_0867.mp3,F1-GMS-0851B 02:54.23-02:56.10
868,1,851,17,GLOSSIKA-ENZS-F1-GMS-0851B.mp3,184.429,186.534,2.105,media/ZS_F1_0868.mp3,F1-GMS-0851B 03:04.43-03:06.53
869,1,851,18,GLOSSIKA-ENZS-F1-GMS-0851B.mp3,194.307,196.762,2.456,media/ZS_F1_0869.mp3,F1-GMS-0851B 03:14.31-03:16.76
870,1,851,19,GLOSSIKA-ENZS-F1-GMS-0851B.mp3,204.704,206.533,1.829,media/ZS_F1_0870.mp3,F1-GMS-0851B 03:24.70-03:26.53
871,1,851,20,GLOSSIKA-ENZS-F1-GMS-0851B.mp3,213.884,215.777,1.893,media/ZS_F1_0871.mp3,F1-GMS-0851B 03:33.88-03:35.78
872,1,851,21,GLOSSIKA-ENZS-F1-GMS-0851B.mp3,223.935,225.928,1.993,media/ZS_F1_0872.mp3,F1-GMS-0851B 03:43.93-03:45.93
873,1,851,22,GLOSSIKA-ENZS-F1-GMS-0851B.mp3,234.546,237.340,2.794,media/ZS_F1_0873.mp3,F1-GMS-0851B 03:54.55-03:57.34
874,1,851,23,GLOSSIKA-ENZS-F1-GMS-0851B.mp3,246.430,249.886,3.456,media/ZS_F1_0874.mp3,F1-GMS-0851B 04:06.43-04:09.89
875,1,851,24,GLOSSIKA-ENZS-F1-GMS-0851B.mp3,260.145,263.678,3.533,media/ZS_F1_0875.mp3,F1-GMS-0851B 04:20.14-04:23.68
876,1,851,25,GLOSSIKA-ENZS-F1-GMS-0851B.mp3,272.243,275.192,2.949,media/ZS_F1_0876.mp3,F1-GMS-0851B 04:32.24-04:35.19
877,1,851,26,GLOSSIKA-ENZS-F1-GMS-0851B.mp3,284.693,288.428,3.734,media/ZS_F1_0877.mp3,F1-GMS-0851B 04:44.69-04:48.43
878,1,851,27,GLOSSIKA-ENZS-F1-GMS-0851B.mp3,299.125,302.966,3.841,media/ZS_F1_0878.mp3,F1-GMS-0851B 04:59.12-05:02.97
879,1,851,28,GLOSSIKA-ENZS-F1-GMS-0851B.mp3,308.241,309.262,1.021,media/ZS_F1_0879.mp3,F1-GMS-0851B 05:08.24-05:09.26
880,1,851,29,GLOSSIKA-ENZS-F1-GMS-0851B.mp3,318.702,320.351,1.649,media/ZS_F1_0880.mp3,F1-GMS-0851B 05:18.70-05:20.35
881,1,851,30,GLOSSIKA-ENZS-F1-GMS-0851B.mp3,325.208,328.672,3.465,media/ZS_F1_0881.mp3,F1-GMS-0851B 05:25.21-05:28.67
882,1,851,31,GLOSSIKA-ENZS-F1-GMS-0851B.mp3,338.082,340.122,2.040,media/ZS_F1_0882.mp3,F1-GMS-0851B 05:38.08-05:40.12
883,1,851,32,GLOSSIKA-ENZS-F1-GMS-0851B.mp3,349.405,352.920,3.515,media/ZS_F1_0883.mp3,F1-GMS-0851B 05:49.40-05:52.92
884,1,851,33,GLOSSIKA-ENZS-F1-GMS-0851B.mp3,358.581,359.366,0.785,media/ZS_F1_0884.mp3,F1-GMS-0851B 05:58.58-05:59.37
885,1,851,34,GLOSSIKA-ENZS-F1-GMS-0851B.mp3,368.834,371.848,3.015,media/ZS_F1_0885.mp3,F1-GMS-0851B 06:08.83-06:11.85
886,1,851,35,GLOSSIKA-ENZS-F1-GMS-0851B.mp3,380.928,383.670,2.742,media/ZS_F1_0886.mp3,F1-GMS-0851B 06:20.93-06:23.67
887,1,851,36,GLOSSIKA-ENZS-F1-GMS-0851B.mp3,392.275,393.944,1.669,media/ZS_F1_0887.mp3,F1-GMS-0851B 06:32.28-06:33.94
888,1,851,37,GLOSSIKA-ENZS-F1-GMS-0851B.mp3,402.090,403.770,1.679,media/ZS_F1_0888.mp3,F1-GMS-0851B 06:42.09-06:43.77
889,1,851,38,GLOSSIKA-ENZS-F1-GMS-0851B.mp3,412.115,414.703,2.588,media/ZS_F1_0889.mp3,F1-GMS-0851B 06:52.12-06:54.70
890,1,851,39,GLOSSIKA-ENZS-F1-GMS-0851B.mp3,424.019,425.933,1.914,media/ZS_F1_0890.mp3,F1-GMS-0851B 07:04.02-07:05.93
891,1,851,40,GLOSSIKA-ENZS-F1-GMS-0851B.mp3,434.071,436.245,2.174,media/ZS_F1_0891.mp3,F1-GMS-0851B 07:14.07-07:16.25
892,1,851,41,GLOSSIKA-ENZS-F1-GMS-0851B.mp3,444.870,446.874,2.004,media/ZS_F1_0892.mp3,F1-GMS-0851B 07:24.87-07:26.87
893,1,851,42,GLOSSIKA-ENZS-F1-GMS-0851B.mp3,454.981,456.540,1.559,media/ZS_F1_0893.mp3,F1-GMS-0851B 07:34.98-07:36.54
894,1,851,43,GLOSSIKA-ENZS-F1-GMS-0851B.mp3,464.656,467.014,2.358,media/ZS_F1_0894.mp3,F1-GMS-0851B 07:44.66-07:47.01
895,1,851,44,GLOSSIKA-ENZS-F1-GMS-0851B.mp3,475.333,478.076,2.742,media/ZS_F1_0895.mp3,F1-GMS-0851B 07:55.33-07:58.08
896,1,851,45,GLOSSIKA-ENZS-F1-GMS-0851B.mp3,486.552,489.795,3.243,media/ZS_F1_0896.mp3,F1-GMS-0851B 08:06.55-08:09.80
897,1,851,46,GLOSSIKA-ENZS-F1-GMS-0851B.mp3,498.457,501.259,2.802,media/ZS_F1_0897.mp3,F1-GMS-0851B 08:18.46-08:21.26
898,1,851,47,GLOSSIKA-ENZS-F1-GMS-0851B.mp3,509.826,515.311,5.485,media/ZS_F1_0898.mp3,F1-GMS-0851B 08:29.83-08:35.31
899,1,851,48,GLOSSIKA-ENZS-F1-GMS-0851B.mp3,526.510,528.456,1.945,media/ZS_F1_0899.mp3,F1-GMS-0851B 08:46.51-08:48.46
900,1,851,49,GLOSSIKA-ENZS-F1-GMS-0851B.mp3,534.359,539.515,5.157,media/ZS_F1_0900.mp3,F1-GMS-0851B 08:54.36-08:59.52
901,1,901,0,GLOSSIKA-ENZS-F1-GMS-0901C.mp3,0.000,3.340,3.340,media/ZS_F1_0901.mp3,F1-GMS-0901C 00:00.00-00:03.34
902,1,901,1,GLOSSIKA-ENZS-F1-GMS-0901C.mp3,3.818,4.689,0.871,media/ZS_F1_0902.mp3,F1-GMS-0901C 00:03.82-00:04.69
903,1,901,2,GLOSSIKA-ENZS-F1-GMS-0901C.mp3,6.874,10.336,3.462,media/ZS_F1_0903.mp3,F1-GMS-0901C 00:06.87-00:10.34
904,1,901,3,GLOSSIKA-ENZS-F1-GMS-0901C.mp3,10.949,12.174,1.224,media/ZS_F1_0904.mp3,F1-GMS-0901C 00:10.95-00:12.17
905,1,901,4,GLOSSIKA-ENZS-F1-GMS-0901C.mp3,14.651,18.268,3.617,media/ZS_F1_0905.mp3,F1-GMS-0901C 00:14.65-00:18.27
906,1,901,5,GLOSSIKA-ENZS-F1-GMS-0901C.mp3,20.703,24.023,3.320,media/ZS_F1_0906.mp3,F1-GMS-0901C 00:20.70-00:24.02
907,1,901,6,GLOSSIKA-ENZS-F1-GMS-0901C.mp3,26.511,28.840,2.329,media/ZS_F1_0907.mp3,F1-GMS-0901C 00:26.51-00:28.84
908,1,901,7,GLOSSIKA-ENZS-F1-GMS-0901C.mp3,31.227,34.466,3.238,media/ZS_F1_0908.mp3,F1-GMS-0901C 00:31.23-00:34.47
909,1,901,8,GLOSSIKA-ENZS-F1-GMS-0901C.mp3,37.072,38.953,1.881,media/ZS_F1_0909.mp3,F1-GMS-0901C 00:37.07-00:38.95
910,1,901,9,GLOSSIKA-ENZS-F1-GMS-0901C.mp3,41.397,43.489,2.092,media/ZS_F1_0910.mp3,F1-GMS-0901C 00:41.40-00:43.49
911,1,901,10,GLOSSIKA-ENZS-F1-GMS-0901C.mp3,45.980,48.031,2.051,media/ZS_F1_0911.mp3,F1-GMS-0901C 00:45.98-00:48.03
912,1,901,11,GLOSSIKA-ENZS-F1-GMS-0901C.mp3,50.508,52.779,2.271,media/ZS_F1_0912.mp3,F1-GMS-0901C 00:50.51-00:52.78
913,1,901,12,GLOSSIKA-ENZS-F1-GMS-0901C.mp3,55.287,57.623,2.336,media/ZS_F1_0913.mp3,F1-GMS-0901C 00:55.29-00:57.62
914,1,901,13,GLOSSIKA-ENZS-F1-GMS-0901C.mp3,60.077,62.679,2.602,media/ZS_F1_0914.mp3,F1-GMS-0901C 01:00.08-01:02.68
915,1,901,14,GLOSSIKA-ENZS-F1-GMS-0901C.mp3,65.227,67.821,2.594,media/ZS_F1_0915.mp3,F1-GMS-0901C 01:05.23-01:07.82
916,1,901,15,GLOSSIKA-ENZS-F1-GMS-0901C.mp3,70.284,74.109,3.825,media/ZS_F1_0916.mp3,F1-GMS-0901C 01:10.28-01:14.11
917,1,901,16,GLOSSIKA-ENZS-F1-GMS-0901C.mp3,76.695,82.370,5.676,media/ZS_F1_0917.mp3,F1-GMS-0901C 01:16.69-01:22.37
918,1,901,17,GLOSSIKA-ENZS-F1-GMS-0901C.mp3,84.947,88.643,3.697,media/ZS_F1_0918.mp3,F1-GMS-0901C 01:24.95-01:28.64
919,1,901,18,GLOSSIKA-ENZS-F1-GMS-0901C.mp3,91.223,96.856,5.632,media/ZS_F1_0919.mp3,F1-GMS-0901C 01:31.22-01:36.86
920,1,901,19,GLOSSIKA-ENZS-F1-GMS-0901C.mp3,99.591,101.081,1.490,media/ZS_F1_0920.mp3,F1-GMS-0901C 01:39.59-01:41.08
921,1,901,20,GLOSSIKA-ENZS-F1-GMS-0901C.mp3,103.624,106.779,3.155,media/ZS_F1_0921.mp3,F1-GMS-0901C 01:43.62-01:46.78
922,1,901,21,GLOSSIKA-ENZS-F1-GMS-0901C.mp3,109.390,110.633,1.243,media/ZS_F1_0922.mp3,F1-GMS-0901C 01:49.39-01:50.63
923,1,901,22,GLOSSIKA-ENZS-F1-GMS-0901C.mp3,113.284,115.765,2.481,media/ZS_F1_0923.mp3,F1-GMS-0901C 01:53.28-01:55.76
924,1,901,23,GLOSSIKA-ENZS-F1-GMS-0901C.mp3,118.419,119.730,1.312,media/ZS_F1_0924.mp3,F1-GMS-0901C 01:58.42-01:59.73
925,1,901,24,GLOSSIKA-ENZS-F1-GMS-0901C.mp3,122.441,123.750,1.309,media/ZS_F1_0925.mp3,F1-GMS-0901C 02:02.44-02:03.75
926,1,901,25,GLOSSIKA-ENZS-F1-GMS-0901C.mp3,126.446,133.403,6.958,media/ZS_F1_0926.mp3,F1-GMS-0901C 02:06.45-02:13.40
927,1,901,26,GLOSSIKA-ENZS-F1-GMS-0901C.mp3,135.938,138.441,2.503,media/ZS_F1_0927.mp3,F1-GMS-0901C 02:15.94-02:18.44
928,1,901,27,GLOSSIKA-ENZS-F1-GMS-0901C.mp3,140.981,142.892,1.910,media/ZS_F1_0928.mp3,F1-GMS-0901C 02:20.98-02:22.89
929,1,901,28,GLOSSIKA-ENZS-F1-GMS-0901C.mp3,145.467,148.978,3.511,media/ZS_F1_0929.mp3,F1-GMS-0901C 02:25.47-02:28.98
930,1,901,29,GLOSSIKA-ENZS-F1-GMS-0901C.mp3,151.497,154.300,2.804,media/ZS_F1_0930.mp3,F1-GMS-0901C 02:31.50-02:34.30
931,1,901,30,GLOSSIKA-ENZS-F1-GMS-0901C.mp3,156.826,159.837,3.010,media/ZS_F1_0931.mp3,F1-GMS-0901C 02:36.83-02:39.84
932,1,901,31,GLOSSIKA-ENZS-F1-GMS-0901C.mp3,162.383,165.897,3.514,media/ZS_F1_0932.mp3,F1-GMS-0901C 02:42.38-02:45.90
933,1,901,32,GLOSSIKA-ENZS-F1-GMS-0901C.mp3,168.419,172.004,3.585,media/ZS_F1_0933.mp3,F1-GMS-0901C 02:48.42-02:52.00
934,1,901,33,GLOSSIKA-ENZS-F1-GMS-0901C.mp3,174.489,177.448,2.959,media/ZS_F1_0934.mp3,F1-GMS-0901C 02:54.49-02:57.45
935,1,901,34,GLOSSIKA-ENZS-F1-GMS-0901C.mp3,179.993,183.610,3.617,media/ZS_F1_0935.mp3,F1-GMS-0901C 02:59.99-03:03.61
936,1,901,35,GLOSSIKA-ENZS-F1-GMS-0901C.mp3,186.145,190.123,3.978,media/ZS_F1_0936.mp3,F1-GMS-0901C 03:06.15-03:10.12
937,1,901,36,GLOSSIKA-ENZS-F1-GMS-0901C.mp3,192.747,195.758,3.010,media/ZS_F1_0937.mp3,F1-GMS-0901C 03:12.75-03:15.76
938,1,901,37,GLOSSIKA-ENZS-F1-GMS-0901C.mp3,198.421,202.486,4.065,media/ZS_F1_0938.mp3,F1-GMS-0901C 03:18.42-03:22.49
939,1,901,38,GLOSSIKA-ENZS-F1-GMS-0901C.mp3,205.069,209.802,4.733,media/ZS_F1_0939.mp3,F1-GMS-0901C 03:25.07-03:29.80
940,1,901,39,GLOSSIKA-ENZS-F1-GMS-0901C.mp3,212.368,215.912,3.544,media/ZS_F1_0940.mp3,F1-GMS-0901C 03:32.37-03:35.91
941,1,901,40,GLOSSIKA-ENZS-F1-GMS-0901C.mp3,218.405,221.152,2.747,media/ZS_F1_0941.mp3,F1-GMS-0901C 03:38.41-03:41.15
942,1,901,41,GLOSSIKA-ENZS-F1-GMS-0901C.mp3,223.622,227.487,3.864,media/ZS_F1_0942.mp3,F1-GMS-0901C 03:43.62-03:47.49
943,1,901,42,GLOSSIKA-ENZS-F1-GMS-0901C.mp3,229.946,232.884,2.938,media/ZS_F1_0943.mp3,F1-GMS-0901C 03:49.95-03:52.88
944,1,901,43,GLOSSIKA-ENZS-F1-GMS-0901C.mp3,235.386,238.803,3.416,media/ZS_F1_0944.mp3,F1-GMS-0901C 03:55.39-03:58.80
945,1,901,44,GLOSSIKA-ENZS-F1-GMS-0901C.mp3,241.416,243.487,2.070,media/ZS_F1_0945.mp3,F1-GMS-0901C 04:01.42-04:03.49
946,1,901,45,GLOSSIKA-ENZS-F1-GMS-0901C.mp3,244.096,245.203,1.107,media/ZS_F1_0946.mp3,F1-GMS-0901C 04:04.10-04:05.20
947,1,901,46,GLOSSIKA-ENZS-F1-GMS-0901C.mp3,247.800,249.775,1.975,media/ZS_F1_0947.mp3,F1-GMS-0901C 04:07.80-04:09.77
948,1,901,47,GLOSSIKA-ENZS-F1-GMS-0901C.mp3,252.529,254.622,2.093,media/ZS_F1_0948.mp3,F1-GMS-0901C 04:12.53-04:14.62
949,1,901,48,GLOSSIKA-ENZS-F1-GMS-0901C.mp3,257.197,259.965,2.768,media/ZS_F1_0949.mp3,F1-GMS-0901C 04:17.20-04:19.97
950,1,901,49,GLOSSIKA-ENZS-F1-GMS-0901C.mp3,262.671,266.131,3.459,media/ZS_F1_0950.mp3,F1-GMS-0901C 04:22.67-04:26.13
951,1,951,0,GLOSSIKA-ENZS-F1-GMS-0951C.mp3,12.266,13.630,1.364,media/ZS_F1_0951.mp3,F1-GMS-0951C 00:12.27-00:13.63
952,1,951,1,GLOSSIKA-ENZS-F1-GMS-0951C.mp3,16.073,18.129,2.055,media/ZS_F1_0952.mp3,F1-GMS-0951C 00:16.07-00:18.13
953,1,951,2,GLOSSIKA-ENZS-F1-GMS-0951C.mp3,20.610,22.337,1.728,media/ZS_F1_0953.mp3,F1-GMS-0951C 00:20.61-00:22.34
954,1,951,3,GLOSSIKA-ENZS-F1-GMS-0951C.mp3,24.978,28.644,3.667,media/ZS_F1_0954.mp3,F1-GMS-0951C 00:24.98-00:28.64
955,1,951,4,GLOSSIKA-ENZS-F1-GMS-0951C.mp3,31.222,33.730,2.508,media/ZS_F1_0955.mp3,F1-GMS-0951C 00:31.22-00:33.73
956,1,951,5,GLOSSIKA-ENZS-F1-GMS-0951C.mp3,36.550,39.441,2.890,media/ZS_F1_0956.mp3,F1-GMS-0951C 00:36.55-00:39.44
957,1,951,6,GLOSSIKA-ENZS-F1-GMS-0951C.mp3,42.330,46.249,3.919,media/ZS_F1_0957.mp3,F1-GMS-0951C 00:42.33-00:46.25
958,1,951,7,GLOSSIKA-ENZS-F1-GMS-0951C.mp3,49.178,53.132,3.954,media/ZS_F1_0958.mp3,F1-GMS-0951C 00:49.18-00:53.13
959,1,951,8,GLOSSIKA-ENZS-F1-GMS-0951C.mp3,56.043,60.066,4.023,media/ZS_F1_0959.mp3,F1-GMS-0951C 00:56.04-01:00.07
960,1,951,9,GLOSSIKA-ENZS-F1-GMS-0951C.mp3,63.045,67.145,4.099,media/ZS_F1_0960.mp3,F1-GMS-0951C 01:03.05-01:07.14
961,1,951,10,GLOSSIKA-ENZS-F1-GMS-0951C.mp3,70.147,71.858,1.711,media/ZS_F1_0961.mp3,F1-GMS-0951C 01:10.15-01:11.86
962,1,951,11,GLOSSIKA-ENZS-F1-GMS-0951C.mp3,74.629,76.473,1.844,media/ZS_F1_0962.mp3,F1-GMS-0951C 01:14.63-01:16.47
963,1,951,12,GLOSSIKA-ENZS-F1-GMS-0951C.mp3,79.024,80.751,1.727,media/ZS_F1_0963.mp3,F1-GMS-0951C 01:19.02-01:20.75
964,1,951,13,GLOSSIKA-ENZS-F1-GMS-0951C.mp3,83.346,86.343,2.997,media/ZS_F1_0964.mp3,F1-GMS-0951C 01:23.35-01:26.34
965,1,951,14,GLOSSIKA-ENZS-F1-GMS-0951C.mp3,89.037,92.785,3.748,media/ZS_F1_0965.mp3,F1-GMS-0951C 01:29.04-01:32.79
966,1,951,15,GLOSSIKA-ENZS-F1-GMS-0951C.mp3,95.409,97.152,1.743,media/ZS_F1_0966.mp3,F1-GMS-0951C 01:35.41-01:37.15
967,1,951,16,GLOSSIKA-ENZS-F1-GMS-0951C.mp3,99.902,101.669,1.767,media/ZS_F1_0967.mp3,F1-GMS-0951C 01:39.90-01:41.67
968,1,951,17,GLOSSIKA-ENZS-F1-GMS-0951C.mp3,104.271,105.626,1.355,media/ZS_F1_0968.mp3,F1-GMS-0951C 01:44.27-01:45.63
969,1,951,18,GLOSSIKA-ENZS-F1-GMS-0951C.mp3,108.488,110.129,1.641,media/ZS_F1_0969.mp3,F1-GMS-0951C 01:48.49-01:50.13
970,1,951,19,GLOSSIKA-ENZS-F1-GMS-0951C.mp3,112.907,114.791,1.883,media/ZS_F1_0970.mp3,F1-GMS-0951C 01:52.91-01:54.79
971,1,951,20,GLOSSIKA-ENZS-F1-GMS-0951C.mp3,117.595,120.974,3.379,media/ZS_F1_0971.mp3,F1-GMS-0951C 01:57.60-02:00.97
972,1,951,21,GLOSSIKA-ENZS-F1-GMS-0951C.mp3,123.932,128.161,4.229,media/ZS_F1_0972.mp3,F1-GMS-0951C 02:03.93-02:08.16
973,1,951,22,GLOSSIKA-ENZS-F1-GMS-0951C.mp3,131.096,134.615,3.519,media/ZS_F1_0973.mp3,F1-GMS-0951C 02:11.10-02:14.61
974,1,951,23,GLOSSIKA-ENZS-F1-GMS-0951C.mp3,137.487,144.165,6.678,media/ZS_F1_0974.mp3,F1-GMS-0951C 02:17.49-02:24.17
975,1,951,24,GLOSSIKA-ENZS-F1-GMS-0951C.mp3,147.916,149.874,1.958,media/ZS_F1_0975.mp3,F1-GMS-0951C 02:27.92-02:29.87
976,1,951,25,GLOSSIKA-ENZS-F1-GMS-0951C.mp3,152.341,154.744,2.403,media/ZS_F1_0976.mp3,F1-GMS-0951C 02:32.34-02:34.74
977,1,951,26,GLOSSIKA-ENZS-F1-GMS-0951C.mp3,157.614,159.488,1.873,media/ZS_F1_0977.mp3,F1-GMS-0951C 02:37.61-02:39.49
978,1,951,27,GLOSSIKA-ENZS-F1-GMS-0951C.mp3,162.280,164.145,1.864,media/ZS_F1_0978.mp3,F1-GMS-0951C 02:42.28-02:44.14
979,1,951,28,GLOSSIKA-ENZS-F1-GMS-0951C.mp3,166.852,168.820,1.969,media/ZS_F1_0979.mp3,F1-GMS-0951C 02:46.85-02:48.82
980,1,951,29,GLOSSIKA-ENZS-F1-GMS-0951C.mp3,171.498,174.712,3.214,media/ZS_F1_0980.mp3,F1-GMS-0951C 02:51.50-02:54.71
981,1,951,30,GLOSSIKA-ENZS-F1-GMS-0951C.mp3,177.450,181.148,3.698,media/ZS_F1_0981.mp3,F1-GMS-0951C 02:57.45-03:01.15
982,1,951,31,GLOSSIKA-ENZS-F1-GMS-0951C.mp3,183.832,186.442,2.610,media/ZS_F1_0982.mp3,F1-GMS-0951C 03:03.83-03:06.44
983,1,951,32,GLOSSIKA-ENZS-F1-GMS-0951C.mp3,189.282,191.312,2.030,media/ZS_F1_0983.mp3,F1-GMS-0951C 03:09.28-03:11.31
984,1,951,33,GLOSSIKA-ENZS-F1-GMS-0951C.mp3,193.885,198.554,4.669,media/ZS_F1_0984.mp3,F1-GMS-0951C 03:13.88-03:18.55
985,1,951,34,GLOSSIKA-ENZS-F1-GMS-0951C.mp3,201.169,203.545,2.377,media/ZS_F1_0985.mp3,F1-GMS-0951C 03:21.17-03:23.55
986,1,951,35,GLOSSIKA-ENZS-F1-GMS-0951C.mp3,206.147,208.967,2.820,media/ZS_F1_0986.mp3,F1-GMS-0951C 03:26.15-03:28.97
987,1,951,36,GLOSSIKA-ENZS-F1-GMS-0951C.mp3,211.457,213.410,1.953,media/ZS_F1_0987.mp3,F1-GMS-0951C 03:31.46-03:33.41
988,1,951,37,GLOSSIKA-ENZS-F1-GMS-0951C.mp3,216.046,217.640,1.594,media/ZS_F1_0988.mp3,F1-GMS-0951C 03:36.05-03:37.64
989,1,951,38,GLOSSIKA-ENZS-F1-GMS-0951C.mp3,220.380,222.052,1.672,media/ZS_F1_0989.mp3,F1-GMS-0951C 03:40.38-03:42.05
990,1,951,39,GLOSSIKA-ENZS-F1-GMS-0951C.mp3,224.675,226.377,1.703,media/ZS_F1_0990.mp3,F1-GMS-0951C 03:44.67-03:46.38
991,1,951,40,GLOSSIKA-ENZS-F1-GMS-0951C.mp3,228.858,231.910,3.052,media/ZS_F1_0991.mp3,F1-GMS-0951C 03:48.86-03:51.91
992,1,951,41,GLOSSIKA-ENZS-F1-GMS-0951C.mp3,234.719,237.076,2.357,media/ZS_F1_0992.mp3,F1-GMS-0951C 03:54.72-03:57.08
993,1,951,42,GLOSSIKA-ENZS-F1-GMS-0951C.mp3,239.839,244.145,4.306,media/ZS_F1_0993.mp3,F1-GMS-0951C 03:59.84-04:04.15
994,1,951,43,GLOSSIKA-ENZS-F1-GMS-0951C.mp3,246.928,250.767,3.839,media/ZS_F1_0994.mp3,F1-GMS-0951C 04:06.93-04:10.77
995,1,951,44,GLOSSIKA-ENZS-F1-GMS-0951C.mp3,253.679,255.341,1.662,media/ZS_F1_0995.mp3,F1-GMS-0951C 04:13.68-04:15.34
996,1,951,45,GLOSSIKA-ENZS-F1-GMS-0951C.mp3,258.136,260.161,2.025,media/ZS_F1_0996.mp3,F1-GMS-0951C 04:18.14-04:20.16
997,1,951,46,GLOSSIKA-ENZS-F1-GMS-0951C.mp3,263.094,264.328,1.233,media/ZS_F1_0997.mp3,F1-GMS-0951C 04:23.09-04:24.33
998,1,951,47,GLOSSIKA-ENZS-F1-GMS-0951C.mp3,266.851,269.079,2.228,media/ZS_F1_0998.mp3,F1-GMS-0951C 04:26.85-04:29.08
999,1,951,48,GLOSSIKA-ENZS-F1-GMS-0951C.mp3,271.871,273.908,2.038,media/ZS_F1_0999.mp3,F1-GMS-0951C 04:31.87-04:33.91
1000,1,951,49,GLOSSIKA-ENZS-F1-GMS-0951C.mp3,276.515,279.267,2.752,media/ZS_F1_1000.mp3,F1-GMS-0951C 04:36.51-04:39.27
1001,2,1001,0,GLOSSIKA-ENZS-F2-GMS-1001C.mp3,6.857,8.684,1.826,media/ZS_F2_1001.mp3,F2-GMS-1001C 00:06.86-00:08.68
1002,2,1001,1,GLOSSIKA-ENZS-F2-GMS-1001C.mp3,11.400,13.823,2.423,media/ZS_F2_1002.mp3,F2-GMS-1001C 00:11.40-00:13.82
1003,2,1001,2,GLOSSIKA-ENZS-F2-GMS-1001C.mp3,16.564,21.592,5.027,media/ZS_F2_1003.mp3,F2-GMS-1001C 00:16.56-00:21.59
1004,2,1001,3,GLOSSIKA-ENZS-F2-GMS-1001C.mp3,24.618,26.982,2.364,media/ZS_F2_1004.mp3,F2-GMS-1001C 00:24.62-00:26.98
1005,2,1001,4,GLOSSIKA-ENZS-F2-GMS-1001C.mp3,29.806,33.899,4.093,media/ZS_F2_1005.mp3,F2-GMS-1001C 00:29.81-00:33.90
1006,2,1001,5,GLOSSIKA-ENZS-F2-GMS-1001C.mp3,36.961,38.817,1.856,media/ZS_F2_1006.mp3,F2-GMS-1001C 00:36.96-00:38.82
1007,2,1001,6,GLOSSIKA-ENZS-F2-GMS-1001C.mp3,41.659,44.805,3.146,media/ZS_F2_1007.mp3,F2-GMS-1001C 00:41.66-00:44.81
1008,2,1001,7,GLOSSIKA-ENZS-F2-GMS-1001C.mp3,47.794,49.207,1.413,media/ZS_F2_1008.mp3,F2-GMS-1001C 00:47.79-00:49.21
1009,2,1001,8,GLOSSIKA-ENZS-F2-GMS-1001C.mp3,52.311,55.409,3.097,media/ZS_F2_1009.mp3,F2-GMS-1001C 00:52.31-00:55.41
1010,2,1001,9,GLOSSIKA-ENZS-F2-GMS-1001C.mp3,58.344,62.116,3.772,media/ZS_F2_1010.mp3,F2-GMS-1001C 00:58.34-01:02.12
1011,2,1001,10,GLOSSIKA-ENZS-F2-GMS-1001C.mp3,65.112,69.059,3.947,media/ZS_F2_1011.mp3,F2-GMS-1001C 01:05.11-01:09.06
1012,2,1001,11,GLOSSIKA-ENZS-F2-GMS-1001C.mp3,72.202,74.164,1.962,media/ZS_F2_1012.mp3,F2-GMS-1001C 01:12.20-01:14.16
1013,2,1001,12,GLOSSIKA-ENZS-F2-GMS-1001C.mp3,77.277,79.313,2.036,media/ZS_F2_1013.mp3,F2-GMS-1001C 01:17.28-01:19.31
1014,2,1001,13,GLOSSIKA-ENZS-F2-GMS-1001C.mp3,82.497,84.763,2.266,media/ZS_F2_1014.mp3,F2-GMS-1001C 01:22.50-01:24.76
1015,2,1001,14,GLOSSIKA-ENZS-F2-GMS-1001C.mp3,88.004,90.648,2.644,media/ZS_F2_1015.mp3,F2-GMS-1001C 01:28.00-01:30.65
1016,2,1001,15,GLOSSIKA-ENZS-F2-GMS-1001C.mp3,93.568,95.897,2.329,media/ZS_F2_1016.mp3,F2-GMS-1001C 01:33.57-01:35.90
1017,2,1001,16,GLOSSIKA-ENZS-F2-GMS-1001C.mp3,98.817,101.167,2.350,media/ZS_F2_1017.mp3,F2-GMS-1001C 01:38.82-01:41.17
1018,2,1001,17,GLOSSIKA-ENZS-F2-GMS-1001C.mp3,104.097,106.045,1.948,media/ZS_F2_1018.mp3,F2-GMS-1001C 01:44.10-01:46.05
1019,2,1001,18,GLOSSIKA-ENZS-F2-GMS-1001C.mp3,109.195,112.265,3.070,media/ZS_F2_1019.mp3,F2-GMS-1001C 01:49.20-01:52.27
1020,2,1001,19,GLOSSIKA-ENZS-F2-GMS-1001C.mp3,115.468,117.425,1.957,media/ZS_F2_1020.mp3,F2-GMS-1001C 01:55.47-01:57.42
1021,2,1001,20,GLOSSIKA-ENZS-F2-GMS-1001C.mp3,120.275,121.983,1.708,media/ZS_F2_1021.mp3,F2-GMS-1001C 02:00.27-02:01.98
1022,2,1001,21,GLOSSIKA-ENZS-F2-GMS-1001C.mp3,125.028,127.710,2.682,media/ZS_F2_1022.mp3,F2-GMS-1001C 02:05.03-02:07.71
1023,2,1001,22,GLOSSIKA-ENZS-F2-GMS-1001C.mp3,130.690,132.928,2.238,media/ZS_F2_1023.mp3,F2-GMS-1001C 02:10.69-02:12.93
1024,2,1001,23,GLOSSIKA-ENZS-F2-GMS-1001C.mp3,135.890,138.743,2.853,media/ZS_F2_1024.mp3,F2-GMS-1001C 02:15.89-02:18.74
1025,2,1001,24,GLOSSIKA-ENZS-F2-GMS-1001C.mp3,141.810,143.561,1.752,media/ZS_F2_1025.mp3,F2-GMS-1001C 02:21.81-02:23.56
1026,2,1001,25,GLOSSIKA-ENZS-F2-GMS-1001C.mp3,146.650,150.210,3.560,media/ZS_F2_1026.mp3,F2-GMS-1001C 02:26.65-02:30.21
1027,2,1001,26,GLOSSIKA-ENZS-F2-GMS-1001C.mp3,153.232,155.586,2.354,media/ZS_F2_1027.mp3,F2-GMS-1001C 02:33.23-02:35.59
1028,2,1001,27,GLOSSIKA-ENZS-F2-GMS-1001C.mp3,157.934,159.526,1.593,media/ZS_F2_1028.mp3,F2-GMS-1001C 02:37.93-02:39.53
1029,2,1001,28,GLOSSIKA-ENZS-F2-GMS-1001C.mp3,162.416,164.215,1.799,media/ZS_F2_1029.mp3,F2-GMS-1001C 02:42.42-02:44.22
1030,2,1001,29,GLOSSIKA-ENZS-F2-GMS-1001C.mp3,167.189,168.599,1.410,media/ZS_F2_1030.mp3,F2-GMS-1001C 02:47.19-02:48.60
1031,2,1001,30,GLOSSIKA-ENZS-F2-GMS-1001C.mp3,171.597,173.407,1.810,media/ZS_F2_1031.mp3,F2-GMS-1001C 02:51.60-02:53.41
1032,2,1001,31,GLOSSIKA-ENZS-F2-GMS-1001C.mp3,176.384,177.808,1.425,media/ZS_F2_1032.mp3,F2-GMS-1001C 02:56.38-02:57.81
1033,2,1001,32,GLOSSIKA-ENZS-F2-GMS-1001C.mp3,180.683,183.433,2.750,media/ZS_F2_1033.mp3,F2-GMS-1001C 03:00.68-03:03.43
1034,2,1001,33,GLOSSIKA-ENZS-F2-GMS-1001C.mp3,186.509,188.578,2.069,media/ZS_F2_1034.mp3,F2-GMS-1001C 03:06.51-03:08.58
1035,2,1001,34,GLOSSIKA-ENZS-F2-GMS-1001C.mp3,191.504,193.503,1.999,media/ZS_F2_1035.mp3,F2-GMS-1001C 03:11.50-03:13.50
1036,2,1001,35,GLOSSIKA-ENZS-F2-GMS-1001C.mp3,196.374,198.489,2.114,media/ZS_F2_1036.mp3,F2-GMS-1001C 03:16.37-03:18.49
1037,2,1001,36,GLOSSIKA-ENZS-F2-GMS-1001C.mp3,201.328,203.041,1.713,media/ZS_F2_1037.mp3,F2-GMS-1001C 03:21.33-03:23.04
1038,2,1001,37,GLOSSIKA-ENZS-F2-GMS-1001C.mp3,205.970,207.748,1.778,media/ZS_F2_1038.mp3,F2-GMS-1001C 03:25.97-03:27.75
1039,2,1001,38,GLOSSIKA-ENZS-F2-GMS-1001C.mp3,210.616,213.638,3.021,media/ZS_F2_1039.mp3,F2-GMS-1001C 03:30.62-03:33.64
1040,2,1001,39,GLOSSIKA-ENZS-F2-GMS-1001C.mp3,216.559,219.524,2.965,media/ZS_F2_1040.mp3,F2-GMS-1001C 03:36.56-03:39.52
1041,2,1001,40,GLOSSIKA-ENZS-F2-GMS-1001C.mp3,222.628,225.409,2.781,media/ZS_F2_1041.mp3,F2-GMS-1001C 03:42.63-03:45.41
1042,2,1001,41,GLOSSIKA-ENZS-F2-GMS-1001C.mp3,228.498,230.951,2.452,media/ZS_F2_1042.mp3,F2-GMS-1001C 03:48.50-03:50.95
1043,2,1001,42,GLOSSIKA-ENZS-F2-GMS-1001C.mp3,233.881,235.371,1.490,media/ZS_F2_1043.mp3,F2-GMS-1001C 03:53.88-03:55.37
1044,2,1001,43,GLOSSIKA-ENZS-F2-GMS-1001C.mp3,238.195,239.870,1.676,media/ZS_F2_1044.mp3,F2-GMS-1001C 03:58.19-03:59.87
1045,2,1001,44,GLOSSIKA-ENZS-F2-GMS-1001C.mp3,242.761,245.392,2.631,media/ZS_F2_1045.mp3,F2-GMS-1001C 04:02.76-04:05.39
1046,2,1001,45,GLOSSIKA-ENZS-F2-GMS-1001C.mp3,248.491,250.483,1.991,media/ZS_F2_1046.mp3,F2-GMS-1001C 04:08.49-04:10.48
1047,2,1001,46,GLOSSIKA-ENZS-F2-GMS-1001C.mp3,253.527,257.396,3.869,media/ZS_F2_1047.mp3,F2-GMS-1001C 04:13.53-04:17.40
1048,2,1001,47,GLOSSIKA-ENZS-F2-GMS-1001C.mp3,261.022,262.483,1.461,media/ZS_F2_1048.mp3,F2-GMS-1001C 04:21.02-04:22.48
1049,2,1001,48,GLOSSIKA-ENZS-F2-GMS-1001C.mp3,265.539,269.696,4.157,media/ZS_F2_1049.mp3,F2-GMS-1001C 04:25.54-04:29.70
1050,2,1001,49,GLOSSIKA-ENZS-F2-GMS-1001C.mp3,272.955,276.708,3.753,media/ZS_F2_1050.mp3,F2-GMS-1001C 04:32.95-04:36.71
1051,2,1051,0,GLOSSIKA-ENZS-F2-GMS-1051C.mp3,6.849,10.312,3.463,media/ZS_F2_1051.mp3,F2-GMS-1051C 00:06.85-00:10.31
1052,2,1051,1,GLOSSIKA-ENZS-F2-GMS-1051C.mp3,13.648,19.239,5.591,media/ZS_F2_1052.mp3,F2-GMS-1051C 00:13.65-00:19.24
1053,2,1051,2,GLOSSIKA-ENZS-F2-GMS-1051C.mp3,22.492,26.312,3.820,media/ZS_F2_1053.mp3,F2-GMS-1051C 00:22.49-00:26.31
1054,2,1051,3,GLOSSIKA-ENZS-F2-GMS-1051C.mp3,29.479,33.156,3.677,media/ZS_F2_1054.mp3,F2-GMS-1051C 00:29.48-00:33.16
1055,2,1051,4,GLOSSIKA-ENZS-F2-GMS-1051C.mp3,36.522,38.476,1.954,media/ZS_F2_1055.mp3,F2-GMS-1051C 00:36.52-00:38.48
1056,2,1051,5,GLOSSIKA-ENZS-F2-GMS-1051C.mp3,41.611,43.214,1.603,media/ZS_F2_1056.mp3,F2-GMS-1051C 00:41.61-00:43.21
1057,2,1051,6,GLOSSIKA-ENZS-F2-GMS-1051C.mp3,46.227,48.547,2.320,media/ZS_F2_1057.mp3,F2-GMS-1051C 00:46.23-00:48.55
1058,2,1051,7,GLOSSIKA-ENZS-F2-GMS-1051C.mp3,51.618,53.095,1.477,media/ZS_F2_1058.mp3,F2-GMS-1051C 00:51.62-00:53.09
1059,2,1051,8,GLOSSIKA-ENZS-F2-GMS-1051C.mp3,56.258,57.853,1.595,media/ZS_F2_1059.mp3,F2-GMS-1051C 00:56.26-00:57.85
1060,2,1051,9,GLOSSIKA-ENZS-F2-GMS-1051C.mp3,60.812,64.203,3.390,media/ZS_F2_1060.mp3,F2-GMS-1051C 01:00.81-01:04.20
1061,2,1051,10,GLOSSIKA-ENZS-F2-GMS-1051C.mp3,67.565,70.322,2.757,media/ZS_F2_1061.mp3,F2-GMS-1051C 01:07.57-01:10.32
1062,2,1051,11,GLOSSIKA-ENZS-F2-GMS-1051C.mp3,73.644,76.217,2.572,media/ZS_F2_1062.mp3,F2-GMS-1051C 01:13.64-01:16.22
1063,2,1051,12,GLOSSIKA-ENZS-F2-GMS-1051C.mp3,79.419,81.235,1.816,media/ZS_F2_1063.mp3,F2-GMS-1051C 01:19.42-01:21.23
1064,2,1051,13,GLOSSIKA-ENZS-F2-GMS-1051C.mp3,84.357,86.246,1.889,media/ZS_F2_1064.mp3,F2-GMS-1051C 01:24.36-01:26.25
1065,2,1051,14,GLOSSIKA-ENZS-F2-GMS-1051C.mp3,89.434,94.810,5.376,media/ZS_F2_1065.mp3,F2-GMS-1051C 01:29.43-01:34.81
1066,2,1051,15,GLOSSIKA-ENZS-F2-GMS-1051C.mp3,98.423,101.807,3.384,media/ZS_F2_1066.mp3,F2-GMS-1051C 01:38.42-01:41.81
1067,2,1051,16,GLOSSIKA-ENZS-F2-GMS-1051C.mp3,105.372,108.413,3.042,media/ZS_F2_1067.mp3,F2-GMS-1051C 01:45.37-01:48.41
1068,2,1051,17,GLOSSIKA-ENZS-F2-GMS-1051C.mp3,111.827,114.867,3.040,media/ZS_F2_1068.mp3,F2-GMS-1051C 01:51.83-01:54.87
1069,2,1051,18,GLOSSIKA-ENZS-F2-GMS-1051C.mp3,118.453,122.125,3.672,media/ZS_F2_1069.mp3,F2-GMS-1051C 01:58.45-02:02.12
1070,2,1051,19,GLOSSIKA-ENZS-F2-GMS-1051C.mp3,125.545,129.347,3.802,media/ZS_F2_1070.mp3,F2-GMS-1051C 02:05.54-02:09.35
1071,2,1051,20,GLOSSIKA-ENZS-F2-GMS-1051C.mp3,132.707,135.479,2.772,media/ZS_F2_1071.mp3,F2-GMS-1051C 02:12.71-02:15.48
1072,2,1051,21,GLOSSIKA-ENZS-F2-GMS-1051C.mp3,138.972,140.755,1.783,media/ZS_F2_1072.mp3,F2-GMS-1051C 02:18.97-02:20.75
1073,2,1051,22,GLOSSIKA-ENZS-F2-GMS-1051C.mp3,144.163,146.919,2.756,media/ZS_F2_1073.mp3,F2-GMS-1051C 02:24.16-02:26.92
1074,2,1051,23,GLOSSIKA-ENZS-F2-GMS-1051C.mp3,149.765,151.930,2.165,media/ZS_F2_1074.mp3,F2-GMS-1051C 02:29.77-02:31.93
1075,2,1051,24,GLOSSIKA-ENZS-F2-GMS-1051C.mp3,155.222,156.709,1.487,media/ZS_F2_1075.mp3,F2-GMS-1051C 02:35.22-02:36.71
1076,2,1051,25,GLOSSIKA-ENZS-F2-GMS-1051C.mp3,159.862,161.527,1.664,media/ZS_F2_1076.mp3,F2-GMS-1051C 02:39.86-02:41.53
1077,2,1051,26,GLOSSIKA-ENZS-F2-GMS-1051C.mp3,164.586,166.263,1.678,media/ZS_F2_1077.mp3,F2-GMS-1051C 02:44.59-02:46.26
1078,2,1051,27,GLOSSIKA-ENZS-F2-GMS-1051C.mp3,169.280,171.088,1.808,media/ZS_F2_1078.mp3,F2-GMS-1051C 02:49.28-02:51.09
1079,2,1051,28,GLOSSIKA-ENZS-F2-GMS-1051C.mp3,174.140,176.007,1.867,media/ZS_F2_1079.mp3,F2-GMS-1051C 02:54.14-02:56.01
1080,2,1051,29,GLOSSIKA-ENZS-F2-GMS-1051C.mp3,179.119,180.853,1.734,media/ZS_F2_1080.mp3,F2-GMS-1051C 02:59.12-03:00.85
1081,2,1051,30,GLOSSIKA-ENZS-F2-GMS-1051C.mp3,183.886,185.291,1.404,media/ZS_F2_1081.mp3,F2-GMS-1051C 03:03.89-03:05.29
1082,2,1051,31,GLOSSIKA-ENZS-F2-GMS-1051C.mp3,188.264,189.951,1.687,media/ZS_F2_1082.mp3,F2-GMS-1051C 03:08.26-03:09.95
1083,2,1051,32,GLOSSIKA-ENZS-F2-GMS-1051C.mp3,192.650,194.136,1.485,media/ZS_F2_1083.mp3,F2-GMS-1051C 03:12.65-03:14.14
1084,2,1051,33,GLOSSIKA-ENZS-F2-GMS-1051C.mp3,197.099,198.872,1.773,media/ZS_F2_1084.mp3,F2-GMS-1051C 03:17.10-03:18.87
1085,2,1051,34,GLOSSIKA-ENZS-F2-GMS-1051C.mp3,201.856,203.214,1.358,media/ZS_F2_1085.mp3,F2-GMS-1051C 03:21.86-03:23.21
1086,2,1051,35,GLOSSIKA-ENZS-F2-GMS-1051C.mp3,206.474,208.092,1.618,media/ZS_F2_1086.mp3,F2-GMS-1051C 03:26.47-03:28.09
1087,2,1051,36,GLOSSIKA-ENZS-F2-GMS-1051C.mp3,211.322,214.376,3.054,media/ZS_F2_1087.mp3,F2-GMS-1051C 03:31.32-03:34.38
1088,2,1051,37,GLOSSIKA-ENZS-F2-GMS-1051C.mp3,217.383,219.997,2.614,media/ZS_F2_1088.mp3,F2-GMS-1051C 03:37.38-03:40.00
1089,2,1051,38,GLOSSIKA-ENZS-F2-GMS-1051C.mp3,223.167,226.005,2.838,media/ZS_F2_1089.mp3,F2-GMS-1051C 03:43.17-03:46.00
1090,2,1051,39,GLOSSIKA-ENZS-F2-GMS-1051C.mp3,229.154,231.300,2.146,media/ZS_F2_1090.mp3,F2-GMS-1051C 03:49.15-03:51.30
1091,2,1051,40,GLOSSIKA-ENZS-F2-GMS-1051C.mp3,234.202,236.382,2.180,media/ZS_F2_1091.mp3,F2-GMS-1051C 03:54.20-03:56.38
1092,2,1051,41,GLOSSIKA-ENZS-F2-GMS-1051C.mp3,239.470,242.422,2.953,media/ZS_F2_1092.mp3,F2-GMS-1051C 03:59.47-04:02.42
1093,2,1051,42,GLOSSIKA-ENZS-F2-GMS-1051C.mp3,245.608,249.232,3.624,media/ZS_F2_1093.mp3,F2-GMS-1051C 04:05.61-04:09.23
1094,2,1051,43,GLOSSIKA-ENZS-F2-GMS-1051C.mp3,252.625,255.000,2.375,media/ZS_F2_1094.mp3,F2-GMS-1051C 04:12.63-04:15.00
1095,2,1051,44,GLOSSIKA-ENZS-F2-GMS-1051C.mp3,258.339,260.584,2.246,media/ZS_F2_1095.mp3,F2-GMS-1051C 04:18.34-04:20.58
1096,2,1051,45,GLOSSIKA-ENZS-F2-GMS-1051C.mp3,263.834,268.101,4.267,media/ZS_F2_1096.mp3,F2-GMS-1051C 04:23.83-04:28.10
1097,2,1051,46,GLOSSIKA-ENZS-F2-GMS-1051C.mp3,271.195,272.458,1.263,media/ZS_F2_1097.mp3,F2-GMS-1051C 04:31.20-04:32.46
1098,2,1051,47,GLOSSIKA-ENZS-F2-GMS-1051C.mp3,275.398,277.214,1.816,media/ZS_F2_1098.mp3,F2-GMS-1051C 04:35.40-04:37.21
1099,2,1051,48,GLOSSIKA-ENZS-F2-GMS-1051C.mp3,280.404,281.662,1.258,media/ZS_F2_1099.mp3,F2-GMS-1051C 04:40.40-04:41.66
1100,2,1051,49,GLOSSIKA-ENZS-F2-GMS-1051C.mp3,284.628,286.067,1.439,media/ZS_F2_1100.mp3,F2-GMS-1051C 04:44.63-04:46.07
1101,2,1101,0,GLOSSIKA-ENZS-F2-GMS-1101C.mp3,6.856,8.860,2.004,media/ZS_F2_1101.mp3,F2-GMS-1101C 00:06.86-00:08.86
1102,2,1101,1,GLOSSIKA-ENZS-F2-GMS-1101C.mp3,11.689,14.185,2.496,media/ZS_F2_1102.mp3,F2-GMS-1101C 00:11.69-00:14.19
1103,2,1101,2,GLOSSIKA-ENZS-F2-GMS-1101C.mp3,18.138,19.914,1.775,media/ZS_F2_1103.mp3,F2-GMS-1101C 00:18.14-00:19.91
1104,2,1101,3,GLOSSIKA-ENZS-F2-GMS-1101C.mp3,23.836,26.180,2.344,media/ZS_F2_1104.mp3,F2-GMS-1101C 00:23.84-00:26.18
1105,2,1101,4,GLOSSIKA-ENZS-F2-GMS-1101C.mp3,29.800,31.647,1.847,media/ZS_F2_1105.mp3,F2-GMS-1101C 00:29.80-00:31.65
1106,2,1101,5,GLOSSIKA-ENZS-F2-GMS-1101C.mp3,35.349,36.751,1.402,media/ZS_F2_1106.mp3,F2-GMS-1101C 00:35.35-00:36.75
1107,2,1101,6,GLOSSIKA-ENZS-F2-GMS-1101C.mp3,39.517,41.676,2.159,media/ZS_F2_1107.mp3,F2-GMS-1101C 00:39.52-00:41.68
1108,2,1101,7,GLOSSIKA-ENZS-F2-GMS-1101C.mp3,45.445,47.400,1.956,media/ZS_F2_1108.mp3,F2-GMS-1101C 00:45.44-00:47.40
1109,2,1101,8,GLOSSIKA-ENZS-F2-GMS-1101C.mp3,50.616,52.697,2.081,media/ZS_F2_1109.mp3,F2-GMS-1101C 00:50.62-00:52.70
1110,2,1101,9,GLOSSIKA-ENZS-F2-GMS-1101C.mp3,56.104,57.999,1.894,media/ZS_F2_1110.mp3,F2-GMS-1101C 00:56.10-00:58.00
1111,2,1101,10,GLOSSIKA-ENZS-F2-GMS-1101C.mp3,61.318,64.059,2.741,media/ZS_F2_1111.mp3,F2-GMS-1101C 01:01.32-01:04.06
1112,2,1101,11,GLOSSIKA-ENZS-F2-GMS-1101C.mp3,66.993,68.809,1.816,media/ZS_F2_1112.mp3,F2-GMS-1101C 01:06.99-01:08.81
1113,2,1101,12,GLOSSIKA-ENZS-F2-GMS-1101C.mp3,71.655,73.376,1.721,media/ZS_F2_1113.mp3,F2-GMS-1101C 01:11.66-01:13.38
1114,2,1101,13,GLOSSIKA-ENZS-F2-GMS-1101C.mp3,76.511,78.502,1.991,media/ZS_F2_1114.mp3,F2-GMS-1101C 01:16.51-01:18.50
1115,2,1101,14,GLOSSIKA-ENZS-F2-GMS-1101C.mp3,81.693,83.207,1.513,media/ZS_F2_1115.mp3,F2-GMS-1101C 01:21.69-01:23.21
1116,2,1101,15,GLOSSIKA-ENZS-F2-GMS-1101C.mp3,86.557,87.841,1.285,media/ZS_F2_1116.mp3,F2-GMS-1101C 01:26.56-01:27.84
1117,2,1101,16,GLOSSIKA-ENZS-F2-GMS-1101C.mp3,91.119,93.776,2.656,media/ZS_F2_1117.mp3,F2-GMS-1101C 01:31.12-01:33.78
1118,2,1101,17,GLOSSIKA-ENZS-F2-GMS-1101C.mp3,97.040,98.308,1.267,media/ZS_F2_1118.mp3,F2-GMS-1101C 01:37.04-01:38.31
1119,2,1101,18,GLOSSIKA-ENZS-F2-GMS-1101C.mp3,101.533,102.660,1.126,media/ZS_F2_1119.mp3,F2-GMS-1101C 01:41.53-01:42.66
1120,2,1101,19,GLOSSIKA-ENZS-F2-GMS-1101C.mp3,105.946,107.240,1.294,media/ZS_F2_1120.mp3,F2-GMS-1101C 01:45.95-01:47.24
1121,2,1101,20,GLOSSIKA-ENZS-F2-GMS-1101C.mp3,110.602,112.546,1.944,media/ZS_F2_1121.mp3,F2-GMS-1101C 01:50.60-01:52.55
1122,2,1101,21,GLOSSIKA-ENZS-F2-GMS-1101C.mp3,115.876,117.337,1.461,media/ZS_F2_1122.mp3,F2-GMS-1101C 01:55.88-01:57.34
1123,2,1101,22,GLOSSIKA-ENZS-F2-GMS-1101C.mp3,119.969,121.113,1.144,media/ZS_F2_1123.mp3,F2-GMS-1101C 01:59.97-02:01.11
1124,2,1101,23,GLOSSIKA-ENZS-F2-GMS-1101C.mp3,123.911,125.382,1.471,media/ZS_F2_1124.mp3,F2-GMS-1101C 02:03.91-02:05.38
1125,2,1101,24,GLOSSIKA-ENZS-F2-GMS-1101C.mp3,128.476,130.377,1.901,media/ZS_F2_1125.mp3,F2-GMS-1101C 02:08.48-02:10.38
1126,2,1101,25,GLOSSIKA-ENZS-F2-GMS-1101C.mp3,133.599,135.159,1.559,media/ZS_F2_1126.mp3,F2-GMS-1101C 02:13.60-02:15.16
1127,2,1101,26,GLOSSIKA-ENZS-F2-GMS-1101C.mp3,138.364,139.699,1.335,media/ZS_F2_1127.mp3,F2-GMS-1101C 02:18.36-02:19.70
1128,2,1101,27,GLOSSIKA-ENZS-F2-GMS-1101C.mp3,142.871,144.444,1.573,media/ZS_F2_1128.mp3,F2-GMS-1101C 02:22.87-02:24.44
1129,2,1101,28,GLOSSIKA-ENZS-F2-GMS-1101C.mp3,147.675,150.145,2.470,media/ZS_F2_1129.mp3,F2-GMS-1101C 02:27.67-02:30.15
1130,2,1101,29,GLOSSIKA-ENZS-F2-GMS-1101C.mp3,153.450,155.695,2.245,media/ZS_F2_1130.mp3,F2-GMS-1101C 02:33.45-02:35.69
1131,2,1101,30,GLOSSIKA-ENZS-F2-GMS-1101C.mp3,159.018,161.830,2.812,media/ZS_F2_1131.mp3,F2-GMS-1101C 02:39.02-02:41.83
1132,2,1101,31,GLOSSIKA-ENZS-F2-GMS-1101C.mp3,164.854,167.729,2.875,media/ZS_F2_1132.mp3,F2-GMS-1101C 02:44.85-02:47.73
1133,2,1101,32,GLOSSIKA-ENZS-F2-GMS-1101C.mp3,171.101,174.951,3.849,media/ZS_F2_1133.mp3,F2-GMS-1101C 02:51.10-02:54.95
1134,2,1101,33,GLOSSIKA-ENZS-F2-GMS-1101C.mp3,178.215,180.421,2.207,media/ZS_F2_1134.mp3,F2-GMS-1101C 02:58.21-03:00.42
1135,2,1101,34,GLOSSIKA-ENZS-F2-GMS-1101C.mp3,183.561,188.004,4.443,media/ZS_F2_1135.mp3,F2-GMS-1101C 03:03.56-03:08.00
1136,2,1101,35,GLOSSIKA-ENZS-F2-GMS-1101C.mp3,191.395,193.309,1.915,media/ZS_F2_1136.mp3,F2-GMS-1101C 03:11.39-03:13.31
1137,2,1101,36,GLOSSIKA-ENZS-F2-GMS-1101C.mp3,196.589,197.930,1.341,media/ZS_F2_1137.mp3,F2-GMS-1101C 03:16.59-03:17.93
1138,2,1101,37,GLOSSIKA-ENZS-F2-GMS-1101C.mp3,200.977,202.849,1.872,media/ZS_F2_1138.mp3,F2-GMS-1101C 03:20.98-03:22.85
1139,2,1101,38,GLOSSIKA-ENZS-F2-GMS-1101C.mp3,205.999,207.616,1.617,media/ZS_F2_1139.mp3,F2-GMS-1101C 03:26.00-03:27.62
1140,2,1101,39,GLOSSIKA-ENZS-F2-GMS-1101C.mp3,211.214,212.578,1.364,media/ZS_F2_1140.mp3,F2-GMS-1101C 03:31.21-03:32.58
1141,2,1101,40,GLOSSIKA-ENZS-F2-GMS-1101C.mp3,215.724,216.996,1.271,media/ZS_F2_1141.mp3,F2-GMS-1101C 03:35.72-03:37.00
1142,2,1101,41,GLOSSIKA-ENZS-F2-GMS-1101C.mp3,220.324,222.302,1.978,media/ZS_F2_1142.mp3,F2-GMS-1101C 03:40.32-03:42.30
1143,2,1101,42,GLOSSIKA-ENZS-F2-GMS-1101C.mp3,225.642,227.129,1.487,media/ZS_F2_1143.mp3,F2-GMS-1101C 03:45.64-03:47.13
1144,2,1101,43,GLOSSIKA-ENZS-F2-GMS-1101C.mp3,229.952,231.684,1.732,media/ZS_F2_1144.mp3,F2-GMS-1101C 03:49.95-03:51.68
1145,2,1101,44,GLOSSIKA-ENZS-F2-GMS-1101C.mp3,234.750,236.196,1.446,media/ZS_F2_1145.mp3,F2-GMS-1101C 03:54.75-03:56.20
1146,2,1101,45,GLOSSIKA-ENZS-F2-GMS-1101C.mp3,239.505,241.583,2.078,media/ZS_F2_1146.mp3,F2-GMS-1101C 03:59.51-04:01.58
1147,2,1101,46,GLOSSIKA-ENZS-F2-GMS-1101C.mp3,244.327,246.416,2.089,media/ZS_F2_1147.mp3,F2-GMS-1101C 04:04.33-04:06.42
1148,2,1101,47,GLOSSIKA-ENZS-F2-GMS-1101C.mp3,249.169,250.522,1.352,media/ZS_F2_1148.mp3,F2-GMS-1101C 04:09.17-04:10.52
1149,2,1101,48,GLOSSIKA-ENZS-F2-GMS-1101C.mp3,253.613,257.308,3.695,media/ZS_F2_1149.mp3,F2-GMS-1101C 04:13.61-04:17.31
1150,2,1101,49,GLOSSIKA-ENZS-F2-GMS-1101C.mp3,260.734,263.103,2.370,media/ZS_F2_1150.mp3,F2-GMS-1101C 04:20.73-04:23.10
1151,2,1151,0,GLOSSIKA-ENZS-F2-GMS-1151C.mp3,6.884,10.012,3.128,media/ZS_F2_1151.mp3,F2-GMS-1151C 00:06.88-00:10.01
1152,2,1151,1,GLOSSIKA-ENZS-F2-GMS-1151C.mp3,13.184,14.968,1.784,media/ZS_F2_1152.mp3,F2-GMS-1151C 00:13.18-00:14.97
1153,2,1151,2,GLOSSIKA-ENZS-F2-GMS-1151C.mp3,18.349,20.571,2.222,media/ZS_F2_1153.mp3,F2-GMS-1151C 00:18.35-00:20.57
1154,2,1151,3,GLOSSIKA-ENZS-F2-GMS-1151C.mp3,24.037,27.280,3.243,media/ZS_F2_1154.mp3,F2-GMS-1151C 00:24.04-00:27.28
1155,2,1151,4,GLOSSIKA-ENZS-F2-GMS-1151C.mp3,30.690,33.265,2.575,media/ZS_F2_1155.mp3,F2-GMS-1151C 00:30.69-00:33.26
1156,2,1151,5,GLOSSIKA-ENZS-F2-GMS-1151C.mp3,36.298,38.810,2.513,media/ZS_F2_1156.mp3,F2-GMS-1151C 00:36.30-00:38.81
1157,2,1151,6,GLOSSIKA-ENZS-F2-GMS-1151C.mp3,42.103,45.539,3.437,media/ZS_F2_1157.mp3,F2-GMS-1151C 00:42.10-00:45.54
1158,2,1151,7,GLOSSIKA-ENZS-F2-GMS-1151C.mp3,49.189,51.693,2.504,media/ZS_F2_1158.mp3,F2-GMS-1151C 00:49.19-00:51.69
1159,2,1151,8,GLOSSIKA-ENZS-F2-GMS-1151C.mp3,55.000,57.828,2.828,media/ZS_F2_1159.mp3,F2-GMS-1151C 00:55.00-00:57.83
1160,2,1151,9,GLOSSIKA-ENZS-F2-GMS-1151C.mp3,60.772,64.028,3.256,media/ZS_F2_1160.mp3,F2-GMS-1151C 01:00.77-01:04.03
1161,2,1151,10,GLOSSIKA-ENZS-F2-GMS-1151C.mp3,66.859,69.337,2.478,media/ZS_F2_1161.mp3,F2-GMS-1151C 01:06.86-01:09.34
1162,2,1151,11,GLOSSIKA-ENZS-F2-GMS-1151C.mp3,72.361,75.613,3.251,media/ZS_F2_1162.mp3,F2-GMS-1151C 01:12.36-01:15.61
1163,2,1151,12,GLOSSIKA-ENZS-F2-GMS-1151C.mp3,78.774,82.247,3.473,media/ZS_F2_1163.mp3,F2-GMS-1151C 01:18.77-01:22.25
1164,2,1151,13,GLOSSIKA-ENZS-F2-GMS-1151C.mp3,85.317,87.086,1.770,media/ZS_F2_1164.mp3,F2-GMS-1151C 01:25.32-01:27.09
1165,2,1151,14,GLOSSIKA-ENZS-F2-GMS-1151C.mp3,90.103,92.413,2.310,media/ZS_F2_1165.mp3,F2-GMS-1151C 01:30.10-01:32.41
1166,2,1151,15,GLOSSIKA-ENZS-F2-GMS-1151C.mp3,95.508,97.194,1.687,media/ZS_F2_1166.mp3,F2-GMS-1151C 01:35.51-01:37.19
1167,2,1151,16,GLOSSIKA-ENZS-F2-GMS-1151C.mp3,100.392,103.071,2.679,media/ZS_F2_1167.mp3,F2-GMS-1151C 01:40.39-01:43.07
1168,2,1151,17,GLOSSIKA-ENZS-F2-GMS-1151C.mp3,105.988,108.246,2.258,media/ZS_F2_1168.mp3,F2-GMS-1151C 01:45.99-01:48.25
1169,2,1151,18,GLOSSIKA-ENZS-F2-GMS-1151C.mp3,111.276,112.749,1.472,media/ZS_F2_1169.mp3,F2-GMS-1151C 01:51.28-01:52.75
1170,2,1151,19,GLOSSIKA-ENZS-F2-GMS-1151C.mp3,115.622,117.310,1.688,media/ZS_F2_1170.mp3,F2-GMS-1151C 01:55.62-01:57.31
1171,2,1151,20,GLOSSIKA-ENZS-F2-GMS-1151C.mp3,120.280,121.575,1.295,media/ZS_F2_1171.mp3,F2-GMS-1151C 02:00.28-02:01.57
1172,2,1151,21,GLOSSIKA-ENZS-F2-GMS-1151C.mp3,124.605,126.591,1.986,media/ZS_F2_1172.mp3,F2-GMS-1151C 02:04.61-02:06.59
1173,2,1151,22,GLOSSIKA-ENZS-F2-GMS-1151C.mp3,129.636,131.381,1.746,media/ZS_F2_1173.mp3,F2-GMS-1151C 02:09.64-02:11.38
1174,2,1151,23,GLOSSIKA-ENZS-F2-GMS-1151C.mp3,134.120,135.858,1.738,media/ZS_F2_1174.mp3,F2-GMS-1151C 02:14.12-02:15.86
1175,2,1151,24,GLOSSIKA-ENZS-F2-GMS-1151C.mp3,138.990,141.030,2.040,media/ZS_F2_1175.mp3,F2-GMS-1151C 02:18.99-02:21.03
1176,2,1151,25,GLOSSIKA-ENZS-F2-GMS-1151C.mp3,144.253,146.780,2.527,media/ZS_F2_1176.mp3,F2-GMS-1151C 02:24.25-02:26.78
1177,2,1151,26,GLOSSIKA-ENZS-F2-GMS-1151C.mp3,149.822,152.484,2.662,media/ZS_F2_1177.mp3,F2-GMS-1151C 02:29.82-02:32.48
1178,2,1151,27,GLOSSIKA-ENZS-F2-GMS-1151C.mp3,155.733,158.218,2.486,media/ZS_F2_1178.mp3,F2-GMS-1151C 02:35.73-02:38.22
1179,2,1151,28,GLOSSIKA-ENZS-F2-GMS-1151C.mp3,161.372,163.837,2.465,media/ZS_F2_1179.mp3,F2-GMS-1151C 02:41.37-02:43.84
1180,2,1151,29,GLOSSIKA-ENZS-F2-GMS-1151C.mp3,167.096,169.376,2.280,media/ZS_F2_1180.mp3,F2-GMS-1151C 02:47.10-02:49.38
1181,2,1151,30,GLOSSIKA-ENZS-F2-GMS-1151C.mp3,172.565,175.005,2.440,media/ZS_F2_1181.mp3,F2-GMS-1151C 02:52.57-02:55.00
1182,2,1151,31,GLOSSIKA-ENZS-F2-GMS-1151C.mp3,177.829,180.217,2.389,media/ZS_F2_1182.mp3,F2-GMS-1151C 02:57.83-03:00.22
1183,2,1151,32,GLOSSIKA-ENZS-F2-GMS-1151C.mp3,183.145,185.663,2.518,media/ZS_F2_1183.mp3,F2-GMS-1151C 03:03.15-03:05.66
1184,2,1151,33,GLOSSIKA-ENZS-F2-GMS-1151C.mp3,188.486,189.547,1.061,media/ZS_F2_1184.mp3,F2-GMS-1151C 03:08.49-03:09.55
1185,2,1151,34,GLOSSIKA-ENZS-F2-GMS-1151C.mp3,192.309,195.641,3.332,media/ZS_F2_1185.mp3,F2-GMS-1151C 03:12.31-03:15.64
1186,2,1151,35,GLOSSIKA-ENZS-F2-GMS-1151C.mp3,198.500,200.915,2.415,media/ZS_F2_1186.mp3,F2-GMS-1151C 03:18.50-03:20.91
1187,2,1151,36,GLOSSIKA-ENZS-F2-GMS-1151C.mp3,203.687,207.478,3.791,media/ZS_F2_1187.mp3,F2-GMS-1151C 03:23.69-03:27.48
1188,2,1151,37,GLOSSIKA-ENZS-F2-GMS-1151C.mp3,210.356,212.656,2.300,media/ZS_F2_1188.mp3,F2-GMS-1151C 03:30.36-03:32.66
1189,2,1151,38,GLOSSIKA-ENZS-F2-GMS-1151C.mp3,215.539,220.047,4.508,media/ZS_F2_1189.mp3,F2-GMS-1151C 03:35.54-03:40.05
1190,2,1151,39,GLOSSIKA-ENZS-F2-GMS-1151C.mp3,222.879,225.390,2.511,media/ZS_F2_1190.mp3,F2-GMS-1151C 03:42.88-03:45.39
1191,2,1151,40,GLOSSIKA-ENZS-F2-GMS-1151C.mp3,228.275,230.750,2.475,media/ZS_F2_1191.mp3,F2-GMS-1151C 03:48.28-03:50.75
1192,2,1151,41,GLOSSIKA-ENZS-F2-GMS-1151C.mp3,233.523,236.185,2.661,media/ZS_F2_1192.mp3,F2-GMS-1151C 03:53.52-03:56.18
1193,2,1151,42,GLOSSIKA-ENZS-F2-GMS-1151C.mp3,239.043,242.470,3.426,media/ZS_F2_1193.mp3,F2-GMS-1151C 03:59.04-04:02.47
1194,2,1151,43,GLOSSIKA-ENZS-F2-GMS-1151C.mp3,245.498,247.419,1.921,media/ZS_F2_1194.mp3,F2-GMS-1151C 04:05.50-04:07.42
1195,2,1151,44,GLOSSIKA-ENZS-F2-GMS-1151C.mp3,250.495,253.964,3.469,media/ZS_F2_1195.mp3,F2-GMS-1151C 04:10.50-04:13.96
1196,2,1151,45,GLOSSIKA-ENZS-F2-GMS-1151C.mp3,257.102,258.431,1.329,media/ZS_F2_1196.mp3,F2-GMS-1151C 04:17.10-04:18.43
1197,2,1151,46,GLOSSIKA-ENZS-F2-GMS-1151C.mp3,261.673,263.428,1.755,media/ZS_F2_1197.mp3,F2-GMS-1151C 04:21.67-04:23.43
1198,2,1151,47,GLOSSIKA-ENZS-F2-GMS-1151C.mp3,266.631,270.905,4.274,media/ZS_F2_1198.mp3,F2-GMS-1151C 04:26.63-04:30.90
1199,2,1151,48,GLOSSIKA-ENZS-F2-GMS-1151C.mp3,274.231,278.341,4.109,media/ZS_F2_1199.mp3,F2-GMS-1151C 04:34.23-04:38.34
1200,2,1151,49,GLOSSIKA-ENZS-F2-GMS-1151C.mp3,281.752,283.804,2.052,media/ZS_F2_1200.mp3,F2-GMS-1151C 04:41.75-04:43.80
1201,2,1201,0,GLOSSIKA-ENZS-F2-GMS-1201C.mp3,6.775,8.358,1.582,media/ZS_F2_1201.mp3,F2-GMS-1201C 00:06.78-00:08.36
1202,2,1201,1,GLOSSIKA-ENZS-F2-GMS-1201C.mp3,11.554,13.768,2.213,media/ZS_F2_1202.mp3,F2-GMS-1201C 00:11.55-00:13.77
1203,2,1201,2,GLOSSIKA-ENZS-F2-GMS-1201C.mp3,16.989,19.069,2.080,media/ZS_F2_1203.mp3,F2-GMS-1201C 00:16.99-00:19.07
1204,2,1201,3,GLOSSIKA-ENZS-F2-GMS-1201C.mp3,22.302,24.270,1.969,media/ZS_F2_1204.mp3,F2-GMS-1201C 00:22.30-00:24.27
1205,2,1201,4,GLOSSIKA-ENZS-F2-GMS-1201C.mp3,27.486,29.097,1.610,media/ZS_F2_1205.mp3,F2-GMS-1201C 00:27.49-00:29.10
1206,2,1201,5,GLOSSIKA-ENZS-F2-GMS-1201C.mp3,32.306,34.947,2.642,media/ZS_F2_1206.mp3,F2-GMS-1201C 00:32.31-00:34.95
1207,2,1201,6,GLOSSIKA-ENZS-F2-GMS-1201C.mp3,38.251,39.922,1.671,media/ZS_F2_1207.mp3,F2-GMS-1201C 00:38.25-00:39.92
1208,2,1201,7,GLOSSIKA-ENZS-F2-GMS-1201C.mp3,43.099,44.812,1.713,media/ZS_F2_1208.mp3,F2-GMS-1201C 00:43.10-00:44.81
1209,2,1201,8,GLOSSIKA-ENZS-F2-GMS-1201C.mp3,48.003,50.356,2.353,media/ZS_F2_1209.mp3,F2-GMS-1201C 00:48.00-00:50.36
1210,2,1201,9,GLOSSIKA-ENZS-F2-GMS-1201C.mp3,53.528,56.040,2.512,media/ZS_F2_1210.mp3,F2-GMS-1201C 00:53.53-00:56.04
1211,2,1201,10,GLOSSIKA-ENZS-F2-GMS-1201C.mp3,59.230,60.998,1.768,media/ZS_F2_1211.mp3,F2-GMS-1201C 00:59.23-01:01.00
1212,2,1201,11,GLOSSIKA-ENZS-F2-GMS-1201C.mp3,64.168,65.905,1.737,media/ZS_F2_1212.mp3,F2-GMS-1201C 01:04.17-01:05.90
1213,2,1201,12,GLOSSIKA-ENZS-F2-GMS-1201C.mp3,69.173,70.968,1.795,media/ZS_F2_1213.mp3,F2-GMS-1201C 01:09.17-01:10.97
1214,2,1201,13,GLOSSIKA-ENZS-F2-GMS-1201C.mp3,74.380,75.565,1.185,media/ZS_F2_1214.mp3,F2-GMS-1201C 01:14.38-01:15.57
1215,2,1201,14,GLOSSIKA-ENZS-F2-GMS-1201C.mp3,78.873,80.626,1.753,media/ZS_F2_1215.mp3,F2-GMS-1201C 01:18.87-01:20.63
1216,2,1201,15,GLOSSIKA-ENZS-F2-GMS-1201C.mp3,83.834,86.366,2.532,media/ZS_F2_1216.mp3,F2-GMS-1201C 01:23.83-01:26.37
1217,2,1201,16,GLOSSIKA-ENZS-F2-GMS-1201C.mp3,89.603,91.279,1.676,media/ZS_F2_1217.mp3,F2-GMS-1201C 01:29.60-01:31.28
1218,2,1201,17,GLOSSIKA-ENZS-F2-GMS-1201C.mp3,94.750,97.117,2.367,media/ZS_F2_1218.mp3,F2-GMS-1201C 01:34.75-01:37.12
1219,2,1201,18,GLOSSIKA-ENZS-F2-GMS-1201C.mp3,100.287,103.117,2.830,media/ZS_F2_1219.mp3,F2-GMS-1201C 01:40.29-01:43.12
1220,2,1201,19,GLOSSIKA-ENZS-F2-GMS-1201C.mp3,107.100,109.544,2.444,media/ZS_F2_1220.mp3,F2-GMS-1201C 01:47.10-01:49.54
1221,2,1201,20,GLOSSIKA-ENZS-F2-GMS-1201C.mp3,112.699,114.466,1.767,media/ZS_F2_1221.mp3,F2-GMS-1201C 01:52.70-01:54.47
1222,2,1201,21,GLOSSIKA-ENZS-F2-GMS-1201C.mp3,117.787,119.566,1.780,media/ZS_F2_1222.mp3,F2-GMS-1201C 01:57.79-01:59.57
1223,2,1201,22,GLOSSIKA-ENZS-F2-GMS-1201C.mp3,122.842,124.578,1.736,media/ZS_F2_1223.mp3,F2-GMS-1201C 02:02.84-02:04.58
1224,2,1201,23,GLOSSIKA-ENZS-F2-GMS-1201C.mp3,127.760,129.444,1.684,media/ZS_F2_1224.mp3,F2-GMS-1201C 02:07.76-02:09.44
1225,2,1201,24,GLOSSIKA-ENZS-F2-GMS-1201C.mp3,132.759,135.697,2.938,media/ZS_F2_1225.mp3,F2-GMS-1201C 02:12.76-02:15.70
1226,2,1201,25,GLOSSIKA-ENZS-F2-GMS-1201C.mp3,138.968,143.252,4.284,media/ZS_F2_1226.mp3,F2-GMS-1201C 02:18.97-02:23.25
1227,2,1201,26,GLOSSIKA-ENZS-F2-GMS-1201C.mp3,146.576,151.580,5.005,media/ZS_F2_1227.mp3,F2-GMS-1201C 02:26.58-02:31.58
1228,2,1201,27,GLOSSIKA-ENZS-F2-GMS-1201C.mp3,154.851,157.459,2.608,media/ZS_F2_1228.mp3,F2-GMS-1201C 02:34.85-02:37.46
1229,2,1201,28,GLOSSIKA-ENZS-F2-GMS-1201C.mp3,160.727,164.385,3.657,media/ZS_F2_1229.mp3,F2-GMS-1201C 02:40.73-02:44.38
1230,2,1201,29,GLOSSIKA-ENZS-F2-GMS-1201C.mp3,167.656,169.534,1.878,media/ZS_F2_1230.mp3,F2-GMS-1201C 02:47.66-02:49.53
1231,2,1201,30,GLOSSIKA-ENZS-F2-GMS-1201C.mp3,172.671,176.299,3.628,media/ZS_F2_1231.mp3,F2-GMS-1201C 02:52.67-02:56.30
1232,2,1201,31,GLOSSIKA-ENZS-F2-GMS-1201C.mp3,179.718,183.137,3.419,media/ZS_F2_1232.mp3,F2-GMS-1201C 02:59.72-03:03.14
1233,2,1201,32,GLOSSIKA-ENZS-F2-GMS-1201C.mp3,186.439,190.541,4.101,media/ZS_F2_1233.mp3,F2-GMS-1201C 03:06.44-03:10.54
1234,2,1201,33,GLOSSIKA-ENZS-F2-GMS-1201C.mp3,193.760,196.589,2.829,media/ZS_F2_1234.mp3,F2-GMS-1201C 03:13.76-03:16.59
1235,2,1201,34,GLOSSIKA-ENZS-F2-GMS-1201C.mp3,199.844,201.458,1.614,media/ZS_F2_1235.mp3,F2-GMS-1201C 03:19.84-03:21.46
1236,2,1201,35,GLOSSIKA-ENZS-F2-GMS-1201C.mp3,204.749,206.346,1.597,media/ZS_F2_1236.mp3,F2-GMS-1201C 03:24.75-03:26.35
1237,2,1201,36,GLOSSIKA-ENZS-F2-GMS-1201C.mp3,209.559,211.310,1.751,media/ZS_F2_1237.mp3,F2-GMS-1201C 03:29.56-03:31.31
1238,2,1201,37,GLOSSIKA-ENZS-F2-GMS-1201C.mp3,214.497,216.427,1.930,media/ZS_F2_1238.mp3,F2-GMS-1201C 03:34.50-03:36.43
1239,2,1201,38,GLOSSIKA-ENZS-F2-GMS-1201C.mp3,219.602,222.354,2.752,media/ZS_F2_1239.mp3,F2-GMS-1201C 03:39.60-03:42.35
1240,2,1201,39,GLOSSIKA-ENZS-F2-GMS-1201C.mp3,225.531,227.615,2.085,media/ZS_F2_1240.mp3,F2-GMS-1201C 03:45.53-03:47.62
1241,2,1201,40,GLOSSIKA-ENZS-F2-GMS-1201C.mp3,230.773,231.980,1.206,media/ZS_F2_1241.mp3,F2-GMS-1201C 03:50.77-03:51.98
1242,2,1201,41,GLOSSIKA-ENZS-F2-GMS-1201C.mp3,235.415,237.887,2.471,media/ZS_F2_1242.mp3,F2-GMS-1201C 03:55.42-03:57.89
1243,2,1201,42,GLOSSIKA-ENZS-F2-GMS-1201C.mp3,241.136,243.012,1.876,media/ZS_F2_1243.mp3,F2-GMS-1201C 04:01.14-04:03.01
1244,2,1201,43,GLOSSIKA-ENZS-F2-GMS-1201C.mp3,246.221,247.674,1.453,media/ZS_F2_1244.mp3,F2-GMS-1201C 04:06.22-04:07.67
1245,2,1201,44,GLOSSIKA-ENZS-F2-GMS-1201C.mp3,250.858,252.488,1.630,media/ZS_F2_1245.mp3,F2-GMS-1201C 04:10.86-04:12.49
1246,2,1201,45,GLOSSIKA-ENZS-F2-GMS-1201C.mp3,255.722,258.145,2.423,media/ZS_F2_1246.mp3,F2-GMS-1201C 04:15.72-04:18.14
1247,2,1201,46,GLOSSIKA-ENZS-F2-GMS-1201C.mp3,261.446,263.554,2.108,media/ZS_F2_1247.mp3,F2-GMS-1201C 04:21.45-04:23.55
1248,2,1201,47,GLOSSIKA-ENZS-F2-GMS-1201C.mp3,266.727,270.199,3.472,media/ZS_F2_1248.mp3,F2-GMS-1201C 04:26.73-04:30.20
1249,2,1201,48,GLOSSIKA-ENZS-F2-GMS-1201C.mp3,273.390,277.587,4.197,media/ZS_F2_1249.mp3,F2-GMS-1201C 04:33.39-04:37.59
1250,2,1201,49,GLOSSIKA-ENZS-F2-GMS-1201C.mp3,280.832,283.086,2.254,media/ZS_F2_1250.mp3,F2-GMS-1201C 04:40.83-04:43.09
1251,2,1251,0,GLOSSIKA-ENZS-F2-GMS-1251C.mp3,6.773,10.298,3.526,media/ZS_F2_1251.mp3,F2-GMS-1251C 00:06.77-00:10.30
1252,2,1251,1,GLOSSIKA-ENZS-F2-GMS-1251C.mp3,13.605,17.640,4.035,media/ZS_F2_1252.mp3,F2-GMS-1251C 00:13.60-00:17.64
1253,2,1251,2,GLOSSIKA-ENZS-F2-GMS-1251C.mp3,20.855,24.508,3.653,media/ZS_F2_1253.mp3,F2-GMS-1251C 00:20.86-00:24.51
1254,2,1251,3,GLOSSIKA-ENZS-F2-GMS-1251C.mp3,27.749,29.859,2.109,media/ZS_F2_1254.mp3,F2-GMS-1251C 00:27.75-00:29.86
1255,2,1251,4,GLOSSIKA-ENZS-F2-GMS-1251C.mp3,33.046,36.758,3.713,media/ZS_F2_1255.mp3,F2-GMS-1251C 00:33.05-00:36.76
1256,2,1251,5,GLOSSIKA-ENZS-F2-GMS-1251C.mp3,39.976,42.677,2.700,media/ZS_F2_1256.mp3,F2-GMS-1251C 00:39.98-00:42.68
1257,2,1251,6,GLOSSIKA-ENZS-F2-GMS-1251C.mp3,45.871,48.198,2.327,media/ZS_F2_1257.mp3,F2-GMS-1251C 00:45.87-00:48.20
1258,2,1251,7,GLOSSIKA-ENZS-F2-GMS-1251C.mp3,51.368,53.744,2.376,media/ZS_F2_1258.mp3,F2-GMS-1251C 00:51.37-00:53.74
1259,2,1251,8,GLOSSIKA-ENZS-F2-GMS-1251C.mp3,56.997,63.065,6.068,media/ZS_F2_1259.mp3,F2-GMS-1251C 00:57.00-01:03.06
1260,2,1251,9,GLOSSIKA-ENZS-F2-GMS-1251C.mp3,66.298,68.469,2.171,media/ZS_F2_1260.mp3,F2-GMS-1251C 01:06.30-01:08.47
1261,2,1251,10,GLOSSIKA-ENZS-F2-GMS-1251C.mp3,71.683,74.960,3.278,media/ZS_F2_1261.mp3,F2-GMS-1251C 01:11.68-01:14.96
1262,2,1251,11,GLOSSIKA-ENZS-F2-GMS-1251C.mp3,78.122,80.062,1.940,media/ZS_F2_1262.mp3,F2-GMS-1251C 01:18.12-01:20.06
1263,2,1251,12,GLOSSIKA-ENZS-F2-GMS-1251C.mp3,83.357,85.069,1.712,media/ZS_F2_1263.mp3,F2-GMS-1251C 01:23.36-01:25.07
1264,2,1251,13,GLOSSIKA-ENZS-F2-GMS-1251C.mp3,88.251,89.564,1.312,media/ZS_F2_1264.mp3,F2-GMS-1251C 01:28.25-01:29.56
1265,2,1251,14,GLOSSIKA-ENZS-F2-GMS-1251C.mp3,92.881,95.582,2.700,media/ZS_F2_1265.mp3,F2-GMS-1251C 01:32.88-01:35.58
1266,2,1251,15,GLOSSIKA-ENZS-F2-GMS-1251C.mp3,98.870,101.292,2.422,media/ZS_F2_1266.mp3,F2-GMS-1251C 01:38.87-01:41.29
1267,2,1251,16,GLOSSIKA-ENZS-F2-GMS-1251C.mp3,104.452,106.576,2.123,media/ZS_F2_1267.mp3,F2-GMS-1251C 01:44.45-01:46.58
1268,2,1251,17,GLOSSIKA-ENZS-F2-GMS-1251C.mp3,109.665,111.555,1.891,media/ZS_F2_1268.mp3,F2-GMS-1251C 01:49.66-01:51.56
1269,2,1251,18,GLOSSIKA-ENZS-F2-GMS-1251C.mp3,114.724,117.909,3.185,media/ZS_F2_1269.mp3,F2-GMS-1251C 01:54.72-01:57.91
1270,2,1251,19,GLOSSIKA-ENZS-F2-GMS-1251C.mp3,121.240,122.395,1.154,media/ZS_F2_1270.mp3,F2-GMS-1251C 02:01.24-02:02.39
1271,2,1251,20,GLOSSIKA-ENZS-F2-GMS-1251C.mp3,125.601,127.252,1.651,media/ZS_F2_1271.mp3,F2-GMS-1251C 02:05.60-02:07.25
1272,2,1251,21,GLOSSIKA-ENZS-F2-GMS-1251C.mp3,130.533,132.218,1.684,media/ZS_F2_1272.mp3,F2-GMS-1251C 02:10.53-02:12.22
1273,2,1251,22,GLOSSIKA-ENZS-F2-GMS-1251C.mp3,135.469,137.318,1.850,media/ZS_F2_1273.mp3,F2-GMS-1251C 02:15.47-02:17.32
1274,2,1251,23,GLOSSIKA-ENZS-F2-GMS-1251C.mp3,139.851,141.332,1.481,media/ZS_F2_1274.mp3,F2-GMS-1251C 02:19.85-02:21.33
1275,2,1251,24,GLOSSIKA-ENZS-F2-GMS-1251C.mp3,144.558,146.387,1.830,media/ZS_F2_1275.mp3,F2-GMS-1251C 02:24.56-02:26.39
1276,2,1251,25,GLOSSIKA-ENZS-F2-GMS-1251C.mp3,149.635,151.804,2.169,media/ZS_F2_1276.mp3,F2-GMS-1251C 02:29.64-02:31.80
1277,2,1251,26,GLOSSIKA-ENZS-F2-GMS-1251C.mp3,154.923,156.875,1.952,media/ZS_F2_1277.mp3,F2-GMS-1251C 02:34.92-02:36.88
1278,2,1251,27,GLOSSIKA-ENZS-F2-GMS-1251C.mp3,160.193,162.040,1.847,media/ZS_F2_1278.mp3,F2-GMS-1251C 02:40.19-02:42.04
1279,2,1251,28,GLOSSIKA-ENZS-F2-GMS-1251C.mp3,165.240,167.075,1.835,media/ZS_F2_1279.mp3,F2-GMS-1251C 02:45.24-02:47.08
1280,2,1251,29,GLOSSIKA-ENZS-F2-GMS-1251C.mp3,170.291,172.202,1.911,media/ZS_F2_1280.mp3,F2-GMS-1251C 02:50.29-02:52.20
1281,2,1251,30,GLOSSIKA-ENZS-F2-GMS-1251C.mp3,175.496,177.631,2.134,media/ZS_F2_1281.mp3,F2-GMS-1251C 02:55.50-02:57.63
1282,2,1251,31,GLOSSIKA-ENZS-F2-GMS-1251C.mp3,180.780,182.729,1.950,media/ZS_F2_1282.mp3,F2-GMS-1251C 03:00.78-03:02.73
1283,2,1251,32,GLOSSIKA-ENZS-F2-GMS-1251C.mp3,185.505,188.834,3.330,media/ZS_F2_1283.mp3,F2-GMS-1251C 03:05.50-03:08.83
1284,2,1251,33,GLOSSIKA-ENZS-F2-GMS-1251C.mp3,192.087,195.813,3.726,media/ZS_F2_1284.mp3,F2-GMS-1251C 03:12.09-03:15.81
1285,2,1251,34,GLOSSIKA-ENZS-F2-GMS-1251C.mp3,199.114,201.239,2.126,media/ZS_F2_1285.mp3,F2-GMS-1251C 03:19.11-03:21.24
1286,2,1251,35,GLOSSIKA-ENZS-F2-GMS-1251C.mp3,204.482,206.316,1.834,media/ZS_F2_1286.mp3,F2-GMS-1251C 03:24.48-03:26.32
1287,2,1251,36,GLOSSIKA-ENZS-F2-GMS-1251C.mp3,209.474,212.438,2.963,media/ZS_F2_1287.mp3,F2-GMS-1251C 03:29.47-03:32.44
1288,2,1251,37,GLOSSIKA-ENZS-F2-GMS-1251C.mp3,215.691,219.651,3.960,media/ZS_F2_1288.mp3,F2-GMS-1251C 03:35.69-03:39.65
1289,2,1251,38,GLOSSIKA-ENZS-F2-GMS-1251C.mp3,222.916,226.540,3.624,media/ZS_F2_1289.mp3,F2-GMS-1251C 03:42.92-03:46.54
1290,2,1251,39,GLOSSIKA-ENZS-F2-GMS-1251C.mp3,229.881,231.761,1.880,media/ZS_F2_1290.mp3,F2-GMS-1251C 03:49.88-03:51.76
1291,2,1251,40,GLOSSIKA-ENZS-F2-GMS-1251C.mp3,235.033,237.323,2.290,media/ZS_F2_1291.mp3,F2-GMS-1251C 03:55.03-03:57.32
1292,2,1251,41,GLOSSIKA-ENZS-F2-GMS-1251C.mp3,240.543,242.367,1.824,media/ZS_F2_1292.mp3,F2-GMS-1251C 04:00.54-04:02.37
1293,2,1251,42,GLOSSIKA-ENZS-F2-GMS-1251C.mp3,245.556,248.480,2.924,media/ZS_F2_1293.mp3,F2-GMS-1251C 04:05.56-04:08.48
1294,2,1251,43,GLOSSIKA-ENZS-F2-GMS-1251C.mp3,251.761,254.016,2.255,media/ZS_F2_1294.mp3,F2-GMS-1251C 04:11.76-04:14.02
1295,2,1251,44,GLOSSIKA-ENZS-F2-GMS-1251C.mp3,257.269,258.621,1.353,media/ZS_F2_1295.mp3,F2-GMS-1251C 04:17.27-04:18.62
1296,2,1251,45,GLOSSIKA-ENZS-F2-GMS-1251C.mp3,259.196,260.912,1.715,media/ZS_F2_1296.mp3,F2-GMS-1251C 04:19.20-04:20.91
1297,2,1251,46,GLOSSIKA-ENZS-F2-GMS-1251C.mp3,264.157,267.535,3.378,media/ZS_F2_1297.mp3,F2-GMS-1251C 04:24.16-04:27.54
1298,2,1251,47,GLOSSIKA-ENZS-F2-GMS-1251C.mp3,270.728,273.569,2.841,media/ZS_F2_1298.mp3,F2-GMS-1251C 04:30.73-04:33.57
1299,2,1251,48,GLOSSIKA-ENZS-F2-GMS-1251C.mp3,276.950,280.347,3.397,media/ZS_F2_1299.mp3,F2-GMS-1251C 04:36.95-04:40.35
1300,2,1251,49,GLOSSIKA-ENZS-F2-GMS-1251C.mp3,283.675,286.611,2.936,media/ZS_F2_1300.mp3,F2-GMS-1251C 04:43.67-04:46.61
1301,2,1301,0,GLOSSIKA-ENZS-F2-GMS-1301C.mp3,6.776,9.261,2.485,media/ZS_F2_1301.mp3,F2-GMS-1301C 00:06.78-00:09.26
1302,2,1301,1,GLOSSIKA-ENZS-F2-GMS-1301C.mp3,12.578,16.041,3.464,media/ZS_F2_1302.mp3,F2-GMS-1301C 00:12.58-00:16.04
1303,2,1301,2,GLOSSIKA-ENZS-F2-GMS-1301C.mp3,19.472,24.773,5.301,media/ZS_F2_1303.mp3,F2-GMS-1301C 00:19.47-00:24.77
1304,2,1301,3,GLOSSIKA-ENZS-F2-GMS-1301C.mp3,28.009,29.465,1.456,media/ZS_F2_1304.mp3,F2-GMS-1301C 00:28.01-00:29.47
1305,2,1301,4,GLOSSIKA-ENZS-F2-GMS-1301C.mp3,32.639,34.695,2.056,media/ZS_F2_1305.mp3,F2-GMS-1301C 00:32.64-00:34.69
1306,2,1301,5,GLOSSIKA-ENZS-F2-GMS-1301C.mp3,37.915,40.568,2.652,media/ZS_F2_1306.mp3,F2-GMS-1301C 00:37.92-00:40.57
1307,2,1301,6,GLOSSIKA-ENZS-F2-GMS-1301C.mp3,43.718,45.255,1.537,media/ZS_F2_1307.mp3,F2-GMS-1301C 00:43.72-00:45.26
1308,2,1301,7,GLOSSIKA-ENZS-F2-GMS-1301C.mp3,48.454,50.702,2.248,media/ZS_F2_1308.mp3,F2-GMS-1301C 00:48.45-00:50.70
1309,2,1301,8,GLOSSIKA-ENZS-F2-GMS-1301C.mp3,53.971,56.467,2.496,media/ZS_F2_1309.mp3,F2-GMS-1301C 00:53.97-00:56.47
1310,2,1301,9,GLOSSIKA-ENZS-F2-GMS-1301C.mp3,59.631,61.938,2.307,media/ZS_F2_1310.mp3,F2-GMS-1301C 00:59.63-01:01.94
1311,2,1301,10,GLOSSIKA-ENZS-F2-GMS-1301C.mp3,65.261,66.493,1.232,media/ZS_F2_1311.mp3,F2-GMS-1301C 01:05.26-01:06.49
1312,2,1301,11,GLOSSIKA-ENZS-F2-GMS-1301C.mp3,69.731,73.108,3.378,media/ZS_F2_1312.mp3,F2-GMS-1301C 01:09.73-01:13.11
1313,2,1301,12,GLOSSIKA-ENZS-F2-GMS-1301C.mp3,76.243,77.866,1.623,media/ZS_F2_1313.mp3,F2-GMS-1301C 01:16.24-01:17.87
1314,2,1301,13,GLOSSIKA-ENZS-F2-GMS-1301C.mp3,81.018,83.800,2.782,media/ZS_F2_1314.mp3,F2-GMS-1301C 01:21.02-01:23.80
1315,2,1301,14,GLOSSIKA-ENZS-F2-GMS-1301C.mp3,86.982,88.254,1.273,media/ZS_F2_1315.mp3,F2-GMS-1301C 01:26.98-01:28.25
1316,2,1301,15,GLOSSIKA-ENZS-F2-GMS-1301C.mp3,91.402,93.688,2.286,media/ZS_F2_1316.mp3,F2-GMS-1301C 01:31.40-01:33.69
1317,2,1301,16,GLOSSIKA-ENZS-F2-GMS-1301C.mp3,96.927,98.234,1.306,media/ZS_F2_1317.mp3,F2-GMS-1301C 01:36.93-01:38.23
1318,2,1301,17,GLOSSIKA-ENZS-F2-GMS-1301C.mp3,101.372,102.845,1.474,media/ZS_F2_1318.mp3,F2-GMS-1301C 01:41.37-01:42.85
1319,2,1301,18,GLOSSIKA-ENZS-F2-GMS-1301C.mp3,106.019,108.792,2.773,media/ZS_F2_1319.mp3,F2-GMS-1301C 01:46.02-01:48.79
1320,2,1301,19,GLOSSIKA-ENZS-F2-GMS-1301C.mp3,111.973,113.486,1.514,media/ZS_F2_1320.mp3,F2-GMS-1301C 01:51.97-01:53.49
1321,2,1301,20,GLOSSIKA-ENZS-F2-GMS-1301C.mp3,116.635,120.078,3.443,media/ZS_F2_1321.mp3,F2-GMS-1301C 01:56.64-02:00.08
1322,2,1301,21,GLOSSIKA-ENZS-F2-GMS-1301C.mp3,123.335,126.635,3.300,media/ZS_F2_1322.mp3,F2-GMS-1301C 02:03.33-02:06.63
1323,2,1301,22,GLOSSIKA-ENZS-F2-GMS-1301C.mp3,129.894,133.733,3.839,media/ZS_F2_1323.mp3,F2-GMS-1301C 02:09.89-02:13.73
1324,2,1301,23,GLOSSIKA-ENZS-F2-GMS-1301C.mp3,137.140,141.603,4.463,media/ZS_F2_1324.mp3,F2-GMS-1301C 02:17.14-02:21.60
1325,2,1301,24,GLOSSIKA-ENZS-F2-GMS-1301C.mp3,144.801,147.747,2.946,media/ZS_F2_1325.mp3,F2-GMS-1301C 02:24.80-02:27.75
1326,2,1301,25,GLOSSIKA-ENZS-F2-GMS-1301C.mp3,150.973,153.505,2.532,media/ZS_F2_1326.mp3,F2-GMS-1301C 02:30.97-02:33.51
1327,2,1301,26,GLOSSIKA-ENZS-F2-GMS-1301C.mp3,156.694,158.965,2.270,media/ZS_F2_1327.mp3,F2-GMS-1301C 02:36.69-02:38.96
1328,2,1301,27,GLOSSIKA-ENZS-F2-GMS-1301C.mp3,162.118,164.496,2.378,media/ZS_F2_1328.mp3,F2-GMS-1301C 02:42.12-02:44.50
1329,2,1301,28,GLOSSIKA-ENZS-F2-GMS-1301C.mp3,167.787,170.727,2.940,media/ZS_F2_1329.mp3,F2-GMS-1301C 02:47.79-02:50.73
1330,2,1301,29,GLOSSIKA-ENZS-F2-GMS-1301C.mp3,173.948,176.317,2.368,media/ZS_F2_1330.mp3,F2-GMS-1301C 02:53.95-02:56.32
1331,2,1301,30,GLOSSIKA-ENZS-F2-GMS-1301C.mp3,179.514,181.998,2.485,media/ZS_F2_1331.mp3,F2-GMS-1301C 02:59.51-03:02.00
1332,2,1301,31,GLOSSIKA-ENZS-F2-GMS-1301C.mp3,185.313,187.852,2.539,media/ZS_F2_1332.mp3,F2-GMS-1301C 03:05.31-03:07.85
1333,2,1301,32,GLOSSIKA-ENZS-F2-GMS-1301C.mp3,191.151,194.370,3.219,media/ZS_F2_1333.mp3,F2-GMS-1301C 03:11.15-03:14.37
1334,2,1301,33,GLOSSIKA-ENZS-F2-GMS-1301C.mp3,197.552,199.996,2.444,media/ZS_F2_1334.mp3,F2-GMS-1301C 03:17.55-03:20.00
1335,2,1301,34,GLOSSIKA-ENZS-F2-GMS-1301C.mp3,203.403,206.672,3.269,media/ZS_F2_1335.mp3,F2-GMS-1301C 03:23.40-03:26.67
1336,2,1301,35,GLOSSIKA-ENZS-F2-GMS-1301C.mp3,209.936,213.830,3.894,media/ZS_F2_1336.mp3,F2-GMS-1301C 03:29.94-03:33.83
1337,2,1301,36,GLOSSIKA-ENZS-F2-GMS-1301C.mp3,217.082,218.861,1.779,media/ZS_F2_1337.mp3,F2-GMS-1301C 03:37.08-03:38.86
1338,2,1301,37,GLOSSIKA-ENZS-F2-GMS-1301C.mp3,222.383,224.545,2.162,media/ZS_F2_1338.mp3,F2-GMS-1301C 03:42.38-03:44.54
1339,2,1301,38,GLOSSIKA-ENZS-F2-GMS-1301C.mp3,227.739,231.026,3.287,media/ZS_F2_1339.mp3,F2-GMS-1301C 03:47.74-03:51.03
1340,2,1301,39,GLOSSIKA-ENZS-F2-GMS-1301C.mp3,234.293,236.671,2.378,media/ZS_F2_1340.mp3,F2-GMS-1301C 03:54.29-03:56.67
1341,2,1301,40,GLOSSIKA-ENZS-F2-GMS-1301C.mp3,239.823,242.408,2.585,media/ZS_F2_1341.mp3,F2-GMS-1301C 03:59.82-04:02.41
1342,2,1301,41,GLOSSIKA-ENZS-F2-GMS-1301C.mp3,245.598,248.464,2.865,media/ZS_F2_1342.mp3,F2-GMS-1301C 04:05.60-04:08.46
1343,2,1301,42,GLOSSIKA-ENZS-F2-GMS-1301C.mp3,251.687,255.359,3.672,media/ZS_F2_1343.mp3,F2-GMS-1301C 04:11.69-04:15.36
1344,2,1301,43,GLOSSIKA-ENZS-F2-GMS-1301C.mp3,258.556,262.264,3.708,media/ZS_F2_1344.mp3,F2-GMS-1301C 04:18.56-04:22.26
1345,2,1301,44,GLOSSIKA-ENZS-F2-GMS-1301C.mp3,265.555,267.160,1.605,media/ZS_F2_1345.mp3,F2-GMS-1301C 04:25.55-04:27.16
1346,2,1301,45,GLOSSIKA-ENZS-F2-GMS-1301C.mp3,270.459,274.069,3.610,media/ZS_F2_1346.mp3,F2-GMS-1301C 04:30.46-04:34.07
1347,2,1301,46,GLOSSIKA-ENZS-F2-GMS-1301C.mp3,277.297,281.618,4.321,media/ZS_F2_1347.mp3,F2-GMS-1301C 04:37.30-04:41.62
1348,2,1301,47,GLOSSIKA-ENZS-F2-GMS-1301C.mp3,284.808,287.186,2.378,media/ZS_F2_1348.mp3,F2-GMS-1301C 04:44.81-04:47.19
1349,2,1301,48,GLOSSIKA-ENZS-F2-GMS-1301C.mp3,290.406,292.562,2.156,media/ZS_F2_1349.mp3,F2-GMS-1301C 04:50.41-04:52.56
1350,2,1301,49,GLOSSIKA-ENZS-F2-GMS-1301C.mp3,295.808,298.588,2.780,media/ZS_F2_1350.mp3,F2-GMS-1301C 04:55.81-04:58.59
1351,2,1351,0,GLOSSIKA-ENZS-F2-GMS-1351C.mp3,0.000,3.279,3.279,media/ZS_F2_1351.mp3,F2-GMS-1351C 00:00.00-00:03.28
1352,2,1351,1,GLOSSIKA-ENZS-F2-GMS-1351C.mp3,3.730,4.601,0.871,media/ZS_F2_1352.mp3,F2-GMS-1351C 00:03.73-00:04.60
1353,2,1351,2,GLOSSIKA-ENZS-F2-GMS-1351C.mp3,6.776,10.222,3.446,media/ZS_F2_1353.mp3,F2-GMS-1351C 00:06.78-00:10.22
1354,2,1351,3,GLOSSIKA-ENZS-F2-GMS-1351C.mp3,13.446,15.858,2.412,media/ZS_F2_1354.mp3,F2-GMS-1351C 00:13.45-00:15.86
1355,2,1351,4,GLOSSIKA-ENZS-F2-GMS-1351C.mp3,19.038,21.417,2.379,media/ZS_F2_1355.mp3,F2-GMS-1351C 00:19.04-00:21.42
1356,2,1351,5,GLOSSIKA-ENZS-F2-GMS-1351C.mp3,24.802,26.700,1.898,media/ZS_F2_1356.mp3,F2-GMS-1351C 00:24.80-00:26.70
1357,2,1351,6,GLOSSIKA-ENZS-F2-GMS-1351C.mp3,29.902,31.901,1.998,media/ZS_F2_1357.mp3,F2-GMS-1351C 00:29.90-00:31.90
1358,2,1351,7,GLOSSIKA-ENZS-F2-GMS-1351C.mp3,35.049,36.958,1.909,media/ZS_F2_1358.mp3,F2-GMS-1351C 00:35.05-00:36.96
1359,2,1351,8,GLOSSIKA-ENZS-F2-GMS-1351C.mp3,40.108,42.021,1.914,media/ZS_F2_1359.mp3,F2-GMS-1351C 00:40.11-00:42.02
1360,2,1351,9,GLOSSIKA-ENZS-F2-GMS-1351C.mp3,45.231,46.676,1.445,media/ZS_F2_1360.mp3,F2-GMS-1351C 00:45.23-00:46.68
1361,2,1351,10,GLOSSIKA-ENZS-F2-GMS-1351C.mp3,49.854,52.219,2.364,media/ZS_F2_1361.mp3,F2-GMS-1351C 00:49.85-00:52.22
1362,2,1351,11,GLOSSIKA-ENZS-F2-GMS-1351C.mp3,55.476,57.056,1.580,media/ZS_F2_1362.mp3,F2-GMS-1351C 00:55.48-00:57.06
1363,2,1351,12,GLOSSIKA-ENZS-F2-GMS-1351C.mp3,57.700,59.186,1.486,media/ZS_F2_1363.mp3,F2-GMS-1351C 00:57.70-00:59.19
1364,2,1351,13,GLOSSIKA-ENZS-F2-GMS-1351C.mp3,62.751,66.344,3.593,media/ZS_F2_1364.mp3,F2-GMS-1351C 01:02.75-01:06.34
1365,2,1351,14,GLOSSIKA-ENZS-F2-GMS-1351C.mp3,69.721,73.764,4.043,media/ZS_F2_1365.mp3,F2-GMS-1351C 01:09.72-01:13.76
1366,2,1351,15,GLOSSIKA-ENZS-F2-GMS-1351C.mp3,77.095,80.901,3.806,media/ZS_F2_1366.mp3,F2-GMS-1351C 01:17.09-01:20.90
1367,2,1351,16,GLOSSIKA-ENZS-F2-GMS-1351C.mp3,84.113,88.553,4.439,media/ZS_F2_1367.mp3,F2-GMS-1351C 01:24.11-01:28.55
1368,2,1351,17,GLOSSIKA-ENZS-F2-GMS-1351C.mp3,91.821,96.511,4.690,media/ZS_F2_1368.mp3,F2-GMS-1351C 01:31.82-01:36.51
1369,2,1351,18,GLOSSIKA-ENZS-F2-GMS-1351C.mp3,99.687,101.660,1.973,media/ZS_F2_1369.mp3,F2-GMS-1351C 01:39.69-01:41.66
1370,2,1351,19,GLOSSIKA-ENZS-F2-GMS-1351C.mp3,102.162,104.030,1.868,media/ZS_F2_1370.mp3,F2-GMS-1351C 01:42.16-01:44.03
1371,2,1351,20,GLOSSIKA-ENZS-F2-GMS-1351C.mp3,107.379,111.518,4.139,media/ZS_F2_1371.mp3,F2-GMS-1351C 01:47.38-01:51.52
1372,2,1351,21,GLOSSIKA-ENZS-F2-GMS-1351C.mp3,114.728,118.852,4.124,media/ZS_F2_1372.mp3,F2-GMS-1351C 01:54.73-01:58.85
1373,2,1351,22,GLOSSIKA-ENZS-F2-GMS-1351C.mp3,122.036,126.543,4.506,media/ZS_F2_1373.mp3,F2-GMS-1351C 02:02.04-02:06.54
1374,2,1351,23,GLOSSIKA-ENZS-F2-GMS-1351C.mp3,129.735,133.661,3.926,media/ZS_F2_1374.mp3,F2-GMS-1351C 02:09.74-02:13.66
1375,2,1351,24,GLOSSIKA-ENZS-F2-GMS-1351C.mp3,136.864,140.714,3.850,media/ZS_F2_1375.mp3,F2-GMS-1351C 02:16.86-02:20.71
1376,2,1351,25,GLOSSIKA-ENZS-F2-GMS-1351C.mp3,143.883,147.195,3.312,media/ZS_F2_1376.mp3,F2-GMS-1351C 02:23.88-02:27.20
1377,2,1351,26,GLOSSIKA-ENZS-F2-GMS-1351C.mp3,147.686,150.131,2.446,media/ZS_F2_1377.mp3,F2-GMS-1351C 02:27.69-02:30.13
1378,2,1351,27,GLOSSIKA-ENZS-F2-GMS-1351C.mp3,153.367,155.326,1.959,media/ZS_F2_1378.mp3,F2-GMS-1351C 02:33.37-02:35.33
1379,2,1351,28,GLOSSIKA-ENZS-F2-GMS-1351C.mp3,158.618,160.557,1.939,media/ZS_F2_1379.mp3,F2-GMS-1351C 02:38.62-02:40.56
1380,2,1351,29,GLOSSIKA-ENZS-F2-GMS-1351C.mp3,163.827,165.281,1.455,media/ZS_F2_1380.mp3,F2-GMS-1351C 02:43.83-02:45.28
1381,2,1351,30,GLOSSIKA-ENZS-F2-GMS-1351C.mp3,168.439,169.913,1.474,media/ZS_F2_1381.mp3,F2-GMS-1351C 02:48.44-02:49.91
1382,2,1351,31,GLOSSIKA-ENZS-F2-GMS-1351C.mp3,173.198,174.855,1.657,media/ZS_F2_1382.mp3,F2-GMS-1351C 02:53.20-02:54.86
1383,2,1351,32,GLOSSIKA-ENZS-F2-GMS-1351C.mp3,178.331,179.836,1.505,media/ZS_F2_1383.mp3,F2-GMS-1351C 02:58.33-02:59.84
1384,2,1351,33,GLOSSIKA-ENZS-F2-GMS-1351C.mp3,183.046,184.623,1.577,media/ZS_F2_1384.mp3,F2-GMS-1351C 03:03.05-03:04.62
1385,2,1351,34,GLOSSIKA-ENZS-F2-GMS-1351C.mp3,187.927,190.345,2.418,media/ZS_F2_1385.mp3,F2-GMS-1351C 03:07.93-03:10.35
1386,2,1351,35,GLOSSIKA-ENZS-F2-GMS-1351C.mp3,193.612,196.493,2.881,media/ZS_F2_1386.mp3,F2-GMS-1351C 03:13.61-03:16.49
1387,2,1351,36,GLOSSIKA-ENZS-F2-GMS-1351C.mp3,199.786,204.068,4.282,media/ZS_F2_1387.mp3,F2-GMS-1351C 03:19.79-03:24.07
1388,2,1351,37,GLOSSIKA-ENZS-F2-GMS-1351C.mp3,207.221,210.246,3.026,media/ZS_F2_1388.mp3,F2-GMS-1351C 03:27.22-03:30.25
1389,2,1351,38,GLOSSIKA-ENZS-F2-GMS-1351C.mp3,213.372,217.558,4.186,media/ZS_F2_1389.mp3,F2-GMS-1351C 03:33.37-03:37.56
1390,2,1351,39,GLOSSIKA-ENZS-F2-GMS-1351C.mp3,220.932,224.967,4.035,media/ZS_F2_1390.mp3,F2-GMS-1351C 03:40.93-03:44.97
1391,2,1351,40,GLOSSIKA-ENZS-F2-GMS-1351C.mp3,228.161,230.408,2.247,media/ZS_F2_1391.mp3,F2-GMS-1351C 03:48.16-03:50.41
1392,2,1351,41,GLOSSIKA-ENZS-F2-GMS-1351C.mp3,233.683,238.527,4.844,media/ZS_F2_1392.mp3,F2-GMS-1351C 03:53.68-03:58.53
1393,2,1351,42,GLOSSIKA-ENZS-F2-GMS-1351C.mp3,241.686,244.227,2.541,media/ZS_F2_1393.mp3,F2-GMS-1351C 04:01.69-04:04.23
1394,2,1351,43,GLOSSIKA-ENZS-F2-GMS-1351C.mp3,247.604,252.215,4.611,media/ZS_F2_1394.mp3,F2-GMS-1351C 04:07.60-04:12.22
1395,2,1351,44,GLOSSIKA-ENZS-F2-GMS-1351C.mp3,255.600,257.212,1.612,media/ZS_F2_1395.mp3,F2-GMS-1351C 04:15.60-04:17.21
1396,2,1351,45,GLOSSIKA-ENZS-F2-GMS-1351C.mp3,257.777,259.845,2.067,media/ZS_F2_1396.mp3,F2-GMS-1351C 04:17.78-04:19.84
1397,2,1351,46,GLOSSIKA-ENZS-F2-GMS-1351C.mp3,263.057,266.646,3.589,media/ZS_F2_1397.mp3,F2-GMS-1351C 04:23.06-04:26.65
1398,2,1351,47,GLOSSIKA-ENZS-F2-GMS-1351C.mp3,269.906,274.691,4.784,media/ZS_F2_1398.mp3,F2-GMS-1351C 04:29.91-04:34.69
1399,2,1351,48,GLOSSIKA-ENZS-F2-GMS-1351C.mp3,277.911,280.939,3.029,media/ZS_F2_1399.mp3,F2-GMS-1351C 04:37.91-04:40.94
1400,2,1351,49,GLOSSIKA-ENZS-F2-GMS-1351C.mp3,284.133,288.756,4.623,media/ZS_F2_1400.mp3,F2-GMS-1351C 04:44.13-04:48.76
1401,2,1401,0,GLOSSIKA-ENZS-F2-GMS-1401C.mp3,6.778,8.147,1.369,media/ZS_F2_1401.mp3,F2-GMS-1401C 00:06.78-00:08.15
1402,2,1401,1,GLOSSIKA-ENZS-F2-GMS-1401C.mp3,11.368,14.748,3.380,media/ZS_F2_1402.mp3,F2-GMS-1401C 00:11.37-00:14.75
1403,2,1401,2,GLOSSIKA-ENZS-F2-GMS-1401C.mp3,18.079,21.889,3.810,media/ZS_F2_1403.mp3,F2-GMS-1401C 00:18.08-00:21.89
1404,2,1401,3,GLOSSIKA-ENZS-F2-GMS-1401C.mp3,25.102,27.301,2.199,media/ZS_F2_1404.mp3,F2-GMS-1401C 00:25.10-00:27.30
1405,2,1401,4,GLOSSIKA-ENZS-F2-GMS-1401C.mp3,30.417,33.168,2.751,media/ZS_F2_1405.mp3,F2-GMS-1401C 00:30.42-00:33.17
1406,2,1401,5,GLOSSIKA-ENZS-F2-GMS-1401C.mp3,36.377,40.462,4.085,media/ZS_F2_1406.mp3,F2-GMS-1401C 00:36.38-00:40.46
1407,2,1401,6,GLOSSIKA-ENZS-F2-GMS-1401C.mp3,43.687,45.603,1.916,media/ZS_F2_1407.mp3,F2-GMS-1401C 00:43.69-00:45.60
1408,2,1401,7,GLOSSIKA-ENZS-F2-GMS-1401C.mp3,48.724,51.397,2.672,media/ZS_F2_1408.mp3,F2-GMS-1401C 00:48.72-00:51.40
1409,2,1401,8,GLOSSIKA-ENZS-F2-GMS-1401C.mp3,54.468,57.532,3.064,media/ZS_F2_1409.mp3,F2-GMS-1401C 00:54.47-00:57.53
1410,2,1401,9,GLOSSIKA-ENZS-F2-GMS-1401C.mp3,60.782,63.894,3.112,media/ZS_F2_1410.mp3,F2-GMS-1401C 01:00.78-01:03.89
1411,2,1401,10,GLOSSIKA-ENZS-F2-GMS-1401C.mp3,67.037,70.886,3.848,media/ZS_F2_1411.mp3,F2-GMS-1401C 01:07.04-01:10.89
1412,2,1401,11,GLOSSIKA-ENZS-F2-GMS-1401C.mp3,74.114,77.519,3.406,media/ZS_F2_1412.mp3,F2-GMS-1401C 01:14.11-01:17.52
1413,2,1401,12,GLOSSIKA-ENZS-F2-GMS-1401C.mp3,80.682,83.814,3.132,media/ZS_F2_1413.mp3,F2-GMS-1401C 01:20.68-01:23.81
1414,2,1401,13,GLOSSIKA-ENZS-F2-GMS-1401C.mp3,86.884,90.774,3.890,media/ZS_F2_1414.mp3,F2-GMS-1401C 01:26.88-01:30.77
1415,2,1401,14,GLOSSIKA-ENZS-F2-GMS-1401C.mp3,93.885,97.606,3.721,media/ZS_F2_1415.mp3,F2-GMS-1401C 01:33.89-01:37.61
1416,2,1401,15,GLOSSIKA-ENZS-F2-GMS-1401C.mp3,100.671,103.985,3.315,media/ZS_F2_1416.mp3,F2-GMS-1401C 01:40.67-01:43.99
1417,2,1401,16,GLOSSIKA-ENZS-F2-GMS-1401C.mp3,107.060,110.680,3.620,media/ZS_F2_1417.mp3,F2-GMS-1401C 01:47.06-01:50.68
1418,2,1401,17,GLOSSIKA-ENZS-F2-GMS-1401C.mp3,113.789,116.816,3.027,media/ZS_F2_1418.mp3,F2-GMS-1401C 01:53.79-01:56.82
1419,2,1401,18,GLOSSIKA-ENZS-F2-GMS-1401C.mp3,119.941,123.910,3.969,media/ZS_F2_1419.mp3,F2-GMS-1401C 01:59.94-02:03.91
1420,2,1401,19,GLOSSIKA-ENZS-F2-GMS-1401C.mp3,127.013,130.293,3.280,media/ZS_F2_1420.mp3,F2-GMS-1401C 02:07.01-02:10.29
1421,2,1401,20,GLOSSIKA-ENZS-F2-GMS-1401C.mp3,133.362,136.459,3.097,media/ZS_F2_1421.mp3,F2-GMS-1401C 02:13.36-02:16.46
1422,2,1401,21,GLOSSIKA-ENZS-F2-GMS-1401C.mp3,139.541,142.518,2.977,media/ZS_F2_1422.mp3,F2-GMS-1401C 02:19.54-02:22.52
1423,2,1401,22,GLOSSIKA-ENZS-F2-GMS-1401C.mp3,145.590,148.817,3.227,media/ZS_F2_1423.mp3,F2-GMS-1401C 02:25.59-02:28.82
1424,2,1401,23,GLOSSIKA-ENZS-F2-GMS-1401C.mp3,151.882,155.255,3.373,media/ZS_F2_1424.mp3,F2-GMS-1401C 02:31.88-02:35.25
1425,2,1401,24,GLOSSIKA-ENZS-F2-GMS-1401C.mp3,158.324,160.827,2.503,media/ZS_F2_1425.mp3,F2-GMS-1401C 02:38.32-02:40.83
1426,2,1401,25,GLOSSIKA-ENZS-F2-GMS-1401C.mp3,164.013,166.002,1.989,media/ZS_F2_1426.mp3,F2-GMS-1401C 02:44.01-02:46.00
1427,2,1401,26,GLOSSIKA-ENZS-F2-GMS-1401C.mp3,169.099,173.082,3.984,media/ZS_F2_1427.mp3,F2-GMS-1401C 02:49.10-02:53.08
1428,2,1401,27,GLOSSIKA-ENZS-F2-GMS-1401C.mp3,176.173,179.483,3.310,media/ZS_F2_1428.mp3,F2-GMS-1401C 02:56.17-02:59.48
1429,2,1401,28,GLOSSIKA-ENZS-F2-GMS-1401C.mp3,182.762,186.269,3.507,media/ZS_F2_1429.mp3,F2-GMS-1401C 03:02.76-03:06.27
1430,2,1401,29,GLOSSIKA-ENZS-F2-GMS-1401C.mp3,189.584,193.602,4.017,media/ZS_F2_1430.mp3,F2-GMS-1401C 03:09.58-03:13.60
1431,2,1401,30,GLOSSIKA-ENZS-F2-GMS-1401C.mp3,196.771,199.806,3.036,media/ZS_F2_1431.mp3,F2-GMS-1401C 03:16.77-03:19.81
1432,2,1401,31,GLOSSIKA-ENZS-F2-GMS-1401C.mp3,202.969,207.291,4.323,media/ZS_F2_1432.mp3,F2-GMS-1401C 03:22.97-03:27.29
1433,2,1401,32,GLOSSIKA-ENZS-F2-GMS-1401C.mp3,210.430,214.990,4.560,media/ZS_F2_1433.mp3,F2-GMS-1401C 03:30.43-03:34.99
1434,2,1401,33,GLOSSIKA-ENZS-F2-GMS-1401C.mp3,218.149,222.455,4.306,media/ZS_F2_1434.mp3,F2-GMS-1401C 03:38.15-03:42.45
1435,2,1401,34,GLOSSIKA-ENZS-F2-GMS-1401C.mp3,225.565,230.648,5.083,media/ZS_F2_1435.mp3,F2-GMS-1401C 03:45.56-03:50.65
1436,2,1401,35,GLOSSIKA-ENZS-F2-GMS-1401C.mp3,233.778,236.886,3.107,media/ZS_F2_1436.mp3,F2-GMS-1401C 03:53.78-03:56.89
1437,2,1401,36,GLOSSIKA-ENZS-F2-GMS-1401C.mp3,240.012,242.774,2.762,media/ZS_F2_1437.mp3,F2-GMS-1401C 04:00.01-04:02.77
1438,2,1401,37,GLOSSIKA-ENZS-F2-GMS-1401C.mp3,245.836,249.840,4.003,media/ZS_F2_1438.mp3,F2-GMS-1401C 04:05.84-04:09.84
1439,2,1401,38,GLOSSIKA-ENZS-F2-GMS-1401C.mp3,252.944,257.076,4.132,media/ZS_F2_1439.mp3,F2-GMS-1401C 04:12.94-04:17.08
1440,2,1401,39,GLOSSIKA-ENZS-F2-GMS-1401C.mp3,260.253,264.234,3.981,media/ZS_F2_1440.mp3,F2-GMS-1401C 04:20.25-04:24.23
1441,2,1401,40,GLOSSIKA-ENZS-F2-GMS-1401C.mp3,267.435,271.145,3.709,media/ZS_F2_1441.mp3,F2-GMS-1401C 04:27.44-04:31.14
1442,2,1401,41,GLOSSIKA-ENZS-F2-GMS-1401C.mp3,274.305,278.054,3.750,media/ZS_F2_1442.mp3,F2-GMS-1401C 04:34.30-04:38.05
1443,2,1401,42,GLOSSIKA-ENZS-F2-GMS-1401C.mp3,281.221,284.714,3.493,media/ZS_F2_1443.mp3,F2-GMS-1401C 04:41.22-04:44.71
1444,2,1401,43,GLOSSIKA-ENZS-F2-GMS-1401C.mp3,287.811,290.703,2.892,media/ZS_F2_1444.mp3,F2-GMS-1401C 04:47.81-04:50.70
1445,2,1401,44,GLOSSIKA-ENZS-F2-GMS-1401C.mp3,293.855,296.817,2.962,media/ZS_F2_1445.mp3,F2-GMS-1401C 04:53.85-04:56.82
1446,2,1401,45,GLOSSIKA-ENZS-F2-GMS-1401C.mp3,299.902,302.908,3.006,media/ZS_F2_1446.mp3,F2-GMS-1401C 04:59.90-05:02.91
1447,2,1401,46,GLOSSIKA-ENZS-F2-GMS-1401C.mp3,306.230,309.784,3.554,media/ZS_F2_1447.mp3,F2-GMS-1401C 05:06.23-05:09.78
1448,2,1401,47,GLOSSIKA-ENZS-F2-GMS-1401C.mp3,312.870,315.529,2.659,media/ZS_F2_1448.mp3,F2-GMS-1401C 05:12.87-05:15.53
1449,2,1401,48,GLOSSIKA-ENZS-F2-GMS-1401C.mp3,318.750,320.821,2.071,media/ZS_F2_1449.mp3,F2-GMS-1401C 05:18.75-05:20.82
1450,2,1401,49,GLOSSIKA-ENZS-F2-GMS-1401C.mp3,323.950,328.282,4.332,media/ZS_F2_1450.mp3,F2-GMS-1401C 05:23.95-05:28.28
1451,2,1451,0,GLOSSIKA-ENZS-F2-GMS-1451C.mp3,6.774,9.420,2.645,media/ZS_F2_1451.mp3,F2-GMS-1451C 00:06.77-00:09.42
1452,2,1451,1,GLOSSIKA-ENZS-F2-GMS-1451C.mp3,12.540,16.808,4.268,media/ZS_F2_1452.mp3,F2-GMS-1451C 00:12.54-00:16.81
1453,2,1451,2,GLOSSIKA-ENZS-F2-GMS-1451C.mp3,19.914,21.837,1.923,media/ZS_F2_1453.mp3,F2-GMS-1451C 00:19.91-00:21.84
1454,2,1451,3,GLOSSIKA-ENZS-F2-GMS-1451C.mp3,24.942,28.679,3.737,media/ZS_F2_1454.mp3,F2-GMS-1451C 00:24.94-00:28.68
1455,2,1451,4,GLOSSIKA-ENZS-F2-GMS-1451C.mp3,31.759,34.958,3.199,media/ZS_F2_1455.mp3,F2-GMS-1451C 00:31.76-00:34.96
1456,2,1451,5,GLOSSIKA-ENZS-F2-GMS-1451C.mp3,38.081,40.466,2.384,media/ZS_F2_1456.mp3,F2-GMS-1451C 00:38.08-00:40.47
1457,2,1451,6,GLOSSIKA-ENZS-F2-GMS-1451C.mp3,43.742,46.469,2.727,media/ZS_F2_1457.mp3,F2-GMS-1451C 00:43.74-00:46.47
1458,2,1451,7,GLOSSIKA-ENZS-F2-GMS-1451C.mp3,49.598,51.615,2.017,media/ZS_F2_1458.mp3,F2-GMS-1451C 00:49.60-00:51.61
1459,2,1451,8,GLOSSIKA-ENZS-F2-GMS-1451C.mp3,54.719,57.104,2.385,media/ZS_F2_1459.mp3,F2-GMS-1451C 00:54.72-00:57.10
1460,2,1451,9,GLOSSIKA-ENZS-F2-GMS-1451C.mp3,60.206,62.747,2.541,media/ZS_F2_1460.mp3,F2-GMS-1451C 01:00.21-01:02.75
1461,2,1451,10,GLOSSIKA-ENZS-F2-GMS-1451C.mp3,65.887,69.199,3.313,media/ZS_F2_1461.mp3,F2-GMS-1451C 01:05.89-01:09.20
1462,2,1451,11,GLOSSIKA-ENZS-F2-GMS-1451C.mp3,72.327,75.160,2.833,media/ZS_F2_1462.mp3,F2-GMS-1451C 01:12.33-01:15.16
1463,2,1451,12,GLOSSIKA-ENZS-F2-GMS-1451C.mp3,78.382,80.887,2.504,media/ZS_F2_1463.mp3,F2-GMS-1451C 01:18.38-01:20.89
1464,2,1451,13,GLOSSIKA-ENZS-F2-GMS-1451C.mp3,84.075,87.421,3.346,media/ZS_F2_1464.mp3,F2-GMS-1451C 01:24.08-01:27.42
1465,2,1451,14,GLOSSIKA-ENZS-F2-GMS-1451C.mp3,90.535,93.004,2.469,media/ZS_F2_1465.mp3,F2-GMS-1451C 01:30.54-01:33.00
1466,2,1451,15,GLOSSIKA-ENZS-F2-GMS-1451C.mp3,96.343,98.649,2.306,media/ZS_F2_1466.mp3,F2-GMS-1451C 01:36.34-01:38.65
1467,2,1451,16,GLOSSIKA-ENZS-F2-GMS-1451C.mp3,101.713,103.640,1.928,media/ZS_F2_1467.mp3,F2-GMS-1451C 01:41.71-01:43.64
1468,2,1451,17,GLOSSIKA-ENZS-F2-GMS-1451C.mp3,106.750,108.686,1.936,media/ZS_F2_1468.mp3,F2-GMS-1451C 01:46.75-01:48.69
1469,2,1451,18,GLOSSIKA-ENZS-F2-GMS-1451C.mp3,111.844,114.652,2.808,media/ZS_F2_1469.mp3,F2-GMS-1451C 01:51.84-01:54.65
1470,2,1451,19,GLOSSIKA-ENZS-F2-GMS-1451C.mp3,117.756,120.646,2.890,media/ZS_F2_1470.mp3,F2-GMS-1451C 01:57.76-02:00.65
1471,2,1451,20,GLOSSIKA-ENZS-F2-GMS-1451C.mp3,123.941,126.885,2.944,media/ZS_F2_1471.mp3,F2-GMS-1451C 02:03.94-02:06.88
1472,2,1451,21,GLOSSIKA-ENZS-F2-GMS-1451C.mp3,129.987,132.926,2.939,media/ZS_F2_1472.mp3,F2-GMS-1451C 02:09.99-02:12.93
1473,2,1451,22,GLOSSIKA-ENZS-F2-GMS-1451C.mp3,136.135,139.568,3.434,media/ZS_F2_1473.mp3,F2-GMS-1451C 02:16.13-02:19.57
1474,2,1451,23,GLOSSIKA-ENZS-F2-GMS-1451C.mp3,142.713,144.862,2.149,media/ZS_F2_1474.mp3,F2-GMS-1451C 02:22.71-02:24.86
1475,2,1451,24,GLOSSIKA-ENZS-F2-GMS-1451C.mp3,147.970,152.290,4.320,media/ZS_F2_1475.mp3,F2-GMS-1451C 02:27.97-02:32.29
1476,2,1451,25,GLOSSIKA-ENZS-F2-GMS-1451C.mp3,155.393,157.853,2.460,media/ZS_F2_1476.mp3,F2-GMS-1451C 02:35.39-02:37.85
1477,2,1451,26,GLOSSIKA-ENZS-F2-GMS-1451C.mp3,160.962,163.137,2.176,media/ZS_F2_1477.mp3,F2-GMS-1451C 02:40.96-02:43.14
1478,2,1451,27,GLOSSIKA-ENZS-F2-GMS-1451C.mp3,166.293,168.278,1.985,media/ZS_F2_1478.mp3,F2-GMS-1451C 02:46.29-02:48.28
1479,2,1451,28,GLOSSIKA-ENZS-F2-GMS-1451C.mp3,171.404,172.929,1.525,media/ZS_F2_1479.mp3,F2-GMS-1451C 02:51.40-02:52.93
1480,2,1451,29,GLOSSIKA-ENZS-F2-GMS-1451C.mp3,176.037,178.042,2.005,media/ZS_F2_1480.mp3,F2-GMS-1451C 02:56.04-02:58.04
1481,2,1451,30,GLOSSIKA-ENZS-F2-GMS-1451C.mp3,181.235,182.755,1.520,media/ZS_F2_1481.mp3,F2-GMS-1451C 03:01.23-03:02.75
1482,2,1451,31,GLOSSIKA-ENZS-F2-GMS-1451C.mp3,185.856,189.994,4.138,media/ZS_F2_1482.mp3,F2-GMS-1451C 03:05.86-03:09.99
1483,2,1451,32,GLOSSIKA-ENZS-F2-GMS-1451C.mp3,193.191,196.171,2.980,media/ZS_F2_1483.mp3,F2-GMS-1451C 03:13.19-03:16.17
1484,2,1451,33,GLOSSIKA-ENZS-F2-GMS-1451C.mp3,199.295,202.915,3.620,media/ZS_F2_1484.mp3,F2-GMS-1451C 03:19.30-03:22.91
1485,2,1451,34,GLOSSIKA-ENZS-F2-GMS-1451C.mp3,206.050,209.713,3.663,media/ZS_F2_1485.mp3,F2-GMS-1451C 03:26.05-03:29.71
1486,2,1451,35,GLOSSIKA-ENZS-F2-GMS-1451C.mp3,212.828,216.242,3.414,media/ZS_F2_1486.mp3,F2-GMS-1451C 03:32.83-03:36.24
1487,2,1451,36,GLOSSIKA-ENZS-F2-GMS-1451C.mp3,219.538,222.655,3.116,media/ZS_F2_1487.mp3,F2-GMS-1451C 03:39.54-03:42.65
1488,2,1451,37,GLOSSIKA-ENZS-F2-GMS-1451C.mp3,226.053,228.491,2.439,media/ZS_F2_1488.mp3,F2-GMS-1451C 03:46.05-03:48.49
1489,2,1451,38,GLOSSIKA-ENZS-F2-GMS-1451C.mp3,231.644,235.262,3.618,media/ZS_F2_1489.mp3,F2-GMS-1451C 03:51.64-03:55.26
1490,2,1451,39,GLOSSIKA-ENZS-F2-GMS-1451C.mp3,238.350,242.136,3.786,media/ZS_F2_1490.mp3,F2-GMS-1451C 03:58.35-04:02.14
1491,2,1451,40,GLOSSIKA-ENZS-F2-GMS-1451C.mp3,245.223,248.070,2.847,media/ZS_F2_1491.mp3,F2-GMS-1451C 04:05.22-04:08.07
1492,2,1451,41,GLOSSIKA-ENZS-F2-GMS-1451C.mp3,251.212,254.936,3.724,media/ZS_F2_1492.mp3,F2-GMS-1451C 04:11.21-04:14.94
1493,2,1451,42,GLOSSIKA-ENZS-F2-GMS-1451C.mp3,258.024,261.925,3.902,media/ZS_F2_1493.mp3,F2-GMS-1451C 04:18.02-04:21.93
1494,2,1451,43,GLOSSIKA-ENZS-F2-GMS-1451C.mp3,265.054,267.434,2.380,media/ZS_F2_1494.mp3,F2-GMS-1451C 04:25.05-04:27.43
1495,2,1451,44,GLOSSIKA-ENZS-F2-GMS-1451C.mp3,270.507,273.006,2.500,media/ZS_F2_1495.mp3,F2-GMS-1451C 04:30.51-04:33.01
1496,2,1451,45,GLOSSIKA-ENZS-F2-GMS-1451C.mp3,276.216,278.273,2.057,media/ZS_F2_1496.mp3,F2-GMS-1451C 04:36.22-04:38.27
1497,2,1451,46,GLOSSIKA-ENZS-F2-GMS-1451C.mp3,281.348,283.293,1.945,media/ZS_F2_1497.mp3,F2-GMS-1451C 04:41.35-04:43.29
1498,2,1451,47,GLOSSIKA-ENZS-F2-GMS-1451C.mp3,286.372,289.413,3.041,media/ZS_F2_1498.mp3,F2-GMS-1451C 04:46.37-04:49.41
1499,2,1451,48,GLOSSIKA-ENZS-F2-GMS-1451C.mp3,292.509,295.999,3.491,media/ZS_F2_1499.mp3,F2-GMS-1451C 04:52.51-04:56.00
1500,2,1451,49,GLOSSIKA-ENZS-F2-GMS-1451C.mp3,299.127,301.379,2.252,media/ZS_F2_1500.mp3,F2-GMS-1451C 04:59.13-05:01.38
1501,2,1501,0,GLOSSIKA-ENZS-F2-GMS-1501C.mp3,6.778,9.275,2.497,media/ZS_F2_1501.mp3,F2-GMS-1501C 00:06.78-00:09.27
1502,2,1501,1,GLOSSIKA-ENZS-F2-GMS-1501C.mp3,12.437,15.658,3.221,media/ZS_F2_1502.mp3,F2-GMS-1501C 00:12.44-00:15.66
1503,2,1501,2,GLOSSIKA-ENZS-F2-GMS-1501C.mp3,18.806,22.099,3.293,media/ZS_F2_1503.mp3,F2-GMS-1501C 00:18.81-00:22.10
1504,2,1501,3,GLOSSIKA-ENZS-F2-GMS-1501C.mp3,25.291,27.184,1.893,media/ZS_F2_1504.mp3,F2-GMS-1501C 00:25.29-00:27.18
1505,2,1501,4,GLOSSIKA-ENZS-F2-GMS-1501C.mp3,30.391,32.651,2.260,media/ZS_F2_1505.mp3,F2-GMS-1501C 00:30.39-00:32.65
1506,2,1501,5,GLOSSIKA-ENZS-F2-GMS-1501C.mp3,35.823,38.108,2.285,media/ZS_F2_1506.mp3,F2-GMS-1501C 00:35.82-00:38.11
1507,2,1501,6,GLOSSIKA-ENZS-F2-GMS-1501C.mp3,41.310,43.868,2.557,media/ZS_F2_1507.mp3,F2-GMS-1501C 00:41.31-00:43.87
1508,2,1501,7,GLOSSIKA-ENZS-F2-GMS-1501C.mp3,47.044,50.789,3.745,media/ZS_F2_1508.mp3,F2-GMS-1501C 00:47.04-00:50.79
1509,2,1501,8,GLOSSIKA-ENZS-F2-GMS-1501C.mp3,54.175,57.333,3.158,media/ZS_F2_1509.mp3,F2-GMS-1501C 00:54.17-00:57.33
1510,2,1501,9,GLOSSIKA-ENZS-F2-GMS-1501C.mp3,60.704,63.529,2.825,media/ZS_F2_1510.mp3,F2-GMS-1501C 01:00.70-01:03.53
1511,2,1501,10,GLOSSIKA-ENZS-F2-GMS-1501C.mp3,66.693,69.405,2.711,media/ZS_F2_1511.mp3,F2-GMS-1501C 01:06.69-01:09.40
1512,2,1501,11,GLOSSIKA-ENZS-F2-GMS-1501C.mp3,72.763,76.273,3.510,media/ZS_F2_1512.mp3,F2-GMS-1501C 01:12.76-01:16.27
1513,2,1501,12,GLOSSIKA-ENZS-F2-GMS-1501C.mp3,79.535,82.701,3.166,media/ZS_F2_1513.mp3,F2-GMS-1501C 01:19.54-01:22.70
1514,2,1501,13,GLOSSIKA-ENZS-F2-GMS-1501C.mp3,85.982,89.937,3.955,media/ZS_F2_1514.mp3,F2-GMS-1501C 01:25.98-01:29.94
1515,2,1501,14,GLOSSIKA-ENZS-F2-GMS-1501C.mp3,93.196,97.119,3.923,media/ZS_F2_1515.mp3,F2-GMS-1501C 01:33.20-01:37.12
1516,2,1501,15,GLOSSIKA-ENZS-F2-GMS-1501C.mp3,100.452,102.724,2.272,media/ZS_F2_1516.mp3,F2-GMS-1501C 01:40.45-01:42.72
1517,2,1501,16,GLOSSIKA-ENZS-F2-GMS-1501C.mp3,105.985,109.325,3.340,media/ZS_F2_1517.mp3,F2-GMS-1501C 01:45.98-01:49.32
1518,2,1501,17,GLOSSIKA-ENZS-F2-GMS-1501C.mp3,112.604,114.995,2.390,media/ZS_F2_1518.mp3,F2-GMS-1501C 01:52.60-01:54.99
1519,2,1501,18,GLOSSIKA-ENZS-F2-GMS-1501C.mp3,118.182,122.035,3.853,media/ZS_F2_1519.mp3,F2-GMS-1501C 01:58.18-02:02.04
1520,2,1501,19,GLOSSIKA-ENZS-F2-GMS-1501C.mp3,125.289,128.940,3.650,media/ZS_F2_1520.mp3,F2-GMS-1501C 02:05.29-02:08.94
1521,2,1501,20,GLOSSIKA-ENZS-F2-GMS-1501C.mp3,132.209,135.195,2.986,media/ZS_F2_1521.mp3,F2-GMS-1501C 02:12.21-02:15.20
1522,2,1501,21,GLOSSIKA-ENZS-F2-GMS-1501C.mp3,138.403,140.520,2.117,media/ZS_F2_1522.mp3,F2-GMS-1501C 02:18.40-02:20.52
1523,2,1501,22,GLOSSIKA-ENZS-F2-GMS-1501C.mp3,143.676,148.815,5.139,media/ZS_F2_1523.mp3,F2-GMS-1501C 02:23.68-02:28.82
1524,2,1501,23,GLOSSIKA-ENZS-F2-GMS-1501C.mp3,152.033,154.446,2.413,media/ZS_F2_1524.mp3,F2-GMS-1501C 02:32.03-02:34.45
1525,2,1501,24,GLOSSIKA-ENZS-F2-GMS-1501C.mp3,157.585,160.942,3.357,media/ZS_F2_1525.mp3,F2-GMS-1501C 02:37.59-02:40.94
1526,2,1501,25,GLOSSIKA-ENZS-F2-GMS-1501C.mp3,164.268,167.151,2.883,media/ZS_F2_1526.mp3,F2-GMS-1501C 02:44.27-02:47.15
1527,2,1501,26,GLOSSIKA-ENZS-F2-GMS-1501C.mp3,170.370,173.608,3.238,media/ZS_F2_1527.mp3,F2-GMS-1501C 02:50.37-02:53.61
1528,2,1501,27,GLOSSIKA-ENZS-F2-GMS-1501C.mp3,176.834,180.359,3.524,media/ZS_F2_1528.mp3,F2-GMS-1501C 02:56.83-03:00.36
1529,2,1501,28,GLOSSIKA-ENZS-F2-GMS-1501C.mp3,183.775,186.521,2.746,media/ZS_F2_1529.mp3,F2-GMS-1501C 03:03.77-03:06.52
1530,2,1501,29,GLOSSIKA-ENZS-F2-GMS-1501C.mp3,189.740,193.263,3.524,media/ZS_F2_1530.mp3,F2-GMS-1501C 03:09.74-03:13.26
1531,2,1501,30,GLOSSIKA-ENZS-F2-GMS-1501C.mp3,196.490,199.539,3.049,media/ZS_F2_1531.mp3,F2-GMS-1501C 03:16.49-03:19.54
1532,2,1501,31,GLOSSIKA-ENZS-F2-GMS-1501C.mp3,202.773,205.614,2.840,media/ZS_F2_1532.mp3,F2-GMS-1501C 03:22.77-03:25.61
1533,2,1501,32,GLOSSIKA-ENZS-F2-GMS-1501C.mp3,209.322,212.311,2.989,media/ZS_F2_1533.mp3,F2-GMS-1501C 03:29.32-03:32.31
1534,2,1501,33,GLOSSIKA-ENZS-F2-GMS-1501C.mp3,215.599,219.619,4.020,media/ZS_F2_1534.mp3,F2-GMS-1501C 03:35.60-03:39.62
1535,2,1501,34,GLOSSIKA-ENZS-F2-GMS-1501C.mp3,222.834,227.157,4.323,media/ZS_F2_1535.mp3,F2-GMS-1501C 03:42.83-03:47.16
1536,2,1501,35,GLOSSIKA-ENZS-F2-GMS-1501C.mp3,230.490,234.681,4.191,media/ZS_F2_1536.mp3,F2-GMS-1501C 03:50.49-03:54.68
1537,2,1501,36,GLOSSIKA-ENZS-F2-GMS-1501C.mp3,238.266,241.424,3.158,media/ZS_F2_1537.mp3,F2-GMS-1501C 03:58.27-04:01.42
1538,2,1501,37,GLOSSIKA-ENZS-F2-GMS-1501C.mp3,244.498,246.467,1.969,media/ZS_F2_1538.mp3,F2-GMS-1501C 04:04.50-04:06.47
1539,2,1501,38,GLOSSIKA-ENZS-F2-GMS-1501C.mp3,249.804,252.504,2.700,media/ZS_F2_1539.mp3,F2-GMS-1501C 04:09.80-04:12.50
1540,2,1501,39,GLOSSIKA-ENZS-F2-GMS-1501C.mp3,255.645,258.557,2.911,media/ZS_F2_1540.mp3,F2-GMS-1501C 04:15.65-04:18.56
1541,2,1501,40,GLOSSIKA-ENZS-F2-GMS-1501C.mp3,261.873,263.996,2.123,media/ZS_F2_1541.mp3,F2-GMS-1501C 04:21.87-04:24.00
1542,2,1501,41,GLOSSIKA-ENZS-F2-GMS-1501C.mp3,267.170,268.453,1.282,media/ZS_F2_1542.mp3,F2-GMS-1501C 04:27.17-04:28.45
1543,2,1501,42,GLOSSIKA-ENZS-F2-GMS-1501C.mp3,271.648,272.857,1.209,media/ZS_F2_1543.mp3,F2-GMS-1501C 04:31.65-04:32.86
1544,2,1501,43,GLOSSIKA-ENZS-F2-GMS-1501C.mp3,276.314,278.094,1.780,media/ZS_F2_1544.mp3,F2-GMS-1501C 04:36.31-04:38.09
1545,2,1501,44,GLOSSIKA-ENZS-F2-GMS-1501C.mp3,281.346,282.697,1.350,media/ZS_F2_1545.mp3,F2-GMS-1501C 04:41.35-04:42.70
1546,2,1501,45,GLOSSIKA-ENZS-F2-GMS-1501C.mp3,286.030,288.391,2.361,media/ZS_F2_1546.mp3,F2-GMS-1501C 04:46.03-04:48.39
1547,2,1501,46,GLOSSIKA-ENZS-F2-GMS-1501C.mp3,291.713,293.992,2.279,media/ZS_F2_1547.mp3,F2-GMS-1501C 04:51.71-04:53.99
1548,2,1501,47,GLOSSIKA-ENZS-F2-GMS-1501C.mp3,297.266,298.554,1.288,media/ZS_F2_1548.mp3,F2-GMS-1501C 04:57.27-04:58.55
1549,2,1501,48,GLOSSIKA-ENZS-F2-GMS-1501C.mp3,301.762,303.914,2.152,media/ZS_F2_1549.mp3,F2-GMS-1501C 05:01.76-05:03.91
1550,2,1501,49,GLOSSIKA-ENZS-F2-GMS-1501C.mp3,307.306,309.608,2.302,media/ZS_F2_1550.mp3,F2-GMS-1501C 05:07.31-05:09.61
1551,2,1551,0,GLOSSIKA-ENZS-F2-GMS-1551C.mp3,6.775,8.806,2.032,media/ZS_F2_1551.mp3,F2-GMS-1551C 00:06.77-00:08.81
1552,2,1551,1,GLOSSIKA-ENZS-F2-GMS-1551C.mp3,12.191,14.174,1.984,media/ZS_F2_1552.mp3,F2-GMS-1551C 00:12.19-00:14.17
1553,2,1551,2,GLOSSIKA-ENZS-F2-GMS-1551C.mp3,17.439,21.557,4.118,media/ZS_F2_1553.mp3,F2-GMS-1551C 00:17.44-00:21.56
1554,2,1551,3,GLOSSIKA-ENZS-F2-GMS-1551C.mp3,24.763,28.173,3.411,media/ZS_F2_1554.mp3,F2-GMS-1551C 00:24.76-00:28.17
1555,2,1551,4,GLOSSIKA-ENZS-F2-GMS-1551C.mp3,31.455,32.634,1.179,media/ZS_F2_1555.mp3,F2-GMS-1551C 00:31.45-00:32.63
1556,2,1551,5,GLOSSIKA-ENZS-F2-GMS-1551C.mp3,35.784,37.797,2.013,media/ZS_F2_1556.mp3,F2-GMS-1551C 00:35.78-00:37.80
1557,2,1551,6,GLOSSIKA-ENZS-F2-GMS-1551C.mp3,40.881,42.830,1.950,media/ZS_F2_1557.mp3,F2-GMS-1551C 00:40.88-00:42.83
1558,2,1551,7,GLOSSIKA-ENZS-F2-GMS-1551C.mp3,45.994,50.427,4.433,media/ZS_F2_1558.mp3,F2-GMS-1551C 00:45.99-00:50.43
1559,2,1551,8,GLOSSIKA-ENZS-F2-GMS-1551C.mp3,53.771,55.964,2.193,media/ZS_F2_1559.mp3,F2-GMS-1551C 00:53.77-00:55.96
1560,2,1551,9,GLOSSIKA-ENZS-F2-GMS-1551C.mp3,59.143,62.469,3.326,media/ZS_F2_1560.mp3,F2-GMS-1551C 00:59.14-01:02.47
1561,2,1551,10,GLOSSIKA-ENZS-F2-GMS-1551C.mp3,65.696,68.119,2.423,media/ZS_F2_1561.mp3,F2-GMS-1551C 01:05.70-01:08.12
1562,2,1551,11,GLOSSIKA-ENZS-F2-GMS-1551C.mp3,71.389,75.845,4.456,media/ZS_F2_1562.mp3,F2-GMS-1551C 01:11.39-01:15.84
1563,2,1551,12,GLOSSIKA-ENZS-F2-GMS-1551C.mp3,79.145,81.410,2.266,media/ZS_F2_1563.mp3,F2-GMS-1551C 01:19.14-01:21.41
1564,2,1551,13,GLOSSIKA-ENZS-F2-GMS-1551C.mp3,84.600,89.039,4.440,media/ZS_F2_1564.mp3,F2-GMS-1551C 01:24.60-01:29.04
1565,2,1551,14,GLOSSIKA-ENZS-F2-GMS-1551C.mp3,92.254,94.037,1.783,media/ZS_F2_1565.mp3,F2-GMS-1551C 01:32.25-01:34.04
1566,2,1551,15,GLOSSIKA-ENZS-F2-GMS-1551C.mp3,97.391,98.465,1.074,media/ZS_F2_1566.mp3,F2-GMS-1551C 01:37.39-01:38.47
1567,2,1551,16,GLOSSIKA-ENZS-F2-GMS-1551C.mp3,101.746,102.995,1.248,media/ZS_F2_1567.mp3,F2-GMS-1551C 01:41.75-01:42.99
1568,2,1551,17,GLOSSIKA-ENZS-F2-GMS-1551C.mp3,106.235,108.575,2.341,media/ZS_F2_1568.mp3,F2-GMS-1551C 01:46.23-01:48.58
1569,2,1551,18,GLOSSIKA-ENZS-F2-GMS-1551C.mp3,111.814,113.642,1.827,media/ZS_F2_1569.mp3,F2-GMS-1551C 01:51.81-01:53.64
1570,2,1551,19,GLOSSIKA-ENZS-F2-GMS-1551C.mp3,116.908,118.210,1.301,media/ZS_F2_1570.mp3,F2-GMS-1551C 01:56.91-01:58.21
1571,2,1551,20,GLOSSIKA-ENZS-F2-GMS-1551C.mp3,121.036,122.755,1.719,media/ZS_F2_1571.mp3,F2-GMS-1551C 02:01.04-02:02.76
1572,2,1551,21,GLOSSIKA-ENZS-F2-GMS-1551C.mp3,125.989,128.096,2.107,media/ZS_F2_1572.mp3,F2-GMS-1551C 02:05.99-02:08.10
1573,2,1551,22,GLOSSIKA-ENZS-F2-GMS-1551C.mp3,131.465,133.520,2.055,media/ZS_F2_1573.mp3,F2-GMS-1551C 02:11.47-02:13.52
1574,2,1551,23,GLOSSIKA-ENZS-F2-GMS-1551C.mp3,136.733,138.446,1.713,media/ZS_F2_1574.mp3,F2-GMS-1551C 02:16.73-02:18.45
1575,2,1551,24,GLOSSIKA-ENZS-F2-GMS-1551C.mp3,141.725,145.130,3.405,media/ZS_F2_1575.mp3,F2-GMS-1551C 02:21.73-02:25.13
1576,2,1551,25,GLOSSIKA-ENZS-F2-GMS-1551C.mp3,148.325,151.267,2.942,media/ZS_F2_1576.mp3,F2-GMS-1551C 02:28.33-02:31.27
1577,2,1551,26,GLOSSIKA-ENZS-F2-GMS-1551C.mp3,154.465,157.451,2.985,media/ZS_F2_1577.mp3,F2-GMS-1551C 02:34.47-02:37.45
1578,2,1551,27,GLOSSIKA-ENZS-F2-GMS-1551C.mp3,160.657,163.609,2.953,media/ZS_F2_1578.mp3,F2-GMS-1551C 02:40.66-02:43.61
1579,2,1551,28,GLOSSIKA-ENZS-F2-GMS-1551C.mp3,166.799,169.712,2.913,media/ZS_F2_1579.mp3,F2-GMS-1551C 02:46.80-02:49.71
1580,2,1551,29,GLOSSIKA-ENZS-F2-GMS-1551C.mp3,172.860,175.449,2.589,media/ZS_F2_1580.mp3,F2-GMS-1551C 02:52.86-02:55.45
1581,2,1551,30,GLOSSIKA-ENZS-F2-GMS-1551C.mp3,178.917,181.192,2.275,media/ZS_F2_1581.mp3,F2-GMS-1551C 02:58.92-03:01.19
1582,2,1551,31,GLOSSIKA-ENZS-F2-GMS-1551C.mp3,184.382,187.245,2.863,media/ZS_F2_1582.mp3,F2-GMS-1551C 03:04.38-03:07.24
1583,2,1551,32,GLOSSIKA-ENZS-F2-GMS-1551C.mp3,190.505,192.694,2.188,media/ZS_F2_1583.mp3,F2-GMS-1551C 03:10.51-03:12.69
1584,2,1551,33,GLOSSIKA-ENZS-F2-GMS-1551C.mp3,195.943,198.602,2.659,media/ZS_F2_1584.mp3,F2-GMS-1551C 03:15.94-03:18.60
1585,2,1551,34,GLOSSIKA-ENZS-F2-GMS-1551C.mp3,201.872,205.617,3.746,media/ZS_F2_1585.mp3,F2-GMS-1551C 03:21.87-03:25.62
1586,2,1551,35,GLOSSIKA-ENZS-F2-GMS-1551C.mp3,208.807,211.358,2.551,media/ZS_F2_1586.mp3,F2-GMS-1551C 03:28.81-03:31.36
1587,2,1551,36,GLOSSIKA-ENZS-F2-GMS-1551C.mp3,214.607,216.446,1.840,media/ZS_F2_1587.mp3,F2-GMS-1551C 03:34.61-03:36.45
1588,2,1551,37,GLOSSIKA-ENZS-F2-GMS-1551C.mp3,219.769,221.438,1.668,media/ZS_F2_1588.mp3,F2-GMS-1551C 03:39.77-03:41.44
1589,2,1551,38,GLOSSIKA-ENZS-F2-GMS-1551C.mp3,224.667,227.037,2.370,media/ZS_F2_1589.mp3,F2-GMS-1551C 03:44.67-03:47.04
1590,2,1551,39,GLOSSIKA-ENZS-F2-GMS-1551C.mp3,230.340,232.559,2.218,media/ZS_F2_1590.mp3,F2-GMS-1551C 03:50.34-03:52.56
1591,2,1551,40,GLOSSIKA-ENZS-F2-GMS-1551C.mp3,235.761,237.330,1.568,media/ZS_F2_1591.mp3,F2-GMS-1551C 03:55.76-03:57.33
1592,2,1551,41,GLOSSIKA-ENZS-F2-GMS-1551C.mp3,240.532,242.660,2.127,media/ZS_F2_1592.mp3,F2-GMS-1551C 04:00.53-04:02.66
1593,2,1551,42,GLOSSIKA-ENZS-F2-GMS-1551C.mp3,245.844,247.857,2.013,media/ZS_F2_1593.mp3,F2-GMS-1551C 04:05.84-04:07.86
1594,2,1551,43,GLOSSIKA-ENZS-F2-GMS-1551C.mp3,251.327,254.615,3.288,media/ZS_F2_1594.mp3,F2-GMS-1551C 04:11.33-04:14.62
1595,2,1551,44,GLOSSIKA-ENZS-F2-GMS-1551C.mp3,257.816,260.125,2.308,media/ZS_F2_1595.mp3,F2-GMS-1551C 04:17.82-04:20.12
1596,2,1551,45,GLOSSIKA-ENZS-F2-GMS-1551C.mp3,263.331,266.626,3.295,media/ZS_F2_1596.mp3,F2-GMS-1551C 04:23.33-04:26.63
1597,2,1551,46,GLOSSIKA-ENZS-F2-GMS-1551C.mp3,269.933,274.222,4.289,media/ZS_F2_1597.mp3,F2-GMS-1551C 04:29.93-04:34.22
1598,2,1551,47,GLOSSIKA-ENZS-F2-GMS-1551C.mp3,277.430,278.655,1.225,media/ZS_F2_1598.mp3,F2-GMS-1551C 04:37.43-04:38.66
1599,2,1551,48,GLOSSIKA-ENZS-F2-GMS-1551C.mp3,279.319,280.949,1.631,media/ZS_F2_1599.mp3,F2-GMS-1551C 04:39.32-04:40.95
1600,2,1551,49,GLOSSIKA-ENZS-F2-GMS-1551C.mp3,284.151,286.840,2.689,media/ZS_F2_1600.mp3,F2-GMS-1551C 04:44.15-04:46.84
1601,2,1601,0,GLOSSIKA-ENZS-F2-GMS-1601C.mp3,6.775,9.950,3.174,media/ZS_F2_1601.mp3,F2-GMS-1601C 00:06.78-00:09.95
1602,2,1601,1,GLOSSIKA-ENZS-F2-GMS-1601C.mp3,12.991,16.920,3.929,media/ZS_F2_1602.mp3,F2-GMS-1601C 00:12.99-00:16.92
1603,2,1601,2,GLOSSIKA-ENZS-F2-GMS-1601C.mp3,20.082,23.207,3.125,media/ZS_F2_1603.mp3,F2-GMS-1601C 00:20.08-00:23.21
1604,2,1601,3,GLOSSIKA-ENZS-F2-GMS-1601C.mp3,26.434,29.067,2.634,media/ZS_F2_1604.mp3,F2-GMS-1601C 00:26.43-00:29.07
1605,2,1601,4,GLOSSIKA-ENZS-F2-GMS-1601C.mp3,32.380,35.072,2.692,media/ZS_F2_1605.mp3,F2-GMS-1601C 00:32.38-00:35.07
1606,2,1601,5,GLOSSIKA-ENZS-F2-GMS-1601C.mp3,38.285,41.337,3.052,media/ZS_F2_1606.mp3,F2-GMS-1601C 00:38.29-00:41.34
1607,2,1601,6,GLOSSIKA-ENZS-F2-GMS-1601C.mp3,44.556,48.254,3.698,media/ZS_F2_1607.mp3,F2-GMS-1601C 00:44.56-00:48.25
1608,2,1601,7,GLOSSIKA-ENZS-F2-GMS-1601C.mp3,51.636,55.084,3.448,media/ZS_F2_1608.mp3,F2-GMS-1601C 00:51.64-00:55.08
1609,2,1601,8,GLOSSIKA-ENZS-F2-GMS-1601C.mp3,58.568,61.160,2.593,media/ZS_F2_1609.mp3,F2-GMS-1601C 00:58.57-01:01.16
1610,2,1601,9,GLOSSIKA-ENZS-F2-GMS-1601C.mp3,64.335,67.579,3.244,media/ZS_F2_1610.mp3,F2-GMS-1601C 01:04.33-01:07.58
1611,2,1601,10,GLOSSIKA-ENZS-F2-GMS-1601C.mp3,71.031,73.049,2.018,media/ZS_F2_1611.mp3,F2-GMS-1601C 01:11.03-01:13.05
1612,2,1601,11,GLOSSIKA-ENZS-F2-GMS-1601C.mp3,76.244,78.690,2.446,media/ZS_F2_1612.mp3,F2-GMS-1601C 01:16.24-01:18.69
1613,2,1601,12,GLOSSIKA-ENZS-F2-GMS-1601C.mp3,82.229,84.900,2.671,media/ZS_F2_1613.mp3,F2-GMS-1601C 01:22.23-01:24.90
1614,2,1601,13,GLOSSIKA-ENZS-F2-GMS-1601C.mp3,88.203,91.030,2.827,media/ZS_F2_1614.mp3,F2-GMS-1601C 01:28.20-01:31.03
1615,2,1601,14,GLOSSIKA-ENZS-F2-GMS-1601C.mp3,94.360,97.119,2.760,media/ZS_F2_1615.mp3,F2-GMS-1601C 01:34.36-01:37.12
1616,2,1601,15,GLOSSIKA-ENZS-F2-GMS-1601C.mp3,100.173,102.743,2.570,media/ZS_F2_1616.mp3,F2-GMS-1601C 01:40.17-01:42.74
1617,2,1601,16,GLOSSIKA-ENZS-F2-GMS-1601C.mp3,106.339,108.550,2.210,media/ZS_F2_1617.mp3,F2-GMS-1601C 01:46.34-01:48.55
1618,2,1601,17,GLOSSIKA-ENZS-F2-GMS-1601C.mp3,111.885,114.551,2.667,media/ZS_F2_1618.mp3,F2-GMS-1601C 01:51.88-01:54.55
1619,2,1601,18,GLOSSIKA-ENZS-F2-GMS-1601C.mp3,117.774,119.948,2.174,media/ZS_F2_1619.mp3,F2-GMS-1601C 01:57.77-01:59.95
1620,2,1601,19,GLOSSIKA-ENZS-F2-GMS-1601C.mp3,123.107,125.385,2.278,media/ZS_F2_1620.mp3,F2-GMS-1601C 02:03.11-02:05.38
1621,2,1601,20,GLOSSIKA-ENZS-F2-GMS-1601C.mp3,128.734,131.054,2.320,media/ZS_F2_1621.mp3,F2-GMS-1601C 02:08.73-02:11.05
1622,2,1601,21,GLOSSIKA-ENZS-F2-GMS-1601C.mp3,134.389,136.153,1.764,media/ZS_F2_1622.mp3,F2-GMS-1601C 02:14.39-02:16.15
1623,2,1601,22,GLOSSIKA-ENZS-F2-GMS-1601C.mp3,139.449,141.752,2.303,media/ZS_F2_1623.mp3,F2-GMS-1601C 02:19.45-02:21.75
1624,2,1601,23,GLOSSIKA-ENZS-F2-GMS-1601C.mp3,145.038,147.073,2.036,media/ZS_F2_1624.mp3,F2-GMS-1601C 02:25.04-02:27.07
1625,2,1601,24,GLOSSIKA-ENZS-F2-GMS-1601C.mp3,150.479,151.443,0.964,media/ZS_F2_1625.mp3,F2-GMS-1601C 02:30.48-02:31.44
1626,2,1601,25,GLOSSIKA-ENZS-F2-GMS-1601C.mp3,154.686,156.384,1.697,media/ZS_F2_1626.mp3,F2-GMS-1601C 02:34.69-02:36.38
1627,2,1601,26,GLOSSIKA-ENZS-F2-GMS-1601C.mp3,159.537,161.119,1.582,media/ZS_F2_1627.mp3,F2-GMS-1601C 02:39.54-02:41.12
1628,2,1601,27,GLOSSIKA-ENZS-F2-GMS-1601C.mp3,164.436,166.426,1.990,media/ZS_F2_1628.mp3,F2-GMS-1601C 02:44.44-02:46.43
1629,2,1601,28,GLOSSIKA-ENZS-F2-GMS-1601C.mp3,169.674,171.691,2.017,media/ZS_F2_1629.mp3,F2-GMS-1601C 02:49.67-02:51.69
1630,2,1601,29,GLOSSIKA-ENZS-F2-GMS-1601C.mp3,175.160,177.181,2.021,media/ZS_F2_1630.mp3,F2-GMS-1601C 02:55.16-02:57.18
1631,2,1601,30,GLOSSIKA-ENZS-F2-GMS-1601C.mp3,180.534,181.963,1.428,media/ZS_F2_1631.mp3,F2-GMS-1601C 03:00.53-03:01.96
1632,2,1601,31,GLOSSIKA-ENZS-F2-GMS-1601C.mp3,185.168,187.003,1.836,media/ZS_F2_1632.mp3,F2-GMS-1601C 03:05.17-03:07.00
1633,2,1601,32,GLOSSIKA-ENZS-F2-GMS-1601C.mp3,190.392,192.596,2.204,media/ZS_F2_1633.mp3,F2-GMS-1601C 03:10.39-03:12.60
1634,2,1601,33,GLOSSIKA-ENZS-F2-GMS-1601C.mp3,195.848,200.374,4.526,media/ZS_F2_1634.mp3,F2-GMS-1601C 03:15.85-03:20.37
1635,2,1601,34,GLOSSIKA-ENZS-F2-GMS-1601C.mp3,203.609,206.737,3.128,media/ZS_F2_1635.mp3,F2-GMS-1601C 03:23.61-03:26.74
1636,2,1601,35,GLOSSIKA-ENZS-F2-GMS-1601C.mp3,209.935,212.561,2.626,media/ZS_F2_1636.mp3,F2-GMS-1601C 03:29.94-03:32.56
1637,2,1601,36,GLOSSIKA-ENZS-F2-GMS-1601C.mp3,215.733,218.421,2.688,media/ZS_F2_1637.mp3,F2-GMS-1601C 03:35.73-03:38.42
1638,2,1601,37,GLOSSIKA-ENZS-F2-GMS-1601C.mp3,221.648,225.259,3.611,media/ZS_F2_1638.mp3,F2-GMS-1601C 03:41.65-03:45.26
1639,2,1601,38,GLOSSIKA-ENZS-F2-GMS-1601C.mp3,228.602,232.377,3.775,media/ZS_F2_1639.mp3,F2-GMS-1601C 03:48.60-03:52.38
1640,2,1601,39,GLOSSIKA-ENZS-F2-GMS-1601C.mp3,235.647,239.140,3.493,media/ZS_F2_1640.mp3,F2-GMS-1601C 03:55.65-03:59.14
1641,2,1601,40,GLOSSIKA-ENZS-F2-GMS-1601C.mp3,242.414,246.367,3.952,media/ZS_F2_1641.mp3,F2-GMS-1601C 04:02.41-04:06.37
1642,2,1601,41,GLOSSIKA-ENZS-F2-GMS-1601C.mp3,249.660,252.953,3.293,media/ZS_F2_1642.mp3,F2-GMS-1601C 04:09.66-04:12.95
1643,2,1601,42,GLOSSIKA-ENZS-F2-GMS-1601C.mp3,256.412,259.037,2.625,media/ZS_F2_1643.mp3,F2-GMS-1601C 04:16.41-04:19.04
1644,2,1601,43,GLOSSIKA-ENZS-F2-GMS-1601C.mp3,262.422,265.527,3.105,media/ZS_F2_1644.mp3,F2-GMS-1601C 04:22.42-04:25.53
1645,2,1601,44,GLOSSIKA-ENZS-F2-GMS-1601C.mp3,269.023,272.247,3.224,media/ZS_F2_1645.mp3,F2-GMS-1601C 04:29.02-04:32.25
1646,2,1601,45,GLOSSIKA-ENZS-F2-GMS-1601C.mp3,275.449,278.127,2.678,media/ZS_F2_1646.mp3,F2-GMS-1601C 04:35.45-04:38.13
1647,2,1601,46,GLOSSIKA-ENZS-F2-GMS-1601C.mp3,281.252,284.682,3.430,media/ZS_F2_1647.mp3,F2-GMS-1601C 04:41.25-04:44.68
1648,2,1601,47,GLOSSIKA-ENZS-F2-GMS-1601C.mp3,287.979,292.300,4.320,media/ZS_F2_1648.mp3,F2-GMS-1601C 04:47.98-04:52.30
1649,2,1601,48,GLOSSIKA-ENZS-F2-GMS-1601C.mp3,295.619,298.368,2.750,media/ZS_F2_1649.mp3,F2-GMS-1601C 04:55.62-04:58.37
1650,2,1601,49,GLOSSIKA-ENZS-F2-GMS-1601C.mp3,301.585,305.227,3.642,media/ZS_F2_1650.mp3,F2-GMS-1601C 05:01.58-05:05.23
1651,2,1651,0,GLOSSIKA-ENZS-F2-GMS-1651C.mp3,6.773,8.461,1.688,media/ZS_F2_1651.mp3,F2-GMS-1651C 00:06.77-00:08.46
1652,2,1651,1,GLOSSIKA-ENZS-F2-GMS-1651C.mp3,11.625,13.371,1.746,media/ZS_F2_1652.mp3,F2-GMS-1651C 00:11.63-00:13.37
1653,2,1651,2,GLOSSIKA-ENZS-F2-GMS-1651C.mp3,16.564,18.213,1.650,media/ZS_F2_1653.mp3,F2-GMS-1651C 00:16.56-00:18.21
1654,2,1651,3,GLOSSIKA-ENZS-F2-GMS-1651C.mp3,21.259,22.997,1.738,media/ZS_F2_1654.mp3,F2-GMS-1651C 00:21.26-00:23.00
1655,2,1651,4,GLOSSIKA-ENZS-F2-GMS-1651C.mp3,26.174,28.308,2.134,media/ZS_F2_1655.mp3,F2-GMS-1651C 00:26.17-00:28.31
1656,2,1651,5,GLOSSIKA-ENZS-F2-GMS-1651C.mp3,31.735,35.388,3.653,media/ZS_F2_1656.mp3,F2-GMS-1651C 00:31.74-00:35.39
1657,2,1651,6,GLOSSIKA-ENZS-F2-GMS-1651C.mp3,38.471,43.375,4.904,media/ZS_F2_1657.mp3,F2-GMS-1651C 00:38.47-00:43.38
1658,2,1651,7,GLOSSIKA-ENZS-F2-GMS-1651C.mp3,46.475,49.358,2.883,media/ZS_F2_1658.mp3,F2-GMS-1651C 00:46.48-00:49.36
1659,2,1651,8,GLOSSIKA-ENZS-F2-GMS-1651C.mp3,52.517,54.647,2.129,media/ZS_F2_1659.mp3,F2-GMS-1651C 00:52.52-00:54.65
1660,2,1651,9,GLOSSIKA-ENZS-F2-GMS-1651C.mp3,57.923,60.245,2.323,media/ZS_F2_1660.mp3,F2-GMS-1651C 00:57.92-01:00.25
1661,2,1651,10,GLOSSIKA-ENZS-F2-GMS-1651C.mp3,63.652,67.471,3.819,media/ZS_F2_1661.mp3,F2-GMS-1651C 01:03.65-01:07.47
1662,2,1651,11,GLOSSIKA-ENZS-F2-GMS-1651C.mp3,70.761,73.723,2.962,media/ZS_F2_1662.mp3,F2-GMS-1651C 01:10.76-01:13.72
1663,2,1651,12,GLOSSIKA-ENZS-F2-GMS-1651C.mp3,76.816,78.863,2.047,media/ZS_F2_1663.mp3,F2-GMS-1651C 01:16.82-01:18.86
1664,2,1651,13,GLOSSIKA-ENZS-F2-GMS-1651C.mp3,82.062,84.533,2.470,media/ZS_F2_1664.mp3,F2-GMS-1651C 01:22.06-01:24.53
1665,2,1651,14,GLOSSIKA-ENZS-F2-GMS-1651C.mp3,87.747,89.308,1.562,media/ZS_F2_1665.mp3,F2-GMS-1651C 01:27.75-01:29.31
1666,2,1651,15,GLOSSIKA-ENZS-F2-GMS-1651C.mp3,92.580,95.258,2.678,media/ZS_F2_1666.mp3,F2-GMS-1651C 01:32.58-01:35.26
1667,2,1651,16,GLOSSIKA-ENZS-F2-GMS-1651C.mp3,98.668,100.583,1.914,media/ZS_F2_1667.mp3,F2-GMS-1651C 01:38.67-01:40.58
1668,2,1651,17,GLOSSIKA-ENZS-F2-GMS-1651C.mp3,103.872,105.838,1.966,media/ZS_F2_1668.mp3,F2-GMS-1651C 01:43.87-01:45.84
1669,2,1651,18,GLOSSIKA-ENZS-F2-GMS-1651C.mp3,109.350,113.434,4.084,media/ZS_F2_1669.mp3,F2-GMS-1651C 01:49.35-01:53.43
1670,2,1651,19,GLOSSIKA-ENZS-F2-GMS-1651C.mp3,116.681,119.077,2.396,media/ZS_F2_1670.mp3,F2-GMS-1651C 01:56.68-01:59.08
1671,2,1651,20,GLOSSIKA-ENZS-F2-GMS-1651C.mp3,122.560,127.215,4.655,media/ZS_F2_1671.mp3,F2-GMS-1651C 02:02.56-02:07.22
1672,2,1651,21,GLOSSIKA-ENZS-F2-GMS-1651C.mp3,130.447,134.503,4.056,media/ZS_F2_1672.mp3,F2-GMS-1651C 02:10.45-02:14.50
1673,2,1651,22,GLOSSIKA-ENZS-F2-GMS-1651C.mp3,137.852,140.450,2.598,media/ZS_F2_1673.mp3,F2-GMS-1651C 02:17.85-02:20.45
1674,2,1651,23,GLOSSIKA-ENZS-F2-GMS-1651C.mp3,143.891,146.536,2.644,media/ZS_F2_1674.mp3,F2-GMS-1651C 02:23.89-02:26.54
1675,2,1651,24,GLOSSIKA-ENZS-F2-GMS-1651C.mp3,149.875,154.723,4.848,media/ZS_F2_1675.mp3,F2-GMS-1651C 02:29.88-02:34.72
1676,2,1651,25,GLOSSIKA-ENZS-F2-GMS-1651C.mp3,158.017,160.901,2.884,media/ZS_F2_1676.mp3,F2-GMS-1651C 02:38.02-02:40.90
1677,2,1651,26,GLOSSIKA-ENZS-F2-GMS-1651C.mp3,164.129,167.198,3.070,media/ZS_F2_1677.mp3,F2-GMS-1651C 02:44.13-02:47.20
1678,2,1651,27,GLOSSIKA-ENZS-F2-GMS-1651C.mp3,170.759,172.594,1.835,media/ZS_F2_1678.mp3,F2-GMS-1651C 02:50.76-02:52.59
1679,2,1651,28,GLOSSIKA-ENZS-F2-GMS-1651C.mp3,175.754,177.632,1.878,media/ZS_F2_1679.mp3,F2-GMS-1651C 02:55.75-02:57.63
1680,2,1651,29,GLOSSIKA-ENZS-F2-GMS-1651C.mp3,180.826,182.387,1.561,media/ZS_F2_1680.mp3,F2-GMS-1651C 03:00.83-03:02.39
1681,2,1651,30,GLOSSIKA-ENZS-F2-GMS-1651C.mp3,185.559,187.159,1.600,media/ZS_F2_1681.mp3,F2-GMS-1651C 03:05.56-03:07.16
1682,2,1651,31,GLOSSIKA-ENZS-F2-GMS-1651C.mp3,190.584,192.820,2.236,media/ZS_F2_1682.mp3,F2-GMS-1651C 03:10.58-03:12.82
1683,2,1651,32,GLOSSIKA-ENZS-F2-GMS-1651C.mp3,195.968,199.540,3.573,media/ZS_F2_1683.mp3,F2-GMS-1651C 03:15.97-03:19.54
1684,2,1651,33,GLOSSIKA-ENZS-F2-GMS-1651C.mp3,202.884,205.810,2.926,media/ZS_F2_1684.mp3,F2-GMS-1651C 03:22.88-03:25.81
1685,2,1651,34,GLOSSIKA-ENZS-F2-GMS-1651C.mp3,209.161,211.796,2.635,media/ZS_F2_1685.mp3,F2-GMS-1651C 03:29.16-03:31.80
1686,2,1651,35,GLOSSIKA-ENZS-F2-GMS-1651C.mp3,215.292,218.304,3.012,media/ZS_F2_1686.mp3,F2-GMS-1651C 03:35.29-03:38.30
1687,2,1651,36,GLOSSIKA-ENZS-F2-GMS-1651C.mp3,221.513,225.736,4.222,media/ZS_F2_1687.mp3,F2-GMS-1651C 03:41.51-03:45.74
1688,2,1651,37,GLOSSIKA-ENZS-F2-GMS-1651C.mp3,229.060,231.843,2.783,media/ZS_F2_1688.mp3,F2-GMS-1651C 03:49.06-03:51.84
1689,2,1651,38,GLOSSIKA-ENZS-F2-GMS-1651C.mp3,234.985,238.559,3.574,media/ZS_F2_1689.mp3,F2-GMS-1651C 03:54.99-03:58.56
1690,2,1651,39,GLOSSIKA-ENZS-F2-GMS-1651C.mp3,241.834,243.876,2.043,media/ZS_F2_1690.mp3,F2-GMS-1651C 04:01.83-04:03.88
1691,2,1651,40,GLOSSIKA-ENZS-F2-GMS-1651C.mp3,247.124,251.944,4.821,media/ZS_F2_1691.mp3,F2-GMS-1651C 04:07.12-04:11.94
1692,2,1651,41,GLOSSIKA-ENZS-F2-GMS-1651C.mp3,255.298,259.426,4.129,media/ZS_F2_1692.mp3,F2-GMS-1651C 04:15.30-04:19.43
1693,2,1651,42,GLOSSIKA-ENZS-F2-GMS-1651C.mp3,262.647,266.154,3.507,media/ZS_F2_1693.mp3,F2-GMS-1651C 04:22.65-04:26.15
1694,2,1651,43,GLOSSIKA-ENZS-F2-GMS-1651C.mp3,269.316,273.827,4.511,media/ZS_F2_1694.mp3,F2-GMS-1651C 04:29.32-04:33.83
1695,2,1651,44,GLOSSIKA-ENZS-F2-GMS-1651C.mp3,277.124,281.118,3.995,media/ZS_F2_1695.mp3,F2-GMS-1651C 04:37.12-04:41.12
1696,2,1651,45,GLOSSIKA-ENZS-F2-GMS-1651C.mp3,284.319,286.539,2.220,media/ZS_F2_1696.mp3,F2-GMS-1651C 04:44.32-04:46.54
1697,2,1651,46,GLOSSIKA-ENZS-F2-GMS-1651C.mp3,289.769,291.896,2.127,media/ZS_F2_1697.mp3,F2-GMS-1651C 04:49.77-04:51.90
1698,2,1651,47,GLOSSIKA-ENZS-F2-GMS-1651C.mp3,295.243,297.760,2.516,media/ZS_F2_1698.mp3,F2-GMS-1651C 04:55.24-04:57.76
1699,2,1651,48,GLOSSIKA-ENZS-F2-GMS-1651C.mp3,301.004,304.253,3.249,media/ZS_F2_1699.mp3,F2-GMS-1651C 05:01.00-05:04.25
1700,2,1651,49,GLOSSIKA-ENZS-F2-GMS-1651C.mp3,307.440,309.091,1.651,media/ZS_F2_1700.mp3,F2-GMS-1651C 05:07.44-05:09.09
1701,2,1701,0,GLOSSIKA-ENZS-F2-GMS-1701C.mp3,6.779,10.070,3.291,media/ZS_F2_1701.mp3,F2-GMS-1701C 00:06.78-00:10.07
1702,2,1701,1,GLOSSIKA-ENZS-F2-GMS-1701C.mp3,13.249,15.325,2.076,media/ZS_F2_1702.mp3,F2-GMS-1701C 00:13.25-00:15.33
1703,2,1701,2,GLOSSIKA-ENZS-F2-GMS-1701C.mp3,18.508,21.164,2.657,media/ZS_F2_1703.mp3,F2-GMS-1701C 00:18.51-00:21.16
1704,2,1701,3,GLOSSIKA-ENZS-F2-GMS-1701C.mp3,24.478,28.539,4.062,media/ZS_F2_1704.mp3,F2-GMS-1701C 00:24.48-00:28.54
1705,2,1701,4,GLOSSIKA-ENZS-F2-GMS-1701C.mp3,31.806,36.357,4.551,media/ZS_F2_1705.mp3,F2-GMS-1701C 00:31.81-00:36.36
1706,2,1701,5,GLOSSIKA-ENZS-F2-GMS-1701C.mp3,39.529,40.843,1.314,media/ZS_F2_1706.mp3,F2-GMS-1701C 00:39.53-00:40.84
1707,2,1701,6,GLOSSIKA-ENZS-F2-GMS-1701C.mp3,44.034,45.570,1.536,media/ZS_F2_1707.mp3,F2-GMS-1701C 00:44.03-00:45.57
1708,2,1701,7,GLOSSIKA-ENZS-F2-GMS-1701C.mp3,49.146,51.486,2.340,media/ZS_F2_1708.mp3,F2-GMS-1701C 00:49.15-00:51.49
1709,2,1701,8,GLOSSIKA-ENZS-F2-GMS-1701C.mp3,54.837,57.987,3.150,media/ZS_F2_1709.mp3,F2-GMS-1701C 00:54.84-00:57.99
1710,2,1701,9,GLOSSIKA-ENZS-F2-GMS-1701C.mp3,61.273,64.518,3.245,media/ZS_F2_1710.mp3,F2-GMS-1701C 01:01.27-01:04.52
1711,2,1701,10,GLOSSIKA-ENZS-F2-GMS-1701C.mp3,67.879,70.040,2.161,media/ZS_F2_1711.mp3,F2-GMS-1701C 01:07.88-01:10.04
1712,2,1701,11,GLOSSIKA-ENZS-F2-GMS-1701C.mp3,73.353,75.958,2.604,media/ZS_F2_1712.mp3,F2-GMS-1701C 01:13.35-01:15.96
1713,2,1701,12,GLOSSIKA-ENZS-F2-GMS-1701C.mp3,79.117,81.486,2.370,media/ZS_F2_1713.mp3,F2-GMS-1701C 01:19.12-01:21.49
1714,2,1701,13,GLOSSIKA-ENZS-F2-GMS-1701C.mp3,84.698,88.570,3.871,media/ZS_F2_1714.mp3,F2-GMS-1701C 01:24.70-01:28.57
1715,2,1701,14,GLOSSIKA-ENZS-F2-GMS-1701C.mp3,91.984,96.672,4.689,media/ZS_F2_1715.mp3,F2-GMS-1701C 01:31.98-01:36.67
1716,2,1701,15,GLOSSIKA-ENZS-F2-GMS-1701C.mp3,99.737,102.914,3.178,media/ZS_F2_1716.mp3,F2-GMS-1701C 01:39.74-01:42.91
1717,2,1701,16,GLOSSIKA-ENZS-F2-GMS-1701C.mp3,106.148,108.378,2.230,media/ZS_F2_1717.mp3,F2-GMS-1701C 01:46.15-01:48.38
1718,2,1701,17,GLOSSIKA-ENZS-F2-GMS-1701C.mp3,111.613,114.731,3.118,media/ZS_F2_1718.mp3,F2-GMS-1701C 01:51.61-01:54.73
1719,2,1701,18,GLOSSIKA-ENZS-F2-GMS-1701C.mp3,118.050,120.443,2.393,media/ZS_F2_1719.mp3,F2-GMS-1701C 01:58.05-02:00.44
1720,2,1701,19,GLOSSIKA-ENZS-F2-GMS-1701C.mp3,123.662,126.468,2.806,media/ZS_F2_1720.mp3,F2-GMS-1701C 02:03.66-02:06.47
1721,2,1701,20,GLOSSIKA-ENZS-F2-GMS-1701C.mp3,129.674,133.243,3.570,media/ZS_F2_1721.mp3,F2-GMS-1701C 02:09.67-02:13.24
1722,2,1701,21,GLOSSIKA-ENZS-F2-GMS-1701C.mp3,136.560,138.482,1.922,media/ZS_F2_1722.mp3,F2-GMS-1701C 02:16.56-02:18.48
1723,2,1701,22,GLOSSIKA-ENZS-F2-GMS-1701C.mp3,141.664,144.975,3.311,media/ZS_F2_1723.mp3,F2-GMS-1701C 02:21.66-02:24.97
1724,2,1701,23,GLOSSIKA-ENZS-F2-GMS-1701C.mp3,148.394,151.843,3.449,media/ZS_F2_1724.mp3,F2-GMS-1701C 02:28.39-02:31.84
1725,2,1701,24,GLOSSIKA-ENZS-F2-GMS-1701C.mp3,155.251,158.714,3.463,media/ZS_F2_1725.mp3,F2-GMS-1701C 02:35.25-02:38.71
1726,2,1701,25,GLOSSIKA-ENZS-F2-GMS-1701C.mp3,161.911,164.919,3.009,media/ZS_F2_1726.mp3,F2-GMS-1701C 02:41.91-02:44.92
1727,2,1701,26,GLOSSIKA-ENZS-F2-GMS-1701C.mp3,168.177,170.956,2.779,media/ZS_F2_1727.mp3,F2-GMS-1701C 02:48.18-02:50.96
1728,2,1701,27,GLOSSIKA-ENZS-F2-GMS-1701C.mp3,174.201,178.984,4.783,media/ZS_F2_1728.mp3,F2-GMS-1701C 02:54.20-02:58.98
1729,2,1701,28,GLOSSIKA-ENZS-F2-GMS-1701C.mp3,182.177,188.542,6.365,media/ZS_F2_1729.mp3,F2-GMS-1701C 03:02.18-03:08.54
1730,2,1701,29,GLOSSIKA-ENZS-F2-GMS-1701C.mp3,191.783,195.184,3.401,media/ZS_F2_1730.mp3,F2-GMS-1701C 03:11.78-03:15.18
1731,2,1701,30,GLOSSIKA-ENZS-F2-GMS-1701C.mp3,198.469,201.296,2.826,media/ZS_F2_1731.mp3,F2-GMS-1701C 03:18.47-03:21.30
1732,2,1701,31,GLOSSIKA-ENZS-F2-GMS-1701C.mp3,204.683,206.537,1.854,media/ZS_F2_1732.mp3,F2-GMS-1701C 03:24.68-03:26.54
1733,2,1701,32,GLOSSIKA-ENZS-F2-GMS-1701C.mp3,209.922,212.900,2.978,media/ZS_F2_1733.mp3,F2-GMS-1701C 03:29.92-03:32.90
1734,2,1701,33,GLOSSIKA-ENZS-F2-GMS-1701C.mp3,216.164,220.325,4.161,media/ZS_F2_1734.mp3,F2-GMS-1701C 03:36.16-03:40.32
1735,2,1701,34,GLOSSIKA-ENZS-F2-GMS-1701C.mp3,223.664,226.090,2.426,media/ZS_F2_1735.mp3,F2-GMS-1701C 03:43.66-03:46.09
1736,2,1701,35,GLOSSIKA-ENZS-F2-GMS-1701C.mp3,229.332,231.272,1.940,media/ZS_F2_1736.mp3,F2-GMS-1701C 03:49.33-03:51.27
1737,2,1701,36,GLOSSIKA-ENZS-F2-GMS-1701C.mp3,234.504,237.964,3.460,media/ZS_F2_1737.mp3,F2-GMS-1701C 03:54.50-03:57.96
1738,2,1701,37,GLOSSIKA-ENZS-F2-GMS-1701C.mp3,241.139,243.996,2.856,media/ZS_F2_1738.mp3,F2-GMS-1701C 04:01.14-04:04.00
1739,2,1701,38,GLOSSIKA-ENZS-F2-GMS-1701C.mp3,247.314,249.130,1.817,media/ZS_F2_1739.mp3,F2-GMS-1701C 04:07.31-04:09.13
1740,2,1701,39,GLOSSIKA-ENZS-F2-GMS-1701C.mp3,252.308,254.227,1.919,media/ZS_F2_1740.mp3,F2-GMS-1701C 04:12.31-04:14.23
1741,2,1701,40,GLOSSIKA-ENZS-F2-GMS-1701C.mp3,257.323,259.297,1.973,media/ZS_F2_1741.mp3,F2-GMS-1701C 04:17.32-04:19.30
1742,2,1701,41,GLOSSIKA-ENZS-F2-GMS-1701C.mp3,262.621,264.543,1.923,media/ZS_F2_1742.mp3,F2-GMS-1701C 04:22.62-04:24.54
1743,2,1701,42,GLOSSIKA-ENZS-F2-GMS-1701C.mp3,267.740,269.762,2.022,media/ZS_F2_1743.mp3,F2-GMS-1701C 04:27.74-04:29.76
1744,2,1701,43,GLOSSIKA-ENZS-F2-GMS-1701C.mp3,273.048,275.393,2.345,media/ZS_F2_1744.mp3,F2-GMS-1701C 04:33.05-04:35.39
1745,2,1701,44,GLOSSIKA-ENZS-F2-GMS-1701C.mp3,278.764,279.857,1.093,media/ZS_F2_1745.mp3,F2-GMS-1701C 04:38.76-04:39.86
1746,2,1701,45,GLOSSIKA-ENZS-F2-GMS-1701C.mp3,283.114,285.656,2.541,media/ZS_F2_1746.mp3,F2-GMS-1701C 04:43.11-04:45.66
1747,2,1701,46,GLOSSIKA-ENZS-F2-GMS-1701C.mp3,288.726,291.844,3.118,media/ZS_F2_1747.mp3,F2-GMS-1701C 04:48.73-04:51.84
1748,2,1701,47,GLOSSIKA-ENZS-F2-GMS-1701C.mp3,295.097,297.326,2.229,media/ZS_F2_1748.mp3,F2-GMS-1701C 04:55.10-04:57.33
1749,2,1701,48,GLOSSIKA-ENZS-F2-GMS-1701C.mp3,300.647,302.492,1.845,media/ZS_F2_1749.mp3,F2-GMS-1701C 05:00.65-05:02.49
1750,2,1701,49,GLOSSIKA-ENZS-F2-GMS-1701C.mp3,305.651,308.609,2.958,media/ZS_F2_1750.mp3,F2-GMS-1701C 05:05.65-05:08.61
1751,2,1751,0,GLOSSIKA-ENZS-F2-GMS-1751C.mp3,6.775,10.362,3.587,media/ZS_F2_1751.mp3,F2-GMS-1751C 00:06.77-00:10.36
1752,2,1751,1,GLOSSIKA-ENZS-F2-GMS-1751C.mp3,13.638,16.936,3.298,media/ZS_F2_1752.mp3,F2-GMS-1751C 00:13.64-00:16.94
1753,2,1751,2,GLOSSIKA-ENZS-F2-GMS-1751C.mp3,20.108,23.315,3.206,media/ZS_F2_1753.mp3,F2-GMS-1751C 00:20.11-00:23.31
1754,2,1751,3,GLOSSIKA-ENZS-F2-GMS-1751C.mp3,26.642,29.532,2.890,media/ZS_F2_1754.mp3,F2-GMS-1751C 00:26.64-00:29.53
1755,2,1751,4,GLOSSIKA-ENZS-F2-GMS-1751C.mp3,32.723,35.904,3.181,media/ZS_F2_1755.mp3,F2-GMS-1751C 00:32.72-00:35.90
1756,2,1751,5,GLOSSIKA-ENZS-F2-GMS-1751C.mp3,39.142,42.510,3.368,media/ZS_F2_1756.mp3,F2-GMS-1751C 00:39.14-00:42.51
1757,2,1751,6,GLOSSIKA-ENZS-F2-GMS-1751C.mp3,45.696,48.667,2.972,media/ZS_F2_1757.mp3,F2-GMS-1751C 00:45.70-00:48.67
1758,2,1751,7,GLOSSIKA-ENZS-F2-GMS-1751C.mp3,51.946,53.906,1.960,media/ZS_F2_1758.mp3,F2-GMS-1751C 00:51.95-00:53.91
1759,2,1751,8,GLOSSIKA-ENZS-F2-GMS-1751C.mp3,57.371,59.804,2.433,media/ZS_F2_1759.mp3,F2-GMS-1751C 00:57.37-00:59.80
1760,2,1751,9,GLOSSIKA-ENZS-F2-GMS-1751C.mp3,62.938,65.715,2.777,media/ZS_F2_1760.mp3,F2-GMS-1751C 01:02.94-01:05.71
1761,2,1751,10,GLOSSIKA-ENZS-F2-GMS-1751C.mp3,68.894,71.508,2.614,media/ZS_F2_1761.mp3,F2-GMS-1751C 01:08.89-01:11.51
1762,2,1751,11,GLOSSIKA-ENZS-F2-GMS-1751C.mp3,74.777,78.106,3.329,media/ZS_F2_1762.mp3,F2-GMS-1751C 01:14.78-01:18.11
1763,2,1751,12,GLOSSIKA-ENZS-F2-GMS-1751C.mp3,81.265,85.117,3.852,media/ZS_F2_1763.mp3,F2-GMS-1751C 01:21.27-01:25.12
1764,2,1751,13,GLOSSIKA-ENZS-F2-GMS-1751C.mp3,88.375,92.673,4.297,media/ZS_F2_1764.mp3,F2-GMS-1751C 01:28.38-01:32.67
1765,2,1751,14,GLOSSIKA-ENZS-F2-GMS-1751C.mp3,95.968,98.965,2.996,media/ZS_F2_1765.mp3,F2-GMS-1751C 01:35.97-01:38.96
1766,2,1751,15,GLOSSIKA-ENZS-F2-GMS-1751C.mp3,102.350,106.152,3.802,media/ZS_F2_1766.mp3,F2-GMS-1751C 01:42.35-01:46.15
1767,2,1751,16,GLOSSIKA-ENZS-F2-GMS-1751C.mp3,109.652,113.750,4.097,media/ZS_F2_1767.mp3,F2-GMS-1751C 01:49.65-01:53.75
1768,2,1751,17,GLOSSIKA-ENZS-F2-GMS-1751C.mp3,117.273,121.726,4.453,media/ZS_F2_1768.mp3,F2-GMS-1751C 01:57.27-02:01.73
1769,2,1751,18,GLOSSIKA-ENZS-F2-GMS-1751C.mp3,124.987,130.144,5.157,media/ZS_F2_1769.mp3,F2-GMS-1751C 02:04.99-02:10.14
1770,2,1751,19,GLOSSIKA-ENZS-F2-GMS-1751C.mp3,133.450,136.278,2.828,media/ZS_F2_1770.mp3,F2-GMS-1751C 02:13.45-02:16.28
1771,2,1751,20,GLOSSIKA-ENZS-F2-GMS-1751C.mp3,139.407,142.136,2.729,media/ZS_F2_1771.mp3,F2-GMS-1751C 02:19.41-02:22.14
1772,2,1751,21,GLOSSIKA-ENZS-F2-GMS-1751C.mp3,145.479,147.862,2.383,media/ZS_F2_1772.mp3,F2-GMS-1751C 02:25.48-02:27.86
1773,2,1751,22,GLOSSIKA-ENZS-F2-GMS-1751C.mp3,151.209,155.651,4.442,media/ZS_F2_1773.mp3,F2-GMS-1751C 02:31.21-02:35.65
1774,2,1751,23,GLOSSIKA-ENZS-F2-GMS-1751C.mp3,159.065,161.357,2.292,media/ZS_F2_1774.mp3,F2-GMS-1751C 02:39.06-02:41.36
1775,2,1751,24,GLOSSIKA-ENZS-F2-GMS-1751C.mp3,164.691,166.980,2.289,media/ZS_F2_1775.mp3,F2-GMS-1751C 02:44.69-02:46.98
1776,2,1751,25,GLOSSIKA-ENZS-F2-GMS-1751C.mp3,170.280,172.675,2.396,media/ZS_F2_1776.mp3,F2-GMS-1751C 02:50.28-02:52.68
1777,2,1751,26,GLOSSIKA-ENZS-F2-GMS-1751C.mp3,175.943,178.322,2.379,media/ZS_F2_1777.mp3,F2-GMS-1751C 02:55.94-02:58.32
1778,2,1751,27,GLOSSIKA-ENZS-F2-GMS-1751C.mp3,181.764,184.633,2.869,media/ZS_F2_1778.mp3,F2-GMS-1751C 03:01.76-03:04.63
1779,2,1751,28,GLOSSIKA-ENZS-F2-GMS-1751C.mp3,187.867,190.931,3.064,media/ZS_F2_1779.mp3,F2-GMS-1751C 03:07.87-03:10.93
1780,2,1751,29,GLOSSIKA-ENZS-F2-GMS-1751C.mp3,194.237,196.353,2.116,media/ZS_F2_1780.mp3,F2-GMS-1751C 03:14.24-03:16.35
1781,2,1751,30,GLOSSIKA-ENZS-F2-GMS-1751C.mp3,199.558,202.163,2.605,media/ZS_F2_1781.mp3,F2-GMS-1751C 03:19.56-03:22.16
1782,2,1751,31,GLOSSIKA-ENZS-F2-GMS-1751C.mp3,205.630,208.518,2.888,media/ZS_F2_1782.mp3,F2-GMS-1751C 03:25.63-03:28.52
1783,2,1751,32,GLOSSIKA-ENZS-F2-GMS-1751C.mp3,211.989,214.745,2.756,media/ZS_F2_1783.mp3,F2-GMS-1751C 03:31.99-03:34.75
1784,2,1751,33,GLOSSIKA-ENZS-F2-GMS-1751C.mp3,218.179,220.767,2.588,media/ZS_F2_1784.mp3,F2-GMS-1751C 03:38.18-03:40.77
1785,2,1751,34,GLOSSIKA-ENZS-F2-GMS-1751C.mp3,224.337,227.498,3.161,media/ZS_F2_1785.mp3,F2-GMS-1751C 03:44.34-03:47.50
1786,2,1751,35,GLOSSIKA-ENZS-F2-GMS-1751C.mp3,230.777,233.664,2.888,media/ZS_F2_1786.mp3,F2-GMS-1751C 03:50.78-03:53.66
1787,2,1751,36,GLOSSIKA-ENZS-F2-GMS-1751C.mp3,236.879,240.180,3.301,media/ZS_F2_1787.mp3,F2-GMS-1751C 03:56.88-04:00.18
1788,2,1751,37,GLOSSIKA-ENZS-F2-GMS-1751C.mp3,243.375,246.643,3.268,media/ZS_F2_1788.mp3,F2-GMS-1751C 04:03.38-04:06.64
1789,2,1751,38,GLOSSIKA-ENZS-F2-GMS-1751C.mp3,249.994,252.678,2.684,media/ZS_F2_1789.mp3,F2-GMS-1751C 04:09.99-04:12.68
1790,2,1751,39,GLOSSIKA-ENZS-F2-GMS-1751C.mp3,255.944,258.982,3.038,media/ZS_F2_1790.mp3,F2-GMS-1751C 04:15.94-04:18.98
1791,2,1751,40,GLOSSIKA-ENZS-F2-GMS-1751C.mp3,262.122,266.458,4.336,media/ZS_F2_1791.mp3,F2-GMS-1751C 04:22.12-04:26.46
1792,2,1751,41,GLOSSIKA-ENZS-F2-GMS-1751C.mp3,269.627,272.580,2.953,media/ZS_F2_1792.mp3,F2-GMS-1751C 04:29.63-04:32.58
1793,2,1751,42,GLOSSIKA-ENZS-F2-GMS-1751C.mp3,276.121,279.368,3.247,media/ZS_F2_1793.mp3,F2-GMS-1751C 04:36.12-04:39.37
1794,2,1751,43,GLOSSIKA-ENZS-F2-GMS-1751C.mp3,282.692,284.947,2.255,media/ZS_F2_1794.mp3,F2-GMS-1751C 04:42.69-04:44.95
1795,2,1751,44,GLOSSIKA-ENZS-F2-GMS-1751C.mp3,288.462,291.661,3.199,media/ZS_F2_1795.mp3,F2-GMS-1751C 04:48.46-04:51.66
1796,2,1751,45,GLOSSIKA-ENZS-F2-GMS-1751C.mp3,294.851,297.388,2.537,media/ZS_F2_1796.mp3,F2-GMS-1751C 04:54.85-04:57.39
1797,2,1751,46,GLOSSIKA-ENZS-F2-GMS-1751C.mp3,300.954,303.206,2.252,media/ZS_F2_1797.mp3,F2-GMS-1751C 05:00.95-05:03.21
1798,2,1751,47,GLOSSIKA-ENZS-F2-GMS-1751C.mp3,306.330,308.739,2.409,media/ZS_F2_1798.mp3,F2-GMS-1751C 05:06.33-05:08.74
1799,2,1751,48,GLOSSIKA-ENZS-F2-GMS-1751C.mp3,312.159,314.823,2.664,media/ZS_F2_1799.mp3,F2-GMS-1751C 05:12.16-05:14.82
1800,2,1751,49,GLOSSIKA-ENZS-F2-GMS-1751C.mp3,318.011,321.355,3.344,media/ZS_F2_1800.mp3,F2-GMS-1751C 05:18.01-05:21.35
1801,2,1801,0,GLOSSIKA-ENZS-F2-GMS-1801C.mp3,6.942,10.828,3.886,media/ZS_F2_1801.mp3,F2-GMS-1801C 00:06.94-00:10.83
1802,2,1801,1,GLOSSIKA-ENZS-F2-GMS-1801C.mp3,14.000,16.672,2.672,media/ZS_F2_1802.mp3,F2-GMS-1801C 00:14.00-00:16.67
1803,2,1801,2,GLOSSIKA-ENZS-F2-GMS-1801C.mp3,19.837,22.351,2.513,media/ZS_F2_1803.mp3,F2-GMS-1801C 00:19.84-00:22.35
1804,2,1801,3,GLOSSIKA-ENZS-F2-GMS-1801C.mp3,25.583,28.166,2.583,media/ZS_F2_1804.mp3,F2-GMS-1801C 00:25.58-00:28.17
1805,2,1801,4,GLOSSIKA-ENZS-F2-GMS-1801C.mp3,31.447,34.301,2.853,media/ZS_F2_1805.mp3,F2-GMS-1801C 00:31.45-00:34.30
1806,2,1801,5,GLOSSIKA-ENZS-F2-GMS-1801C.mp3,37.742,42.706,4.964,media/ZS_F2_1806.mp3,F2-GMS-1801C 00:37.74-00:42.71
1807,2,1801,6,GLOSSIKA-ENZS-F2-GMS-1801C.mp3,45.875,50.193,4.318,media/ZS_F2_1807.mp3,F2-GMS-1801C 00:45.87-00:50.19
1808,2,1801,7,GLOSSIKA-ENZS-F2-GMS-1801C.mp3,53.267,57.510,4.244,media/ZS_F2_1808.mp3,F2-GMS-1801C 00:53.27-00:57.51
1809,2,1801,8,GLOSSIKA-ENZS-F2-GMS-1801C.mp3,60.717,65.170,4.453,media/ZS_F2_1809.mp3,F2-GMS-1801C 01:00.72-01:05.17
1810,2,1801,9,GLOSSIKA-ENZS-F2-GMS-1801C.mp3,68.455,71.760,3.305,media/ZS_F2_1810.mp3,F2-GMS-1801C 01:08.46-01:11.76
1811,2,1801,10,GLOSSIKA-ENZS-F2-GMS-1801C.mp3,74.974,77.155,2.181,media/ZS_F2_1811.mp3,F2-GMS-1801C 01:14.97-01:17.15
1812,2,1801,11,GLOSSIKA-ENZS-F2-GMS-1801C.mp3,80.512,83.029,2.517,media/ZS_F2_1812.mp3,F2-GMS-1801C 01:20.51-01:23.03
1813,2,1801,12,GLOSSIKA-ENZS-F2-GMS-1801C.mp3,86.398,88.698,2.300,media/ZS_F2_1813.mp3,F2-GMS-1801C 01:26.40-01:28.70
1814,2,1801,13,GLOSSIKA-ENZS-F2-GMS-1801C.mp3,92.008,94.682,2.674,media/ZS_F2_1814.mp3,F2-GMS-1801C 01:32.01-01:34.68
1815,2,1801,14,GLOSSIKA-ENZS-F2-GMS-1801C.mp3,97.847,99.991,2.143,media/ZS_F2_1815.mp3,F2-GMS-1801C 01:37.85-01:39.99
1816,2,1801,15,GLOSSIKA-ENZS-F2-GMS-1801C.mp3,103.319,106.078,2.759,media/ZS_F2_1816.mp3,F2-GMS-1801C 01:43.32-01:46.08
1817,2,1801,16,GLOSSIKA-ENZS-F2-GMS-1801C.mp3,109.469,112.628,3.159,media/ZS_F2_1817.mp3,F2-GMS-1801C 01:49.47-01:52.63
1818,2,1801,17,GLOSSIKA-ENZS-F2-GMS-1801C.mp3,116.030,119.328,3.298,media/ZS_F2_1818.mp3,F2-GMS-1801C 01:56.03-01:59.33
1819,2,1801,18,GLOSSIKA-ENZS-F2-GMS-1801C.mp3,122.798,125.653,2.855,media/ZS_F2_1819.mp3,F2-GMS-1801C 02:02.80-02:05.65
1820,2,1801,19,GLOSSIKA-ENZS-F2-GMS-1801C.mp3,128.950,131.983,3.033,media/ZS_F2_1820.mp3,F2-GMS-1801C 02:08.95-02:11.98
1821,2,1801,20,GLOSSIKA-ENZS-F2-GMS-1801C.mp3,135.347,137.768,2.421,media/ZS_F2_1821.mp3,F2-GMS-1801C 02:15.35-02:17.77
1822,2,1801,21,GLOSSIKA-ENZS-F2-GMS-1801C.mp3,141.091,144.472,3.381,media/ZS_F2_1822.mp3,F2-GMS-1801C 02:21.09-02:24.47
1823,2,1801,22,GLOSSIKA-ENZS-F2-GMS-1801C.mp3,147.723,151.375,3.652,media/ZS_F2_1823.mp3,F2-GMS-1801C 02:27.72-02:31.37
1824,2,1801,23,GLOSSIKA-ENZS-F2-GMS-1801C.mp3,154.654,157.614,2.961,media/ZS_F2_1824.mp3,F2-GMS-1801C 02:34.65-02:37.61
1825,2,1801,24,GLOSSIKA-ENZS-F2-GMS-1801C.mp3,160.854,164.396,3.542,media/ZS_F2_1825.mp3,F2-GMS-1801C 02:40.85-02:44.40
1826,2,1801,25,GLOSSIKA-ENZS-F2-GMS-1801C.mp3,167.763,170.605,2.843,media/ZS_F2_1826.mp3,F2-GMS-1801C 02:47.76-02:50.61
1827,2,1801,26,GLOSSIKA-ENZS-F2-GMS-1801C.mp3,173.963,177.948,3.985,media/ZS_F2_1827.mp3,F2-GMS-1801C 02:53.96-02:57.95
1828,2,1801,27,GLOSSIKA-ENZS-F2-GMS-1801C.mp3,181.203,184.270,3.068,media/ZS_F2_1828.mp3,F2-GMS-1801C 03:01.20-03:04.27
1829,2,1801,28,GLOSSIKA-ENZS-F2-GMS-1801C.mp3,187.470,190.671,3.202,media/ZS_F2_1829.mp3,F2-GMS-1801C 03:07.47-03:10.67
1830,2,1801,29,GLOSSIKA-ENZS-F2-GMS-1801C.mp3,194.127,198.019,3.892,media/ZS_F2_1830.mp3,F2-GMS-1801C 03:14.13-03:18.02
1831,2,1801,30,GLOSSIKA-ENZS-F2-GMS-1801C.mp3,201.420,204.418,2.999,media/ZS_F2_1831.mp3,F2-GMS-1801C 03:21.42-03:24.42
1832,2,1801,31,GLOSSIKA-ENZS-F2-GMS-1801C.mp3,207.649,210.766,3.117,media/ZS_F2_1832.mp3,F2-GMS-1801C 03:27.65-03:30.77
1833,2,1801,32,GLOSSIKA-ENZS-F2-GMS-1801C.mp3,214.060,217.323,3.263,media/ZS_F2_1833.mp3,F2-GMS-1801C 03:34.06-03:37.32
1834,2,1801,33,GLOSSIKA-ENZS-F2-GMS-1801C.mp3,220.582,224.415,3.833,media/ZS_F2_1834.mp3,F2-GMS-1801C 03:40.58-03:44.42
1835,2,1801,34,GLOSSIKA-ENZS-F2-GMS-1801C.mp3,227.691,231.057,3.366,media/ZS_F2_1835.mp3,F2-GMS-1801C 03:47.69-03:51.06
1836,2,1801,35,GLOSSIKA-ENZS-F2-GMS-1801C.mp3,234.249,237.909,3.660,media/ZS_F2_1836.mp3,F2-GMS-1801C 03:54.25-03:57.91
1837,2,1801,36,GLOSSIKA-ENZS-F2-GMS-1801C.mp3,241.097,244.605,3.508,media/ZS_F2_1837.mp3,F2-GMS-1801C 04:01.10-04:04.60
1838,2,1801,37,GLOSSIKA-ENZS-F2-GMS-1801C.mp3,247.904,250.019,2.115,media/ZS_F2_1838.mp3,F2-GMS-1801C 04:07.90-04:10.02
1839,2,1801,38,GLOSSIKA-ENZS-F2-GMS-1801C.mp3,250.545,251.383,0.839,media/ZS_F2_1839.mp3,F2-GMS-1801C 04:10.54-04:11.38
1840,2,1801,39,GLOSSIKA-ENZS-F2-GMS-1801C.mp3,254.485,258.202,3.717,media/ZS_F2_1840.mp3,F2-GMS-1801C 04:14.49-04:18.20
1841,2,1801,40,GLOSSIKA-ENZS-F2-GMS-1801C.mp3,261.444,264.355,2.911,media/ZS_F2_1841.mp3,F2-GMS-1801C 04:21.44-04:24.36
1842,2,1801,41,GLOSSIKA-ENZS-F2-GMS-1801C.mp3,267.691,271.633,3.942,media/ZS_F2_1842.mp3,F2-GMS-1801C 04:27.69-04:31.63
1843,2,1801,42,GLOSSIKA-ENZS-F2-GMS-1801C.mp3,274.766,278.496,3.731,media/ZS_F2_1843.mp3,F2-GMS-1801C 04:34.77-04:38.50
1844,2,1801,43,GLOSSIKA-ENZS-F2-GMS-1801C.mp3,281.598,285.299,3.701,media/ZS_F2_1844.mp3,F2-GMS-1801C 04:41.60-04:45.30
1845,2,1801,44,GLOSSIKA-ENZS-F2-GMS-1801C.mp3,288.634,291.924,3.289,media/ZS_F2_1845.mp3,F2-GMS-1801C 04:48.63-04:51.92
1846,2,1801,45,GLOSSIKA-ENZS-F2-GMS-1801C.mp3,295.073,298.492,3.419,media/ZS_F2_1846.mp3,F2-GMS-1801C 04:55.07-04:58.49
1847,2,1801,46,GLOSSIKA-ENZS-F2-GMS-1801C.mp3,301.857,305.397,3.540,media/ZS_F2_1847.mp3,F2-GMS-1801C 05:01.86-05:05.40
1848,2,1801,47,GLOSSIKA-ENZS-F2-GMS-1801C.mp3,308.486,312.392,3.906,media/ZS_F2_1848.mp3,F2-GMS-1801C 05:08.49-05:12.39
1849,2,1801,48,GLOSSIKA-ENZS-F2-GMS-1801C.mp3,315.623,318.949,3.326,media/ZS_F2_1849.mp3,F2-GMS-1801C 05:15.62-05:18.95
1850,2,1801,49,GLOSSIKA-ENZS-F2-GMS-1801C.mp3,322.184,325.732,3.548,media/ZS_F2_1850.mp3,F2-GMS-1801C 05:22.18-05:25.73
1851,2,1851,0,GLOSSIKA-ENZS-F2-GMS-1851C.mp3,6.776,10.647,3.871,media/ZS_F2_1851.mp3,F2-GMS-1851C 00:06.78-00:10.65
1852,2,1851,1,GLOSSIKA-ENZS-F2-GMS-1851C.mp3,14.107,17.203,3.095,media/ZS_F2_1852.mp3,F2-GMS-1851C 00:14.11-00:17.20
1853,2,1851,2,GLOSSIKA-ENZS-F2-GMS-1851C.mp3,20.660,24.863,4.203,media/ZS_F2_1853.mp3,F2-GMS-1851C 00:20.66-00:24.86
1854,2,1851,3,GLOSSIKA-ENZS-F2-GMS-1851C.mp3,28.011,32.087,4.077,media/ZS_F2_1854.mp3,F2-GMS-1851C 00:28.01-00:32.09
1855,2,1851,4,GLOSSIKA-ENZS-F2-GMS-1851C.mp3,35.242,38.480,3.239,media/ZS_F2_1855.mp3,F2-GMS-1851C 00:35.24-00:38.48
1856,2,1851,5,GLOSSIKA-ENZS-F2-GMS-1851C.mp3,41.752,44.995,3.243,media/ZS_F2_1856.mp3,F2-GMS-1851C 00:41.75-00:44.99
1857,2,1851,6,GLOSSIKA-ENZS-F2-GMS-1851C.mp3,48.245,51.516,3.271,media/ZS_F2_1857.mp3,F2-GMS-1851C 00:48.25-00:51.52
1858,2,1851,7,GLOSSIKA-ENZS-F2-GMS-1851C.mp3,54.763,57.960,3.197,media/ZS_F2_1858.mp3,F2-GMS-1851C 00:54.76-00:57.96
1859,2,1851,8,GLOSSIKA-ENZS-F2-GMS-1851C.mp3,61.290,64.349,3.059,media/ZS_F2_1859.mp3,F2-GMS-1851C 01:01.29-01:04.35
1860,2,1851,9,GLOSSIKA-ENZS-F2-GMS-1851C.mp3,67.660,71.007,3.347,media/ZS_F2_1860.mp3,F2-GMS-1851C 01:07.66-01:11.01
1861,2,1851,10,GLOSSIKA-ENZS-F2-GMS-1851C.mp3,74.267,78.589,4.322,media/ZS_F2_1861.mp3,F2-GMS-1851C 01:14.27-01:18.59
1862,2,1851,11,GLOSSIKA-ENZS-F2-GMS-1851C.mp3,82.083,86.592,4.509,media/ZS_F2_1862.mp3,F2-GMS-1851C 01:22.08-01:26.59
1863,2,1851,12,GLOSSIKA-ENZS-F2-GMS-1851C.mp3,89.944,92.993,3.048,media/ZS_F2_1863.mp3,F2-GMS-1851C 01:29.94-01:32.99
1864,2,1851,13,GLOSSIKA-ENZS-F2-GMS-1851C.mp3,96.314,99.777,3.463,media/ZS_F2_1864.mp3,F2-GMS-1851C 01:36.31-01:39.78
1865,2,1851,14,GLOSSIKA-ENZS-F2-GMS-1851C.mp3,102.842,107.339,4.498,media/ZS_F2_1865.mp3,F2-GMS-1851C 01:42.84-01:47.34
1866,2,1851,15,GLOSSIKA-ENZS-F2-GMS-1851C.mp3,110.674,113.359,2.685,media/ZS_F2_1866.mp3,F2-GMS-1851C 01:50.67-01:53.36
1867,2,1851,16,GLOSSIKA-ENZS-F2-GMS-1851C.mp3,116.569,119.924,3.355,media/ZS_F2_1867.mp3,F2-GMS-1851C 01:56.57-01:59.92
1868,2,1851,17,GLOSSIKA-ENZS-F2-GMS-1851C.mp3,123.214,125.660,2.446,media/ZS_F2_1868.mp3,F2-GMS-1851C 02:03.21-02:05.66
1869,2,1851,18,GLOSSIKA-ENZS-F2-GMS-1851C.mp3,129.039,132.279,3.239,media/ZS_F2_1869.mp3,F2-GMS-1851C 02:09.04-02:12.28
1870,2,1851,19,GLOSSIKA-ENZS-F2-GMS-1851C.mp3,135.582,139.609,4.027,media/ZS_F2_1870.mp3,F2-GMS-1851C 02:15.58-02:19.61
1871,2,1851,20,GLOSSIKA-ENZS-F2-GMS-1851C.mp3,142.869,146.572,3.703,media/ZS_F2_1871.mp3,F2-GMS-1851C 02:22.87-02:26.57
1872,2,1851,21,GLOSSIKA-ENZS-F2-GMS-1851C.mp3,149.839,153.686,3.847,media/ZS_F2_1872.mp3,F2-GMS-1851C 02:29.84-02:33.69
1873,2,1851,22,GLOSSIKA-ENZS-F2-GMS-1851C.mp3,156.974,159.685,2.712,media/ZS_F2_1873.mp3,F2-GMS-1851C 02:36.97-02:39.69
1874,2,1851,23,GLOSSIKA-ENZS-F2-GMS-1851C.mp3,162.997,167.640,4.643,media/ZS_F2_1874.mp3,F2-GMS-1851C 02:43.00-02:47.64
1875,2,1851,24,GLOSSIKA-ENZS-F2-GMS-1851C.mp3,170.872,174.200,3.328,media/ZS_F2_1875.mp3,F2-GMS-1851C 02:50.87-02:54.20
1876,2,1851,25,GLOSSIKA-ENZS-F2-GMS-1851C.mp3,177.406,181.020,3.614,media/ZS_F2_1876.mp3,F2-GMS-1851C 02:57.41-03:01.02
1877,2,1851,26,GLOSSIKA-ENZS-F2-GMS-1851C.mp3,184.271,189.236,4.965,media/ZS_F2_1877.mp3,F2-GMS-1851C 03:04.27-03:09.24
1878,2,1851,27,GLOSSIKA-ENZS-F2-GMS-1851C.mp3,192.449,196.764,4.315,media/ZS_F2_1878.mp3,F2-GMS-1851C 03:12.45-03:16.76
1879,2,1851,28,GLOSSIKA-ENZS-F2-GMS-1851C.mp3,200.063,203.128,3.066,media/ZS_F2_1879.mp3,F2-GMS-1851C 03:20.06-03:23.13
1880,2,1851,29,GLOSSIKA-ENZS-F2-GMS-1851C.mp3,206.284,209.222,2.938,media/ZS_F2_1880.mp3,F2-GMS-1851C 03:26.28-03:29.22
1881,2,1851,30,GLOSSIKA-ENZS-F2-GMS-1851C.mp3,212.736,215.400,2.664,media/ZS_F2_1881.mp3,F2-GMS-1851C 03:32.74-03:35.40
1882,2,1851,31,GLOSSIKA-ENZS-F2-GMS-1851C.mp3,218.658,221.151,2.493,media/ZS_F2_1882.mp3,F2-GMS-1851C 03:38.66-03:41.15
1883,2,1851,32,GLOSSIKA-ENZS-F2-GMS-1851C.mp3,224.437,227.984,3.547,media/ZS_F2_1883.mp3,F2-GMS-1851C 03:44.44-03:47.98
1884,2,1851,33,GLOSSIKA-ENZS-F2-GMS-1851C.mp3,231.192,233.948,2.756,media/ZS_F2_1884.mp3,F2-GMS-1851C 03:51.19-03:53.95
1885,2,1851,34,GLOSSIKA-ENZS-F2-GMS-1851C.mp3,237.350,241.686,4.336,media/ZS_F2_1885.mp3,F2-GMS-1851C 03:57.35-04:01.69
1886,2,1851,35,GLOSSIKA-ENZS-F2-GMS-1851C.mp3,244.886,248.567,3.681,media/ZS_F2_1886.mp3,F2-GMS-1851C 04:04.89-04:08.57
1887,2,1851,36,GLOSSIKA-ENZS-F2-GMS-1851C.mp3,251.931,255.307,3.376,media/ZS_F2_1887.mp3,F2-GMS-1851C 04:11.93-04:15.31
1888,2,1851,37,GLOSSIKA-ENZS-F2-GMS-1851C.mp3,258.588,261.370,2.782,media/ZS_F2_1888.mp3,F2-GMS-1851C 04:18.59-04:21.37
1889,2,1851,38,GLOSSIKA-ENZS-F2-GMS-1851C.mp3,264.679,269.035,4.356,media/ZS_F2_1889.mp3,F2-GMS-1851C 04:24.68-04:29.04
1890,2,1851,39,GLOSSIKA-ENZS-F2-GMS-1851C.mp3,272.160,274.892,2.731,media/ZS_F2_1890.mp3,F2-GMS-1851C 04:32.16-04:34.89
1891,2,1851,40,GLOSSIKA-ENZS-F2-GMS-1851C.mp3,278.228,280.745,2.517,media/ZS_F2_1891.mp3,F2-GMS-1851C 04:38.23-04:40.75
1892,2,1851,41,GLOSSIKA-ENZS-F2-GMS-1851C.mp3,284.156,285.970,1.814,media/ZS_F2_1892.mp3,F2-GMS-1851C 04:44.16-04:45.97
1893,2,1851,42,GLOSSIKA-ENZS-F2-GMS-1851C.mp3,289.098,290.559,1.461,media/ZS_F2_1893.mp3,F2-GMS-1851C 04:49.10-04:50.56
1894,2,1851,43,GLOSSIKA-ENZS-F2-GMS-1851C.mp3,293.742,296.090,2.348,media/ZS_F2_1894.mp3,F2-GMS-1851C 04:53.74-04:56.09
1895,2,1851,44,GLOSSIKA-ENZS-F2-GMS-1851C.mp3,299.256,302.725,3.469,media/ZS_F2_1895.mp3,F2-GMS-1851C 04:59.26-05:02.72
1896,2,1851,45,GLOSSIKA-ENZS-F2-GMS-1851C.mp3,305.902,307.876,1.974,media/ZS_F2_1896.mp3,F2-GMS-1851C 05:05.90-05:07.88
1897,2,1851,46,GLOSSIKA-ENZS-F2-GMS-1851C.mp3,311.079,313.770,2.691,media/ZS_F2_1897.mp3,F2-GMS-1851C 05:11.08-05:13.77
1898,2,1851,47,GLOSSIKA-ENZS-F2-GMS-1851C.mp3,317.050,321.219,4.169,media/ZS_F2_1898.mp3,F2-GMS-1851C 05:17.05-05:21.22
1899,2,1851,48,GLOSSIKA-ENZS-F2-GMS-1851C.mp3,324.550,327.587,3.037,media/ZS_F2_1899.mp3,F2-GMS-1851C 05:24.55-05:27.59
1900,2,1851,49,GLOSSIKA-ENZS-F2-GMS-1851C.mp3,330.774,335.440,4.666,media/ZS_F2_1900.mp3,F2-GMS-1851C 05:30.77-05:35.44
1901,2,1901,0,GLOSSIKA-ENZS-F2-GMS-1901C.mp3,0.000,3.279,3.279,media/ZS_F2_1901.mp3,F2-GMS-1901C 00:00.00-00:03.28
1902,2,1901,1,GLOSSIKA-ENZS-F2-GMS-1901C.mp3,3.730,4.601,0.871,media/ZS_F2_1902.mp3,F2-GMS-1901C 00:03.73-00:04.60
1903,2,1901,2,GLOSSIKA-ENZS-F2-GMS-1901C.mp3,6.816,9.499,2.684,media/ZS_F2_1903.mp3,F2-GMS-1901C 00:06.82-00:09.50
1904,2,1901,3,GLOSSIKA-ENZS-F2-GMS-1901C.mp3,10.462,12.788,2.327,media/ZS_F2_1904.mp3,F2-GMS-1901C 00:10.46-00:12.79
1905,2,1901,4,GLOSSIKA-ENZS-F2-GMS-1901C.mp3,15.998,20.134,4.136,media/ZS_F2_1905.mp3,F2-GMS-1901C 00:16.00-00:20.13
1906,2,1901,5,GLOSSIKA-ENZS-F2-GMS-1901C.mp3,23.379,28.524,5.145,media/ZS_F2_1906.mp3,F2-GMS-1901C 00:23.38-00:28.52
1907,2,1901,6,GLOSSIKA-ENZS-F2-GMS-1901C.mp3,31.779,33.359,1.580,media/ZS_F2_1907.mp3,F2-GMS-1901C 00:31.78-00:33.36
1908,2,1901,7,GLOSSIKA-ENZS-F2-GMS-1901C.mp3,34.006,36.689,2.683,media/ZS_F2_1908.mp3,F2-GMS-1901C 00:34.01-00:36.69
1909,2,1901,8,GLOSSIKA-ENZS-F2-GMS-1901C.mp3,40.001,44.264,4.263,media/ZS_F2_1909.mp3,F2-GMS-1901C 00:40.00-00:44.26
1910,2,1901,9,GLOSSIKA-ENZS-F2-GMS-1901C.mp3,47.671,53.103,5.433,media/ZS_F2_1910.mp3,F2-GMS-1901C 00:47.67-00:53.10
1911,2,1901,10,GLOSSIKA-ENZS-F2-GMS-1901C.mp3,56.356,60.913,4.556,media/ZS_F2_1911.mp3,F2-GMS-1901C 00:56.36-01:00.91
1912,2,1901,11,GLOSSIKA-ENZS-F2-GMS-1901C.mp3,64.132,70.339,6.207,media/ZS_F2_1912.mp3,F2-GMS-1901C 01:04.13-01:10.34
1913,2,1901,12,GLOSSIKA-ENZS-F2-GMS-1901C.mp3,74.520,77.290,2.771,media/ZS_F2_1913.mp3,F2-GMS-1901C 01:14.52-01:17.29
1914,2,1901,13,GLOSSIKA-ENZS-F2-GMS-1901C.mp3,77.752,80.277,2.525,media/ZS_F2_1914.mp3,F2-GMS-1901C 01:17.75-01:20.28
1915,2,1901,14,GLOSSIKA-ENZS-F2-GMS-1901C.mp3,83.628,85.867,2.239,media/ZS_F2_1915.mp3,F2-GMS-1901C 01:23.63-01:25.87
1916,2,1901,15,GLOSSIKA-ENZS-F2-GMS-1901C.mp3,88.945,91.123,2.179,media/ZS_F2_1916.mp3,F2-GMS-1901C 01:28.94-01:31.12
1917,2,1901,16,GLOSSIKA-ENZS-F2-GMS-1901C.mp3,94.253,97.187,2.934,media/ZS_F2_1917.mp3,F2-GMS-1901C 01:34.25-01:37.19
1918,2,1901,17,GLOSSIKA-ENZS-F2-GMS-1901C.mp3,100.418,103.961,3.543,media/ZS_F2_1918.mp3,F2-GMS-1901C 01:40.42-01:43.96
1919,2,1901,18,GLOSSIKA-ENZS-F2-GMS-1901C.mp3,107.176,111.207,4.031,media/ZS_F2_1919.mp3,F2-GMS-1901C 01:47.18-01:51.21
1920,2,1901,19,GLOSSIKA-ENZS-F2-GMS-1901C.mp3,114.385,118.105,3.720,media/ZS_F2_1920.mp3,F2-GMS-1901C 01:54.38-01:58.10
1921,2,1901,20,GLOSSIKA-ENZS-F2-GMS-1901C.mp3,121.284,123.260,1.977,media/ZS_F2_1921.mp3,F2-GMS-1901C 02:01.28-02:03.26
1922,2,1901,21,GLOSSIKA-ENZS-F2-GMS-1901C.mp3,126.474,127.948,1.474,media/ZS_F2_1922.mp3,F2-GMS-1901C 02:06.47-02:07.95
1923,2,1901,22,GLOSSIKA-ENZS-F2-GMS-1901C.mp3,131.197,132.955,1.758,media/ZS_F2_1923.mp3,F2-GMS-1901C 02:11.20-02:12.96
1924,2,1901,23,GLOSSIKA-ENZS-F2-GMS-1901C.mp3,136.201,137.605,1.404,media/ZS_F2_1924.mp3,F2-GMS-1901C 02:16.20-02:17.60
1925,2,1901,24,GLOSSIKA-ENZS-F2-GMS-1901C.mp3,140.535,141.832,1.297,media/ZS_F2_1925.mp3,F2-GMS-1901C 02:20.53-02:21.83
1926,2,1901,25,GLOSSIKA-ENZS-F2-GMS-1901C.mp3,145.080,146.470,1.389,media/ZS_F2_1926.mp3,F2-GMS-1901C 02:25.08-02:26.47
1927,2,1901,26,GLOSSIKA-ENZS-F2-GMS-1901C.mp3,149.648,151.644,1.995,media/ZS_F2_1927.mp3,F2-GMS-1901C 02:29.65-02:31.64
1928,2,1901,27,GLOSSIKA-ENZS-F2-GMS-1901C.mp3,154.841,157.925,3.085,media/ZS_F2_1928.mp3,F2-GMS-1901C 02:34.84-02:37.93
1929,2,1901,28,GLOSSIKA-ENZS-F2-GMS-1901C.mp3,161.228,163.061,1.833,media/ZS_F2_1929.mp3,F2-GMS-1901C 02:41.23-02:43.06
1930,2,1901,29,GLOSSIKA-ENZS-F2-GMS-1901C.mp3,166.342,168.692,2.350,media/ZS_F2_1930.mp3,F2-GMS-1901C 02:46.34-02:48.69
1931,2,1901,30,GLOSSIKA-ENZS-F2-GMS-1901C.mp3,171.862,175.964,4.102,media/ZS_F2_1931.mp3,F2-GMS-1901C 02:51.86-02:55.96
1932,2,1901,31,GLOSSIKA-ENZS-F2-GMS-1901C.mp3,179.386,182.410,3.024,media/ZS_F2_1932.mp3,F2-GMS-1901C 02:59.39-03:02.41
1933,2,1901,32,GLOSSIKA-ENZS-F2-GMS-1901C.mp3,185.672,188.126,2.454,media/ZS_F2_1933.mp3,F2-GMS-1901C 03:05.67-03:08.13
1934,2,1901,33,GLOSSIKA-ENZS-F2-GMS-1901C.mp3,191.451,192.630,1.179,media/ZS_F2_1934.mp3,F2-GMS-1901C 03:11.45-03:12.63
1935,2,1901,34,GLOSSIKA-ENZS-F2-GMS-1901C.mp3,193.127,194.713,1.586,media/ZS_F2_1935.mp3,F2-GMS-1901C 03:13.13-03:14.71
1936,2,1901,35,GLOSSIKA-ENZS-F2-GMS-1901C.mp3,198.236,202.535,4.299,media/ZS_F2_1936.mp3,F2-GMS-1901C 03:18.24-03:22.54
1937,2,1901,36,GLOSSIKA-ENZS-F2-GMS-1901C.mp3,205.794,208.774,2.980,media/ZS_F2_1937.mp3,F2-GMS-1901C 03:25.79-03:28.77
1938,2,1901,37,GLOSSIKA-ENZS-F2-GMS-1901C.mp3,211.999,215.572,3.573,media/ZS_F2_1938.mp3,F2-GMS-1901C 03:32.00-03:35.57
1939,2,1901,38,GLOSSIKA-ENZS-F2-GMS-1901C.mp3,218.801,219.968,1.167,media/ZS_F2_1939.mp3,F2-GMS-1901C 03:38.80-03:39.97
1940,2,1901,39,GLOSSIKA-ENZS-F2-GMS-1901C.mp3,220.513,222.480,1.967,media/ZS_F2_1940.mp3,F2-GMS-1901C 03:40.51-03:42.48
1941,2,1901,40,GLOSSIKA-ENZS-F2-GMS-1901C.mp3,225.822,229.205,3.384,media/ZS_F2_1941.mp3,F2-GMS-1901C 03:45.82-03:49.21
1942,2,1901,41,GLOSSIKA-ENZS-F2-GMS-1901C.mp3,232.529,233.977,1.448,media/ZS_F2_1942.mp3,F2-GMS-1901C 03:52.53-03:53.98
1943,2,1901,42,GLOSSIKA-ENZS-F2-GMS-1901C.mp3,234.475,236.552,2.077,media/ZS_F2_1943.mp3,F2-GMS-1901C 03:54.48-03:56.55
1944,2,1901,43,GLOSSIKA-ENZS-F2-GMS-1901C.mp3,239.868,241.582,1.714,media/ZS_F2_1944.mp3,F2-GMS-1901C 03:59.87-04:01.58
1945,2,1901,44,GLOSSIKA-ENZS-F2-GMS-1901C.mp3,242.066,244.337,2.270,media/ZS_F2_1945.mp3,F2-GMS-1901C 04:02.07-04:04.34
1946,2,1901,45,GLOSSIKA-ENZS-F2-GMS-1901C.mp3,247.881,250.258,2.377,media/ZS_F2_1946.mp3,F2-GMS-1901C 04:07.88-04:10.26
1947,2,1901,46,GLOSSIKA-ENZS-F2-GMS-1901C.mp3,253.754,256.275,2.521,media/ZS_F2_1947.mp3,F2-GMS-1901C 04:13.75-04:16.28
1948,2,1901,47,GLOSSIKA-ENZS-F2-GMS-1901C.mp3,259.585,261.984,2.399,media/ZS_F2_1948.mp3,F2-GMS-1901C 04:19.58-04:21.98
1949,2,1901,48,GLOSSIKA-ENZS-F2-GMS-1901C.mp3,265.224,267.686,2.462,media/ZS_F2_1949.mp3,F2-GMS-1901C 04:25.22-04:27.69
1950,2,1901,49,GLOSSIKA-ENZS-F2-GMS-1901C.mp3,270.946,273.505,2.560,media/ZS_F2_1950.mp3,F2-GMS-1901C 04:30.95-04:33.51
1951,2,1951,0,GLOSSIKA-ENZS-F2-GMS-1951C.mp3,12.168,15.466,3.298,media/ZS_F2_1951.mp3,F2-GMS-1951C 00:12.17-00:15.47
1952,2,1951,1,GLOSSIKA-ENZS-F2-GMS-1951C.mp3,18.596,21.285,2.689,media/ZS_F2_1952.mp3,F2-GMS-1951C 00:18.60-00:21.29
1953,2,1951,2,GLOSSIKA-ENZS-F2-GMS-1951C.mp3,24.823,30.727,5.905,media/ZS_F2_1953.mp3,F2-GMS-1951C 00:24.82-00:30.73
1954,2,1951,3,GLOSSIKA-ENZS-F2-GMS-1951C.mp3,33.938,38.360,4.422,media/ZS_F2_1954.mp3,F2-GMS-1951C 00:33.94-00:38.36
1955,2,1951,4,GLOSSIKA-ENZS-F2-GMS-1951C.mp3,41.550,45.817,4.267,media/ZS_F2_1955.mp3,F2-GMS-1951C 00:41.55-00:45.82
1956,2,1951,5,GLOSSIKA-ENZS-F2-GMS-1951C.mp3,49.153,53.819,4.666,media/ZS_F2_1956.mp3,F2-GMS-1951C 00:49.15-00:53.82
1957,2,1951,6,GLOSSIKA-ENZS-F2-GMS-1951C.mp3,57.115,62.708,5.594,media/ZS_F2_1957.mp3,F2-GMS-1951C 00:57.11-01:02.71
1958,2,1951,7,GLOSSIKA-ENZS-F2-GMS-1951C.mp3,65.907,71.334,5.427,media/ZS_F2_1958.mp3,F2-GMS-1951C 01:05.91-01:11.33
1959,2,1951,8,GLOSSIKA-ENZS-F2-GMS-1951C.mp3,74.656,80.321,5.665,media/ZS_F2_1959.mp3,F2-GMS-1951C 01:14.66-01:20.32
1960,2,1951,9,GLOSSIKA-ENZS-F2-GMS-1951C.mp3,83.649,89.103,5.454,media/ZS_F2_1960.mp3,F2-GMS-1951C 01:23.65-01:29.10
1961,2,1951,10,GLOSSIKA-ENZS-F2-GMS-1951C.mp3,92.358,98.961,6.603,media/ZS_F2_1961.mp3,F2-GMS-1951C 01:32.36-01:38.96
1962,2,1951,11,GLOSSIKA-ENZS-F2-GMS-1951C.mp3,102.240,104.173,1.934,media/ZS_F2_1962.mp3,F2-GMS-1951C 01:42.24-01:44.17
1963,2,1951,12,GLOSSIKA-ENZS-F2-GMS-1951C.mp3,107.383,109.015,1.631,media/ZS_F2_1963.mp3,F2-GMS-1951C 01:47.38-01:49.01
1964,2,1951,13,GLOSSIKA-ENZS-F2-GMS-1951C.mp3,112.381,114.039,1.657,media/ZS_F2_1964.mp3,F2-GMS-1951C 01:52.38-01:54.04
1965,2,1951,14,GLOSSIKA-ENZS-F2-GMS-1951C.mp3,117.222,119.885,2.663,media/ZS_F2_1965.mp3,F2-GMS-1951C 01:57.22-01:59.89
1966,2,1951,15,GLOSSIKA-ENZS-F2-GMS-1951C.mp3,123.019,125.327,2.308,media/ZS_F2_1966.mp3,F2-GMS-1951C 02:03.02-02:05.33
1967,2,1951,16,GLOSSIKA-ENZS-F2-GMS-1951C.mp3,128.677,130.506,1.829,media/ZS_F2_1967.mp3,F2-GMS-1951C 02:08.68-02:10.51
1968,2,1951,17,GLOSSIKA-ENZS-F2-GMS-1951C.mp3,133.941,138.730,4.789,media/ZS_F2_1968.mp3,F2-GMS-1951C 02:13.94-02:18.73
1969,2,1951,18,GLOSSIKA-ENZS-F2-GMS-1951C.mp3,142.021,145.116,3.095,media/ZS_F2_1969.mp3,F2-GMS-1951C 02:22.02-02:25.12
1970,2,1951,19,GLOSSIKA-ENZS-F2-GMS-1951C.mp3,148.259,150.145,1.887,media/ZS_F2_1970.mp3,F2-GMS-1951C 02:28.26-02:30.15
1971,2,1951,20,GLOSSIKA-ENZS-F2-GMS-1951C.mp3,153.332,156.057,2.726,media/ZS_F2_1971.mp3,F2-GMS-1951C 02:33.33-02:36.06
1972,2,1951,21,GLOSSIKA-ENZS-F2-GMS-1951C.mp3,159.387,161.037,1.649,media/ZS_F2_1972.mp3,F2-GMS-1951C 02:39.39-02:41.04
1973,2,1951,22,GLOSSIKA-ENZS-F2-GMS-1951C.mp3,164.180,167.106,2.926,media/ZS_F2_1973.mp3,F2-GMS-1951C 02:44.18-02:47.11
1974,2,1951,23,GLOSSIKA-ENZS-F2-GMS-1951C.mp3,170.301,171.744,1.444,media/ZS_F2_1974.mp3,F2-GMS-1951C 02:50.30-02:51.74
1975,2,1951,24,GLOSSIKA-ENZS-F2-GMS-1951C.mp3,175.083,176.721,1.638,media/ZS_F2_1975.mp3,F2-GMS-1951C 02:55.08-02:56.72
1976,2,1951,25,GLOSSIKA-ENZS-F2-GMS-1951C.mp3,179.865,182.611,2.746,media/ZS_F2_1976.mp3,F2-GMS-1951C 02:59.86-03:02.61
1977,2,1951,26,GLOSSIKA-ENZS-F2-GMS-1951C.mp3,185.796,187.190,1.394,media/ZS_F2_1977.mp3,F2-GMS-1951C 03:05.80-03:07.19
1978,2,1951,27,GLOSSIKA-ENZS-F2-GMS-1951C.mp3,190.454,192.325,1.871,media/ZS_F2_1978.mp3,F2-GMS-1951C 03:10.45-03:12.32
1979,2,1951,28,GLOSSIKA-ENZS-F2-GMS-1951C.mp3,195.506,201.349,5.843,media/ZS_F2_1979.mp3,F2-GMS-1951C 03:15.51-03:21.35
1980,2,1951,29,GLOSSIKA-ENZS-F2-GMS-1951C.mp3,204.658,207.428,2.770,media/ZS_F2_1980.mp3,F2-GMS-1951C 03:24.66-03:27.43
1981,2,1951,30,GLOSSIKA-ENZS-F2-GMS-1951C.mp3,210.801,213.786,2.985,media/ZS_F2_1981.mp3,F2-GMS-1951C 03:30.80-03:33.79
1982,2,1951,31,GLOSSIKA-ENZS-F2-GMS-1951C.mp3,216.869,220.013,3.145,media/ZS_F2_1982.mp3,F2-GMS-1951C 03:36.87-03:40.01
1983,2,1951,32,GLOSSIKA-ENZS-F2-GMS-1951C.mp3,223.360,227.365,4.005,media/ZS_F2_1983.mp3,F2-GMS-1951C 03:43.36-03:47.37
1984,2,1951,33,GLOSSIKA-ENZS-F2-GMS-1951C.mp3,230.564,232.115,1.551,media/ZS_F2_1984.mp3,F2-GMS-1951C 03:50.56-03:52.12
1985,2,1951,34,GLOSSIKA-ENZS-F2-GMS-1951C.mp3,235.512,239.343,3.831,media/ZS_F2_1985.mp3,F2-GMS-1951C 03:55.51-03:59.34
1986,2,1951,35,GLOSSIKA-ENZS-F2-GMS-1951C.mp3,242.706,245.575,2.869,media/ZS_F2_1986.mp3,F2-GMS-1951C 04:02.71-04:05.58
1987,2,1951,36,GLOSSIKA-ENZS-F2-GMS-1951C.mp3,248.918,250.598,1.680,media/ZS_F2_1987.mp3,F2-GMS-1951C 04:08.92-04:10.60
1988,2,1951,37,GLOSSIKA-ENZS-F2-GMS-1951C.mp3,253.816,257.295,3.479,media/ZS_F2_1988.mp3,F2-GMS-1951C 04:13.82-04:17.29
1989,2,1951,38,GLOSSIKA-ENZS-F2-GMS-1951C.mp3,260.617,262.107,1.490,media/ZS_F2_1989.mp3,F2-GMS-1951C 04:20.62-04:22.11
1990,2,1951,39,GLOSSIKA-ENZS-F2-GMS-1951C.mp3,265.320,268.465,3.146,media/ZS_F2_1990.mp3,F2-GMS-1951C 04:25.32-04:28.47
1991,2,1951,40,GLOSSIKA-ENZS-F2-GMS-1951C.mp3,271.806,274.894,3.088,media/ZS_F2_1991.mp3,F2-GMS-1951C 04:31.81-04:34.89
1992,2,1951,41,GLOSSIKA-ENZS-F2-GMS-1951C.mp3,278.265,279.723,1.458,media/ZS_F2_1992.mp3,F2-GMS-1951C 04:38.26-04:39.72
1993,2,1951,42,GLOSSIKA-ENZS-F2-GMS-1951C.mp3,282.895,283.932,1.036,media/ZS_F2_1993.mp3,F2-GMS-1951C 04:42.90-04:43.93
1994,2,1951,43,GLOSSIKA-ENZS-F2-GMS-1951C.mp3,287.228,289.545,2.317,media/ZS_F2_1994.mp3,F2-GMS-1951C 04:47.23-04:49.54
1995,2,1951,44,GLOSSIKA-ENZS-F2-GMS-1951C.mp3,292.729,294.009,1.279,media/ZS_F2_1995.mp3,F2-GMS-1951C 04:52.73-04:54.01
1996,2,1951,45,GLOSSIKA-ENZS-F2-GMS-1951C.mp3,297.250,301.774,4.525,media/ZS_F2_1996.mp3,F2-GMS-1951C 04:57.25-05:01.77
1997,2,1951,46,GLOSSIKA-ENZS-F2-GMS-1951C.mp3,305.222,306.865,1.643,media/ZS_F2_1997.mp3,F2-GMS-1951C 05:05.22-05:06.86
1998,2,1951,47,GLOSSIKA-ENZS-F2-GMS-1951C.mp3,310.046,312.626,2.580,media/ZS_F2_1998.mp3,F2-GMS-1951C 05:10.05-05:12.63
1999,2,1951,48,GLOSSIKA-ENZS-F2-GMS-1951C.mp3,315.881,320.250,4.368,media/ZS_F2_1999.mp3,F2-GMS-1951C 05:15.88-05:20.25
2000,2,1951,49,GLOSSIKA-ENZS-F2-GMS-1951C.mp3,323.421,326.079,2.658,media/ZS_F2_2000.mp3,F2-GMS-1951C 05:23.42-05:26.08
2001,3,2001,0,GLOSSIKA-ENZS-F3-GMS-2001B.mp3,6.781,7.652,0.871,media/ZS_F3_2001.mp3,F3-GMS-2001B 00:06.78-00:07.65
2002,3,2001,1,GLOSSIKA-ENZS-F3-GMS-2001B.mp3,14.906,17.868,2.962,media/ZS_F3_2002.mp3,F3-GMS-2001B 00:14.91-00:17.87
2003,3,2001,2,GLOSSIKA-ENZS-F3-GMS-2001B.mp3,25.697,27.364,1.667,media/ZS_F3_2003.mp3,F3-GMS-2001B 00:25.70-00:27.36
2004,3,2001,3,GLOSSIKA-ENZS-F3-GMS-2001B.mp3,37.474,39.536,2.062,media/ZS_F3_2004.mp3,F3-GMS-2001B 00:37.47-00:39.54
2005,3,2001,4,GLOSSIKA-ENZS-F3-GMS-2001B.mp3,50.080,54.139,4.059,media/ZS_F3_2005.mp3,F3-GMS-2001B 00:50.08-00:54.14
2006,3,2001,5,GLOSSIKA-ENZS-F3-GMS-2001B.mp3,62.764,65.078,2.313,media/ZS_F3_2006.mp3,F3-GMS-2001B 01:02.76-01:05.08
2007,3,2001,6,GLOSSIKA-ENZS-F3-GMS-2001B.mp3,74.214,76.385,2.171,media/ZS_F3_2007.mp3,F3-GMS-2001B 01:14.21-01:16.38
2008,3,2001,7,GLOSSIKA-ENZS-F3-GMS-2001B.mp3,88.254,90.142,1.888,media/ZS_F3_2008.mp3,F3-GMS-2001B 01:28.25-01:30.14
2009,3,2001,8,GLOSSIKA-ENZS-F3-GMS-2001B.mp3,101.751,103.979,2.228,media/ZS_F3_2009.mp3,F3-GMS-2001B 01:41.75-01:43.98
2010,3,2001,9,GLOSSIKA-ENZS-F3-GMS-2001B.mp3,109.956,112.124,2.168,media/ZS_F3_2010.mp3,F3-GMS-2001B 01:49.96-01:52.12
2011,3,2001,10,GLOSSIKA-ENZS-F3-GMS-2001B.mp3,120.445,123.118,2.673,media/ZS_F3_2011.mp3,F3-GMS-2001B 02:00.45-02:03.12
2012,3,2001,11,GLOSSIKA-ENZS-F3-GMS-2001B.mp3,132.773,134.629,1.856,media/ZS_F3_2012.mp3,F3-GMS-2001B 02:12.77-02:14.63
2013,3,2001,12,GLOSSIKA-ENZS-F3-GMS-2001B.mp3,143.410,145.635,2.225,media/ZS_F3_2013.mp3,F3-GMS-2001B 02:23.41-02:25.64
2014,3,2001,13,GLOSSIKA-ENZS-F3-GMS-2001B.mp3,153.713,155.108,1.395,media/ZS_F3_2014.mp3,F3-GMS-2001B 02:33.71-02:35.11
2015,3,2001,14,GLOSSIKA-ENZS-F3-GMS-2001B.mp3,162.753,165.324,2.570,media/ZS_F3_2015.mp3,F3-GMS-2001B 02:42.75-02:45.32
2016,3,2001,15,GLOSSIKA-ENZS-F3-GMS-2001B.mp3,173.708,176.485,2.777,media/ZS_F3_2016.mp3,F3-GMS-2001B 02:53.71-02:56.49
2017,3,2001,16,GLOSSIKA-ENZS-F3-GMS-2001B.mp3,183.511,189.290,5.779,media/ZS_F3_2017.mp3,F3-GMS-2001B 03:03.51-03:09.29
2018,3,2001,17,GLOSSIKA-ENZS-F3-GMS-2001B.mp3,202.079,208.186,6.107,media/ZS_F3_2018.mp3,F3-GMS-2001B 03:22.08-03:28.19
2019,3,2001,18,GLOSSIKA-ENZS-F3-GMS-2001B.mp3,220.655,223.667,3.012,media/ZS_F3_2019.mp3,F3-GMS-2001B 03:40.66-03:43.67
2020,3,2001,19,GLOSSIKA-ENZS-F3-GMS-2001B.mp3,231.014,234.334,3.320,media/ZS_F3_2020.mp3,F3-GMS-2001B 03:51.01-03:54.33
2021,3,2001,20,GLOSSIKA-ENZS-F3-GMS-2001B.mp3,240.936,243.715,2.779,media/ZS_F3_2021.mp3,F3-GMS-2001B 04:00.94-04:03.71
2022,3,2001,21,GLOSSIKA-ENZS-F3-GMS-2001B.mp3,255.760,260.798,5.038,media/ZS_F3_2022.mp3,F3-GMS-2001B 04:15.76-04:20.80
2023,3,2001,22,GLOSSIKA-ENZS-F3-GMS-2001B.mp3,269.749,272.406,2.657,media/ZS_F3_2023.mp3,F3-GMS-2001B 04:29.75-04:32.41
2024,3,2001,23,GLOSSIKA-ENZS-F3-GMS-2001B.mp3,281.648,285.295,3.647,media/ZS_F3_2024.mp3,F3-GMS-2001B 04:41.65-04:45.30
2025,3,2001,24,GLOSSIKA-ENZS-F3-GMS-2001B.mp3,294.986,298.547,3.562,media/ZS_F3_2025.mp3,F3-GMS-2001B 04:54.99-04:58.55
2026,3,2001,25,GLOSSIKA-ENZS-F3-GMS-2001B.mp3,308.032,311.703,3.671,media/ZS_F3_2026.mp3,F3-GMS-2001B 05:08.03-05:11.70
2027,3,2001,26,GLOSSIKA-ENZS-F3-GMS-2001B.mp3,320.579,323.205,2.626,media/ZS_F3_2027.mp3,F3-GMS-2001B 05:20.58-05:23.20
2028,3,2001,27,GLOSSIKA-ENZS-F3-GMS-2001B.mp3,334.709,338.361,3.652,media/ZS_F3_2028.mp3,F3-GMS-2001B 05:34.71-05:38.36
2029,3,2001,28,GLOSSIKA-ENZS-F3-GMS-2001B.mp3,348.051,351.627,3.576,media/ZS_F3_2029.mp3,F3-GMS-2001B 05:48.05-05:51.63
2030,3,2001,29,GLOSSIKA-ENZS-F3-GMS-2001B.mp3,360.782,363.227,2.445,media/ZS_F3_2030.mp3,F3-GMS-2001B 06:00.78-06:03.23
2031,3,2001,30,GLOSSIKA-ENZS-F3-GMS-2001B.mp3,369.307,371.797,2.491,media/ZS_F3_2031.mp3,F3-GMS-2001B 06:09.31-06:11.80
2032,3,2001,31,GLOSSIKA-ENZS-F3-GMS-2001B.mp3,383.375,384.825,1.451,media/ZS_F3_2032.mp3,F3-GMS-2001B 06:23.37-06:24.83
2033,3,2001,32,GLOSSIKA-ENZS-F3-GMS-2001B.mp3,391.863,396.556,4.692,media/ZS_F3_2033.mp3,F3-GMS-2001B 06:31.86-06:36.56
2034,3,2001,33,GLOSSIKA-ENZS-F3-GMS-2001B.mp3,407.881,412.128,4.247,media/ZS_F3_2034.mp3,F3-GMS-2001B 06:47.88-06:52.13
2035,3,2001,34,GLOSSIKA-ENZS-F3-GMS-2001B.mp3,421.763,424.151,2.388,media/ZS_F3_2035.mp3,F3-GMS-2001B 07:01.76-07:04.15
2036,3,2001,35,GLOSSIKA-ENZS-F3-GMS-2001B.mp3,432.847,435.282,2.435,media/ZS_F3_2036.mp3,F3-GMS-2001B 07:12.85-07:15.28
2037,3,2001,36,GLOSSIKA-ENZS-F3-GMS-2001B.mp3,445.273,447.953,2.680,media/ZS_F3_2037.mp3,F3-GMS-2001B 07:25.27-07:27.95
2038,3,2001,37,GLOSSIKA-ENZS-F3-GMS-2001B.mp3,458.969,464.434,5.465,media/ZS_F3_2038.mp3,F3-GMS-2001B 07:38.97-07:44.43
2039,3,2001,38,GLOSSIKA-ENZS-F3-GMS-2001B.mp3,475.394,479.109,3.715,media/ZS_F3_2039.mp3,F3-GMS-2001B 07:55.39-07:59.11
2040,3,2001,39,GLOSSIKA-ENZS-F3-GMS-2001B.mp3,484.594,486.297,1.703,media/ZS_F3_2040.mp3,F3-GMS-2001B 08:04.59-08:06.30
2041,3,2001,40,GLOSSIKA-ENZS-F3-GMS-2001B.mp3,495.821,498.615,2.794,media/ZS_F3_2041.mp3,F3-GMS-2001B 08:15.82-08:18.62
2042,3,2001,41,GLOSSIKA-ENZS-F3-GMS-2001B.mp3,508.570,513.010,4.440,media/ZS_F3_2042.mp3,F3-GMS-2001B 08:28.57-08:33.01
2043,3,2001,42,GLOSSIKA-ENZS-F3-GMS-2001B.mp3,520.944,524.839,3.896,media/ZS_F3_2043.mp3,F3-GMS-2001B 08:40.94-08:44.84
2044,3,2001,43,GLOSSIKA-ENZS-F3-GMS-2001B.mp3,533.065,537.166,4.101,media/ZS_F3_2044.mp3,F3-GMS-2001B 08:53.06-08:57.17
2045,3,2001,44,GLOSSIKA-ENZS-F3-GMS-2001B.mp3,547.709,551.381,3.671,media/ZS_F3_2045.mp3,F3-GMS-2001B 09:07.71-09:11.38
2046,3,2001,45,GLOSSIKA-ENZS-F3-GMS-2001B.mp3,557.397,559.454,2.057,media/ZS_F3_2046.mp3,F3-GMS-2001B 09:17.40-09:19.45
2047,3,2001,46,GLOSSIKA-ENZS-F3-GMS-2001B.mp3,570.456,574.928,4.472,media/ZS_F3_2047.mp3,F3-GMS-2001B 09:30.46-09:34.93
2048,3,2001,47,GLOSSIKA-ENZS-F3-GMS-2001B.mp3,583.880,587.183,3.302,media/ZS_F3_2048.mp3,F3-GMS-2001B 09:43.88-09:47.18
2049,3,2001,48,GLOSSIKA-ENZS-F3-GMS-2001B.mp3,596.010,599.045,3.035,media/ZS_F3_2049.mp3,F3-GMS-2001B 09:56.01-09:59.04
2050,3,2001,49,GLOSSIKA-ENZS-F3-GMS-2001B.mp3,608.118,609.422,1.304,media/ZS_F3_2050.mp3,F3-GMS-2001B 10:08.12-10:09.42
2051,3,2051,0,GLOSSIKA-ENZS-F3-GMS-2051B.mp3,6.781,7.652,0.871,media/ZS_F3_2051.mp3,F3-GMS-2051B 00:06.78-00:07.65
2052,3,2051,1,GLOSSIKA-ENZS-F3-GMS-2051B.mp3,16.644,20.934,4.291,media/ZS_F3_2052.mp3,F3-GMS-2051B 00:16.64-00:20.93
2053,3,2051,2,GLOSSIKA-ENZS-F3-GMS-2051B.mp3,31.391,35.599,4.208,media/ZS_F3_2053.mp3,F3-GMS-2051B 00:31.39-00:35.60
2054,3,2051,3,GLOSSIKA-ENZS-F3-GMS-2051B.mp3,45.537,48.980,3.442,media/ZS_F3_2054.mp3,F3-GMS-2051B 00:45.54-00:48.98
2055,3,2051,4,GLOSSIKA-ENZS-F3-GMS-2051B.mp3,56.562,58.540,1.978,media/ZS_F3_2055.mp3,F3-GMS-2051B 00:56.56-00:58.54
2056,3,2051,5,GLOSSIKA-ENZS-F3-GMS-2051B.mp3,64.934,65.921,0.987,media/ZS_F3_2056.mp3,F3-GMS-2051B 01:04.93-01:05.92
2057,3,2051,6,GLOSSIKA-ENZS-F3-GMS-2051B.mp3,76.007,77.740,1.733,media/ZS_F3_2057.mp3,F3-GMS-2051B 01:16.01-01:17.74
2058,3,2051,7,GLOSSIKA-ENZS-F3-GMS-2051B.mp3,81.999,85.443,3.444,media/ZS_F3_2058.mp3,F3-GMS-2051B 01:22.00-01:25.44
2059,3,2051,8,GLOSSIKA-ENZS-F3-GMS-2051B.mp3,96.814,101.759,4.945,media/ZS_F3_2059.mp3,F3-GMS-2051B 01:36.81-01:41.76
2060,3,2051,9,GLOSSIKA-ENZS-F3-GMS-2051B.mp3,110.980,113.595,2.616,media/ZS_F3_2060.mp3,F3-GMS-2051B 01:50.98-01:53.60
2061,3,2051,10,GLOSSIKA-ENZS-F3-GMS-2051B.mp3,123.097,126.311,3.214,media/ZS_F3_2061.mp3,F3-GMS-2051B 02:03.10-02:06.31
2062,3,2051,11,GLOSSIKA-ENZS-F3-GMS-2051B.mp3,135.867,138.129,2.261,media/ZS_F3_2062.mp3,F3-GMS-2051B 02:15.87-02:18.13
2063,3,2051,12,GLOSSIKA-ENZS-F3-GMS-2051B.mp3,144.751,147.453,2.701,media/ZS_F3_2063.mp3,F3-GMS-2051B 02:24.75-02:27.45
2064,3,2051,13,GLOSSIKA-ENZS-F3-GMS-2051B.mp3,156.424,159.790,3.366,media/ZS_F3_2064.mp3,F3-GMS-2051B 02:36.42-02:39.79
2065,3,2051,14,GLOSSIKA-ENZS-F3-GMS-2051B.mp3,169.457,175.510,6.053,media/ZS_F3_2065.mp3,F3-GMS-2051B 02:49.46-02:55.51
2066,3,2051,15,GLOSSIKA-ENZS-F3-GMS-2051B.mp3,185.373,188.865,3.492,media/ZS_F3_2066.mp3,F3-GMS-2051B 03:05.37-03:08.87
2067,3,2051,16,GLOSSIKA-ENZS-F3-GMS-2051B.mp3,198.962,202.008,3.045,media/ZS_F3_2067.mp3,F3-GMS-2051B 03:18.96-03:22.01
2068,3,2051,17,GLOSSIKA-ENZS-F3-GMS-2051B.mp3,212.803,215.191,2.388,media/ZS_F3_2068.mp3,F3-GMS-2051B 03:32.80-03:35.19
2069,3,2051,18,GLOSSIKA-ENZS-F3-GMS-2051B.mp3,220.044,225.241,5.197,media/ZS_F3_2069.mp3,F3-GMS-2051B 03:40.04-03:45.24
2070,3,2051,19,GLOSSIKA-ENZS-F3-GMS-2051B.mp3,233.877,236.330,2.453,media/ZS_F3_2070.mp3,F3-GMS-2051B 03:53.88-03:56.33
2071,3,2051,20,GLOSSIKA-ENZS-F3-GMS-2051B.mp3,245.045,248.183,3.137,media/ZS_F3_2071.mp3,F3-GMS-2051B 04:05.05-04:08.18
2072,3,2051,21,GLOSSIKA-ENZS-F3-GMS-2051B.mp3,257.327,259.610,2.283,media/ZS_F3_2072.mp3,F3-GMS-2051B 04:17.33-04:19.61
2073,3,2051,22,GLOSSIKA-ENZS-F3-GMS-2051B.mp3,267.112,268.327,1.215,media/ZS_F3_2073.mp3,F3-GMS-2051B 04:27.11-04:28.33
2074,3,2051,23,GLOSSIKA-ENZS-F3-GMS-2051B.mp3,276.025,277.459,1.434,media/ZS_F3_2074.mp3,F3-GMS-2051B 04:36.03-04:37.46
2075,3,2051,24,GLOSSIKA-ENZS-F3-GMS-2051B.mp3,286.314,288.683,2.368,media/ZS_F3_2075.mp3,F3-GMS-2051B 04:46.31-04:48.68
2076,3,2051,25,GLOSSIKA-ENZS-F3-GMS-2051B.mp3,296.894,298.465,1.571,media/ZS_F3_2076.mp3,F3-GMS-2051B 04:56.89-04:58.47
2077,3,2051,26,GLOSSIKA-ENZS-F3-GMS-2051B.mp3,308.693,311.054,2.361,media/ZS_F3_2077.mp3,F3-GMS-2051B 05:08.69-05:11.05
2078,3,2051,27,GLOSSIKA-ENZS-F3-GMS-2051B.mp3,319.948,323.445,3.497,media/ZS_F3_2078.mp3,F3-GMS-2051B 05:19.95-05:23.44
2079,3,2051,28,GLOSSIKA-ENZS-F3-GMS-2051B.mp3,332.209,334.649,2.440,media/ZS_F3_2079.mp3,F3-GMS-2051B 05:32.21-05:34.65
2080,3,2051,29,GLOSSIKA-ENZS-F3-GMS-2051B.mp3,343.917,347.616,3.698,media/ZS_F3_2080.mp3,F3-GMS-2051B 05:43.92-05:47.62
2081,3,2051,30,GLOSSIKA-ENZS-F3-GMS-2051B.mp3,356.666,358.479,1.814,media/ZS_F3_2081.mp3,F3-GMS-2051B 05:56.67-05:58.48
2082,3,2051,31,GLOSSIKA-ENZS-F3-GMS-2051B.mp3,367.884,371.032,3.149,media/ZS_F3_2082.mp3,F3-GMS-2051B 06:07.88-06:11.03
2083,3,2051,32,GLOSSIKA-ENZS-F3-GMS-2051B.mp3,379.755,382.360,2.605,media/ZS_F3_2083.mp3,F3-GMS-2051B 06:19.76-06:22.36
2084,3,2051,33,GLOSSIKA-ENZS-F3-GMS-2051B.mp3,392.279,395.496,3.217,media/ZS_F3_2084.mp3,F3-GMS-2051B 06:32.28-06:35.50
2085,3,2051,34,GLOSSIKA-ENZS-F3-GMS-2051B.mp3,405.403,410.040,4.637,media/ZS_F3_2085.mp3,F3-GMS-2051B 06:45.40-06:50.04
2086,3,2051,35,GLOSSIKA-ENZS-F3-GMS-2051B.mp3,419.103,422.028,2.925,media/ZS_F3_2086.mp3,F3-GMS-2051B 06:59.10-07:02.03
2087,3,2051,36,GLOSSIKA-ENZS-F3-GMS-2051B.mp3,431.047,434.027,2.980,media/ZS_F3_2087.mp3,F3-GMS-2051B 07:11.05-07:14.03
2088,3,2051,37,GLOSSIKA-ENZS-F3-GMS-2051B.mp3,443.520,445.946,2.426,media/ZS_F3_2088.mp3,F3-GMS-2051B 07:23.52-07:25.95
2089,3,2051,38,GLOSSIKA-ENZS-F3-GMS-2051B.mp3,456.282,460.371,4.089,media/ZS_F3_2089.mp3,F3-GMS-2051B 07:36.28-07:40.37
2090,3,2051,39,GLOSSIKA-ENZS-F3-GMS-2051B.mp3,472.206,477.781,5.574,media/ZS_F3_2090.mp3,F3-GMS-2051B 07:52.21-07:57.78
2091,3,2051,40,GLOSSIKA-ENZS-F3-GMS-2051B.mp3,487.127,490.518,3.391,media/ZS_F3_2091.mp3,F3-GMS-2051B 08:07.13-08:10.52
2092,3,2051,41,GLOSSIKA-ENZS-F3-GMS-2051B.mp3,501.030,505.919,4.889,media/ZS_F3_2092.mp3,F3-GMS-2051B 08:21.03-08:25.92
2093,3,2051,42,GLOSSIKA-ENZS-F3-GMS-2051B.mp3,512.082,515.783,3.700,media/ZS_F3_2093.mp3,F3-GMS-2051B 08:32.08-08:35.78
2094,3,2051,43,GLOSSIKA-ENZS-F3-GMS-2051B.mp3,528.256,536.105,7.850,media/ZS_F3_2094.mp3,F3-GMS-2051B 08:48.26-08:56.11
2095,3,2051,44,GLOSSIKA-ENZS-F3-GMS-2051B.mp3,549.807,554.675,4.867,media/ZS_F3_2095.mp3,F3-GMS-2051B 09:09.81-09:14.67
2096,3,2051,45,GLOSSIKA-ENZS-F3-GMS-2051B.mp3,565.636,569.931,4.295,media/ZS_F3_2096.mp3,F3-GMS-2051B 09:25.64-09:29.93
2097,3,2051,46,GLOSSIKA-ENZS-F3-GMS-2051B.mp3,579.517,582.244,2.727,media/ZS_F3_2097.mp3,F3-GMS-2051B 09:39.52-09:42.24
2098,3,2051,47,GLOSSIKA-ENZS-F3-GMS-2051B.mp3,592.274,596.152,3.878,media/ZS_F3_2098.mp3,F3-GMS-2051B 09:52.27-09:56.15
2099,3,2051,48,GLOSSIKA-ENZS-F3-GMS-2051B.mp3,606.360,609.771,3.411,media/ZS_F3_2099.mp3,F3-GMS-2051B 10:06.36-10:09.77
2100,3,2051,49,GLOSSIKA-ENZS-F3-GMS-2051B.mp3,620.502,622.290,1.788,media/ZS_F3_2100.mp3,F3-GMS-2051B 10:20.50-10:22.29
2101,3,2101,0,GLOSSIKA-ENZS-F3-GMS-2101C.mp3,6.758,8.678,1.920,media/ZS_F3_2101.mp3,F3-GMS-2101C 00:06.76-00:08.68
2102,3,2101,1,GLOSSIKA-ENZS-F3-GMS-2101C.mp3,11.899,13.962,2.063,media/ZS_F3_2102.mp3,F3-GMS-2101C 00:11.90-00:13.96
2103,3,2101,2,GLOSSIKA-ENZS-F3-GMS-2101C.mp3,17.206,18.825,1.619,media/ZS_F3_2103.mp3,F3-GMS-2101C 00:17.21-00:18.82
2104,3,2101,3,GLOSSIKA-ENZS-F3-GMS-2101C.mp3,22.066,24.644,2.578,media/ZS_F3_2104.mp3,F3-GMS-2101C 00:22.07-00:24.64
2105,3,2101,4,GLOSSIKA-ENZS-F3-GMS-2101C.mp3,28.226,29.582,1.356,media/ZS_F3_2105.mp3,F3-GMS-2101C 00:28.23-00:29.58
2106,3,2101,5,GLOSSIKA-ENZS-F3-GMS-2101C.mp3,33.051,34.752,1.701,media/ZS_F3_2106.mp3,F3-GMS-2101C 00:33.05-00:34.75
2107,3,2101,6,GLOSSIKA-ENZS-F3-GMS-2101C.mp3,38.340,41.132,2.792,media/ZS_F3_2107.mp3,F3-GMS-2101C 00:38.34-00:41.13
2108,3,2101,7,GLOSSIKA-ENZS-F3-GMS-2101C.mp3,44.480,46.128,1.648,media/ZS_F3_2108.mp3,F3-GMS-2101C 00:44.48-00:46.13
2109,3,2101,8,GLOSSIKA-ENZS-F3-GMS-2101C.mp3,49.561,51.887,2.326,media/ZS_F3_2109.mp3,F3-GMS-2101C 00:49.56-00:51.89
2110,3,2101,9,GLOSSIKA-ENZS-F3-GMS-2101C.mp3,55.119,57.194,2.075,media/ZS_F3_2110.mp3,F3-GMS-2101C 00:55.12-00:57.19
2111,3,2101,10,GLOSSIKA-ENZS-F3-GMS-2101C.mp3,60.410,62.250,1.840,media/ZS_F3_2111.mp3,F3-GMS-2101C 01:00.41-01:02.25
2112,3,2101,11,GLOSSIKA-ENZS-F3-GMS-2101C.mp3,65.609,68.199,2.589,media/ZS_F3_2112.mp3,F3-GMS-2101C 01:05.61-01:08.20
2113,3,2101,12,GLOSSIKA-ENZS-F3-GMS-2101C.mp3,71.442,73.680,2.239,media/ZS_F3_2113.mp3,F3-GMS-2101C 01:11.44-01:13.68
2114,3,2101,13,GLOSSIKA-ENZS-F3-GMS-2101C.mp3,76.884,78.940,2.056,media/ZS_F3_2114.mp3,F3-GMS-2101C 01:16.88-01:18.94
2115,3,2101,14,GLOSSIKA-ENZS-F3-GMS-2101C.mp3,82.167,85.267,3.100,media/ZS_F3_2115.mp3,F3-GMS-2101C 01:22.17-01:25.27
2116,3,2101,15,GLOSSIKA-ENZS-F3-GMS-2101C.mp3,88.462,91.570,3.108,media/ZS_F3_2116.mp3,F3-GMS-2101C 01:28.46-01:31.57
2117,3,2101,16,GLOSSIKA-ENZS-F3-GMS-2101C.mp3,94.892,97.832,2.940,media/ZS_F3_2117.mp3,F3-GMS-2101C 01:34.89-01:37.83
2118,3,2101,17,GLOSSIKA-ENZS-F3-GMS-2101C.mp3,101.097,105.045,3.948,media/ZS_F3_2118.mp3,F3-GMS-2101C 01:41.10-01:45.05
2119,3,2101,18,GLOSSIKA-ENZS-F3-GMS-2101C.mp3,108.296,111.652,3.356,media/ZS_F3_2119.mp3,F3-GMS-2101C 01:48.30-01:51.65
2120,3,2101,19,GLOSSIKA-ENZS-F3-GMS-2101C.mp3,114.833,117.062,2.229,media/ZS_F3_2120.mp3,F3-GMS-2101C 01:54.83-01:57.06
2121,3,2101,20,GLOSSIKA-ENZS-F3-GMS-2101C.mp3,120.279,123.581,3.301,media/ZS_F3_2121.mp3,F3-GMS-2101C 02:00.28-02:03.58
2122,3,2101,21,GLOSSIKA-ENZS-F3-GMS-2101C.mp3,126.787,129.644,2.857,media/ZS_F3_2122.mp3,F3-GMS-2101C 02:06.79-02:09.64
2123,3,2101,22,GLOSSIKA-ENZS-F3-GMS-2101C.mp3,132.810,135.369,2.559,media/ZS_F3_2123.mp3,F3-GMS-2101C 02:12.81-02:15.37
2124,3,2101,23,GLOSSIKA-ENZS-F3-GMS-2101C.mp3,138.649,140.656,2.007,media/ZS_F3_2124.mp3,F3-GMS-2101C 02:18.65-02:20.66
2125,3,2101,24,GLOSSIKA-ENZS-F3-GMS-2101C.mp3,143.903,146.484,2.581,media/ZS_F3_2125.mp3,F3-GMS-2101C 02:23.90-02:26.48
2126,3,2101,25,GLOSSIKA-ENZS-F3-GMS-2101C.mp3,149.618,151.776,2.158,media/ZS_F3_2126.mp3,F3-GMS-2101C 02:29.62-02:31.78
2127,3,2101,26,GLOSSIKA-ENZS-F3-GMS-2101C.mp3,154.983,157.433,2.450,media/ZS_F3_2127.mp3,F3-GMS-2101C 02:34.98-02:37.43
2128,3,2101,27,GLOSSIKA-ENZS-F3-GMS-2101C.mp3,160.610,162.255,1.645,media/ZS_F3_2128.mp3,F3-GMS-2101C 02:40.61-02:42.25
2129,3,2101,28,GLOSSIKA-ENZS-F3-GMS-2101C.mp3,165.410,167.276,1.867,media/ZS_F3_2129.mp3,F3-GMS-2101C 02:45.41-02:47.28
2130,3,2101,29,GLOSSIKA-ENZS-F3-GMS-2101C.mp3,170.529,172.856,2.327,media/ZS_F3_2130.mp3,F3-GMS-2101C 02:50.53-02:52.86
2131,3,2101,30,GLOSSIKA-ENZS-F3-GMS-2101C.mp3,176.070,178.289,2.219,media/ZS_F3_2131.mp3,F3-GMS-2101C 02:56.07-02:58.29
2132,3,2101,31,GLOSSIKA-ENZS-F3-GMS-2101C.mp3,181.544,184.817,3.273,media/ZS_F3_2132.mp3,F3-GMS-2101C 03:01.54-03:04.82
2133,3,2101,32,GLOSSIKA-ENZS-F3-GMS-2101C.mp3,187.932,190.446,2.513,media/ZS_F3_2133.mp3,F3-GMS-2101C 03:07.93-03:10.45
2134,3,2101,33,GLOSSIKA-ENZS-F3-GMS-2101C.mp3,193.683,195.946,2.263,media/ZS_F3_2134.mp3,F3-GMS-2101C 03:13.68-03:15.95
2135,3,2101,34,GLOSSIKA-ENZS-F3-GMS-2101C.mp3,199.142,202.128,2.986,media/ZS_F3_2135.mp3,F3-GMS-2101C 03:19.14-03:22.13
2136,3,2101,35,GLOSSIKA-ENZS-F3-GMS-2101C.mp3,205.363,207.866,2.502,media/ZS_F3_2136.mp3,F3-GMS-2101C 03:25.36-03:27.87
2137,3,2101,36,GLOSSIKA-ENZS-F3-GMS-2101C.mp3,211.056,213.489,2.432,media/ZS_F3_2137.mp3,F3-GMS-2101C 03:31.06-03:33.49
2138,3,2101,37,GLOSSIKA-ENZS-F3-GMS-2101C.mp3,216.663,218.573,1.910,media/ZS_F3_2138.mp3,F3-GMS-2101C 03:36.66-03:38.57
2139,3,2101,38,GLOSSIKA-ENZS-F3-GMS-2101C.mp3,221.728,224.545,2.817,media/ZS_F3_2139.mp3,F3-GMS-2101C 03:41.73-03:44.54
2140,3,2101,39,GLOSSIKA-ENZS-F3-GMS-2101C.mp3,227.828,231.033,3.205,media/ZS_F3_2140.mp3,F3-GMS-2101C 03:47.83-03:51.03
2141,3,2101,40,GLOSSIKA-ENZS-F3-GMS-2101C.mp3,234.291,236.181,1.890,media/ZS_F3_2141.mp3,F3-GMS-2101C 03:54.29-03:56.18
2142,3,2101,41,GLOSSIKA-ENZS-F3-GMS-2101C.mp3,239.540,242.282,2.742,media/ZS_F3_2142.mp3,F3-GMS-2101C 03:59.54-04:02.28
2143,3,2101,42,GLOSSIKA-ENZS-F3-GMS-2101C.mp3,245.448,248.639,3.191,media/ZS_F3_2143.mp3,F3-GMS-2101C 04:05.45-04:08.64
2144,3,2101,43,GLOSSIKA-ENZS-F3-GMS-2101C.mp3,251.843,255.881,4.038,media/ZS_F3_2144.mp3,F3-GMS-2101C 04:11.84-04:15.88
2145,3,2101,44,GLOSSIKA-ENZS-F3-GMS-2101C.mp3,259.115,262.772,3.657,media/ZS_F3_2145.mp3,F3-GMS-2101C 04:19.11-04:22.77
2146,3,2101,45,GLOSSIKA-ENZS-F3-GMS-2101C.mp3,266.022,269.845,3.823,media/ZS_F3_2146.mp3,F3-GMS-2101C 04:26.02-04:29.84
2147,3,2101,46,GLOSSIKA-ENZS-F3-GMS-2101C.mp3,273.061,276.608,3.547,media/ZS_F3_2147.mp3,F3-GMS-2101C 04:33.06-04:36.61
2148,3,2101,47,GLOSSIKA-ENZS-F3-GMS-2101C.mp3,279.824,282.677,2.853,media/ZS_F3_2148.mp3,F3-GMS-2101C 04:39.82-04:42.68
2149,3,2101,48,GLOSSIKA-ENZS-F3-GMS-2101C.mp3,285.991,289.257,3.266,media/ZS_F3_2149.mp3,F3-GMS-2101C 04:45.99-04:49.26
2150,3,2101,49,GLOSSIKA-ENZS-F3-GMS-2101C.mp3,292.454,295.201,2.747,media/ZS_F3_2150.mp3,F3-GMS-2101C 04:52.45-04:55.20
2151,3,2151,0,GLOSSIKA-ENZS-F3-GMS-2151C.mp3,12.042,14.680,2.638,media/ZS_F3_2151.mp3,F3-GMS-2151C 00:12.04-00:14.68
2152,3,2151,1,GLOSSIKA-ENZS-F3-GMS-2151C.mp3,15.201,17.145,1.944,media/ZS_F3_2152.mp3,F3-GMS-2151C 00:15.20-00:17.14
2153,3,2151,2,GLOSSIKA-ENZS-F3-GMS-2151C.mp3,20.555,22.331,1.776,media/ZS_F3_2153.mp3,F3-GMS-2151C 00:20.55-00:22.33
2154,3,2151,3,GLOSSIKA-ENZS-F3-GMS-2151C.mp3,25.710,28.261,2.551,media/ZS_F3_2154.mp3,F3-GMS-2151C 00:25.71-00:28.26
2155,3,2151,4,GLOSSIKA-ENZS-F3-GMS-2151C.mp3,31.476,33.214,1.738,media/ZS_F3_2155.mp3,F3-GMS-2151C 00:31.48-00:33.21
2156,3,2151,5,GLOSSIKA-ENZS-F3-GMS-2151C.mp3,36.446,40.305,3.859,media/ZS_F3_2156.mp3,F3-GMS-2151C 00:36.45-00:40.31
2157,3,2151,6,GLOSSIKA-ENZS-F3-GMS-2151C.mp3,43.691,46.102,2.411,media/ZS_F3_2157.mp3,F3-GMS-2151C 00:43.69-00:46.10
2158,3,2151,7,GLOSSIKA-ENZS-F3-GMS-2151C.mp3,49.250,51.840,2.590,media/ZS_F3_2158.mp3,F3-GMS-2151C 00:49.25-00:51.84
2159,3,2151,8,GLOSSIKA-ENZS-F3-GMS-2151C.mp3,55.034,57.377,2.343,media/ZS_F3_2159.mp3,F3-GMS-2151C 00:55.03-00:57.38
2160,3,2151,9,GLOSSIKA-ENZS-F3-GMS-2151C.mp3,60.509,64.450,3.941,media/ZS_F3_2160.mp3,F3-GMS-2151C 01:00.51-01:04.45
2161,3,2151,10,GLOSSIKA-ENZS-F3-GMS-2151C.mp3,67.634,70.758,3.124,media/ZS_F3_2161.mp3,F3-GMS-2151C 01:07.63-01:10.76
2162,3,2151,11,GLOSSIKA-ENZS-F3-GMS-2151C.mp3,73.901,78.720,4.818,media/ZS_F3_2162.mp3,F3-GMS-2151C 01:13.90-01:18.72
2163,3,2151,12,GLOSSIKA-ENZS-F3-GMS-2151C.mp3,81.891,85.667,3.776,media/ZS_F3_2163.mp3,F3-GMS-2151C 01:21.89-01:25.67
2164,3,2151,13,GLOSSIKA-ENZS-F3-GMS-2151C.mp3,89.019,93.049,4.030,media/ZS_F3_2164.mp3,F3-GMS-2151C 01:29.02-01:33.05
2165,3,2151,14,GLOSSIKA-ENZS-F3-GMS-2151C.mp3,96.225,98.445,2.220,media/ZS_F3_2165.mp3,F3-GMS-2151C 01:36.22-01:38.45
2166,3,2151,15,GLOSSIKA-ENZS-F3-GMS-2151C.mp3,101.692,104.366,2.675,media/ZS_F3_2166.mp3,F3-GMS-2151C 01:41.69-01:44.37
2167,3,2151,16,GLOSSIKA-ENZS-F3-GMS-2151C.mp3,107.543,108.767,1.224,media/ZS_F3_2167.mp3,F3-GMS-2151C 01:47.54-01:48.77
2168,3,2151,17,GLOSSIKA-ENZS-F3-GMS-2151C.mp3,111.928,115.050,3.122,media/ZS_F3_2168.mp3,F3-GMS-2151C 01:51.93-01:55.05
2169,3,2151,18,GLOSSIKA-ENZS-F3-GMS-2151C.mp3,118.302,122.517,4.215,media/ZS_F3_2169.mp3,F3-GMS-2151C 01:58.30-02:02.52
2170,3,2151,19,GLOSSIKA-ENZS-F3-GMS-2151C.mp3,125.741,129.769,4.028,media/ZS_F3_2170.mp3,F3-GMS-2151C 02:05.74-02:09.77
2171,3,2151,20,GLOSSIKA-ENZS-F3-GMS-2151C.mp3,133.014,136.053,3.039,media/ZS_F3_2171.mp3,F3-GMS-2151C 02:13.01-02:16.05
2172,3,2151,21,GLOSSIKA-ENZS-F3-GMS-2151C.mp3,139.242,143.760,4.518,media/ZS_F3_2172.mp3,F3-GMS-2151C 02:19.24-02:23.76
2173,3,2151,22,GLOSSIKA-ENZS-F3-GMS-2151C.mp3,147.022,149.557,2.535,media/ZS_F3_2173.mp3,F3-GMS-2151C 02:27.02-02:29.56
2174,3,2151,23,GLOSSIKA-ENZS-F3-GMS-2151C.mp3,152.770,155.805,3.035,media/ZS_F3_2174.mp3,F3-GMS-2151C 02:32.77-02:35.81
2175,3,2151,24,GLOSSIKA-ENZS-F3-GMS-2151C.mp3,159.179,161.842,2.663,media/ZS_F3_2175.mp3,F3-GMS-2151C 02:39.18-02:41.84
2176,3,2151,25,GLOSSIKA-ENZS-F3-GMS-2151C.mp3,165.061,168.466,3.405,media/ZS_F3_2176.mp3,F3-GMS-2151C 02:45.06-02:48.47
2177,3,2151,26,GLOSSIKA-ENZS-F3-GMS-2151C.mp3,171.916,177.174,5.258,media/ZS_F3_2177.mp3,F3-GMS-2151C 02:51.92-02:57.17
2178,3,2151,27,GLOSSIKA-ENZS-F3-GMS-2151C.mp3,180.445,183.470,3.025,media/ZS_F3_2178.mp3,F3-GMS-2151C 03:00.45-03:03.47
2179,3,2151,28,GLOSSIKA-ENZS-F3-GMS-2151C.mp3,186.752,189.983,3.230,media/ZS_F3_2179.mp3,F3-GMS-2151C 03:06.75-03:09.98
2180,3,2151,29,GLOSSIKA-ENZS-F3-GMS-2151C.mp3,193.266,197.349,4.083,media/ZS_F3_2180.mp3,F3-GMS-2151C 03:13.27-03:17.35
2181,3,2151,30,GLOSSIKA-ENZS-F3-GMS-2151C.mp3,200.590,203.810,3.220,media/ZS_F3_2181.mp3,F3-GMS-2151C 03:20.59-03:23.81
2182,3,2151,31,GLOSSIKA-ENZS-F3-GMS-2151C.mp3,206.978,209.203,2.226,media/ZS_F3_2182.mp3,F3-GMS-2151C 03:26.98-03:29.20
2183,3,2151,32,GLOSSIKA-ENZS-F3-GMS-2151C.mp3,212.372,214.320,1.949,media/ZS_F3_2183.mp3,F3-GMS-2151C 03:32.37-03:34.32
2184,3,2151,33,GLOSSIKA-ENZS-F3-GMS-2151C.mp3,214.914,216.976,2.062,media/ZS_F3_2184.mp3,F3-GMS-2151C 03:34.91-03:36.98
2185,3,2151,34,GLOSSIKA-ENZS-F3-GMS-2151C.mp3,220.288,224.185,3.897,media/ZS_F3_2185.mp3,F3-GMS-2151C 03:40.29-03:44.18
2186,3,2151,35,GLOSSIKA-ENZS-F3-GMS-2151C.mp3,227.504,232.283,4.779,media/ZS_F3_2186.mp3,F3-GMS-2151C 03:47.50-03:52.28
2187,3,2151,36,GLOSSIKA-ENZS-F3-GMS-2151C.mp3,235.550,238.292,2.742,media/ZS_F3_2187.mp3,F3-GMS-2151C 03:55.55-03:58.29
2188,3,2151,37,GLOSSIKA-ENZS-F3-GMS-2151C.mp3,241.558,243.700,2.142,media/ZS_F3_2188.mp3,F3-GMS-2151C 04:01.56-04:03.70
2189,3,2151,38,GLOSSIKA-ENZS-F3-GMS-2151C.mp3,246.953,249.232,2.279,media/ZS_F3_2189.mp3,F3-GMS-2151C 04:06.95-04:09.23
2190,3,2151,39,GLOSSIKA-ENZS-F3-GMS-2151C.mp3,252.554,254.696,2.142,media/ZS_F3_2190.mp3,F3-GMS-2151C 04:12.55-04:14.70
2191,3,2151,40,GLOSSIKA-ENZS-F3-GMS-2151C.mp3,258.136,260.141,2.005,media/ZS_F3_2191.mp3,F3-GMS-2151C 04:18.14-04:20.14
2192,3,2151,41,GLOSSIKA-ENZS-F3-GMS-2151C.mp3,263.392,264.834,1.441,media/ZS_F3_2192.mp3,F3-GMS-2151C 04:23.39-04:24.83
2193,3,2151,42,GLOSSIKA-ENZS-F3-GMS-2151C.mp3,268.005,270.449,2.444,media/ZS_F3_2193.mp3,F3-GMS-2151C 04:28.01-04:30.45
2194,3,2151,43,GLOSSIKA-ENZS-F3-GMS-2151C.mp3,273.827,275.878,2.051,media/ZS_F3_2194.mp3,F3-GMS-2151C 04:33.83-04:35.88
2195,3,2151,44,GLOSSIKA-ENZS-F3-GMS-2151C.mp3,279.187,280.574,1.387,media/ZS_F3_2195.mp3,F3-GMS-2151C 04:39.19-04:40.57
2196,3,2151,45,GLOSSIKA-ENZS-F3-GMS-2151C.mp3,283.852,286.997,3.145,media/ZS_F3_2196.mp3,F3-GMS-2151C 04:43.85-04:47.00
2197,3,2151,46,GLOSSIKA-ENZS-F3-GMS-2151C.mp3,290.282,292.760,2.478,media/ZS_F3_2197.mp3,F3-GMS-2151C 04:50.28-04:52.76
2198,3,2151,47,GLOSSIKA-ENZS-F3-GMS-2151C.mp3,295.922,299.356,3.434,media/ZS_F3_2198.mp3,F3-GMS-2151C 04:55.92-04:59.36
2199,3,2151,48,GLOSSIKA-ENZS-F3-GMS-2151C.mp3,302.571,305.227,2.656,media/ZS_F3_2199.mp3,F3-GMS-2151C 05:02.57-05:05.23
2200,3,2151,49,GLOSSIKA-ENZS-F3-GMS-2151C.mp3,308.356,311.271,2.915,media/ZS_F3_2200.mp3,F3-GMS-2151C 05:08.36-05:11.27
2201,3,2201,0,GLOSSIKA-ENZS-F3-GMS-2201C.mp3,11.790,14.425,2.634,media/ZS_F3_2201.mp3,F3-GMS-2201C 00:11.79-00:14.42
2202,3,2201,1,GLOSSIKA-ENZS-F3-GMS-2201C.mp3,17.735,19.870,2.135,media/ZS_F3_2202.mp3,F3-GMS-2201C 00:17.73-00:19.87
2203,3,2201,2,GLOSSIKA-ENZS-F3-GMS-2201C.mp3,23.249,25.075,1.826,media/ZS_F3_2203.mp3,F3-GMS-2201C 00:23.25-00:25.08
2204,3,2201,3,GLOSSIKA-ENZS-F3-GMS-2201C.mp3,28.313,29.897,1.584,media/ZS_F3_2204.mp3,F3-GMS-2201C 00:28.31-00:29.90
2205,3,2201,4,GLOSSIKA-ENZS-F3-GMS-2201C.mp3,33.028,36.244,3.216,media/ZS_F3_2205.mp3,F3-GMS-2201C 00:33.03-00:36.24
2206,3,2201,5,GLOSSIKA-ENZS-F3-GMS-2201C.mp3,39.510,41.363,1.854,media/ZS_F3_2206.mp3,F3-GMS-2201C 00:39.51-00:41.36
2207,3,2201,6,GLOSSIKA-ENZS-F3-GMS-2201C.mp3,44.580,47.360,2.780,media/ZS_F3_2207.mp3,F3-GMS-2201C 00:44.58-00:47.36
2208,3,2201,7,GLOSSIKA-ENZS-F3-GMS-2201C.mp3,50.730,53.161,2.431,media/ZS_F3_2208.mp3,F3-GMS-2201C 00:50.73-00:53.16
2209,3,2201,8,GLOSSIKA-ENZS-F3-GMS-2201C.mp3,56.378,58.974,2.596,media/ZS_F3_2209.mp3,F3-GMS-2201C 00:56.38-00:58.97
2210,3,2201,9,GLOSSIKA-ENZS-F3-GMS-2201C.mp3,62.145,64.568,2.423,media/ZS_F3_2210.mp3,F3-GMS-2201C 01:02.15-01:04.57
2211,3,2201,10,GLOSSIKA-ENZS-F3-GMS-2201C.mp3,67.711,71.716,4.005,media/ZS_F3_2211.mp3,F3-GMS-2201C 01:07.71-01:11.72
2212,3,2201,11,GLOSSIKA-ENZS-F3-GMS-2201C.mp3,75.130,78.971,3.841,media/ZS_F3_2212.mp3,F3-GMS-2201C 01:15.13-01:18.97
2213,3,2201,12,GLOSSIKA-ENZS-F3-GMS-2201C.mp3,82.212,85.003,2.791,media/ZS_F3_2213.mp3,F3-GMS-2201C 01:22.21-01:25.00
2214,3,2201,13,GLOSSIKA-ENZS-F3-GMS-2201C.mp3,88.192,91.522,3.331,media/ZS_F3_2214.mp3,F3-GMS-2201C 01:28.19-01:31.52
2215,3,2201,14,GLOSSIKA-ENZS-F3-GMS-2201C.mp3,94.740,98.841,4.101,media/ZS_F3_2215.mp3,F3-GMS-2201C 01:34.74-01:38.84
2216,3,2201,15,GLOSSIKA-ENZS-F3-GMS-2201C.mp3,101.995,103.805,1.810,media/ZS_F3_2216.mp3,F3-GMS-2201C 01:42.00-01:43.81
2217,3,2201,16,GLOSSIKA-ENZS-F3-GMS-2201C.mp3,107.018,108.834,1.816,media/ZS_F3_2217.mp3,F3-GMS-2201C 01:47.02-01:48.83
2218,3,2201,17,GLOSSIKA-ENZS-F3-GMS-2201C.mp3,112.052,114.106,2.054,media/ZS_F3_2218.mp3,F3-GMS-2201C 01:52.05-01:54.11
2219,3,2201,18,GLOSSIKA-ENZS-F3-GMS-2201C.mp3,117.445,119.964,2.519,media/ZS_F3_2219.mp3,F3-GMS-2201C 01:57.44-01:59.96
2220,3,2201,19,GLOSSIKA-ENZS-F3-GMS-2201C.mp3,123.236,125.438,2.203,media/ZS_F3_2220.mp3,F3-GMS-2201C 02:03.24-02:05.44
2221,3,2201,20,GLOSSIKA-ENZS-F3-GMS-2201C.mp3,128.684,130.695,2.011,media/ZS_F3_2221.mp3,F3-GMS-2201C 02:08.68-02:10.69
2222,3,2201,21,GLOSSIKA-ENZS-F3-GMS-2201C.mp3,133.988,136.693,2.704,media/ZS_F3_2222.mp3,F3-GMS-2201C 02:13.99-02:16.69
2223,3,2201,22,GLOSSIKA-ENZS-F3-GMS-2201C.mp3,139.981,141.653,1.672,media/ZS_F3_2223.mp3,F3-GMS-2201C 02:19.98-02:21.65
2224,3,2201,23,GLOSSIKA-ENZS-F3-GMS-2201C.mp3,144.804,146.313,1.509,media/ZS_F3_2224.mp3,F3-GMS-2201C 02:24.80-02:26.31
2225,3,2201,24,GLOSSIKA-ENZS-F3-GMS-2201C.mp3,149.474,152.864,3.390,media/ZS_F3_2225.mp3,F3-GMS-2201C 02:29.47-02:32.86
2226,3,2201,25,GLOSSIKA-ENZS-F3-GMS-2201C.mp3,156.064,158.753,2.689,media/ZS_F3_2226.mp3,F3-GMS-2201C 02:36.06-02:38.75
2227,3,2201,26,GLOSSIKA-ENZS-F3-GMS-2201C.mp3,162.161,164.959,2.798,media/ZS_F3_2227.mp3,F3-GMS-2201C 02:42.16-02:44.96
2228,3,2201,27,GLOSSIKA-ENZS-F3-GMS-2201C.mp3,168.148,170.906,2.758,media/ZS_F3_2228.mp3,F3-GMS-2201C 02:48.15-02:50.91
2229,3,2201,28,GLOSSIKA-ENZS-F3-GMS-2201C.mp3,174.070,175.547,1.477,media/ZS_F3_2229.mp3,F3-GMS-2201C 02:54.07-02:55.55
2230,3,2201,29,GLOSSIKA-ENZS-F3-GMS-2201C.mp3,178.815,181.620,2.804,media/ZS_F3_2230.mp3,F3-GMS-2201C 02:58.82-03:01.62
2231,3,2201,30,GLOSSIKA-ENZS-F3-GMS-2201C.mp3,184.872,186.828,1.955,media/ZS_F3_2231.mp3,F3-GMS-2201C 03:04.87-03:06.83
2232,3,2201,31,GLOSSIKA-ENZS-F3-GMS-2201C.mp3,190.292,193.106,2.814,media/ZS_F3_2232.mp3,F3-GMS-2201C 03:10.29-03:13.11
2233,3,2201,32,GLOSSIKA-ENZS-F3-GMS-2201C.mp3,196.310,198.267,1.957,media/ZS_F3_2233.mp3,F3-GMS-2201C 03:16.31-03:18.27
2234,3,2201,33,GLOSSIKA-ENZS-F3-GMS-2201C.mp3,201.500,203.595,2.094,media/ZS_F3_2234.mp3,F3-GMS-2201C 03:21.50-03:23.59
2235,3,2201,34,GLOSSIKA-ENZS-F3-GMS-2201C.mp3,206.986,208.571,1.585,media/ZS_F3_2235.mp3,F3-GMS-2201C 03:26.99-03:28.57
2236,3,2201,35,GLOSSIKA-ENZS-F3-GMS-2201C.mp3,211.778,213.132,1.355,media/ZS_F3_2236.mp3,F3-GMS-2201C 03:31.78-03:33.13
2237,3,2201,36,GLOSSIKA-ENZS-F3-GMS-2201C.mp3,216.342,218.498,2.156,media/ZS_F3_2237.mp3,F3-GMS-2201C 03:36.34-03:38.50
2238,3,2201,37,GLOSSIKA-ENZS-F3-GMS-2201C.mp3,221.685,223.142,1.457,media/ZS_F3_2238.mp3,F3-GMS-2201C 03:41.68-03:43.14
2239,3,2201,38,GLOSSIKA-ENZS-F3-GMS-2201C.mp3,223.746,225.324,1.578,media/ZS_F3_2239.mp3,F3-GMS-2201C 03:43.75-03:45.32
2240,3,2201,39,GLOSSIKA-ENZS-F3-GMS-2201C.mp3,228.621,230.294,1.673,media/ZS_F3_2240.mp3,F3-GMS-2201C 03:48.62-03:50.29
2241,3,2201,40,GLOSSIKA-ENZS-F3-GMS-2201C.mp3,233.535,235.601,2.066,media/ZS_F3_2241.mp3,F3-GMS-2201C 03:53.53-03:55.60
2242,3,2201,41,GLOSSIKA-ENZS-F3-GMS-2201C.mp3,238.813,241.240,2.427,media/ZS_F3_2242.mp3,F3-GMS-2201C 03:58.81-04:01.24
2243,3,2201,42,GLOSSIKA-ENZS-F3-GMS-2201C.mp3,244.423,245.856,1.433,media/ZS_F3_2243.mp3,F3-GMS-2201C 04:04.42-04:05.86
2244,3,2201,43,GLOSSIKA-ENZS-F3-GMS-2201C.mp3,249.160,251.595,2.435,media/ZS_F3_2244.mp3,F3-GMS-2201C 04:09.16-04:11.60
2245,3,2201,44,GLOSSIKA-ENZS-F3-GMS-2201C.mp3,254.894,257.601,2.707,media/ZS_F3_2245.mp3,F3-GMS-2201C 04:14.89-04:17.60
2246,3,2201,45,GLOSSIKA-ENZS-F3-GMS-2201C.mp3,260.819,264.818,3.999,media/ZS_F3_2246.mp3,F3-GMS-2201C 04:20.82-04:24.82
2247,3,2201,46,GLOSSIKA-ENZS-F3-GMS-2201C.mp3,268.080,270.689,2.609,media/ZS_F3_2247.mp3,F3-GMS-2201C 04:28.08-04:30.69
2248,3,2201,47,GLOSSIKA-ENZS-F3-GMS-2201C.mp3,274.171,276.695,2.524,media/ZS_F3_2248.mp3,F3-GMS-2201C 04:34.17-04:36.70
2249,3,2201,48,GLOSSIKA-ENZS-F3-GMS-2201C.mp3,279.919,282.046,2.126,media/ZS_F3_2249.mp3,F3-GMS-2201C 04:39.92-04:42.05
2250,3,2201,49,GLOSSIKA-ENZS-F3-GMS-2201C.mp3,285.298,286.825,1.528,media/ZS_F3_2250.mp3,F3-GMS-2201C 04:45.30-04:46.83
2251,3,2251,0,GLOSSIKA-ENZS-F3-GMS-2251C.mp3,6.755,8.860,2.105,media/ZS_F3_2251.mp3,F3-GMS-2251C 00:06.76-00:08.86
2252,3,2251,1,GLOSSIKA-ENZS-F3-GMS-2251C.mp3,12.157,14.649,2.492,media/ZS_F3_2252.mp3,F3-GMS-2251C 00:12.16-00:14.65
2253,3,2251,2,GLOSSIKA-ENZS-F3-GMS-2251C.mp3,18.013,19.983,1.970,media/ZS_F3_2253.mp3,F3-GMS-2251C 00:18.01-00:19.98
2254,3,2251,3,GLOSSIKA-ENZS-F3-GMS-2251C.mp3,23.152,26.012,2.860,media/ZS_F3_2254.mp3,F3-GMS-2251C 00:23.15-00:26.01
2255,3,2251,4,GLOSSIKA-ENZS-F3-GMS-2251C.mp3,29.198,30.656,1.458,media/ZS_F3_2255.mp3,F3-GMS-2251C 00:29.20-00:30.66
2256,3,2251,5,GLOSSIKA-ENZS-F3-GMS-2251C.mp3,33.880,36.403,2.523,media/ZS_F3_2256.mp3,F3-GMS-2251C 00:33.88-00:36.40
2257,3,2251,6,GLOSSIKA-ENZS-F3-GMS-2251C.mp3,39.616,42.818,3.203,media/ZS_F3_2257.mp3,F3-GMS-2251C 00:39.62-00:42.82
2258,3,2251,7,GLOSSIKA-ENZS-F3-GMS-2251C.mp3,46.022,47.718,1.696,media/ZS_F3_2258.mp3,F3-GMS-2251C 00:46.02-00:47.72
2259,3,2251,8,GLOSSIKA-ENZS-F3-GMS-2251C.mp3,50.879,52.682,1.803,media/ZS_F3_2259.mp3,F3-GMS-2251C 00:50.88-00:52.68
2260,3,2251,9,GLOSSIKA-ENZS-F3-GMS-2251C.mp3,55.984,59.766,3.781,media/ZS_F3_2260.mp3,F3-GMS-2251C 00:55.98-00:59.77
2261,3,2251,10,GLOSSIKA-ENZS-F3-GMS-2251C.mp3,63.215,66.636,3.421,media/ZS_F3_2261.mp3,F3-GMS-2251C 01:03.21-01:06.64
2262,3,2251,11,GLOSSIKA-ENZS-F3-GMS-2251C.mp3,69.962,73.268,3.306,media/ZS_F3_2262.mp3,F3-GMS-2251C 01:09.96-01:13.27
2263,3,2251,12,GLOSSIKA-ENZS-F3-GMS-2251C.mp3,76.523,79.454,2.931,media/ZS_F3_2263.mp3,F3-GMS-2251C 01:16.52-01:19.45
2264,3,2251,13,GLOSSIKA-ENZS-F3-GMS-2251C.mp3,82.784,85.160,2.377,media/ZS_F3_2264.mp3,F3-GMS-2251C 01:22.78-01:25.16
2265,3,2251,14,GLOSSIKA-ENZS-F3-GMS-2251C.mp3,88.351,91.966,3.616,media/ZS_F3_2265.mp3,F3-GMS-2251C 01:28.35-01:31.97
2266,3,2251,15,GLOSSIKA-ENZS-F3-GMS-2251C.mp3,95.299,97.581,2.283,media/ZS_F3_2266.mp3,F3-GMS-2251C 01:35.30-01:37.58
2267,3,2251,16,GLOSSIKA-ENZS-F3-GMS-2251C.mp3,100.748,104.042,3.294,media/ZS_F3_2267.mp3,F3-GMS-2251C 01:40.75-01:44.04
2268,3,2251,17,GLOSSIKA-ENZS-F3-GMS-2251C.mp3,107.358,109.210,1.852,media/ZS_F3_2268.mp3,F3-GMS-2251C 01:47.36-01:49.21
2269,3,2251,18,GLOSSIKA-ENZS-F3-GMS-2251C.mp3,112.437,114.553,2.116,media/ZS_F3_2269.mp3,F3-GMS-2251C 01:52.44-01:54.55
2270,3,2251,19,GLOSSIKA-ENZS-F3-GMS-2251C.mp3,117.700,120.644,2.944,media/ZS_F3_2270.mp3,F3-GMS-2251C 01:57.70-02:00.64
2271,3,2251,20,GLOSSIKA-ENZS-F3-GMS-2251C.mp3,123.838,126.266,2.429,media/ZS_F3_2271.mp3,F3-GMS-2251C 02:03.84-02:06.27
2272,3,2251,21,GLOSSIKA-ENZS-F3-GMS-2251C.mp3,129.439,134.169,4.730,media/ZS_F3_2272.mp3,F3-GMS-2251C 02:09.44-02:14.17
2273,3,2251,22,GLOSSIKA-ENZS-F3-GMS-2251C.mp3,137.374,139.374,2.000,media/ZS_F3_2273.mp3,F3-GMS-2251C 02:17.37-02:19.37
2274,3,2251,23,GLOSSIKA-ENZS-F3-GMS-2251C.mp3,142.531,144.815,2.284,media/ZS_F3_2274.mp3,F3-GMS-2251C 02:22.53-02:24.81
2275,3,2251,24,GLOSSIKA-ENZS-F3-GMS-2251C.mp3,148.333,151.736,3.402,media/ZS_F3_2275.mp3,F3-GMS-2251C 02:28.33-02:31.74
2276,3,2251,25,GLOSSIKA-ENZS-F3-GMS-2251C.mp3,154.975,156.972,1.997,media/ZS_F3_2276.mp3,F3-GMS-2251C 02:34.97-02:36.97
2277,3,2251,26,GLOSSIKA-ENZS-F3-GMS-2251C.mp3,160.101,162.259,2.158,media/ZS_F3_2277.mp3,F3-GMS-2251C 02:40.10-02:42.26
2278,3,2251,27,GLOSSIKA-ENZS-F3-GMS-2251C.mp3,165.549,167.383,1.833,media/ZS_F3_2278.mp3,F3-GMS-2251C 02:45.55-02:47.38
2279,3,2251,28,GLOSSIKA-ENZS-F3-GMS-2251C.mp3,170.561,172.116,1.556,media/ZS_F3_2279.mp3,F3-GMS-2251C 02:50.56-02:52.12
2280,3,2251,29,GLOSSIKA-ENZS-F3-GMS-2251C.mp3,175.409,176.895,1.486,media/ZS_F3_2280.mp3,F3-GMS-2251C 02:55.41-02:56.89
2281,3,2251,30,GLOSSIKA-ENZS-F3-GMS-2251C.mp3,180.188,183.203,3.015,media/ZS_F3_2281.mp3,F3-GMS-2251C 03:00.19-03:03.20
2282,3,2251,31,GLOSSIKA-ENZS-F3-GMS-2251C.mp3,186.531,188.518,1.986,media/ZS_F3_2282.mp3,F3-GMS-2251C 03:06.53-03:08.52
2283,3,2251,32,GLOSSIKA-ENZS-F3-GMS-2251C.mp3,191.708,194.358,2.650,media/ZS_F3_2283.mp3,F3-GMS-2251C 03:11.71-03:14.36
2284,3,2251,33,GLOSSIKA-ENZS-F3-GMS-2251C.mp3,197.550,199.113,1.563,media/ZS_F3_2284.mp3,F3-GMS-2251C 03:17.55-03:19.11
2285,3,2251,34,GLOSSIKA-ENZS-F3-GMS-2251C.mp3,202.276,204.245,1.969,media/ZS_F3_2285.mp3,F3-GMS-2251C 03:22.28-03:24.24
2286,3,2251,35,GLOSSIKA-ENZS-F3-GMS-2251C.mp3,207.523,209.512,1.989,media/ZS_F3_2286.mp3,F3-GMS-2251C 03:27.52-03:29.51
2287,3,2251,36,GLOSSIKA-ENZS-F3-GMS-2251C.mp3,212.782,214.930,2.148,media/ZS_F3_2287.mp3,F3-GMS-2251C 03:32.78-03:34.93
2288,3,2251,37,GLOSSIKA-ENZS-F3-GMS-2251C.mp3,218.132,221.415,3.283,media/ZS_F3_2288.mp3,F3-GMS-2251C 03:38.13-03:41.42
2289,3,2251,38,GLOSSIKA-ENZS-F3-GMS-2251C.mp3,224.596,226.514,1.919,media/ZS_F3_2289.mp3,F3-GMS-2251C 03:44.60-03:46.51
2290,3,2251,39,GLOSSIKA-ENZS-F3-GMS-2251C.mp3,229.704,233.983,4.279,media/ZS_F3_2290.mp3,F3-GMS-2251C 03:49.70-03:53.98
2291,3,2251,40,GLOSSIKA-ENZS-F3-GMS-2251C.mp3,237.209,239.516,2.307,media/ZS_F3_2291.mp3,F3-GMS-2251C 03:57.21-03:59.52
2292,3,2251,41,GLOSSIKA-ENZS-F3-GMS-2251C.mp3,242.651,245.764,3.112,media/ZS_F3_2292.mp3,F3-GMS-2251C 04:02.65-04:05.76
2293,3,2251,42,GLOSSIKA-ENZS-F3-GMS-2251C.mp3,249.002,253.192,4.190,media/ZS_F3_2293.mp3,F3-GMS-2251C 04:09.00-04:13.19
2294,3,2251,43,GLOSSIKA-ENZS-F3-GMS-2251C.mp3,256.338,258.670,2.332,media/ZS_F3_2294.mp3,F3-GMS-2251C 04:16.34-04:18.67
2295,3,2251,44,GLOSSIKA-ENZS-F3-GMS-2251C.mp3,261.787,263.704,1.918,media/ZS_F3_2295.mp3,F3-GMS-2251C 04:21.79-04:23.70
2296,3,2251,45,GLOSSIKA-ENZS-F3-GMS-2251C.mp3,267.046,269.125,2.079,media/ZS_F3_2296.mp3,F3-GMS-2251C 04:27.05-04:29.13
2297,3,2251,46,GLOSSIKA-ENZS-F3-GMS-2251C.mp3,272.307,277.580,5.273,media/ZS_F3_2297.mp3,F3-GMS-2251C 04:32.31-04:37.58
2298,3,2251,47,GLOSSIKA-ENZS-F3-GMS-2251C.mp3,280.732,283.998,3.266,media/ZS_F3_2298.mp3,F3-GMS-2251C 04:40.73-04:44.00
2299,3,2251,48,GLOSSIKA-ENZS-F3-GMS-2251C.mp3,287.205,288.985,1.780,media/ZS_F3_2299.mp3,F3-GMS-2251C 04:47.20-04:48.99
2300,3,2251,49,GLOSSIKA-ENZS-F3-GMS-2251C.mp3,292.229,294.647,2.418,media/ZS_F3_2300.mp3,F3-GMS-2251C 04:52.23-04:54.65
2301,3,2301,0,GLOSSIKA-ENZS-F3-GMS-2301C.mp3,6.756,8.672,1.916,media/ZS_F3_2301.mp3,F3-GMS-2301C 00:06.76-00:08.67
2302,3,2301,1,GLOSSIKA-ENZS-F3-GMS-2301C.mp3,11.862,13.768,1.906,media/ZS_F3_2302.mp3,F3-GMS-2301C 00:11.86-00:13.77
2303,3,2301,2,GLOSSIKA-ENZS-F3-GMS-2301C.mp3,17.124,19.404,2.280,media/ZS_F3_2303.mp3,F3-GMS-2301C 00:17.12-00:19.40
2304,3,2301,3,GLOSSIKA-ENZS-F3-GMS-2301C.mp3,22.687,25.006,2.320,media/ZS_F3_2304.mp3,F3-GMS-2301C 00:22.69-00:25.01
2305,3,2301,4,GLOSSIKA-ENZS-F3-GMS-2301C.mp3,28.213,29.766,1.554,media/ZS_F3_2305.mp3,F3-GMS-2301C 00:28.21-00:29.77
2306,3,2301,5,GLOSSIKA-ENZS-F3-GMS-2301C.mp3,33.141,35.133,1.992,media/ZS_F3_2306.mp3,F3-GMS-2301C 00:33.14-00:35.13
2307,3,2301,6,GLOSSIKA-ENZS-F3-GMS-2301C.mp3,38.472,41.048,2.576,media/ZS_F3_2307.mp3,F3-GMS-2301C 00:38.47-00:41.05
2308,3,2301,7,GLOSSIKA-ENZS-F3-GMS-2301C.mp3,44.209,46.233,2.024,media/ZS_F3_2308.mp3,F3-GMS-2301C 00:44.21-00:46.23
2309,3,2301,8,GLOSSIKA-ENZS-F3-GMS-2301C.mp3,49.370,51.181,1.811,media/ZS_F3_2309.mp3,F3-GMS-2301C 00:49.37-00:51.18
2310,3,2301,9,GLOSSIKA-ENZS-F3-GMS-2301C.mp3,54.315,56.368,2.053,media/ZS_F3_2310.mp3,F3-GMS-2301C 00:54.31-00:56.37
2311,3,2301,10,GLOSSIKA-ENZS-F3-GMS-2301C.mp3,59.557,61.790,2.234,media/ZS_F3_2311.mp3,F3-GMS-2301C 00:59.56-01:01.79
2312,3,2301,11,GLOSSIKA-ENZS-F3-GMS-2301C.mp3,64.972,67.218,2.246,media/ZS_F3_2312.mp3,F3-GMS-2301C 01:04.97-01:07.22
2313,3,2301,12,GLOSSIKA-ENZS-F3-GMS-2301C.mp3,70.498,72.218,1.720,media/ZS_F3_2313.mp3,F3-GMS-2301C 01:10.50-01:12.22
2314,3,2301,13,GLOSSIKA-ENZS-F3-GMS-2301C.mp3,75.416,77.457,2.040,media/ZS_F3_2314.mp3,F3-GMS-2301C 01:15.42-01:17.46
2315,3,2301,14,GLOSSIKA-ENZS-F3-GMS-2301C.mp3,80.835,84.236,3.401,media/ZS_F3_2315.mp3,F3-GMS-2301C 01:20.83-01:24.24
2316,3,2301,15,GLOSSIKA-ENZS-F3-GMS-2301C.mp3,87.459,88.923,1.465,media/ZS_F3_2316.mp3,F3-GMS-2301C 01:27.46-01:28.92
2317,3,2301,16,GLOSSIKA-ENZS-F3-GMS-2301C.mp3,92.293,94.994,2.701,media/ZS_F3_2317.mp3,F3-GMS-2301C 01:32.29-01:34.99
2318,3,2301,17,GLOSSIKA-ENZS-F3-GMS-2301C.mp3,98.106,100.071,1.965,media/ZS_F3_2318.mp3,F3-GMS-2301C 01:38.11-01:40.07
2319,3,2301,18,GLOSSIKA-ENZS-F3-GMS-2301C.mp3,103.276,104.671,1.395,media/ZS_F3_2319.mp3,F3-GMS-2301C 01:43.28-01:44.67
2320,3,2301,19,GLOSSIKA-ENZS-F3-GMS-2301C.mp3,107.948,109.859,1.911,media/ZS_F3_2320.mp3,F3-GMS-2301C 01:47.95-01:49.86
2321,3,2301,20,GLOSSIKA-ENZS-F3-GMS-2301C.mp3,113.143,115.309,2.167,media/ZS_F3_2321.mp3,F3-GMS-2301C 01:53.14-01:55.31
2322,3,2301,21,GLOSSIKA-ENZS-F3-GMS-2301C.mp3,118.473,121.054,2.580,media/ZS_F3_2322.mp3,F3-GMS-2301C 01:58.47-02:01.05
2323,3,2301,22,GLOSSIKA-ENZS-F3-GMS-2301C.mp3,124.283,128.068,3.785,media/ZS_F3_2323.mp3,F3-GMS-2301C 02:04.28-02:08.07
2324,3,2301,23,GLOSSIKA-ENZS-F3-GMS-2301C.mp3,131.246,134.318,3.072,media/ZS_F3_2324.mp3,F3-GMS-2301C 02:11.25-02:14.32
2325,3,2301,24,GLOSSIKA-ENZS-F3-GMS-2301C.mp3,137.580,139.887,2.307,media/ZS_F3_2325.mp3,F3-GMS-2301C 02:17.58-02:19.89
2326,3,2301,25,GLOSSIKA-ENZS-F3-GMS-2301C.mp3,143.283,148.325,5.042,media/ZS_F3_2326.mp3,F3-GMS-2301C 02:23.28-02:28.33
2327,3,2301,26,GLOSSIKA-ENZS-F3-GMS-2301C.mp3,151.638,155.561,3.923,media/ZS_F3_2327.mp3,F3-GMS-2301C 02:31.64-02:35.56
2328,3,2301,27,GLOSSIKA-ENZS-F3-GMS-2301C.mp3,158.583,161.722,3.139,media/ZS_F3_2328.mp3,F3-GMS-2301C 02:38.58-02:41.72
2329,3,2301,28,GLOSSIKA-ENZS-F3-GMS-2301C.mp3,165.093,167.731,2.639,media/ZS_F3_2329.mp3,F3-GMS-2301C 02:45.09-02:47.73
2330,3,2301,29,GLOSSIKA-ENZS-F3-GMS-2301C.mp3,170.895,173.720,2.825,media/ZS_F3_2330.mp3,F3-GMS-2301C 02:50.90-02:53.72
2331,3,2301,30,GLOSSIKA-ENZS-F3-GMS-2301C.mp3,176.853,180.273,3.420,media/ZS_F3_2331.mp3,F3-GMS-2301C 02:56.85-03:00.27
2332,3,2301,31,GLOSSIKA-ENZS-F3-GMS-2301C.mp3,183.539,186.008,2.469,media/ZS_F3_2332.mp3,F3-GMS-2301C 03:03.54-03:06.01
2333,3,2301,32,GLOSSIKA-ENZS-F3-GMS-2301C.mp3,189.131,192.709,3.578,media/ZS_F3_2333.mp3,F3-GMS-2301C 03:09.13-03:12.71
2334,3,2301,33,GLOSSIKA-ENZS-F3-GMS-2301C.mp3,195.855,198.876,3.021,media/ZS_F3_2334.mp3,F3-GMS-2301C 03:15.85-03:18.88
2335,3,2301,34,GLOSSIKA-ENZS-F3-GMS-2301C.mp3,202.073,205.511,3.438,media/ZS_F3_2335.mp3,F3-GMS-2301C 03:22.07-03:25.51
2336,3,2301,35,GLOSSIKA-ENZS-F3-GMS-2301C.mp3,208.808,212.037,3.229,media/ZS_F3_2336.mp3,F3-GMS-2301C 03:28.81-03:32.04
2337,3,2301,36,GLOSSIKA-ENZS-F3-GMS-2301C.mp3,215.153,218.766,3.612,media/ZS_F3_2337.mp3,F3-GMS-2301C 03:35.15-03:38.77
2338,3,2301,37,GLOSSIKA-ENZS-F3-GMS-2301C.mp3,221.956,225.243,3.287,media/ZS_F3_2338.mp3,F3-GMS-2301C 03:41.96-03:45.24
2339,3,2301,38,GLOSSIKA-ENZS-F3-GMS-2301C.mp3,228.580,230.146,1.567,media/ZS_F3_2339.mp3,F3-GMS-2301C 03:48.58-03:50.15
2340,3,2301,39,GLOSSIKA-ENZS-F3-GMS-2301C.mp3,233.370,235.917,2.547,media/ZS_F3_2340.mp3,F3-GMS-2301C 03:53.37-03:55.92
2341,3,2301,40,GLOSSIKA-ENZS-F3-GMS-2301C.mp3,239.222,241.561,2.339,media/ZS_F3_2341.mp3,F3-GMS-2301C 03:59.22-04:01.56
2342,3,2301,41,GLOSSIKA-ENZS-F3-GMS-2301C.mp3,244.709,248.279,3.570,media/ZS_F3_2342.mp3,F3-GMS-2301C 04:04.71-04:08.28
2343,3,2301,42,GLOSSIKA-ENZS-F3-GMS-2301C.mp3,251.635,254.176,2.541,media/ZS_F3_2343.mp3,F3-GMS-2301C 04:11.64-04:14.18
2344,3,2301,43,GLOSSIKA-ENZS-F3-GMS-2301C.mp3,257.332,260.126,2.794,media/ZS_F3_2344.mp3,F3-GMS-2301C 04:17.33-04:20.13
2345,3,2301,44,GLOSSIKA-ENZS-F3-GMS-2301C.mp3,263.319,265.166,1.846,media/ZS_F3_2345.mp3,F3-GMS-2301C 04:23.32-04:25.17
2346,3,2301,45,GLOSSIKA-ENZS-F3-GMS-2301C.mp3,268.352,270.223,1.871,media/ZS_F3_2346.mp3,F3-GMS-2301C 04:28.35-04:30.22
2347,3,2301,46,GLOSSIKA-ENZS-F3-GMS-2301C.mp3,273.553,276.279,2.726,media/ZS_F3_2347.mp3,F3-GMS-2301C 04:33.55-04:36.28
2348,3,2301,47,GLOSSIKA-ENZS-F3-GMS-2301C.mp3,279.488,281.766,2.278,media/ZS_F3_2348.mp3,F3-GMS-2301C 04:39.49-04:41.77
2349,3,2301,48,GLOSSIKA-ENZS-F3-GMS-2301C.mp3,284.932,287.452,2.520,media/ZS_F3_2349.mp3,F3-GMS-2301C 04:44.93-04:47.45
2350,3,2301,49,GLOSSIKA-ENZS-F3-GMS-2301C.mp3,290.605,292.557,1.952,media/ZS_F3_2350.mp3,F3-GMS-2301C 04:50.61-04:52.56
2351,3,2351,0,GLOSSIKA-ENZS-F3-GMS-2351C.mp3,6.757,8.328,1.570,media/ZS_F3_2351.mp3,F3-GMS-2351C 00:06.76-00:08.33
2352,3,2351,1,GLOSSIKA-ENZS-F3-GMS-2351C.mp3,11.623,15.242,3.619,media/ZS_F3_2352.mp3,F3-GMS-2351C 00:11.62-00:15.24
2353,3,2351,2,GLOSSIKA-ENZS-F3-GMS-2351C.mp3,18.399,20.459,2.060,media/ZS_F3_2353.mp3,F3-GMS-2351C 00:18.40-00:20.46
2354,3,2351,3,GLOSSIKA-ENZS-F3-GMS-2351C.mp3,23.623,25.950,2.327,media/ZS_F3_2354.mp3,F3-GMS-2351C 00:23.62-00:25.95
2355,3,2351,4,GLOSSIKA-ENZS-F3-GMS-2351C.mp3,29.137,31.237,2.099,media/ZS_F3_2355.mp3,F3-GMS-2351C 00:29.14-00:31.24
2356,3,2351,5,GLOSSIKA-ENZS-F3-GMS-2351C.mp3,34.469,37.712,3.243,media/ZS_F3_2356.mp3,F3-GMS-2351C 00:34.47-00:37.71
2357,3,2351,6,GLOSSIKA-ENZS-F3-GMS-2351C.mp3,41.083,44.452,3.368,media/ZS_F3_2357.mp3,F3-GMS-2351C 00:41.08-00:44.45
2358,3,2351,7,GLOSSIKA-ENZS-F3-GMS-2351C.mp3,47.751,50.447,2.696,media/ZS_F3_2358.mp3,F3-GMS-2351C 00:47.75-00:50.45
2359,3,2351,8,GLOSSIKA-ENZS-F3-GMS-2351C.mp3,53.681,56.920,3.240,media/ZS_F3_2359.mp3,F3-GMS-2351C 00:53.68-00:56.92
2360,3,2351,9,GLOSSIKA-ENZS-F3-GMS-2351C.mp3,60.079,63.486,3.407,media/ZS_F3_2360.mp3,F3-GMS-2351C 01:00.08-01:03.49
2361,3,2351,10,GLOSSIKA-ENZS-F3-GMS-2351C.mp3,66.573,69.805,3.232,media/ZS_F3_2361.mp3,F3-GMS-2351C 01:06.57-01:09.81
2362,3,2351,11,GLOSSIKA-ENZS-F3-GMS-2351C.mp3,72.942,76.484,3.542,media/ZS_F3_2362.mp3,F3-GMS-2351C 01:12.94-01:16.48
2363,3,2351,12,GLOSSIKA-ENZS-F3-GMS-2351C.mp3,79.832,82.818,2.986,media/ZS_F3_2363.mp3,F3-GMS-2351C 01:19.83-01:22.82
2364,3,2351,13,GLOSSIKA-ENZS-F3-GMS-2351C.mp3,86.028,89.311,3.283,media/ZS_F3_2364.mp3,F3-GMS-2351C 01:26.03-01:29.31
2365,3,2351,14,GLOSSIKA-ENZS-F3-GMS-2351C.mp3,92.538,94.348,1.810,media/ZS_F3_2365.mp3,F3-GMS-2351C 01:32.54-01:34.35
2366,3,2351,15,GLOSSIKA-ENZS-F3-GMS-2351C.mp3,97.519,101.031,3.512,media/ZS_F3_2366.mp3,F3-GMS-2351C 01:37.52-01:41.03
2367,3,2351,16,GLOSSIKA-ENZS-F3-GMS-2351C.mp3,104.296,106.845,2.549,media/ZS_F3_2367.mp3,F3-GMS-2351C 01:44.30-01:46.84
2368,3,2351,17,GLOSSIKA-ENZS-F3-GMS-2351C.mp3,110.220,112.439,2.219,media/ZS_F3_2368.mp3,F3-GMS-2351C 01:50.22-01:52.44
2369,3,2351,18,GLOSSIKA-ENZS-F3-GMS-2351C.mp3,115.619,118.067,2.448,media/ZS_F3_2369.mp3,F3-GMS-2351C 01:55.62-01:58.07
2370,3,2351,19,GLOSSIKA-ENZS-F3-GMS-2351C.mp3,121.242,123.456,2.214,media/ZS_F3_2370.mp3,F3-GMS-2351C 02:01.24-02:03.46
2371,3,2351,20,GLOSSIKA-ENZS-F3-GMS-2351C.mp3,126.778,129.540,2.762,media/ZS_F3_2371.mp3,F3-GMS-2351C 02:06.78-02:09.54
2372,3,2351,21,GLOSSIKA-ENZS-F3-GMS-2351C.mp3,132.779,136.174,3.395,media/ZS_F3_2372.mp3,F3-GMS-2351C 02:12.78-02:16.17
2373,3,2351,22,GLOSSIKA-ENZS-F3-GMS-2351C.mp3,139.412,142.089,2.677,media/ZS_F3_2373.mp3,F3-GMS-2351C 02:19.41-02:22.09
2374,3,2351,23,GLOSSIKA-ENZS-F3-GMS-2351C.mp3,145.463,148.615,3.152,media/ZS_F3_2374.mp3,F3-GMS-2351C 02:25.46-02:28.62
2375,3,2351,24,GLOSSIKA-ENZS-F3-GMS-2351C.mp3,151.957,155.053,3.096,media/ZS_F3_2375.mp3,F3-GMS-2351C 02:31.96-02:35.05
2376,3,2351,25,GLOSSIKA-ENZS-F3-GMS-2351C.mp3,158.294,160.609,2.315,media/ZS_F3_2376.mp3,F3-GMS-2351C 02:38.29-02:40.61
2377,3,2351,26,GLOSSIKA-ENZS-F3-GMS-2351C.mp3,163.920,167.244,3.324,media/ZS_F3_2377.mp3,F3-GMS-2351C 02:43.92-02:47.24
2378,3,2351,27,GLOSSIKA-ENZS-F3-GMS-2351C.mp3,170.710,173.243,2.532,media/ZS_F3_2378.mp3,F3-GMS-2351C 02:50.71-02:53.24
2379,3,2351,28,GLOSSIKA-ENZS-F3-GMS-2351C.mp3,176.464,178.815,2.351,media/ZS_F3_2379.mp3,F3-GMS-2351C 02:56.46-02:58.81
2380,3,2351,29,GLOSSIKA-ENZS-F3-GMS-2351C.mp3,182.107,185.324,3.217,media/ZS_F3_2380.mp3,F3-GMS-2351C 03:02.11-03:05.32
2381,3,2351,30,GLOSSIKA-ENZS-F3-GMS-2351C.mp3,188.672,191.575,2.903,media/ZS_F3_2381.mp3,F3-GMS-2351C 03:08.67-03:11.57
2382,3,2351,31,GLOSSIKA-ENZS-F3-GMS-2351C.mp3,194.825,198.372,3.547,media/ZS_F3_2382.mp3,F3-GMS-2351C 03:14.82-03:18.37
2383,3,2351,32,GLOSSIKA-ENZS-F3-GMS-2351C.mp3,201.778,205.922,4.144,media/ZS_F3_2383.mp3,F3-GMS-2351C 03:21.78-03:25.92
2384,3,2351,33,GLOSSIKA-ENZS-F3-GMS-2351C.mp3,209.152,213.881,4.729,media/ZS_F3_2384.mp3,F3-GMS-2351C 03:29.15-03:33.88
2385,3,2351,34,GLOSSIKA-ENZS-F3-GMS-2351C.mp3,217.146,220.067,2.920,media/ZS_F3_2385.mp3,F3-GMS-2351C 03:37.15-03:40.07
2386,3,2351,35,GLOSSIKA-ENZS-F3-GMS-2351C.mp3,223.265,226.880,3.615,media/ZS_F3_2386.mp3,F3-GMS-2351C 03:43.27-03:46.88
2387,3,2351,36,GLOSSIKA-ENZS-F3-GMS-2351C.mp3,230.050,233.431,3.382,media/ZS_F3_2387.mp3,F3-GMS-2351C 03:50.05-03:53.43
2388,3,2351,37,GLOSSIKA-ENZS-F3-GMS-2351C.mp3,236.638,239.232,2.594,media/ZS_F3_2388.mp3,F3-GMS-2351C 03:56.64-03:59.23
2389,3,2351,38,GLOSSIKA-ENZS-F3-GMS-2351C.mp3,242.569,245.283,2.714,media/ZS_F3_2389.mp3,F3-GMS-2351C 04:02.57-04:05.28
2390,3,2351,39,GLOSSIKA-ENZS-F3-GMS-2351C.mp3,248.443,252.701,4.258,media/ZS_F3_2390.mp3,F3-GMS-2351C 04:08.44-04:12.70
2391,3,2351,40,GLOSSIKA-ENZS-F3-GMS-2351C.mp3,255.973,259.522,3.548,media/ZS_F3_2391.mp3,F3-GMS-2351C 04:15.97-04:19.52
2392,3,2351,41,GLOSSIKA-ENZS-F3-GMS-2351C.mp3,262.781,264.446,1.665,media/ZS_F3_2392.mp3,F3-GMS-2351C 04:22.78-04:24.45
2393,3,2351,42,GLOSSIKA-ENZS-F3-GMS-2351C.mp3,267.800,269.571,1.771,media/ZS_F3_2393.mp3,F3-GMS-2351C 04:27.80-04:29.57
2394,3,2351,43,GLOSSIKA-ENZS-F3-GMS-2351C.mp3,273.029,274.774,1.746,media/ZS_F3_2394.mp3,F3-GMS-2351C 04:33.03-04:34.77
2395,3,2351,44,GLOSSIKA-ENZS-F3-GMS-2351C.mp3,278.014,281.299,3.285,media/ZS_F3_2395.mp3,F3-GMS-2351C 04:38.01-04:41.30
2396,3,2351,45,GLOSSIKA-ENZS-F3-GMS-2351C.mp3,284.549,286.493,1.945,media/ZS_F3_2396.mp3,F3-GMS-2351C 04:44.55-04:46.49
2397,3,2351,46,GLOSSIKA-ENZS-F3-GMS-2351C.mp3,289.750,292.710,2.960,media/ZS_F3_2397.mp3,F3-GMS-2351C 04:49.75-04:52.71
2398,3,2351,47,GLOSSIKA-ENZS-F3-GMS-2351C.mp3,295.972,298.983,3.011,media/ZS_F3_2398.mp3,F3-GMS-2351C 04:55.97-04:58.98
2399,3,2351,48,GLOSSIKA-ENZS-F3-GMS-2351C.mp3,302.299,303.580,1.281,media/ZS_F3_2399.mp3,F3-GMS-2351C 05:02.30-05:03.58
2400,3,2351,49,GLOSSIKA-ENZS-F3-GMS-2351C.mp3,306.952,310.269,3.317,media/ZS_F3_2400.mp3,F3-GMS-2351C 05:06.95-05:10.27
2401,3,2401,0,GLOSSIKA-ENZS-F3-GMS-2401C.mp3,12.956,14.511,1.555,media/ZS_F3_2401.mp3,F3-GMS-2401C 00:12.96-00:14.51
2402,3,2401,1,GLOSSIKA-ENZS-F3-GMS-2401C.mp3,17.790,20.259,2.469,media/ZS_F3_2402.mp3,F3-GMS-2401C 00:17.79-00:20.26
2403,3,2401,2,GLOSSIKA-ENZS-F3-GMS-2401C.mp3,23.609,25.707,2.098,media/ZS_F3_2403.mp3,F3-GMS-2401C 00:23.61-00:25.71
2404,3,2401,3,GLOSSIKA-ENZS-F3-GMS-2401C.mp3,29.119,30.538,1.420,media/ZS_F3_2404.mp3,F3-GMS-2401C 00:29.12-00:30.54
2405,3,2401,4,GLOSSIKA-ENZS-F3-GMS-2401C.mp3,33.926,36.332,2.406,media/ZS_F3_2405.mp3,F3-GMS-2401C 00:33.93-00:36.33
2406,3,2401,5,GLOSSIKA-ENZS-F3-GMS-2401C.mp3,39.660,41.138,1.478,media/ZS_F3_2406.mp3,F3-GMS-2401C 00:39.66-00:41.14
2407,3,2401,6,GLOSSIKA-ENZS-F3-GMS-2401C.mp3,44.441,46.931,2.490,media/ZS_F3_2407.mp3,F3-GMS-2401C 00:44.44-00:46.93
2408,3,2401,7,GLOSSIKA-ENZS-F3-GMS-2401C.mp3,50.132,53.077,2.945,media/ZS_F3_2408.mp3,F3-GMS-2401C 00:50.13-00:53.08
2409,3,2401,8,GLOSSIKA-ENZS-F3-GMS-2401C.mp3,56.405,60.679,4.274,media/ZS_F3_2409.mp3,F3-GMS-2401C 00:56.41-01:00.68
2410,3,2401,9,GLOSSIKA-ENZS-F3-GMS-2401C.mp3,64.019,65.479,1.460,media/ZS_F3_2410.mp3,F3-GMS-2401C 01:04.02-01:05.48
2411,3,2401,10,GLOSSIKA-ENZS-F3-GMS-2401C.mp3,68.946,70.482,1.536,media/ZS_F3_2411.mp3,F3-GMS-2401C 01:08.95-01:10.48
2412,3,2401,11,GLOSSIKA-ENZS-F3-GMS-2401C.mp3,73.708,76.068,2.360,media/ZS_F3_2412.mp3,F3-GMS-2401C 01:13.71-01:16.07
2413,3,2401,12,GLOSSIKA-ENZS-F3-GMS-2401C.mp3,79.450,81.254,1.805,media/ZS_F3_2413.mp3,F3-GMS-2401C 01:19.45-01:21.25
2414,3,2401,13,GLOSSIKA-ENZS-F3-GMS-2401C.mp3,84.435,85.873,1.438,media/ZS_F3_2414.mp3,F3-GMS-2401C 01:24.44-01:25.87
2415,3,2401,14,GLOSSIKA-ENZS-F3-GMS-2401C.mp3,89.097,93.277,4.180,media/ZS_F3_2415.mp3,F3-GMS-2401C 01:29.10-01:33.28
2416,3,2401,15,GLOSSIKA-ENZS-F3-GMS-2401C.mp3,96.569,98.981,2.413,media/ZS_F3_2416.mp3,F3-GMS-2401C 01:36.57-01:38.98
2417,3,2401,16,GLOSSIKA-ENZS-F3-GMS-2401C.mp3,102.255,105.672,3.418,media/ZS_F3_2417.mp3,F3-GMS-2401C 01:42.25-01:45.67
2418,3,2401,17,GLOSSIKA-ENZS-F3-GMS-2401C.mp3,109.171,112.750,3.579,media/ZS_F3_2418.mp3,F3-GMS-2401C 01:49.17-01:52.75
2419,3,2401,18,GLOSSIKA-ENZS-F3-GMS-2401C.mp3,116.106,117.918,1.812,media/ZS_F3_2419.mp3,F3-GMS-2401C 01:56.11-01:57.92
2420,3,2401,19,GLOSSIKA-ENZS-F3-GMS-2401C.mp3,121.235,125.297,4.062,media/ZS_F3_2420.mp3,F3-GMS-2401C 02:01.24-02:05.30
2421,3,2401,20,GLOSSIKA-ENZS-F3-GMS-2401C.mp3,128.568,132.516,3.947,media/ZS_F3_2421.mp3,F3-GMS-2401C 02:08.57-02:12.52
2422,3,2401,21,GLOSSIKA-ENZS-F3-GMS-2401C.mp3,135.906,138.235,2.329,media/ZS_F3_2422.mp3,F3-GMS-2401C 02:15.91-02:18.24
2423,3,2401,22,GLOSSIKA-ENZS-F3-GMS-2401C.mp3,141.479,144.843,3.364,media/ZS_F3_2423.mp3,F3-GMS-2401C 02:21.48-02:24.84
2424,3,2401,23,GLOSSIKA-ENZS-F3-GMS-2401C.mp3,148.222,150.914,2.692,media/ZS_F3_2424.mp3,F3-GMS-2401C 02:28.22-02:30.91
2425,3,2401,24,GLOSSIKA-ENZS-F3-GMS-2401C.mp3,154.319,156.122,1.803,media/ZS_F3_2425.mp3,F3-GMS-2401C 02:34.32-02:36.12
2426,3,2401,25,GLOSSIKA-ENZS-F3-GMS-2401C.mp3,159.463,160.878,1.415,media/ZS_F3_2426.mp3,F3-GMS-2401C 02:39.46-02:40.88
2427,3,2401,26,GLOSSIKA-ENZS-F3-GMS-2401C.mp3,164.280,167.466,3.186,media/ZS_F3_2427.mp3,F3-GMS-2401C 02:44.28-02:47.47
2428,3,2401,27,GLOSSIKA-ENZS-F3-GMS-2401C.mp3,170.760,172.511,1.750,media/ZS_F3_2428.mp3,F3-GMS-2401C 02:50.76-02:52.51
2429,3,2401,28,GLOSSIKA-ENZS-F3-GMS-2401C.mp3,175.802,178.673,2.871,media/ZS_F3_2429.mp3,F3-GMS-2401C 02:55.80-02:58.67
2430,3,2401,29,GLOSSIKA-ENZS-F3-GMS-2401C.mp3,181.847,184.125,2.278,media/ZS_F3_2430.mp3,F3-GMS-2401C 03:01.85-03:04.12
2431,3,2401,30,GLOSSIKA-ENZS-F3-GMS-2401C.mp3,187.400,190.406,3.006,media/ZS_F3_2431.mp3,F3-GMS-2401C 03:07.40-03:10.41
2432,3,2401,31,GLOSSIKA-ENZS-F3-GMS-2401C.mp3,193.581,197.039,3.458,media/ZS_F3_2432.mp3,F3-GMS-2401C 03:13.58-03:17.04
2433,3,2401,32,GLOSSIKA-ENZS-F3-GMS-2401C.mp3,200.271,204.149,3.878,media/ZS_F3_2433.mp3,F3-GMS-2401C 03:20.27-03:24.15
2434,3,2401,33,GLOSSIKA-ENZS-F3-GMS-2401C.mp3,207.440,211.201,3.761,media/ZS_F3_2434.mp3,F3-GMS-2401C 03:27.44-03:31.20
2435,3,2401,34,GLOSSIKA-ENZS-F3-GMS-2401C.mp3,214.471,216.950,2.479,media/ZS_F3_2435.mp3,F3-GMS-2401C 03:34.47-03:36.95
2436,3,2401,35,GLOSSIKA-ENZS-F3-GMS-2401C.mp3,220.111,223.650,3.539,media/ZS_F3_2436.mp3,F3-GMS-2401C 03:40.11-03:43.65
2437,3,2401,36,GLOSSIKA-ENZS-F3-GMS-2401C.mp3,226.898,228.965,2.067,media/ZS_F3_2437.mp3,F3-GMS-2401C 03:46.90-03:48.97
2438,3,2401,37,GLOSSIKA-ENZS-F3-GMS-2401C.mp3,232.444,235.968,3.524,media/ZS_F3_2438.mp3,F3-GMS-2401C 03:52.44-03:55.97
2439,3,2401,38,GLOSSIKA-ENZS-F3-GMS-2401C.mp3,239.436,242.051,2.615,media/ZS_F3_2439.mp3,F3-GMS-2401C 03:59.44-04:02.05
2440,3,2401,39,GLOSSIKA-ENZS-F3-GMS-2401C.mp3,245.383,247.275,1.892,media/ZS_F3_2440.mp3,F3-GMS-2401C 04:05.38-04:07.28
2441,3,2401,40,GLOSSIKA-ENZS-F3-GMS-2401C.mp3,250.508,253.926,3.418,media/ZS_F3_2441.mp3,F3-GMS-2401C 04:10.51-04:13.93
2442,3,2401,41,GLOSSIKA-ENZS-F3-GMS-2401C.mp3,257.169,259.000,1.831,media/ZS_F3_2442.mp3,F3-GMS-2401C 04:17.17-04:19.00
2443,3,2401,42,GLOSSIKA-ENZS-F3-GMS-2401C.mp3,262.299,264.015,1.717,media/ZS_F3_2443.mp3,F3-GMS-2401C 04:22.30-04:24.02
2444,3,2401,43,GLOSSIKA-ENZS-F3-GMS-2401C.mp3,267.369,271.040,3.671,media/ZS_F3_2444.mp3,F3-GMS-2401C 04:27.37-04:31.04
2445,3,2401,44,GLOSSIKA-ENZS-F3-GMS-2401C.mp3,274.297,276.510,2.213,media/ZS_F3_2445.mp3,F3-GMS-2401C 04:34.30-04:36.51
2446,3,2401,45,GLOSSIKA-ENZS-F3-GMS-2401C.mp3,279.886,284.445,4.558,media/ZS_F3_2446.mp3,F3-GMS-2401C 04:39.89-04:44.44
2447,3,2401,46,GLOSSIKA-ENZS-F3-GMS-2401C.mp3,287.985,290.922,2.937,media/ZS_F3_2447.mp3,F3-GMS-2401C 04:47.98-04:50.92
2448,3,2401,47,GLOSSIKA-ENZS-F3-GMS-2401C.mp3,294.212,297.015,2.803,media/ZS_F3_2448.mp3,F3-GMS-2401C 04:54.21-04:57.02
2449,3,2401,48,GLOSSIKA-ENZS-F3-GMS-2401C.mp3,297.765,300.816,3.051,media/ZS_F3_2449.mp3,F3-GMS-2401C 04:57.76-05:00.82
2450,3,2401,49,GLOSSIKA-ENZS-F3-GMS-2401C.mp3,304.130,307.124,2.994,media/ZS_F3_2450.mp3,F3-GMS-2401C 05:04.13-05:07.12
2451,3,2451,0,GLOSSIKA-ENZS-F3-GMS-2451C.mp3,11.904,13.883,1.978,media/ZS_F3_2451.mp3,F3-GMS-2451C 00:11.90-00:13.88
2452,3,2451,1,GLOSSIKA-ENZS-F3-GMS-2451C.mp3,17.439,19.458,2.018,media/ZS_F3_2452.mp3,F3-GMS-2451C 00:17.44-00:19.46
2453,3,2451,2,GLOSSIKA-ENZS-F3-GMS-2451C.mp3,22.973,28.057,5.084,media/ZS_F3_2453.mp3,F3-GMS-2451C 00:22.97-00:28.06
2454,3,2451,3,GLOSSIKA-ENZS-F3-GMS-2451C.mp3,31.548,33.786,2.238,media/ZS_F3_2454.mp3,F3-GMS-2451C 00:31.55-00:33.79
2455,3,2451,4,GLOSSIKA-ENZS-F3-GMS-2451C.mp3,36.949,38.423,1.474,media/ZS_F3_2455.mp3,F3-GMS-2451C 00:36.95-00:38.42
2456,3,2451,5,GLOSSIKA-ENZS-F3-GMS-2451C.mp3,41.769,44.254,2.486,media/ZS_F3_2456.mp3,F3-GMS-2451C 00:41.77-00:44.25
2457,3,2451,6,GLOSSIKA-ENZS-F3-GMS-2451C.mp3,47.589,49.658,2.069,media/ZS_F3_2457.mp3,F3-GMS-2451C 00:47.59-00:49.66
2458,3,2451,7,GLOSSIKA-ENZS-F3-GMS-2451C.mp3,53.023,55.060,2.038,media/ZS_F3_2458.mp3,F3-GMS-2451C 00:53.02-00:55.06
2459,3,2451,8,GLOSSIKA-ENZS-F3-GMS-2451C.mp3,58.298,61.854,3.556,media/ZS_F3_2459.mp3,F3-GMS-2451C 00:58.30-01:01.85
2460,3,2451,9,GLOSSIKA-ENZS-F3-GMS-2451C.mp3,65.129,68.051,2.922,media/ZS_F3_2460.mp3,F3-GMS-2451C 01:05.13-01:08.05
2461,3,2451,10,GLOSSIKA-ENZS-F3-GMS-2451C.mp3,71.325,73.297,1.972,media/ZS_F3_2461.mp3,F3-GMS-2451C 01:11.33-01:13.30
2462,3,2451,11,GLOSSIKA-ENZS-F3-GMS-2451C.mp3,76.587,78.082,1.495,media/ZS_F3_2462.mp3,F3-GMS-2451C 01:16.59-01:18.08
2463,3,2451,12,GLOSSIKA-ENZS-F3-GMS-2451C.mp3,81.263,83.611,2.349,media/ZS_F3_2463.mp3,F3-GMS-2451C 01:21.26-01:23.61
2464,3,2451,13,GLOSSIKA-ENZS-F3-GMS-2451C.mp3,86.826,90.194,3.368,media/ZS_F3_2464.mp3,F3-GMS-2451C 01:26.83-01:30.19
2465,3,2451,14,GLOSSIKA-ENZS-F3-GMS-2451C.mp3,93.455,95.910,2.455,media/ZS_F3_2465.mp3,F3-GMS-2451C 01:33.46-01:35.91
2466,3,2451,15,GLOSSIKA-ENZS-F3-GMS-2451C.mp3,99.185,103.189,4.004,media/ZS_F3_2466.mp3,F3-GMS-2451C 01:39.18-01:43.19
2467,3,2451,16,GLOSSIKA-ENZS-F3-GMS-2451C.mp3,106.401,108.095,1.694,media/ZS_F3_2467.mp3,F3-GMS-2451C 01:46.40-01:48.10
2468,3,2451,17,GLOSSIKA-ENZS-F3-GMS-2451C.mp3,111.354,114.581,3.227,media/ZS_F3_2468.mp3,F3-GMS-2451C 01:51.35-01:54.58
2469,3,2451,18,GLOSSIKA-ENZS-F3-GMS-2451C.mp3,117.861,119.809,1.948,media/ZS_F3_2469.mp3,F3-GMS-2451C 01:57.86-01:59.81
2470,3,2451,19,GLOSSIKA-ENZS-F3-GMS-2451C.mp3,123.023,125.388,2.365,media/ZS_F3_2470.mp3,F3-GMS-2451C 02:03.02-02:05.39
2471,3,2451,20,GLOSSIKA-ENZS-F3-GMS-2451C.mp3,128.581,131.079,2.498,media/ZS_F3_2471.mp3,F3-GMS-2451C 02:08.58-02:11.08
2472,3,2451,21,GLOSSIKA-ENZS-F3-GMS-2451C.mp3,134.449,139.418,4.969,media/ZS_F3_2472.mp3,F3-GMS-2451C 02:14.45-02:19.42
2473,3,2451,22,GLOSSIKA-ENZS-F3-GMS-2451C.mp3,142.649,146.001,3.352,media/ZS_F3_2473.mp3,F3-GMS-2451C 02:22.65-02:26.00
2474,3,2451,23,GLOSSIKA-ENZS-F3-GMS-2451C.mp3,149.218,151.393,2.175,media/ZS_F3_2474.mp3,F3-GMS-2451C 02:29.22-02:31.39
2475,3,2451,24,GLOSSIKA-ENZS-F3-GMS-2451C.mp3,154.675,156.757,2.082,media/ZS_F3_2475.mp3,F3-GMS-2451C 02:34.68-02:36.76
2476,3,2451,25,GLOSSIKA-ENZS-F3-GMS-2451C.mp3,159.994,163.769,3.775,media/ZS_F3_2476.mp3,F3-GMS-2451C 02:39.99-02:43.77
2477,3,2451,26,GLOSSIKA-ENZS-F3-GMS-2451C.mp3,166.911,169.171,2.260,media/ZS_F3_2477.mp3,F3-GMS-2451C 02:46.91-02:49.17
2478,3,2451,27,GLOSSIKA-ENZS-F3-GMS-2451C.mp3,172.500,175.033,2.533,media/ZS_F3_2478.mp3,F3-GMS-2451C 02:52.50-02:55.03
2479,3,2451,28,GLOSSIKA-ENZS-F3-GMS-2451C.mp3,178.296,180.487,2.191,media/ZS_F3_2479.mp3,F3-GMS-2451C 02:58.30-03:00.49
2480,3,2451,29,GLOSSIKA-ENZS-F3-GMS-2451C.mp3,183.791,186.438,2.647,media/ZS_F3_2480.mp3,F3-GMS-2451C 03:03.79-03:06.44
2481,3,2451,30,GLOSSIKA-ENZS-F3-GMS-2451C.mp3,189.778,193.339,3.561,media/ZS_F3_2481.mp3,F3-GMS-2451C 03:09.78-03:13.34
2482,3,2451,31,GLOSSIKA-ENZS-F3-GMS-2451C.mp3,196.710,199.314,2.604,media/ZS_F3_2482.mp3,F3-GMS-2451C 03:16.71-03:19.31
2483,3,2451,32,GLOSSIKA-ENZS-F3-GMS-2451C.mp3,202.543,204.991,2.448,media/ZS_F3_2483.mp3,F3-GMS-2451C 03:22.54-03:24.99
2484,3,2451,33,GLOSSIKA-ENZS-F3-GMS-2451C.mp3,208.486,211.677,3.190,media/ZS_F3_2484.mp3,F3-GMS-2451C 03:28.49-03:31.68
2485,3,2451,34,GLOSSIKA-ENZS-F3-GMS-2451C.mp3,214.970,218.002,3.032,media/ZS_F3_2485.mp3,F3-GMS-2451C 03:34.97-03:38.00
2486,3,2451,35,GLOSSIKA-ENZS-F3-GMS-2451C.mp3,221.134,224.510,3.376,media/ZS_F3_2486.mp3,F3-GMS-2451C 03:41.13-03:44.51
2487,3,2451,36,GLOSSIKA-ENZS-F3-GMS-2451C.mp3,227.752,230.869,3.117,media/ZS_F3_2487.mp3,F3-GMS-2451C 03:47.75-03:50.87
2488,3,2451,37,GLOSSIKA-ENZS-F3-GMS-2451C.mp3,231.800,234.068,2.267,media/ZS_F3_2488.mp3,F3-GMS-2451C 03:51.80-03:54.07
2489,3,2451,38,GLOSSIKA-ENZS-F3-GMS-2451C.mp3,237.453,239.662,2.210,media/ZS_F3_2489.mp3,F3-GMS-2451C 03:57.45-03:59.66
2490,3,2451,39,GLOSSIKA-ENZS-F3-GMS-2451C.mp3,243.216,245.749,2.533,media/ZS_F3_2490.mp3,F3-GMS-2451C 04:03.22-04:05.75
2491,3,2451,40,GLOSSIKA-ENZS-F3-GMS-2451C.mp3,248.998,251.588,2.590,media/ZS_F3_2491.mp3,F3-GMS-2451C 04:09.00-04:11.59
2492,3,2451,41,GLOSSIKA-ENZS-F3-GMS-2451C.mp3,252.198,254.700,2.503,media/ZS_F3_2492.mp3,F3-GMS-2451C 04:12.20-04:14.70
2493,3,2451,42,GLOSSIKA-ENZS-F3-GMS-2451C.mp3,258.042,260.273,2.231,media/ZS_F3_2493.mp3,F3-GMS-2451C 04:18.04-04:20.27
2494,3,2451,43,GLOSSIKA-ENZS-F3-GMS-2451C.mp3,263.522,265.797,2.275,media/ZS_F3_2494.mp3,F3-GMS-2451C 04:23.52-04:25.80
2495,3,2451,44,GLOSSIKA-ENZS-F3-GMS-2451C.mp3,269.669,275.096,5.427,media/ZS_F3_2495.mp3,F3-GMS-2451C 04:29.67-04:35.10
2496,3,2451,45,GLOSSIKA-ENZS-F3-GMS-2451C.mp3,278.352,280.233,1.881,media/ZS_F3_2496.mp3,F3-GMS-2451C 04:38.35-04:40.23
2497,3,2451,46,GLOSSIKA-ENZS-F3-GMS-2451C.mp3,283.575,286.477,2.903,media/ZS_F3_2497.mp3,F3-GMS-2451C 04:43.57-04:46.48
2498,3,2451,47,GLOSSIKA-ENZS-F3-GMS-2451C.mp3,289.783,292.837,3.055,media/ZS_F3_2498.mp3,F3-GMS-2451C 04:49.78-04:52.84
2499,3,2451,48,GLOSSIKA-ENZS-F3-GMS-2451C.mp3,296.174,297.951,1.777,media/ZS_F3_2499.mp3,F3-GMS-2451C 04:56.17-04:57.95
2500,3,2451,49,GLOSSIKA-ENZS-F3-GMS-2451C.mp3,301.156,303.163,2.007,media/ZS_F3_2500.mp3,F3-GMS-2451C 05:01.16-05:03.16
2501,3,2501,0,GLOSSIKA-ENZS-F3-GMS-2501C.mp3,6.757,11.874,5.118,media/ZS_F3_2501.mp3,F3-GMS-2501C 00:06.76-00:11.87
2502,3,2501,1,GLOSSIKA-ENZS-F3-GMS-2501C.mp3,15.157,19.957,4.800,media/ZS_F3_2502.mp3,F3-GMS-2501C 00:15.16-00:19.96
2503,3,2501,2,GLOSSIKA-ENZS-F3-GMS-2501C.mp3,23.203,31.491,8.288,media/ZS_F3_2503.mp3,F3-GMS-2501C 00:23.20-00:31.49
2504,3,2501,3,GLOSSIKA-ENZS-F3-GMS-2501C.mp3,34.772,40.928,6.156,media/ZS_F3_2504.mp3,F3-GMS-2501C 00:34.77-00:40.93
2505,3,2501,4,GLOSSIKA-ENZS-F3-GMS-2501C.mp3,44.270,49.207,4.937,media/ZS_F3_2505.mp3,F3-GMS-2501C 00:44.27-00:49.21
2506,3,2501,5,GLOSSIKA-ENZS-F3-GMS-2501C.mp3,52.513,54.902,2.390,media/ZS_F3_2506.mp3,F3-GMS-2501C 00:52.51-00:54.90
2507,3,2501,6,GLOSSIKA-ENZS-F3-GMS-2501C.mp3,58.113,60.933,2.820,media/ZS_F3_2507.mp3,F3-GMS-2501C 00:58.11-01:00.93
2508,3,2501,7,GLOSSIKA-ENZS-F3-GMS-2501C.mp3,64.167,66.628,2.460,media/ZS_F3_2508.mp3,F3-GMS-2501C 01:04.17-01:06.63
2509,3,2501,8,GLOSSIKA-ENZS-F3-GMS-2501C.mp3,69.920,72.171,2.251,media/ZS_F3_2509.mp3,F3-GMS-2501C 01:09.92-01:12.17
2510,3,2501,9,GLOSSIKA-ENZS-F3-GMS-2501C.mp3,75.398,78.383,2.985,media/ZS_F3_2510.mp3,F3-GMS-2501C 01:15.40-01:18.38
2511,3,2501,10,GLOSSIKA-ENZS-F3-GMS-2501C.mp3,81.540,84.353,2.813,media/ZS_F3_2511.mp3,F3-GMS-2501C 01:21.54-01:24.35
2512,3,2501,11,GLOSSIKA-ENZS-F3-GMS-2501C.mp3,87.498,90.534,3.036,media/ZS_F3_2512.mp3,F3-GMS-2501C 01:27.50-01:30.53
2513,3,2501,12,GLOSSIKA-ENZS-F3-GMS-2501C.mp3,93.743,97.013,3.271,media/ZS_F3_2513.mp3,F3-GMS-2501C 01:33.74-01:37.01
2514,3,2501,13,GLOSSIKA-ENZS-F3-GMS-2501C.mp3,100.191,102.737,2.546,media/ZS_F3_2514.mp3,F3-GMS-2501C 01:40.19-01:42.74
2515,3,2501,14,GLOSSIKA-ENZS-F3-GMS-2501C.mp3,105.979,108.365,2.387,media/ZS_F3_2515.mp3,F3-GMS-2501C 01:45.98-01:48.37
2516,3,2501,15,GLOSSIKA-ENZS-F3-GMS-2501C.mp3,111.558,115.394,3.836,media/ZS_F3_2516.mp3,F3-GMS-2501C 01:51.56-01:55.39
2517,3,2501,16,GLOSSIKA-ENZS-F3-GMS-2501C.mp3,118.598,120.893,2.296,media/ZS_F3_2517.mp3,F3-GMS-2501C 01:58.60-02:00.89
2518,3,2501,17,GLOSSIKA-ENZS-F3-GMS-2501C.mp3,124.203,126.838,2.634,media/ZS_F3_2518.mp3,F3-GMS-2501C 02:04.20-02:06.84
2519,3,2501,18,GLOSSIKA-ENZS-F3-GMS-2501C.mp3,130.035,132.223,2.188,media/ZS_F3_2519.mp3,F3-GMS-2501C 02:10.04-02:12.22
2520,3,2501,19,GLOSSIKA-ENZS-F3-GMS-2501C.mp3,135.507,137.292,1.784,media/ZS_F3_2520.mp3,F3-GMS-2501C 02:15.51-02:17.29
2521,3,2501,20,GLOSSIKA-ENZS-F3-GMS-2501C.mp3,140.730,143.706,2.975,media/ZS_F3_2521.mp3,F3-GMS-2501C 02:20.73-02:23.71
2522,3,2501,21,GLOSSIKA-ENZS-F3-GMS-2501C.mp3,146.949,149.233,2.284,media/ZS_F3_2522.mp3,F3-GMS-2501C 02:26.95-02:29.23
2523,3,2501,22,GLOSSIKA-ENZS-F3-GMS-2501C.mp3,152.425,154.834,2.408,media/ZS_F3_2523.mp3,F3-GMS-2501C 02:32.43-02:34.83
2524,3,2501,23,GLOSSIKA-ENZS-F3-GMS-2501C.mp3,157.993,161.057,3.064,media/ZS_F3_2524.mp3,F3-GMS-2501C 02:37.99-02:41.06
2525,3,2501,24,GLOSSIKA-ENZS-F3-GMS-2501C.mp3,164.212,166.679,2.467,media/ZS_F3_2525.mp3,F3-GMS-2501C 02:44.21-02:46.68
2526,3,2501,25,GLOSSIKA-ENZS-F3-GMS-2501C.mp3,169.885,172.071,2.186,media/ZS_F3_2526.mp3,F3-GMS-2501C 02:49.88-02:52.07
2527,3,2501,26,GLOSSIKA-ENZS-F3-GMS-2501C.mp3,175.395,178.068,2.673,media/ZS_F3_2527.mp3,F3-GMS-2501C 02:55.40-02:58.07
2528,3,2501,27,GLOSSIKA-ENZS-F3-GMS-2501C.mp3,181.461,184.150,2.689,media/ZS_F3_2528.mp3,F3-GMS-2501C 03:01.46-03:04.15
2529,3,2501,28,GLOSSIKA-ENZS-F3-GMS-2501C.mp3,187.360,191.186,3.826,media/ZS_F3_2529.mp3,F3-GMS-2501C 03:07.36-03:11.19
2530,3,2501,29,GLOSSIKA-ENZS-F3-GMS-2501C.mp3,194.337,197.194,2.857,media/ZS_F3_2530.mp3,F3-GMS-2501C 03:14.34-03:17.19
2531,3,2501,30,GLOSSIKA-ENZS-F3-GMS-2501C.mp3,200.478,203.172,2.694,media/ZS_F3_2531.mp3,F3-GMS-2501C 03:20.48-03:23.17
2532,3,2501,31,GLOSSIKA-ENZS-F3-GMS-2501C.mp3,206.429,211.964,5.535,media/ZS_F3_2532.mp3,F3-GMS-2501C 03:26.43-03:31.96
2533,3,2501,32,GLOSSIKA-ENZS-F3-GMS-2501C.mp3,215.178,218.453,3.275,media/ZS_F3_2533.mp3,F3-GMS-2501C 03:35.18-03:38.45
2534,3,2501,33,GLOSSIKA-ENZS-F3-GMS-2501C.mp3,221.764,225.170,3.406,media/ZS_F3_2534.mp3,F3-GMS-2501C 03:41.76-03:45.17
2535,3,2501,34,GLOSSIKA-ENZS-F3-GMS-2501C.mp3,228.594,231.756,3.162,media/ZS_F3_2535.mp3,F3-GMS-2501C 03:48.59-03:51.76
2536,3,2501,35,GLOSSIKA-ENZS-F3-GMS-2501C.mp3,234.893,240.017,5.123,media/ZS_F3_2536.mp3,F3-GMS-2501C 03:54.89-04:00.02
2537,3,2501,36,GLOSSIKA-ENZS-F3-GMS-2501C.mp3,243.252,248.079,4.827,media/ZS_F3_2537.mp3,F3-GMS-2501C 04:03.25-04:08.08
2538,3,2501,37,GLOSSIKA-ENZS-F3-GMS-2501C.mp3,251.290,254.236,2.946,media/ZS_F3_2538.mp3,F3-GMS-2501C 04:11.29-04:14.24
2539,3,2501,38,GLOSSIKA-ENZS-F3-GMS-2501C.mp3,257.497,261.103,3.605,media/ZS_F3_2539.mp3,F3-GMS-2501C 04:17.50-04:21.10
2540,3,2501,39,GLOSSIKA-ENZS-F3-GMS-2501C.mp3,264.361,267.551,3.191,media/ZS_F3_2540.mp3,F3-GMS-2501C 04:24.36-04:27.55
2541,3,2501,40,GLOSSIKA-ENZS-F3-GMS-2501C.mp3,270.753,274.010,3.256,media/ZS_F3_2541.mp3,F3-GMS-2501C 04:30.75-04:34.01
2542,3,2501,41,GLOSSIKA-ENZS-F3-GMS-2501C.mp3,277.245,280.093,2.848,media/ZS_F3_2542.mp3,F3-GMS-2501C 04:37.25-04:40.09
2543,3,2501,42,GLOSSIKA-ENZS-F3-GMS-2501C.mp3,283.412,287.586,4.174,media/ZS_F3_2543.mp3,F3-GMS-2501C 04:43.41-04:47.59
2544,3,2501,43,GLOSSIKA-ENZS-F3-GMS-2501C.mp3,290.886,293.783,2.897,media/ZS_F3_2544.mp3,F3-GMS-2501C 04:50.89-04:53.78
2545,3,2501,44,GLOSSIKA-ENZS-F3-GMS-2501C.mp3,297.126,301.129,4.004,media/ZS_F3_2545.mp3,F3-GMS-2501C 04:57.13-05:01.13
2546,3,2501,45,GLOSSIKA-ENZS-F3-GMS-2501C.mp3,304.458,307.119,2.661,media/ZS_F3_2546.mp3,F3-GMS-2501C 05:04.46-05:07.12
2547,3,2501,46,GLOSSIKA-ENZS-F3-GMS-2501C.mp3,310.319,312.881,2.562,media/ZS_F3_2547.mp3,F3-GMS-2501C 05:10.32-05:12.88
2548,3,2501,47,GLOSSIKA-ENZS-F3-GMS-2501C.mp3,316.229,319.422,3.193,media/ZS_F3_2548.mp3,F3-GMS-2501C 05:16.23-05:19.42
2549,3,2501,48,GLOSSIKA-ENZS-F3-GMS-2501C.mp3,322.731,325.612,2.881,media/ZS_F3_2549.mp3,F3-GMS-2501C 05:22.73-05:25.61
2550,3,2501,49,GLOSSIKA-ENZS-F3-GMS-2501C.mp3,328.763,331.426,2.663,media/ZS_F3_2550.mp3,F3-GMS-2501C 05:28.76-05:31.43
2551,3,2551,0,GLOSSIKA-ENZS-F3-GMS-2551C.mp3,6.759,8.885,2.126,media/ZS_F3_2551.mp3,F3-GMS-2551C 00:06.76-00:08.88
2552,3,2551,1,GLOSSIKA-ENZS-F3-GMS-2551C.mp3,12.210,15.979,3.769,media/ZS_F3_2552.mp3,F3-GMS-2551C 00:12.21-00:15.98
2553,3,2551,2,GLOSSIKA-ENZS-F3-GMS-2551C.mp3,19.136,21.322,2.186,media/ZS_F3_2553.mp3,F3-GMS-2551C 00:19.14-00:21.32
2554,3,2551,3,GLOSSIKA-ENZS-F3-GMS-2551C.mp3,24.486,27.768,3.282,media/ZS_F3_2554.mp3,F3-GMS-2551C 00:24.49-00:27.77
2555,3,2551,4,GLOSSIKA-ENZS-F3-GMS-2551C.mp3,31.016,33.813,2.796,media/ZS_F3_2555.mp3,F3-GMS-2551C 00:31.02-00:33.81
2556,3,2551,5,GLOSSIKA-ENZS-F3-GMS-2551C.mp3,36.989,39.716,2.727,media/ZS_F3_2556.mp3,F3-GMS-2551C 00:36.99-00:39.72
2557,3,2551,6,GLOSSIKA-ENZS-F3-GMS-2551C.mp3,42.939,45.079,2.140,media/ZS_F3_2557.mp3,F3-GMS-2551C 00:42.94-00:45.08
2558,3,2551,7,GLOSSIKA-ENZS-F3-GMS-2551C.mp3,48.380,51.781,3.401,media/ZS_F3_2558.mp3,F3-GMS-2551C 00:48.38-00:51.78
2559,3,2551,8,GLOSSIKA-ENZS-F3-GMS-2551C.mp3,55.038,57.467,2.429,media/ZS_F3_2559.mp3,F3-GMS-2551C 00:55.04-00:57.47
2560,3,2551,9,GLOSSIKA-ENZS-F3-GMS-2551C.mp3,60.673,63.578,2.905,media/ZS_F3_2560.mp3,F3-GMS-2551C 01:00.67-01:03.58
2561,3,2551,10,GLOSSIKA-ENZS-F3-GMS-2551C.mp3,66.777,71.030,4.253,media/ZS_F3_2561.mp3,F3-GMS-2551C 01:06.78-01:11.03
2562,3,2551,11,GLOSSIKA-ENZS-F3-GMS-2551C.mp3,74.236,78.252,4.016,media/ZS_F3_2562.mp3,F3-GMS-2551C 01:14.24-01:18.25
2563,3,2551,12,GLOSSIKA-ENZS-F3-GMS-2551C.mp3,81.373,86.244,4.871,media/ZS_F3_2563.mp3,F3-GMS-2551C 01:21.37-01:26.24
2564,3,2551,13,GLOSSIKA-ENZS-F3-GMS-2551C.mp3,89.379,91.551,2.172,media/ZS_F3_2564.mp3,F3-GMS-2551C 01:29.38-01:31.55
2565,3,2551,14,GLOSSIKA-ENZS-F3-GMS-2551C.mp3,94.735,96.304,1.569,media/ZS_F3_2565.mp3,F3-GMS-2551C 01:34.74-01:36.30
2566,3,2551,15,GLOSSIKA-ENZS-F3-GMS-2551C.mp3,99.773,101.797,2.024,media/ZS_F3_2566.mp3,F3-GMS-2551C 01:39.77-01:41.80
2567,3,2551,16,GLOSSIKA-ENZS-F3-GMS-2551C.mp3,104.951,107.895,2.944,media/ZS_F3_2567.mp3,F3-GMS-2551C 01:44.95-01:47.90
2568,3,2551,17,GLOSSIKA-ENZS-F3-GMS-2551C.mp3,111.189,114.184,2.995,media/ZS_F3_2568.mp3,F3-GMS-2551C 01:51.19-01:54.18
2569,3,2551,18,GLOSSIKA-ENZS-F3-GMS-2551C.mp3,117.489,120.024,2.535,media/ZS_F3_2569.mp3,F3-GMS-2551C 01:57.49-02:00.02
2570,3,2551,19,GLOSSIKA-ENZS-F3-GMS-2551C.mp3,123.348,124.855,1.508,media/ZS_F3_2570.mp3,F3-GMS-2551C 02:03.35-02:04.86
2571,3,2551,20,GLOSSIKA-ENZS-F3-GMS-2551C.mp3,128.060,130.761,2.701,media/ZS_F3_2571.mp3,F3-GMS-2551C 02:08.06-02:10.76
2572,3,2551,21,GLOSSIKA-ENZS-F3-GMS-2551C.mp3,133.997,136.779,2.782,media/ZS_F3_2572.mp3,F3-GMS-2551C 02:14.00-02:16.78
2573,3,2551,22,GLOSSIKA-ENZS-F3-GMS-2551C.mp3,140.209,144.605,4.395,media/ZS_F3_2573.mp3,F3-GMS-2551C 02:20.21-02:24.60
2574,3,2551,23,GLOSSIKA-ENZS-F3-GMS-2551C.mp3,147.874,150.296,2.422,media/ZS_F3_2574.mp3,F3-GMS-2551C 02:27.87-02:30.30
2575,3,2551,24,GLOSSIKA-ENZS-F3-GMS-2551C.mp3,153.473,156.960,3.487,media/ZS_F3_2575.mp3,F3-GMS-2551C 02:33.47-02:36.96
2576,3,2551,25,GLOSSIKA-ENZS-F3-GMS-2551C.mp3,160.226,162.901,2.675,media/ZS_F3_2576.mp3,F3-GMS-2551C 02:40.23-02:42.90
2577,3,2551,26,GLOSSIKA-ENZS-F3-GMS-2551C.mp3,166.069,168.145,2.076,media/ZS_F3_2577.mp3,F3-GMS-2551C 02:46.07-02:48.15
2578,3,2551,27,GLOSSIKA-ENZS-F3-GMS-2551C.mp3,171.325,174.674,3.349,media/ZS_F3_2578.mp3,F3-GMS-2551C 02:51.32-02:54.67
2579,3,2551,28,GLOSSIKA-ENZS-F3-GMS-2551C.mp3,177.937,181.642,3.705,media/ZS_F3_2579.mp3,F3-GMS-2551C 02:57.94-03:01.64
2580,3,2551,29,GLOSSIKA-ENZS-F3-GMS-2551C.mp3,184.904,189.776,4.872,media/ZS_F3_2580.mp3,F3-GMS-2551C 03:04.90-03:09.78
2581,3,2551,30,GLOSSIKA-ENZS-F3-GMS-2551C.mp3,192.944,195.280,2.336,media/ZS_F3_2581.mp3,F3-GMS-2551C 03:12.94-03:15.28
2582,3,2551,31,GLOSSIKA-ENZS-F3-GMS-2551C.mp3,198.482,202.120,3.638,media/ZS_F3_2582.mp3,F3-GMS-2551C 03:18.48-03:22.12
2583,3,2551,32,GLOSSIKA-ENZS-F3-GMS-2551C.mp3,205.389,208.920,3.531,media/ZS_F3_2583.mp3,F3-GMS-2551C 03:25.39-03:28.92
2584,3,2551,33,GLOSSIKA-ENZS-F3-GMS-2551C.mp3,212.143,215.322,3.179,media/ZS_F3_2584.mp3,F3-GMS-2551C 03:32.14-03:35.32
2585,3,2551,34,GLOSSIKA-ENZS-F3-GMS-2551C.mp3,218.604,222.687,4.083,media/ZS_F3_2585.mp3,F3-GMS-2551C 03:38.60-03:42.69
2586,3,2551,35,GLOSSIKA-ENZS-F3-GMS-2551C.mp3,225.978,227.509,1.531,media/ZS_F3_2586.mp3,F3-GMS-2551C 03:45.98-03:47.51
2587,3,2551,36,GLOSSIKA-ENZS-F3-GMS-2551C.mp3,230.776,231.933,1.157,media/ZS_F3_2587.mp3,F3-GMS-2551C 03:50.78-03:51.93
2588,3,2551,37,GLOSSIKA-ENZS-F3-GMS-2551C.mp3,235.146,238.562,3.416,media/ZS_F3_2588.mp3,F3-GMS-2551C 03:55.15-03:58.56
2589,3,2551,38,GLOSSIKA-ENZS-F3-GMS-2551C.mp3,241.947,245.749,3.801,media/ZS_F3_2589.mp3,F3-GMS-2551C 04:01.95-04:05.75
2590,3,2551,39,GLOSSIKA-ENZS-F3-GMS-2551C.mp3,249.139,253.022,3.883,media/ZS_F3_2590.mp3,F3-GMS-2551C 04:09.14-04:13.02
2591,3,2551,40,GLOSSIKA-ENZS-F3-GMS-2551C.mp3,256.176,257.633,1.456,media/ZS_F3_2591.mp3,F3-GMS-2551C 04:16.18-04:17.63
2592,3,2551,41,GLOSSIKA-ENZS-F3-GMS-2551C.mp3,260.959,262.708,1.748,media/ZS_F3_2592.mp3,F3-GMS-2551C 04:20.96-04:22.71
2593,3,2551,42,GLOSSIKA-ENZS-F3-GMS-2551C.mp3,265.870,268.229,2.359,media/ZS_F3_2593.mp3,F3-GMS-2551C 04:25.87-04:28.23
2594,3,2551,43,GLOSSIKA-ENZS-F3-GMS-2551C.mp3,271.575,278.313,6.739,media/ZS_F3_2594.mp3,F3-GMS-2551C 04:31.57-04:38.31
2595,3,2551,44,GLOSSIKA-ENZS-F3-GMS-2551C.mp3,281.538,283.831,2.293,media/ZS_F3_2595.mp3,F3-GMS-2551C 04:41.54-04:43.83
2596,3,2551,45,GLOSSIKA-ENZS-F3-GMS-2551C.mp3,287.080,289.340,2.260,media/ZS_F3_2596.mp3,F3-GMS-2551C 04:47.08-04:49.34
2597,3,2551,46,GLOSSIKA-ENZS-F3-GMS-2551C.mp3,292.978,295.177,2.198,media/ZS_F3_2597.mp3,F3-GMS-2551C 04:52.98-04:55.18
2598,3,2551,47,GLOSSIKA-ENZS-F3-GMS-2551C.mp3,298.488,300.521,2.033,media/ZS_F3_2598.mp3,F3-GMS-2551C 04:58.49-05:00.52
2599,3,2551,48,GLOSSIKA-ENZS-F3-GMS-2551C.mp3,303.868,306.488,2.621,media/ZS_F3_2599.mp3,F3-GMS-2551C 05:03.87-05:06.49
2600,3,2551,49,GLOSSIKA-ENZS-F3-GMS-2551C.mp3,309.842,312.995,3.153,media/ZS_F3_2600.mp3,F3-GMS-2551C 05:09.84-05:12.99
2601,3,2601,0,GLOSSIKA-ENZS-F3-GMS-2601C.mp3,6.761,8.998,2.237,media/ZS_F3_2601.mp3,F3-GMS-2601C 00:06.76-00:09.00
2602,3,2601,1,GLOSSIKA-ENZS-F3-GMS-2601C.mp3,12.513,14.547,2.034,media/ZS_F3_2602.mp3,F3-GMS-2601C 00:12.51-00:14.55
2603,3,2601,2,GLOSSIKA-ENZS-F3-GMS-2601C.mp3,17.989,20.429,2.439,media/ZS_F3_2603.mp3,F3-GMS-2601C 00:17.99-00:20.43
2604,3,2601,3,GLOSSIKA-ENZS-F3-GMS-2601C.mp3,23.936,26.016,2.080,media/ZS_F3_2604.mp3,F3-GMS-2601C 00:23.94-00:26.02
2605,3,2601,4,GLOSSIKA-ENZS-F3-GMS-2601C.mp3,29.191,31.976,2.785,media/ZS_F3_2605.mp3,F3-GMS-2601C 00:29.19-00:31.98
2606,3,2601,5,GLOSSIKA-ENZS-F3-GMS-2601C.mp3,35.143,36.674,1.530,media/ZS_F3_2606.mp3,F3-GMS-2601C 00:35.14-00:36.67
2607,3,2601,6,GLOSSIKA-ENZS-F3-GMS-2601C.mp3,40.079,42.424,2.345,media/ZS_F3_2607.mp3,F3-GMS-2601C 00:40.08-00:42.42
2608,3,2601,7,GLOSSIKA-ENZS-F3-GMS-2601C.mp3,45.686,48.774,3.089,media/ZS_F3_2608.mp3,F3-GMS-2601C 00:45.69-00:48.77
2609,3,2601,8,GLOSSIKA-ENZS-F3-GMS-2601C.mp3,52.018,54.816,2.799,media/ZS_F3_2609.mp3,F3-GMS-2601C 00:52.02-00:54.82
2610,3,2601,9,GLOSSIKA-ENZS-F3-GMS-2601C.mp3,58.070,61.636,3.565,media/ZS_F3_2610.mp3,F3-GMS-2601C 00:58.07-01:01.64
2611,3,2601,10,GLOSSIKA-ENZS-F3-GMS-2601C.mp3,64.979,68.127,3.149,media/ZS_F3_2611.mp3,F3-GMS-2601C 01:04.98-01:08.13
2612,3,2601,11,GLOSSIKA-ENZS-F3-GMS-2601C.mp3,71.383,73.923,2.540,media/ZS_F3_2612.mp3,F3-GMS-2601C 01:11.38-01:13.92
2613,3,2601,12,GLOSSIKA-ENZS-F3-GMS-2601C.mp3,77.106,79.291,2.185,media/ZS_F3_2613.mp3,F3-GMS-2601C 01:17.11-01:19.29
2614,3,2601,13,GLOSSIKA-ENZS-F3-GMS-2601C.mp3,82.486,84.646,2.160,media/ZS_F3_2614.mp3,F3-GMS-2601C 01:22.49-01:24.65
2615,3,2601,14,GLOSSIKA-ENZS-F3-GMS-2601C.mp3,87.823,90.064,2.241,media/ZS_F3_2615.mp3,F3-GMS-2601C 01:27.82-01:30.06
2616,3,2601,15,GLOSSIKA-ENZS-F3-GMS-2601C.mp3,93.242,95.538,2.296,media/ZS_F3_2616.mp3,F3-GMS-2601C 01:33.24-01:35.54
2617,3,2601,16,GLOSSIKA-ENZS-F3-GMS-2601C.mp3,98.679,100.421,1.742,media/ZS_F3_2617.mp3,F3-GMS-2601C 01:38.68-01:40.42
2618,3,2601,17,GLOSSIKA-ENZS-F3-GMS-2601C.mp3,103.638,106.690,3.052,media/ZS_F3_2618.mp3,F3-GMS-2601C 01:43.64-01:46.69
2619,3,2601,18,GLOSSIKA-ENZS-F3-GMS-2601C.mp3,110.243,111.960,1.717,media/ZS_F3_2619.mp3,F3-GMS-2601C 01:50.24-01:51.96
2620,3,2601,19,GLOSSIKA-ENZS-F3-GMS-2601C.mp3,115.255,117.198,1.944,media/ZS_F3_2620.mp3,F3-GMS-2601C 01:55.25-01:57.20
2621,3,2601,20,GLOSSIKA-ENZS-F3-GMS-2601C.mp3,120.406,122.869,2.463,media/ZS_F3_2621.mp3,F3-GMS-2601C 02:00.41-02:02.87
2622,3,2601,21,GLOSSIKA-ENZS-F3-GMS-2601C.mp3,126.087,127.912,1.825,media/ZS_F3_2622.mp3,F3-GMS-2601C 02:06.09-02:07.91
2623,3,2601,22,GLOSSIKA-ENZS-F3-GMS-2601C.mp3,131.211,132.893,1.682,media/ZS_F3_2623.mp3,F3-GMS-2601C 02:11.21-02:12.89
2624,3,2601,23,GLOSSIKA-ENZS-F3-GMS-2601C.mp3,136.168,137.600,1.432,media/ZS_F3_2624.mp3,F3-GMS-2601C 02:16.17-02:17.60
2625,3,2601,24,GLOSSIKA-ENZS-F3-GMS-2601C.mp3,141.016,144.047,3.031,media/ZS_F3_2625.mp3,F3-GMS-2601C 02:21.02-02:24.05
2626,3,2601,25,GLOSSIKA-ENZS-F3-GMS-2601C.mp3,147.194,150.219,3.025,media/ZS_F3_2626.mp3,F3-GMS-2601C 02:27.19-02:30.22
2627,3,2601,26,GLOSSIKA-ENZS-F3-GMS-2601C.mp3,153.441,155.523,2.081,media/ZS_F3_2627.mp3,F3-GMS-2601C 02:33.44-02:35.52
2628,3,2601,27,GLOSSIKA-ENZS-F3-GMS-2601C.mp3,158.822,160.794,1.971,media/ZS_F3_2628.mp3,F3-GMS-2601C 02:38.82-02:40.79
2629,3,2601,28,GLOSSIKA-ENZS-F3-GMS-2601C.mp3,164.014,168.895,4.880,media/ZS_F3_2629.mp3,F3-GMS-2601C 02:44.01-02:48.89
2630,3,2601,29,GLOSSIKA-ENZS-F3-GMS-2601C.mp3,172.135,175.284,3.149,media/ZS_F3_2630.mp3,F3-GMS-2601C 02:52.14-02:55.28
2631,3,2601,30,GLOSSIKA-ENZS-F3-GMS-2601C.mp3,178.487,180.910,2.423,media/ZS_F3_2631.mp3,F3-GMS-2601C 02:58.49-03:00.91
2632,3,2601,31,GLOSSIKA-ENZS-F3-GMS-2601C.mp3,184.035,187.040,3.005,media/ZS_F3_2632.mp3,F3-GMS-2601C 03:04.04-03:07.04
2633,3,2601,32,GLOSSIKA-ENZS-F3-GMS-2601C.mp3,190.213,193.942,3.729,media/ZS_F3_2633.mp3,F3-GMS-2601C 03:10.21-03:13.94
2634,3,2601,33,GLOSSIKA-ENZS-F3-GMS-2601C.mp3,197.085,200.221,3.135,media/ZS_F3_2634.mp3,F3-GMS-2601C 03:17.09-03:20.22
2635,3,2601,34,GLOSSIKA-ENZS-F3-GMS-2601C.mp3,203.368,206.911,3.544,media/ZS_F3_2635.mp3,F3-GMS-2601C 03:23.37-03:26.91
2636,3,2601,35,GLOSSIKA-ENZS-F3-GMS-2601C.mp3,210.130,213.490,3.360,media/ZS_F3_2636.mp3,F3-GMS-2601C 03:30.13-03:33.49
2637,3,2601,36,GLOSSIKA-ENZS-F3-GMS-2601C.mp3,216.776,222.161,5.385,media/ZS_F3_2637.mp3,F3-GMS-2601C 03:36.78-03:42.16
2638,3,2601,37,GLOSSIKA-ENZS-F3-GMS-2601C.mp3,225.475,230.036,4.561,media/ZS_F3_2638.mp3,F3-GMS-2601C 03:45.48-03:50.04
2639,3,2601,38,GLOSSIKA-ENZS-F3-GMS-2601C.mp3,233.348,235.606,2.259,media/ZS_F3_2639.mp3,F3-GMS-2601C 03:53.35-03:55.61
2640,3,2601,39,GLOSSIKA-ENZS-F3-GMS-2601C.mp3,238.925,243.129,4.203,media/ZS_F3_2640.mp3,F3-GMS-2601C 03:58.93-04:03.13
2641,3,2601,40,GLOSSIKA-ENZS-F3-GMS-2601C.mp3,246.408,250.398,3.990,media/ZS_F3_2641.mp3,F3-GMS-2601C 04:06.41-04:10.40
2642,3,2601,41,GLOSSIKA-ENZS-F3-GMS-2601C.mp3,253.860,257.192,3.332,media/ZS_F3_2642.mp3,F3-GMS-2601C 04:13.86-04:17.19
2643,3,2601,42,GLOSSIKA-ENZS-F3-GMS-2601C.mp3,260.597,263.777,3.180,media/ZS_F3_2643.mp3,F3-GMS-2601C 04:20.60-04:23.78
2644,3,2601,43,GLOSSIKA-ENZS-F3-GMS-2601C.mp3,267.106,269.682,2.577,media/ZS_F3_2644.mp3,F3-GMS-2601C 04:27.11-04:29.68
2645,3,2601,44,GLOSSIKA-ENZS-F3-GMS-2601C.mp3,273.427,276.767,3.341,media/ZS_F3_2645.mp3,F3-GMS-2601C 04:33.43-04:36.77
2646,3,2601,45,GLOSSIKA-ENZS-F3-GMS-2601C.mp3,279.988,282.824,2.837,media/ZS_F3_2646.mp3,F3-GMS-2601C 04:39.99-04:42.82
2647,3,2601,46,GLOSSIKA-ENZS-F3-GMS-2601C.mp3,286.087,289.820,3.733,media/ZS_F3_2647.mp3,F3-GMS-2601C 04:46.09-04:49.82
2648,3,2601,47,GLOSSIKA-ENZS-F3-GMS-2601C.mp3,293.055,295.723,2.668,media/ZS_F3_2648.mp3,F3-GMS-2601C 04:53.06-04:55.72
2649,3,2601,48,GLOSSIKA-ENZS-F3-GMS-2601C.mp3,299.038,302.799,3.761,media/ZS_F3_2649.mp3,F3-GMS-2601C 04:59.04-05:02.80
2650,3,2601,49,GLOSSIKA-ENZS-F3-GMS-2601C.mp3,306.170,309.311,3.141,media/ZS_F3_2650.mp3,F3-GMS-2601C 05:06.17-05:09.31
2651,3,2651,0,GLOSSIKA-ENZS-F3-GMS-2651C.mp3,13.251,16.444,3.193,media/ZS_F3_2651.mp3,F3-GMS-2651C 00:13.25-00:16.44
2652,3,2651,1,GLOSSIKA-ENZS-F3-GMS-2651C.mp3,19.814,25.020,5.206,media/ZS_F3_2652.mp3,F3-GMS-2651C 00:19.81-00:25.02
2653,3,2651,2,GLOSSIKA-ENZS-F3-GMS-2651C.mp3,28.473,30.942,2.469,media/ZS_F3_2653.mp3,F3-GMS-2651C 00:28.47-00:30.94
2654,3,2651,3,GLOSSIKA-ENZS-F3-GMS-2651C.mp3,34.182,37.578,3.396,media/ZS_F3_2654.mp3,F3-GMS-2651C 00:34.18-00:37.58
2655,3,2651,4,GLOSSIKA-ENZS-F3-GMS-2651C.mp3,40.814,43.979,3.166,media/ZS_F3_2655.mp3,F3-GMS-2651C 00:40.81-00:43.98
2656,3,2651,5,GLOSSIKA-ENZS-F3-GMS-2651C.mp3,47.212,51.939,4.727,media/ZS_F3_2656.mp3,F3-GMS-2651C 00:47.21-00:51.94
2657,3,2651,6,GLOSSIKA-ENZS-F3-GMS-2651C.mp3,55.104,57.464,2.360,media/ZS_F3_2657.mp3,F3-GMS-2651C 00:55.10-00:57.46
2658,3,2651,7,GLOSSIKA-ENZS-F3-GMS-2651C.mp3,60.650,65.111,4.462,media/ZS_F3_2658.mp3,F3-GMS-2651C 01:00.65-01:05.11
2659,3,2651,8,GLOSSIKA-ENZS-F3-GMS-2651C.mp3,68.454,71.433,2.979,media/ZS_F3_2659.mp3,F3-GMS-2651C 01:08.45-01:11.43
2660,3,2651,9,GLOSSIKA-ENZS-F3-GMS-2651C.mp3,74.812,77.538,2.726,media/ZS_F3_2660.mp3,F3-GMS-2651C 01:14.81-01:17.54
2661,3,2651,10,GLOSSIKA-ENZS-F3-GMS-2651C.mp3,80.831,84.777,3.945,media/ZS_F3_2661.mp3,F3-GMS-2651C 01:20.83-01:24.78
2662,3,2651,11,GLOSSIKA-ENZS-F3-GMS-2651C.mp3,87.747,90.115,2.368,media/ZS_F3_2662.mp3,F3-GMS-2651C 01:27.75-01:30.12
2663,3,2651,12,GLOSSIKA-ENZS-F3-GMS-2651C.mp3,93.412,95.898,2.486,media/ZS_F3_2663.mp3,F3-GMS-2651C 01:33.41-01:35.90
2664,3,2651,13,GLOSSIKA-ENZS-F3-GMS-2651C.mp3,99.265,102.569,3.305,media/ZS_F3_2664.mp3,F3-GMS-2651C 01:39.26-01:42.57
2665,3,2651,14,GLOSSIKA-ENZS-F3-GMS-2651C.mp3,105.867,109.551,3.684,media/ZS_F3_2665.mp3,F3-GMS-2651C 01:45.87-01:49.55
2666,3,2651,15,GLOSSIKA-ENZS-F3-GMS-2651C.mp3,112.737,116.690,3.953,media/ZS_F3_2666.mp3,F3-GMS-2651C 01:52.74-01:56.69
2667,3,2651,16,GLOSSIKA-ENZS-F3-GMS-2651C.mp3,119.970,124.570,4.600,media/ZS_F3_2667.mp3,F3-GMS-2651C 01:59.97-02:04.57
2668,3,2651,17,GLOSSIKA-ENZS-F3-GMS-2651C.mp3,127.795,130.952,3.157,media/ZS_F3_2668.mp3,F3-GMS-2651C 02:07.80-02:10.95
2669,3,2651,18,GLOSSIKA-ENZS-F3-GMS-2651C.mp3,134.130,137.622,3.491,media/ZS_F3_2669.mp3,F3-GMS-2651C 02:14.13-02:17.62
2670,3,2651,19,GLOSSIKA-ENZS-F3-GMS-2651C.mp3,140.909,144.936,4.027,media/ZS_F3_2670.mp3,F3-GMS-2651C 02:20.91-02:24.94
2671,3,2651,20,GLOSSIKA-ENZS-F3-GMS-2651C.mp3,148.002,150.485,2.484,media/ZS_F3_2671.mp3,F3-GMS-2651C 02:28.00-02:30.49
2672,3,2651,21,GLOSSIKA-ENZS-F3-GMS-2651C.mp3,153.730,155.771,2.041,media/ZS_F3_2672.mp3,F3-GMS-2651C 02:33.73-02:35.77
2673,3,2651,22,GLOSSIKA-ENZS-F3-GMS-2651C.mp3,159.280,161.747,2.467,media/ZS_F3_2673.mp3,F3-GMS-2651C 02:39.28-02:41.75
2674,3,2651,23,GLOSSIKA-ENZS-F3-GMS-2651C.mp3,164.964,167.828,2.864,media/ZS_F3_2674.mp3,F3-GMS-2651C 02:44.96-02:47.83
2675,3,2651,24,GLOSSIKA-ENZS-F3-GMS-2651C.mp3,171.101,173.055,1.954,media/ZS_F3_2675.mp3,F3-GMS-2651C 02:51.10-02:53.06
2676,3,2651,25,GLOSSIKA-ENZS-F3-GMS-2651C.mp3,176.557,179.432,2.875,media/ZS_F3_2676.mp3,F3-GMS-2651C 02:56.56-02:59.43
2677,3,2651,26,GLOSSIKA-ENZS-F3-GMS-2651C.mp3,182.782,187.996,5.214,media/ZS_F3_2677.mp3,F3-GMS-2651C 03:02.78-03:08.00
2678,3,2651,27,GLOSSIKA-ENZS-F3-GMS-2651C.mp3,191.407,194.363,2.957,media/ZS_F3_2678.mp3,F3-GMS-2651C 03:11.41-03:14.36
2679,3,2651,28,GLOSSIKA-ENZS-F3-GMS-2651C.mp3,197.596,199.481,1.886,media/ZS_F3_2679.mp3,F3-GMS-2651C 03:17.60-03:19.48
2680,3,2651,29,GLOSSIKA-ENZS-F3-GMS-2651C.mp3,200.106,201.304,1.198,media/ZS_F3_2680.mp3,F3-GMS-2651C 03:20.11-03:21.30
2681,3,2651,30,GLOSSIKA-ENZS-F3-GMS-2651C.mp3,204.707,206.960,2.253,media/ZS_F3_2681.mp3,F3-GMS-2651C 03:24.71-03:26.96
2682,3,2651,31,GLOSSIKA-ENZS-F3-GMS-2651C.mp3,210.159,211.916,1.757,media/ZS_F3_2682.mp3,F3-GMS-2651C 03:30.16-03:31.92
2683,3,2651,32,GLOSSIKA-ENZS-F3-GMS-2651C.mp3,215.269,218.688,3.419,media/ZS_F3_2683.mp3,F3-GMS-2651C 03:35.27-03:38.69
2684,3,2651,33,GLOSSIKA-ENZS-F3-GMS-2651C.mp3,221.938,224.111,2.173,media/ZS_F3_2684.mp3,F3-GMS-2651C 03:41.94-03:44.11
2685,3,2651,34,GLOSSIKA-ENZS-F3-GMS-2651C.mp3,227.475,231.556,4.081,media/ZS_F3_2685.mp3,F3-GMS-2651C 03:47.47-03:51.56
2686,3,2651,35,GLOSSIKA-ENZS-F3-GMS-2651C.mp3,234.936,238.224,3.288,media/ZS_F3_2686.mp3,F3-GMS-2651C 03:54.94-03:58.22
2687,3,2651,36,GLOSSIKA-ENZS-F3-GMS-2651C.mp3,241.654,246.047,4.393,media/ZS_F3_2687.mp3,F3-GMS-2651C 04:01.65-04:06.05
2688,3,2651,37,GLOSSIKA-ENZS-F3-GMS-2651C.mp3,249.511,254.298,4.787,media/ZS_F3_2688.mp3,F3-GMS-2651C 04:09.51-04:14.30
2689,3,2651,38,GLOSSIKA-ENZS-F3-GMS-2651C.mp3,257.461,261.837,4.375,media/ZS_F3_2689.mp3,F3-GMS-2651C 04:17.46-04:21.84
2690,3,2651,39,GLOSSIKA-ENZS-F3-GMS-2651C.mp3,264.991,268.614,3.623,media/ZS_F3_2690.mp3,F3-GMS-2651C 04:24.99-04:28.61
2691,3,2651,40,GLOSSIKA-ENZS-F3-GMS-2651C.mp3,271.795,274.257,2.463,media/ZS_F3_2691.mp3,F3-GMS-2651C 04:31.79-04:34.26
2692,3,2651,41,GLOSSIKA-ENZS-F3-GMS-2651C.mp3,277.512,279.711,2.199,media/ZS_F3_2692.mp3,F3-GMS-2651C 04:37.51-04:39.71
2693,3,2651,42,GLOSSIKA-ENZS-F3-GMS-2651C.mp3,283.040,284.662,1.622,media/ZS_F3_2693.mp3,F3-GMS-2651C 04:43.04-04:44.66
2694,3,2651,43,GLOSSIKA-ENZS-F3-GMS-2651C.mp3,288.052,290.739,2.687,media/ZS_F3_2694.mp3,F3-GMS-2651C 04:48.05-04:50.74
2695,3,2651,44,GLOSSIKA-ENZS-F3-GMS-2651C.mp3,294.118,295.658,1.540,media/ZS_F3_2695.mp3,F3-GMS-2651C 04:54.12-04:55.66
2696,3,2651,45,GLOSSIKA-ENZS-F3-GMS-2651C.mp3,298.834,300.990,2.156,media/ZS_F3_2696.mp3,F3-GMS-2651C 04:58.83-05:00.99
2697,3,2651,46,GLOSSIKA-ENZS-F3-GMS-2651C.mp3,304.275,306.796,2.521,media/ZS_F3_2697.mp3,F3-GMS-2651C 05:04.27-05:06.80
2698,3,2651,47,GLOSSIKA-ENZS-F3-GMS-2651C.mp3,310.048,314.149,4.101,media/ZS_F3_2698.mp3,F3-GMS-2651C 05:10.05-05:14.15
2699,3,2651,48,GLOSSIKA-ENZS-F3-GMS-2651C.mp3,317.411,321.940,4.529,media/ZS_F3_2699.mp3,F3-GMS-2651C 05:17.41-05:21.94
2700,3,2651,49,GLOSSIKA-ENZS-F3-GMS-2651C.mp3,325.418,327.178,1.760,media/ZS_F3_2700.mp3,F3-GMS-2651C 05:25.42-05:27.18
2701,3,2701,0,GLOSSIKA-ENZS-F3-GMS-2701C.mp3,14.652,18.894,4.242,media/ZS_F3_2701.mp3,F3-GMS-2701C 00:14.65-00:18.89
2702,3,2701,1,GLOSSIKA-ENZS-F3-GMS-2701C.mp3,22.244,24.064,1.820,media/ZS_F3_2702.mp3,F3-GMS-2701C 00:22.24-00:24.06
2703,3,2701,2,GLOSSIKA-ENZS-F3-GMS-2701C.mp3,24.913,27.269,2.356,media/ZS_F3_2703.mp3,F3-GMS-2701C 00:24.91-00:27.27
2704,3,2701,3,GLOSSIKA-ENZS-F3-GMS-2701C.mp3,30.330,34.204,3.874,media/ZS_F3_2704.mp3,F3-GMS-2701C 00:30.33-00:34.20
2705,3,2701,4,GLOSSIKA-ENZS-F3-GMS-2701C.mp3,37.462,40.701,3.239,media/ZS_F3_2705.mp3,F3-GMS-2701C 00:37.46-00:40.70
2706,3,2701,5,GLOSSIKA-ENZS-F3-GMS-2701C.mp3,44.126,50.094,5.968,media/ZS_F3_2706.mp3,F3-GMS-2701C 00:44.13-00:50.09
2707,3,2701,6,GLOSSIKA-ENZS-F3-GMS-2701C.mp3,53.380,56.599,3.219,media/ZS_F3_2707.mp3,F3-GMS-2701C 00:53.38-00:56.60
2708,3,2701,7,GLOSSIKA-ENZS-F3-GMS-2701C.mp3,59.717,63.163,3.446,media/ZS_F3_2708.mp3,F3-GMS-2701C 00:59.72-01:03.16
2709,3,2701,8,GLOSSIKA-ENZS-F3-GMS-2701C.mp3,66.334,68.048,1.714,media/ZS_F3_2709.mp3,F3-GMS-2701C 01:06.33-01:08.05
2710,3,2701,9,GLOSSIKA-ENZS-F3-GMS-2701C.mp3,71.298,73.502,2.204,media/ZS_F3_2710.mp3,F3-GMS-2701C 01:11.30-01:13.50
2711,3,2701,10,GLOSSIKA-ENZS-F3-GMS-2701C.mp3,76.658,78.231,1.573,media/ZS_F3_2711.mp3,F3-GMS-2701C 01:16.66-01:18.23
2712,3,2701,11,GLOSSIKA-ENZS-F3-GMS-2701C.mp3,81.485,83.395,1.909,media/ZS_F3_2712.mp3,F3-GMS-2701C 01:21.49-01:23.39
2713,3,2701,12,GLOSSIKA-ENZS-F3-GMS-2701C.mp3,86.703,89.318,2.615,media/ZS_F3_2713.mp3,F3-GMS-2701C 01:26.70-01:29.32
2714,3,2701,13,GLOSSIKA-ENZS-F3-GMS-2701C.mp3,92.571,96.022,3.451,media/ZS_F3_2714.mp3,F3-GMS-2701C 01:32.57-01:36.02
2715,3,2701,14,GLOSSIKA-ENZS-F3-GMS-2701C.mp3,99.386,103.287,3.902,media/ZS_F3_2715.mp3,F3-GMS-2701C 01:39.39-01:43.29
2716,3,2701,15,GLOSSIKA-ENZS-F3-GMS-2701C.mp3,106.526,108.332,1.806,media/ZS_F3_2716.mp3,F3-GMS-2701C 01:46.53-01:48.33
2717,3,2701,16,GLOSSIKA-ENZS-F3-GMS-2701C.mp3,111.652,114.626,2.974,media/ZS_F3_2717.mp3,F3-GMS-2701C 01:51.65-01:54.63
2718,3,2701,17,GLOSSIKA-ENZS-F3-GMS-2701C.mp3,117.961,121.584,3.624,media/ZS_F3_2718.mp3,F3-GMS-2701C 01:57.96-02:01.58
2719,3,2701,18,GLOSSIKA-ENZS-F3-GMS-2701C.mp3,124.801,128.185,3.384,media/ZS_F3_2719.mp3,F3-GMS-2701C 02:04.80-02:08.18
2720,3,2701,19,GLOSSIKA-ENZS-F3-GMS-2701C.mp3,131.487,134.632,3.146,media/ZS_F3_2720.mp3,F3-GMS-2701C 02:11.49-02:14.63
2721,3,2701,20,GLOSSIKA-ENZS-F3-GMS-2701C.mp3,137.871,140.898,3.027,media/ZS_F3_2721.mp3,F3-GMS-2701C 02:17.87-02:20.90
2722,3,2701,21,GLOSSIKA-ENZS-F3-GMS-2701C.mp3,144.151,146.784,2.633,media/ZS_F3_2722.mp3,F3-GMS-2701C 02:24.15-02:26.78
2723,3,2701,22,GLOSSIKA-ENZS-F3-GMS-2701C.mp3,150.297,152.238,1.942,media/ZS_F3_2723.mp3,F3-GMS-2701C 02:30.30-02:32.24
2724,3,2701,23,GLOSSIKA-ENZS-F3-GMS-2701C.mp3,155.609,157.928,2.319,media/ZS_F3_2724.mp3,F3-GMS-2701C 02:35.61-02:37.93
2725,3,2701,24,GLOSSIKA-ENZS-F3-GMS-2701C.mp3,161.391,163.732,2.341,media/ZS_F3_2725.mp3,F3-GMS-2701C 02:41.39-02:43.73
2726,3,2701,25,GLOSSIKA-ENZS-F3-GMS-2701C.mp3,167.059,171.039,3.980,media/ZS_F3_2726.mp3,F3-GMS-2701C 02:47.06-02:51.04
2727,3,2701,26,GLOSSIKA-ENZS-F3-GMS-2701C.mp3,174.419,177.081,2.662,media/ZS_F3_2727.mp3,F3-GMS-2701C 02:54.42-02:57.08
2728,3,2701,27,GLOSSIKA-ENZS-F3-GMS-2701C.mp3,180.550,182.371,1.821,media/ZS_F3_2728.mp3,F3-GMS-2701C 03:00.55-03:02.37
2729,3,2701,28,GLOSSIKA-ENZS-F3-GMS-2701C.mp3,185.913,187.266,1.354,media/ZS_F3_2729.mp3,F3-GMS-2701C 03:05.91-03:07.27
2730,3,2701,29,GLOSSIKA-ENZS-F3-GMS-2701C.mp3,190.690,192.034,1.344,media/ZS_F3_2730.mp3,F3-GMS-2701C 03:10.69-03:12.03
2731,3,2701,30,GLOSSIKA-ENZS-F3-GMS-2701C.mp3,195.334,196.491,1.158,media/ZS_F3_2731.mp3,F3-GMS-2701C 03:15.33-03:16.49
2732,3,2701,31,GLOSSIKA-ENZS-F3-GMS-2701C.mp3,199.942,204.926,4.985,media/ZS_F3_2732.mp3,F3-GMS-2701C 03:19.94-03:24.93
2733,3,2701,32,GLOSSIKA-ENZS-F3-GMS-2701C.mp3,208.173,211.180,3.007,media/ZS_F3_2733.mp3,F3-GMS-2701C 03:28.17-03:31.18
2734,3,2701,33,GLOSSIKA-ENZS-F3-GMS-2701C.mp3,214.428,217.032,2.604,media/ZS_F3_2734.mp3,F3-GMS-2701C 03:34.43-03:37.03
2735,3,2701,34,GLOSSIKA-ENZS-F3-GMS-2701C.mp3,220.212,222.990,2.778,media/ZS_F3_2735.mp3,F3-GMS-2701C 03:40.21-03:42.99
2736,3,2701,35,GLOSSIKA-ENZS-F3-GMS-2701C.mp3,226.340,228.869,2.528,media/ZS_F3_2736.mp3,F3-GMS-2701C 03:46.34-03:48.87
2737,3,2701,36,GLOSSIKA-ENZS-F3-GMS-2701C.mp3,232.101,234.492,2.391,media/ZS_F3_2737.mp3,F3-GMS-2701C 03:52.10-03:54.49
2738,3,2701,37,GLOSSIKA-ENZS-F3-GMS-2701C.mp3,237.860,241.794,3.934,media/ZS_F3_2738.mp3,F3-GMS-2701C 03:57.86-04:01.79
2739,3,2701,38,GLOSSIKA-ENZS-F3-GMS-2701C.mp3,245.086,249.313,4.228,media/ZS_F3_2739.mp3,F3-GMS-2701C 04:05.09-04:09.31
2740,3,2701,39,GLOSSIKA-ENZS-F3-GMS-2701C.mp3,252.567,255.748,3.181,media/ZS_F3_2740.mp3,F3-GMS-2701C 04:12.57-04:15.75
2741,3,2701,40,GLOSSIKA-ENZS-F3-GMS-2701C.mp3,259.036,261.664,2.628,media/ZS_F3_2741.mp3,F3-GMS-2701C 04:19.04-04:21.66
2742,3,2701,41,GLOSSIKA-ENZS-F3-GMS-2701C.mp3,264.891,268.830,3.939,media/ZS_F3_2742.mp3,F3-GMS-2701C 04:24.89-04:28.83
2743,3,2701,42,GLOSSIKA-ENZS-F3-GMS-2701C.mp3,272.216,275.379,3.163,media/ZS_F3_2743.mp3,F3-GMS-2701C 04:32.22-04:35.38
2744,3,2701,43,GLOSSIKA-ENZS-F3-GMS-2701C.mp3,278.708,283.193,4.485,media/ZS_F3_2744.mp3,F3-GMS-2701C 04:38.71-04:43.19
2745,3,2701,44,GLOSSIKA-ENZS-F3-GMS-2701C.mp3,286.431,287.703,1.273,media/ZS_F3_2745.mp3,F3-GMS-2701C 04:46.43-04:47.70
2746,3,2701,45,GLOSSIKA-ENZS-F3-GMS-2701C.mp3,291.044,293.613,2.569,media/ZS_F3_2746.mp3,F3-GMS-2701C 04:51.04-04:53.61
2747,3,2701,46,GLOSSIKA-ENZS-F3-GMS-2701C.mp3,297.028,300.119,3.091,media/ZS_F3_2747.mp3,F3-GMS-2701C 04:57.03-05:00.12
2748,3,2701,47,GLOSSIKA-ENZS-F3-GMS-2701C.mp3,303.365,305.938,2.573,media/ZS_F3_2748.mp3,F3-GMS-2701C 05:03.36-05:05.94
2749,3,2701,48,GLOSSIKA-ENZS-F3-GMS-2701C.mp3,309.292,316.078,6.786,media/ZS_F3_2749.mp3,F3-GMS-2701C 05:09.29-05:16.08
2750,3,2701,49,GLOSSIKA-ENZS-F3-GMS-2701C.mp3,319.544,324.685,5.141,media/ZS_F3_2750.mp3,F3-GMS-2701C 05:19.54-05:24.69
2751,3,2751,0,GLOSSIKA-ENZS-F3-GMS-2751C.mp3,6.760,9.011,2.251,media/ZS_F3_2751.mp3,F3-GMS-2751C 00:06.76-00:09.01
2752,3,2751,1,GLOSSIKA-ENZS-F3-GMS-2751C.mp3,12.325,15.541,3.216,media/ZS_F3_2752.mp3,F3-GMS-2751C 00:12.33-00:15.54
2753,3,2751,2,GLOSSIKA-ENZS-F3-GMS-2751C.mp3,18.837,24.255,5.419,media/ZS_F3_2753.mp3,F3-GMS-2751C 00:18.84-00:24.26
2754,3,2751,3,GLOSSIKA-ENZS-F3-GMS-2751C.mp3,27.571,31.904,4.333,media/ZS_F3_2754.mp3,F3-GMS-2751C 00:27.57-00:31.90
2755,3,2751,4,GLOSSIKA-ENZS-F3-GMS-2751C.mp3,35.153,39.345,4.192,media/ZS_F3_2755.mp3,F3-GMS-2751C 00:35.15-00:39.35
2756,3,2751,5,GLOSSIKA-ENZS-F3-GMS-2751C.mp3,43.312,47.125,3.813,media/ZS_F3_2756.mp3,F3-GMS-2751C 00:43.31-00:47.12
2757,3,2751,6,GLOSSIKA-ENZS-F3-GMS-2751C.mp3,50.395,54.155,3.760,media/ZS_F3_2757.mp3,F3-GMS-2751C 00:50.40-00:54.16
2758,3,2751,7,GLOSSIKA-ENZS-F3-GMS-2751C.mp3,57.426,64.287,6.861,media/ZS_F3_2758.mp3,F3-GMS-2751C 00:57.43-01:04.29
2759,3,2751,8,GLOSSIKA-ENZS-F3-GMS-2751C.mp3,67.616,69.250,1.635,media/ZS_F3_2759.mp3,F3-GMS-2751C 01:07.62-01:09.25
2760,3,2751,9,GLOSSIKA-ENZS-F3-GMS-2751C.mp3,72.551,74.060,1.509,media/ZS_F3_2760.mp3,F3-GMS-2751C 01:12.55-01:14.06
2761,3,2751,10,GLOSSIKA-ENZS-F3-GMS-2751C.mp3,77.355,78.950,1.595,media/ZS_F3_2761.mp3,F3-GMS-2751C 01:17.36-01:18.95
2762,3,2751,11,GLOSSIKA-ENZS-F3-GMS-2751C.mp3,82.252,88.556,6.304,media/ZS_F3_2762.mp3,F3-GMS-2751C 01:22.25-01:28.56
2763,3,2751,12,GLOSSIKA-ENZS-F3-GMS-2751C.mp3,91.869,93.880,2.011,media/ZS_F3_2763.mp3,F3-GMS-2751C 01:31.87-01:33.88
2764,3,2751,13,GLOSSIKA-ENZS-F3-GMS-2751C.mp3,97.179,100.947,3.768,media/ZS_F3_2764.mp3,F3-GMS-2751C 01:37.18-01:40.95
2765,3,2751,14,GLOSSIKA-ENZS-F3-GMS-2751C.mp3,104.064,107.497,3.433,media/ZS_F3_2765.mp3,F3-GMS-2751C 01:44.06-01:47.50
2766,3,2751,15,GLOSSIKA-ENZS-F3-GMS-2751C.mp3,110.911,115.530,4.619,media/ZS_F3_2766.mp3,F3-GMS-2751C 01:50.91-01:55.53
2767,3,2751,16,GLOSSIKA-ENZS-F3-GMS-2751C.mp3,118.795,123.715,4.920,media/ZS_F3_2767.mp3,F3-GMS-2751C 01:58.80-02:03.71
2768,3,2751,17,GLOSSIKA-ENZS-F3-GMS-2751C.mp3,126.934,128.973,2.039,media/ZS_F3_2768.mp3,F3-GMS-2751C 02:06.93-02:08.97
2769,3,2751,18,GLOSSIKA-ENZS-F3-GMS-2751C.mp3,132.344,135.845,3.502,media/ZS_F3_2769.mp3,F3-GMS-2751C 02:12.34-02:15.85
2770,3,2751,19,GLOSSIKA-ENZS-F3-GMS-2751C.mp3,139.154,144.129,4.975,media/ZS_F3_2770.mp3,F3-GMS-2751C 02:19.15-02:24.13
2771,3,2751,20,GLOSSIKA-ENZS-F3-GMS-2751C.mp3,147.177,149.925,2.748,media/ZS_F3_2771.mp3,F3-GMS-2751C 02:27.18-02:29.92
2772,3,2751,21,GLOSSIKA-ENZS-F3-GMS-2751C.mp3,153.239,157.756,4.517,media/ZS_F3_2772.mp3,F3-GMS-2751C 02:33.24-02:37.76
2773,3,2751,22,GLOSSIKA-ENZS-F3-GMS-2751C.mp3,161.005,164.783,3.778,media/ZS_F3_2773.mp3,F3-GMS-2751C 02:41.01-02:44.78
2774,3,2751,23,GLOSSIKA-ENZS-F3-GMS-2751C.mp3,167.905,171.884,3.979,media/ZS_F3_2774.mp3,F3-GMS-2751C 02:47.91-02:51.88
2775,3,2751,24,GLOSSIKA-ENZS-F3-GMS-2751C.mp3,175.120,177.228,2.109,media/ZS_F3_2775.mp3,F3-GMS-2751C 02:55.12-02:57.23
2776,3,2751,25,GLOSSIKA-ENZS-F3-GMS-2751C.mp3,180.406,182.740,2.333,media/ZS_F3_2776.mp3,F3-GMS-2751C 03:00.41-03:02.74
2777,3,2751,26,GLOSSIKA-ENZS-F3-GMS-2751C.mp3,185.978,188.460,2.482,media/ZS_F3_2777.mp3,F3-GMS-2751C 03:05.98-03:08.46
2778,3,2751,27,GLOSSIKA-ENZS-F3-GMS-2751C.mp3,191.750,194.534,2.783,media/ZS_F3_2778.mp3,F3-GMS-2751C 03:11.75-03:14.53
2779,3,2751,28,GLOSSIKA-ENZS-F3-GMS-2751C.mp3,197.842,200.193,2.352,media/ZS_F3_2779.mp3,F3-GMS-2751C 03:17.84-03:20.19
2780,3,2751,29,GLOSSIKA-ENZS-F3-GMS-2751C.mp3,203.538,209.540,6.002,media/ZS_F3_2780.mp3,F3-GMS-2751C 03:23.54-03:29.54
2781,3,2751,30,GLOSSIKA-ENZS-F3-GMS-2751C.mp3,212.778,215.917,3.139,media/ZS_F3_2781.mp3,F3-GMS-2751C 03:32.78-03:35.92
2782,3,2751,31,GLOSSIKA-ENZS-F3-GMS-2751C.mp3,219.065,221.751,2.686,media/ZS_F3_2782.mp3,F3-GMS-2751C 03:39.06-03:41.75
2783,3,2751,32,GLOSSIKA-ENZS-F3-GMS-2751C.mp3,224.943,228.864,3.922,media/ZS_F3_2783.mp3,F3-GMS-2751C 03:44.94-03:48.86
2784,3,2751,33,GLOSSIKA-ENZS-F3-GMS-2751C.mp3,232.201,236.281,4.079,media/ZS_F3_2784.mp3,F3-GMS-2751C 03:52.20-03:56.28
2785,3,2751,34,GLOSSIKA-ENZS-F3-GMS-2751C.mp3,239.501,244.168,4.668,media/ZS_F3_2785.mp3,F3-GMS-2751C 03:59.50-04:04.17
2786,3,2751,35,GLOSSIKA-ENZS-F3-GMS-2751C.mp3,247.310,250.773,3.463,media/ZS_F3_2786.mp3,F3-GMS-2751C 04:07.31-04:10.77
2787,3,2751,36,GLOSSIKA-ENZS-F3-GMS-2751C.mp3,253.933,257.388,3.455,media/ZS_F3_2787.mp3,F3-GMS-2751C 04:13.93-04:17.39
2788,3,2751,37,GLOSSIKA-ENZS-F3-GMS-2751C.mp3,260.763,264.836,4.074,media/ZS_F3_2788.mp3,F3-GMS-2751C 04:20.76-04:24.84
2789,3,2751,38,GLOSSIKA-ENZS-F3-GMS-2751C.mp3,268.133,269.940,1.806,media/ZS_F3_2789.mp3,F3-GMS-2751C 04:28.13-04:29.94
2790,3,2751,39,GLOSSIKA-ENZS-F3-GMS-2751C.mp3,273.146,276.932,3.787,media/ZS_F3_2790.mp3,F3-GMS-2751C 04:33.15-04:36.93
2791,3,2751,40,GLOSSIKA-ENZS-F3-GMS-2751C.mp3,280.145,284.493,4.347,media/ZS_F3_2791.mp3,F3-GMS-2751C 04:40.15-04:44.49
2792,3,2751,41,GLOSSIKA-ENZS-F3-GMS-2751C.mp3,287.813,290.222,2.409,media/ZS_F3_2792.mp3,F3-GMS-2751C 04:47.81-04:50.22
2793,3,2751,42,GLOSSIKA-ENZS-F3-GMS-2751C.mp3,293.528,296.843,3.315,media/ZS_F3_2793.mp3,F3-GMS-2751C 04:53.53-04:56.84
2794,3,2751,43,GLOSSIKA-ENZS-F3-GMS-2751C.mp3,300.300,303.873,3.573,media/ZS_F3_2794.mp3,F3-GMS-2751C 05:00.30-05:03.87
2795,3,2751,44,GLOSSIKA-ENZS-F3-GMS-2751C.mp3,307.195,311.857,4.662,media/ZS_F3_2795.mp3,F3-GMS-2751C 05:07.19-05:11.86
2796,3,2751,45,GLOSSIKA-ENZS-F3-GMS-2751C.mp3,315.084,318.103,3.019,media/ZS_F3_2796.mp3,F3-GMS-2751C 05:15.08-05:18.10
2797,3,2751,46,GLOSSIKA-ENZS-F3-GMS-2751C.mp3,321.439,325.454,4.015,media/ZS_F3_2797.mp3,F3-GMS-2751C 05:21.44-05:25.45
2798,3,2751,47,GLOSSIKA-ENZS-F3-GMS-2751C.mp3,328.722,332.188,3.466,media/ZS_F3_2798.mp3,F3-GMS-2751C 05:28.72-05:32.19
2799,3,2751,48,GLOSSIKA-ENZS-F3-GMS-2751C.mp3,335.478,338.186,2.709,media/ZS_F3_2799.mp3,F3-GMS-2751C 05:35.48-05:38.19
2800,3,2751,49,GLOSSIKA-ENZS-F3-GMS-2751C.mp3,341.577,346.330,4.753,media/ZS_F3_2800.mp3,F3-GMS-2751C 05:41.58-05:46.33
2801,3,2801,0,GLOSSIKA-ENZS-F3-GMS-2801C.mp3,6.761,8.756,1.994,media/ZS_F3_2801.mp3,F3-GMS-2801C 00:06.76-00:08.76
2802,3,2801,1,GLOSSIKA-ENZS-F3-GMS-2801C.mp3,11.959,14.224,2.265,media/ZS_F3_2802.mp3,F3-GMS-2801C 00:11.96-00:14.22
2803,3,2801,2,GLOSSIKA-ENZS-F3-GMS-2801C.mp3,17.739,20.755,3.016,media/ZS_F3_2803.mp3,F3-GMS-2801C 00:17.74-00:20.76
2804,3,2801,3,GLOSSIKA-ENZS-F3-GMS-2801C.mp3,24.058,28.086,4.029,media/ZS_F3_2804.mp3,F3-GMS-2801C 00:24.06-00:28.09
2805,3,2801,4,GLOSSIKA-ENZS-F3-GMS-2801C.mp3,31.479,34.954,3.475,media/ZS_F3_2805.mp3,F3-GMS-2801C 00:31.48-00:34.95
2806,3,2801,5,GLOSSIKA-ENZS-F3-GMS-2801C.mp3,38.203,42.277,4.074,media/ZS_F3_2806.mp3,F3-GMS-2801C 00:38.20-00:42.28
2807,3,2801,6,GLOSSIKA-ENZS-F3-GMS-2801C.mp3,45.795,49.838,4.043,media/ZS_F3_2807.mp3,F3-GMS-2801C 00:45.80-00:49.84
2808,3,2801,7,GLOSSIKA-ENZS-F3-GMS-2801C.mp3,53.102,56.807,3.705,media/ZS_F3_2808.mp3,F3-GMS-2801C 00:53.10-00:56.81
2809,3,2801,8,GLOSSIKA-ENZS-F3-GMS-2801C.mp3,60.172,62.163,1.992,media/ZS_F3_2809.mp3,F3-GMS-2801C 01:00.17-01:02.16
2810,3,2801,9,GLOSSIKA-ENZS-F3-GMS-2801C.mp3,65.426,68.034,2.608,media/ZS_F3_2810.mp3,F3-GMS-2801C 01:05.43-01:08.03
2811,3,2801,10,GLOSSIKA-ENZS-F3-GMS-2801C.mp3,71.585,72.654,1.069,media/ZS_F3_2811.mp3,F3-GMS-2801C 01:11.58-01:12.65
2812,3,2801,11,GLOSSIKA-ENZS-F3-GMS-2801C.mp3,76.014,77.120,1.107,media/ZS_F3_2812.mp3,F3-GMS-2801C 01:16.01-01:17.12
2813,3,2801,12,GLOSSIKA-ENZS-F3-GMS-2801C.mp3,80.297,82.904,2.607,media/ZS_F3_2813.mp3,F3-GMS-2801C 01:20.30-01:22.90
2814,3,2801,13,GLOSSIKA-ENZS-F3-GMS-2801C.mp3,86.241,90.811,4.570,media/ZS_F3_2814.mp3,F3-GMS-2801C 01:26.24-01:30.81
2815,3,2801,14,GLOSSIKA-ENZS-F3-GMS-2801C.mp3,94.013,98.607,4.594,media/ZS_F3_2815.mp3,F3-GMS-2801C 01:34.01-01:38.61
2816,3,2801,15,GLOSSIKA-ENZS-F3-GMS-2801C.mp3,101.796,105.222,3.426,media/ZS_F3_2816.mp3,F3-GMS-2801C 01:41.80-01:45.22
2817,3,2801,16,GLOSSIKA-ENZS-F3-GMS-2801C.mp3,108.554,111.411,2.857,media/ZS_F3_2817.mp3,F3-GMS-2801C 01:48.55-01:51.41
2818,3,2801,17,GLOSSIKA-ENZS-F3-GMS-2801C.mp3,114.574,116.851,2.277,media/ZS_F3_2818.mp3,F3-GMS-2801C 01:54.57-01:56.85
2819,3,2801,18,GLOSSIKA-ENZS-F3-GMS-2801C.mp3,120.193,122.623,2.430,media/ZS_F3_2819.mp3,F3-GMS-2801C 02:00.19-02:02.62
2820,3,2801,19,GLOSSIKA-ENZS-F3-GMS-2801C.mp3,125.933,128.477,2.544,media/ZS_F3_2820.mp3,F3-GMS-2801C 02:05.93-02:08.48
2821,3,2801,20,GLOSSIKA-ENZS-F3-GMS-2801C.mp3,131.874,135.204,3.330,media/ZS_F3_2821.mp3,F3-GMS-2801C 02:11.87-02:15.20
2822,3,2801,21,GLOSSIKA-ENZS-F3-GMS-2801C.mp3,138.770,140.961,2.191,media/ZS_F3_2822.mp3,F3-GMS-2801C 02:18.77-02:20.96
2823,3,2801,22,GLOSSIKA-ENZS-F3-GMS-2801C.mp3,144.196,147.350,3.154,media/ZS_F3_2823.mp3,F3-GMS-2801C 02:24.20-02:27.35
2824,3,2801,23,GLOSSIKA-ENZS-F3-GMS-2801C.mp3,150.509,153.908,3.399,media/ZS_F3_2824.mp3,F3-GMS-2801C 02:30.51-02:33.91
2825,3,2801,24,GLOSSIKA-ENZS-F3-GMS-2801C.mp3,157.083,161.036,3.952,media/ZS_F3_2825.mp3,F3-GMS-2801C 02:37.08-02:41.04
2826,3,2801,25,GLOSSIKA-ENZS-F3-GMS-2801C.mp3,164.279,167.399,3.120,media/ZS_F3_2826.mp3,F3-GMS-2801C 02:44.28-02:47.40
2827,3,2801,26,GLOSSIKA-ENZS-F3-GMS-2801C.mp3,170.708,175.489,4.781,media/ZS_F3_2827.mp3,F3-GMS-2801C 02:50.71-02:55.49
2828,3,2801,27,GLOSSIKA-ENZS-F3-GMS-2801C.mp3,178.998,181.390,2.392,media/ZS_F3_2828.mp3,F3-GMS-2801C 02:59.00-03:01.39
2829,3,2801,28,GLOSSIKA-ENZS-F3-GMS-2801C.mp3,184.923,187.554,2.631,media/ZS_F3_2829.mp3,F3-GMS-2801C 03:04.92-03:07.55
2830,3,2801,29,GLOSSIKA-ENZS-F3-GMS-2801C.mp3,190.886,198.143,7.257,media/ZS_F3_2830.mp3,F3-GMS-2801C 03:10.89-03:18.14
2831,3,2801,30,GLOSSIKA-ENZS-F3-GMS-2801C.mp3,201.391,204.534,3.142,media/ZS_F3_2831.mp3,F3-GMS-2801C 03:21.39-03:24.53
2832,3,2801,31,GLOSSIKA-ENZS-F3-GMS-2801C.mp3,207.782,215.402,7.620,media/ZS_F3_2832.mp3,F3-GMS-2801C 03:27.78-03:35.40
2833,3,2801,32,GLOSSIKA-ENZS-F3-GMS-2801C.mp3,218.844,222.816,3.972,media/ZS_F3_2833.mp3,F3-GMS-2801C 03:38.84-03:42.82
2834,3,2801,33,GLOSSIKA-ENZS-F3-GMS-2801C.mp3,226.187,227.748,1.561,media/ZS_F3_2834.mp3,F3-GMS-2801C 03:46.19-03:47.75
2835,3,2801,34,GLOSSIKA-ENZS-F3-GMS-2801C.mp3,230.902,233.492,2.591,media/ZS_F3_2835.mp3,F3-GMS-2801C 03:50.90-03:53.49
2836,3,2801,35,GLOSSIKA-ENZS-F3-GMS-2801C.mp3,236.699,239.528,2.830,media/ZS_F3_2836.mp3,F3-GMS-2801C 03:56.70-03:59.53
2837,3,2801,36,GLOSSIKA-ENZS-F3-GMS-2801C.mp3,242.766,245.159,2.393,media/ZS_F3_2837.mp3,F3-GMS-2801C 04:02.77-04:05.16
2838,3,2801,37,GLOSSIKA-ENZS-F3-GMS-2801C.mp3,248.412,254.127,5.715,media/ZS_F3_2838.mp3,F3-GMS-2801C 04:08.41-04:14.13
2839,3,2801,38,GLOSSIKA-ENZS-F3-GMS-2801C.mp3,257.388,259.465,2.078,media/ZS_F3_2839.mp3,F3-GMS-2801C 04:17.39-04:19.47
2840,3,2801,39,GLOSSIKA-ENZS-F3-GMS-2801C.mp3,262.666,265.922,3.257,media/ZS_F3_2840.mp3,F3-GMS-2801C 04:22.67-04:25.92
2841,3,2801,40,GLOSSIKA-ENZS-F3-GMS-2801C.mp3,269.127,273.649,4.522,media/ZS_F3_2841.mp3,F3-GMS-2801C 04:29.13-04:33.65
2842,3,2801,41,GLOSSIKA-ENZS-F3-GMS-2801C.mp3,276.888,279.072,2.184,media/ZS_F3_2842.mp3,F3-GMS-2801C 04:36.89-04:39.07
2843,3,2801,42,GLOSSIKA-ENZS-F3-GMS-2801C.mp3,282.457,284.568,2.112,media/ZS_F3_2843.mp3,F3-GMS-2801C 04:42.46-04:44.57
2844,3,2801,43,GLOSSIKA-ENZS-F3-GMS-2801C.mp3,287.814,293.004,5.190,media/ZS_F3_2844.mp3,F3-GMS-2801C 04:47.81-04:53.00
2845,3,2801,44,GLOSSIKA-ENZS-F3-GMS-2801C.mp3,296.423,299.438,3.015,media/ZS_F3_2845.mp3,F3-GMS-2801C 04:56.42-04:59.44
2846,3,2801,45,GLOSSIKA-ENZS-F3-GMS-2801C.mp3,302.770,306.646,3.877,media/ZS_F3_2846.mp3,F3-GMS-2801C 05:02.77-05:06.65
2847,3,2801,46,GLOSSIKA-ENZS-F3-GMS-2801C.mp3,309.927,312.507,2.580,media/ZS_F3_2847.mp3,F3-GMS-2801C 05:09.93-05:12.51
2848,3,2801,47,GLOSSIKA-ENZS-F3-GMS-2801C.mp3,315.733,319.906,4.173,media/ZS_F3_2848.mp3,F3-GMS-2801C 05:15.73-05:19.91
2849,3,2801,48,GLOSSIKA-ENZS-F3-GMS-2801C.mp3,323.272,325.449,2.177,media/ZS_F3_2849.mp3,F3-GMS-2801C 05:23.27-05:25.45
2850,3,2801,49,GLOSSIKA-ENZS-F3-GMS-2801C.mp3,328.640,333.557,4.918,media/ZS_F3_2850.mp3,F3-GMS-2801C 05:28.64-05:33.56
2851,3,2851,0,GLOSSIKA-ENZS-F3-GMS-2851C.mp3,6.756,10.280,3.524,media/ZS_F3_2851.mp3,F3-GMS-2851C 00:06.76-00:10.28
2852,3,2851,1,GLOSSIKA-ENZS-F3-GMS-2851C.mp3,13.430,17.155,3.724,media/ZS_F3_2852.mp3,F3-GMS-2851C 00:13.43-00:17.15
2853,3,2851,2,GLOSSIKA-ENZS-F3-GMS-2851C.mp3,20.504,24.125,3.620,media/ZS_F3_2853.mp3,F3-GMS-2851C 00:20.50-00:24.12
2854,3,2851,3,GLOSSIKA-ENZS-F3-GMS-2851C.mp3,27.423,30.383,2.960,media/ZS_F3_2854.mp3,F3-GMS-2851C 00:27.42-00:30.38
2855,3,2851,4,GLOSSIKA-ENZS-F3-GMS-2851C.mp3,33.762,35.582,1.820,media/ZS_F3_2855.mp3,F3-GMS-2851C 00:33.76-00:35.58
2856,3,2851,5,GLOSSIKA-ENZS-F3-GMS-2851C.mp3,38.745,41.862,3.116,media/ZS_F3_2856.mp3,F3-GMS-2851C 00:38.75-00:41.86
2857,3,2851,6,GLOSSIKA-ENZS-F3-GMS-2851C.mp3,45.049,47.087,2.038,media/ZS_F3_2857.mp3,F3-GMS-2851C 00:45.05-00:47.09
2858,3,2851,7,GLOSSIKA-ENZS-F3-GMS-2851C.mp3,50.271,53.139,2.869,media/ZS_F3_2858.mp3,F3-GMS-2851C 00:50.27-00:53.14
2859,3,2851,8,GLOSSIKA-ENZS-F3-GMS-2851C.mp3,56.509,60.073,3.564,media/ZS_F3_2859.mp3,F3-GMS-2851C 00:56.51-01:00.07
2860,3,2851,9,GLOSSIKA-ENZS-F3-GMS-2851C.mp3,63.332,65.619,2.287,media/ZS_F3_2860.mp3,F3-GMS-2851C 01:03.33-01:05.62
2861,3,2851,10,GLOSSIKA-ENZS-F3-GMS-2851C.mp3,68.797,72.655,3.857,media/ZS_F3_2861.mp3,F3-GMS-2851C 01:08.80-01:12.65
2862,3,2851,11,GLOSSIKA-ENZS-F3-GMS-2851C.mp3,75.864,79.096,3.232,media/ZS_F3_2862.mp3,F3-GMS-2851C 01:15.86-01:19.10
2863,3,2851,12,GLOSSIKA-ENZS-F3-GMS-2851C.mp3,82.376,85.934,3.558,media/ZS_F3_2863.mp3,F3-GMS-2851C 01:22.38-01:25.93
2864,3,2851,13,GLOSSIKA-ENZS-F3-GMS-2851C.mp3,89.095,90.725,1.630,media/ZS_F3_2864.mp3,F3-GMS-2851C 01:29.10-01:30.73
2865,3,2851,14,GLOSSIKA-ENZS-F3-GMS-2851C.mp3,93.965,98.778,4.813,media/ZS_F3_2865.mp3,F3-GMS-2851C 01:33.97-01:38.78
2866,3,2851,15,GLOSSIKA-ENZS-F3-GMS-2851C.mp3,101.984,104.290,2.307,media/ZS_F3_2866.mp3,F3-GMS-2851C 01:41.98-01:44.29
2867,3,2851,16,GLOSSIKA-ENZS-F3-GMS-2851C.mp3,107.537,111.233,3.696,media/ZS_F3_2867.mp3,F3-GMS-2851C 01:47.54-01:51.23
2868,3,2851,17,GLOSSIKA-ENZS-F3-GMS-2851C.mp3,114.503,117.727,3.224,media/ZS_F3_2868.mp3,F3-GMS-2851C 01:54.50-01:57.73
2869,3,2851,18,GLOSSIKA-ENZS-F3-GMS-2851C.mp3,120.939,122.271,1.332,media/ZS_F3_2869.mp3,F3-GMS-2851C 02:00.94-02:02.27
2870,3,2851,19,GLOSSIKA-ENZS-F3-GMS-2851C.mp3,125.573,127.399,1.827,media/ZS_F3_2870.mp3,F3-GMS-2851C 02:05.57-02:07.40
2871,3,2851,20,GLOSSIKA-ENZS-F3-GMS-2851C.mp3,130.759,132.905,2.146,media/ZS_F3_2871.mp3,F3-GMS-2851C 02:10.76-02:12.91
2872,3,2851,21,GLOSSIKA-ENZS-F3-GMS-2851C.mp3,136.031,139.502,3.471,media/ZS_F3_2872.mp3,F3-GMS-2851C 02:16.03-02:19.50
2873,3,2851,22,GLOSSIKA-ENZS-F3-GMS-2851C.mp3,142.786,145.104,2.318,media/ZS_F3_2873.mp3,F3-GMS-2851C 02:22.79-02:25.10
2874,3,2851,23,GLOSSIKA-ENZS-F3-GMS-2851C.mp3,148.420,150.176,1.756,media/ZS_F3_2874.mp3,F3-GMS-2851C 02:28.42-02:30.18
2875,3,2851,24,GLOSSIKA-ENZS-F3-GMS-2851C.mp3,153.452,156.946,3.494,media/ZS_F3_2875.mp3,F3-GMS-2851C 02:33.45-02:36.95
2876,3,2851,25,GLOSSIKA-ENZS-F3-GMS-2851C.mp3,160.122,163.347,3.225,media/ZS_F3_2876.mp3,F3-GMS-2851C 02:40.12-02:43.35
2877,3,2851,26,GLOSSIKA-ENZS-F3-GMS-2851C.mp3,166.486,171.107,4.621,media/ZS_F3_2877.mp3,F3-GMS-2851C 02:46.49-02:51.11
2878,3,2851,27,GLOSSIKA-ENZS-F3-GMS-2851C.mp3,174.315,177.030,2.715,media/ZS_F3_2878.mp3,F3-GMS-2851C 02:54.31-02:57.03
2879,3,2851,28,GLOSSIKA-ENZS-F3-GMS-2851C.mp3,180.232,184.470,4.238,media/ZS_F3_2879.mp3,F3-GMS-2851C 03:00.23-03:04.47
2880,3,2851,29,GLOSSIKA-ENZS-F3-GMS-2851C.mp3,187.672,189.991,2.319,media/ZS_F3_2880.mp3,F3-GMS-2851C 03:07.67-03:09.99
2881,3,2851,30,GLOSSIKA-ENZS-F3-GMS-2851C.mp3,193.177,197.457,4.280,media/ZS_F3_2881.mp3,F3-GMS-2851C 03:13.18-03:17.46
2882,3,2851,31,GLOSSIKA-ENZS-F3-GMS-2851C.mp3,200.714,202.594,1.879,media/ZS_F3_2882.mp3,F3-GMS-2851C 03:20.71-03:22.59
2883,3,2851,32,GLOSSIKA-ENZS-F3-GMS-2851C.mp3,205.898,211.323,5.425,media/ZS_F3_2883.mp3,F3-GMS-2851C 03:25.90-03:31.32
2884,3,2851,33,GLOSSIKA-ENZS-F3-GMS-2851C.mp3,214.556,216.855,2.299,media/ZS_F3_2884.mp3,F3-GMS-2851C 03:34.56-03:36.85
2885,3,2851,34,GLOSSIKA-ENZS-F3-GMS-2851C.mp3,220.037,223.125,3.088,media/ZS_F3_2885.mp3,F3-GMS-2851C 03:40.04-03:43.12
2886,3,2851,35,GLOSSIKA-ENZS-F3-GMS-2851C.mp3,226.378,229.994,3.615,media/ZS_F3_2886.mp3,F3-GMS-2851C 03:46.38-03:49.99
2887,3,2851,36,GLOSSIKA-ENZS-F3-GMS-2851C.mp3,233.376,235.401,2.026,media/ZS_F3_2887.mp3,F3-GMS-2851C 03:53.38-03:55.40
2888,3,2851,37,GLOSSIKA-ENZS-F3-GMS-2851C.mp3,238.564,244.334,5.770,media/ZS_F3_2888.mp3,F3-GMS-2851C 03:58.56-04:04.33
2889,3,2851,38,GLOSSIKA-ENZS-F3-GMS-2851C.mp3,247.682,251.765,4.082,media/ZS_F3_2889.mp3,F3-GMS-2851C 04:07.68-04:11.76
2890,3,2851,39,GLOSSIKA-ENZS-F3-GMS-2851C.mp3,255.181,258.953,3.773,media/ZS_F3_2890.mp3,F3-GMS-2851C 04:15.18-04:18.95
2891,3,2851,40,GLOSSIKA-ENZS-F3-GMS-2851C.mp3,262.357,265.670,3.313,media/ZS_F3_2891.mp3,F3-GMS-2851C 04:22.36-04:25.67
2892,3,2851,41,GLOSSIKA-ENZS-F3-GMS-2851C.mp3,268.855,271.335,2.480,media/ZS_F3_2892.mp3,F3-GMS-2851C 04:28.86-04:31.33
2893,3,2851,42,GLOSSIKA-ENZS-F3-GMS-2851C.mp3,274.627,278.004,3.377,media/ZS_F3_2893.mp3,F3-GMS-2851C 04:34.63-04:38.00
2894,3,2851,43,GLOSSIKA-ENZS-F3-GMS-2851C.mp3,281.244,284.967,3.723,media/ZS_F3_2894.mp3,F3-GMS-2851C 04:41.24-04:44.97
2895,3,2851,44,GLOSSIKA-ENZS-F3-GMS-2851C.mp3,288.147,290.663,2.517,media/ZS_F3_2895.mp3,F3-GMS-2851C 04:48.15-04:50.66
2896,3,2851,45,GLOSSIKA-ENZS-F3-GMS-2851C.mp3,294.018,296.185,2.167,media/ZS_F3_2896.mp3,F3-GMS-2851C 04:54.02-04:56.18
2897,3,2851,46,GLOSSIKA-ENZS-F3-GMS-2851C.mp3,299.419,304.843,5.425,media/ZS_F3_2897.mp3,F3-GMS-2851C 04:59.42-05:04.84
2898,3,2851,47,GLOSSIKA-ENZS-F3-GMS-2851C.mp3,308.635,312.549,3.914,media/ZS_F3_2898.mp3,F3-GMS-2851C 05:08.63-05:12.55
2899,3,2851,48,GLOSSIKA-ENZS-F3-GMS-2851C.mp3,315.760,320.452,4.692,media/ZS_F3_2899.mp3,F3-GMS-2851C 05:15.76-05:20.45
2900,3,2851,49,GLOSSIKA-ENZS-F3-GMS-2851C.mp3,323.754,327.183,3.428,media/ZS_F3_2900.mp3,F3-GMS-2851C 05:23.75-05:27.18
2901,3,2901,0,GLOSSIKA-ENZS-F3-GMS-2901C.mp3,6.762,9.010,2.248,media/ZS_F3_2901.mp3,F3-GMS-2901C 00:06.76-00:09.01
2902,3,2901,1,GLOSSIKA-ENZS-F3-GMS-2901C.mp3,12.157,16.422,4.264,media/ZS_F3_2902.mp3,F3-GMS-2901C 00:12.16-00:16.42
2903,3,2901,2,GLOSSIKA-ENZS-F3-GMS-2901C.mp3,19.792,21.888,2.096,media/ZS_F3_2903.mp3,F3-GMS-2901C 00:19.79-00:21.89
2904,3,2901,3,GLOSSIKA-ENZS-F3-GMS-2901C.mp3,24.963,27.873,2.909,media/ZS_F3_2904.mp3,F3-GMS-2901C 00:24.96-00:27.87
2905,3,2901,4,GLOSSIKA-ENZS-F3-GMS-2901C.mp3,31.157,33.870,2.713,media/ZS_F3_2905.mp3,F3-GMS-2901C 00:31.16-00:33.87
2906,3,2901,5,GLOSSIKA-ENZS-F3-GMS-2901C.mp3,37.252,41.140,3.889,media/ZS_F3_2906.mp3,F3-GMS-2901C 00:37.25-00:41.14
2907,3,2901,6,GLOSSIKA-ENZS-F3-GMS-2901C.mp3,44.521,47.058,2.537,media/ZS_F3_2907.mp3,F3-GMS-2901C 00:44.52-00:47.06
2908,3,2901,7,GLOSSIKA-ENZS-F3-GMS-2901C.mp3,50.237,53.082,2.845,media/ZS_F3_2908.mp3,F3-GMS-2901C 00:50.24-00:53.08
2909,3,2901,8,GLOSSIKA-ENZS-F3-GMS-2901C.mp3,56.399,58.505,2.106,media/ZS_F3_2909.mp3,F3-GMS-2901C 00:56.40-00:58.51
2910,3,2901,9,GLOSSIKA-ENZS-F3-GMS-2901C.mp3,61.868,65.139,3.271,media/ZS_F3_2910.mp3,F3-GMS-2901C 01:01.87-01:05.14
2911,3,2901,10,GLOSSIKA-ENZS-F3-GMS-2901C.mp3,68.485,75.818,7.333,media/ZS_F3_2911.mp3,F3-GMS-2901C 01:08.48-01:15.82
2912,3,2901,11,GLOSSIKA-ENZS-F3-GMS-2901C.mp3,79.130,82.644,3.514,media/ZS_F3_2912.mp3,F3-GMS-2901C 01:19.13-01:22.64
2913,3,2901,12,GLOSSIKA-ENZS-F3-GMS-2901C.mp3,86.081,91.121,5.040,media/ZS_F3_2913.mp3,F3-GMS-2901C 01:26.08-01:31.12
2914,3,2901,13,GLOSSIKA-ENZS-F3-GMS-2901C.mp3,94.510,99.231,4.720,media/ZS_F3_2914.mp3,F3-GMS-2901C 01:34.51-01:39.23
2915,3,2901,14,GLOSSIKA-ENZS-F3-GMS-2901C.mp3,102.579,106.786,4.207,media/ZS_F3_2915.mp3,F3-GMS-2901C 01:42.58-01:46.79
2916,3,2901,15,GLOSSIKA-ENZS-F3-GMS-2901C.mp3,110.128,114.437,4.309,media/ZS_F3_2916.mp3,F3-GMS-2901C 01:50.13-01:54.44
2917,3,2901,16,GLOSSIKA-ENZS-F3-GMS-2901C.mp3,117.742,121.641,3.899,media/ZS_F3_2917.mp3,F3-GMS-2901C 01:57.74-02:01.64
2918,3,2901,17,GLOSSIKA-ENZS-F3-GMS-2901C.mp3,124.913,127.367,2.454,media/ZS_F3_2918.mp3,F3-GMS-2901C 02:04.91-02:07.37
2919,3,2901,18,GLOSSIKA-ENZS-F3-GMS-2901C.mp3,130.586,134.340,3.755,media/ZS_F3_2919.mp3,F3-GMS-2901C 02:10.59-02:14.34
2920,3,2901,19,GLOSSIKA-ENZS-F3-GMS-2901C.mp3,137.544,142.180,4.636,media/ZS_F3_2920.mp3,F3-GMS-2901C 02:17.54-02:22.18
2921,3,2901,20,GLOSSIKA-ENZS-F3-GMS-2901C.mp3,145.485,148.358,2.873,media/ZS_F3_2921.mp3,F3-GMS-2901C 02:25.49-02:28.36
2922,3,2901,21,GLOSSIKA-ENZS-F3-GMS-2901C.mp3,151.594,157.860,6.267,media/ZS_F3_2922.mp3,F3-GMS-2901C 02:31.59-02:37.86
2923,3,2901,22,GLOSSIKA-ENZS-F3-GMS-2901C.mp3,161.072,167.941,6.868,media/ZS_F3_2923.mp3,F3-GMS-2901C 02:41.07-02:47.94
2924,3,2901,23,GLOSSIKA-ENZS-F3-GMS-2901C.mp3,171.187,175.704,4.516,media/ZS_F3_2924.mp3,F3-GMS-2901C 02:51.19-02:55.70
2925,3,2901,24,GLOSSIKA-ENZS-F3-GMS-2901C.mp3,178.973,182.970,3.997,media/ZS_F3_2925.mp3,F3-GMS-2901C 02:58.97-03:02.97
2926,3,2901,25,GLOSSIKA-ENZS-F3-GMS-2901C.mp3,186.266,195.185,8.919,media/ZS_F3_2926.mp3,F3-GMS-2901C 03:06.27-03:15.18
2927,3,2901,26,GLOSSIKA-ENZS-F3-GMS-2901C.mp3,198.699,204.759,6.059,media/ZS_F3_2927.mp3,F3-GMS-2901C 03:18.70-03:24.76
2928,3,2901,27,GLOSSIKA-ENZS-F3-GMS-2901C.mp3,208.079,210.447,2.369,media/ZS_F3_2928.mp3,F3-GMS-2901C 03:28.08-03:30.45
2929,3,2901,28,GLOSSIKA-ENZS-F3-GMS-2901C.mp3,213.619,217.378,3.759,media/ZS_F3_2929.mp3,F3-GMS-2901C 03:33.62-03:37.38
2930,3,2901,29,GLOSSIKA-ENZS-F3-GMS-2901C.mp3,220.637,224.015,3.378,media/ZS_F3_2930.mp3,F3-GMS-2901C 03:40.64-03:44.01
2931,3,2901,30,GLOSSIKA-ENZS-F3-GMS-2901C.mp3,227.362,230.225,2.863,media/ZS_F3_2931.mp3,F3-GMS-2901C 03:47.36-03:50.22
2932,3,2901,31,GLOSSIKA-ENZS-F3-GMS-2901C.mp3,233.474,237.860,4.386,media/ZS_F3_2932.mp3,F3-GMS-2901C 03:53.47-03:57.86
2933,3,2901,32,GLOSSIKA-ENZS-F3-GMS-2901C.mp3,241.130,245.004,3.874,media/ZS_F3_2933.mp3,F3-GMS-2901C 04:01.13-04:05.00
2934,3,2901,33,GLOSSIKA-ENZS-F3-GMS-2901C.mp3,248.525,253.911,5.386,media/ZS_F3_2934.mp3,F3-GMS-2901C 04:08.52-04:13.91
2935,3,2901,34,GLOSSIKA-ENZS-F3-GMS-2901C.mp3,257.105,259.424,2.318,media/ZS_F3_2935.mp3,F3-GMS-2901C 04:17.11-04:19.42
2936,3,2901,35,GLOSSIKA-ENZS-F3-GMS-2901C.mp3,262.683,264.888,2.206,media/ZS_F3_2936.mp3,F3-GMS-2901C 04:22.68-04:24.89
2937,3,2901,36,GLOSSIKA-ENZS-F3-GMS-2901C.mp3,268.111,269.884,1.772,media/ZS_F3_2937.mp3,F3-GMS-2901C 04:28.11-04:29.88
2938,3,2901,37,GLOSSIKA-ENZS-F3-GMS-2901C.mp3,273.295,276.471,3.176,media/ZS_F3_2938.mp3,F3-GMS-2901C 04:33.30-04:36.47
2939,3,2901,38,GLOSSIKA-ENZS-F3-GMS-2901C.mp3,279.801,284.718,4.917,media/ZS_F3_2939.mp3,F3-GMS-2901C 04:39.80-04:44.72
2940,3,2901,39,GLOSSIKA-ENZS-F3-GMS-2901C.mp3,287.960,293.697,5.737,media/ZS_F3_2940.mp3,F3-GMS-2901C 04:47.96-04:53.70
2941,3,2901,40,GLOSSIKA-ENZS-F3-GMS-2901C.mp3,296.928,301.669,4.741,media/ZS_F3_2941.mp3,F3-GMS-2901C 04:56.93-05:01.67
2942,3,2901,41,GLOSSIKA-ENZS-F3-GMS-2901C.mp3,304.807,307.495,2.687,media/ZS_F3_2942.mp3,F3-GMS-2901C 05:04.81-05:07.49
2943,3,2901,42,GLOSSIKA-ENZS-F3-GMS-2901C.mp3,310.638,316.471,5.832,media/ZS_F3_2943.mp3,F3-GMS-2901C 05:10.64-05:16.47
2944,3,2901,43,GLOSSIKA-ENZS-F3-GMS-2901C.mp3,320.131,322.653,2.522,media/ZS_F3_2944.mp3,F3-GMS-2901C 05:20.13-05:22.65
2945,3,2901,44,GLOSSIKA-ENZS-F3-GMS-2901C.mp3,325.844,333.267,7.423,media/ZS_F3_2945.mp3,F3-GMS-2901C 05:25.84-05:33.27
2946,3,2901,45,GLOSSIKA-ENZS-F3-GMS-2901C.mp3,336.516,339.802,3.287,media/ZS_F3_2946.mp3,F3-GMS-2901C 05:36.52-05:39.80
2947,3,2901,46,GLOSSIKA-ENZS-F3-GMS-2901C.mp3,343.019,346.654,3.635,media/ZS_F3_2947.mp3,F3-GMS-2901C 05:43.02-05:46.65
2948,3,2901,47,GLOSSIKA-ENZS-F3-GMS-2901C.mp3,349.863,357.594,7.731,media/ZS_F3_2948.mp3,F3-GMS-2901C 05:49.86-05:57.59
2949,3,2901,48,GLOSSIKA-ENZS-F3-GMS-2901C.mp3,360.910,363.699,2.790,media/ZS_F3_2949.mp3,F3-GMS-2901C 06:00.91-06:03.70
2950,3,2901,49,GLOSSIKA-ENZS-F3-GMS-2901C.mp3,366.883,372.109,5.227,media/ZS_F3_2950.mp3,F3-GMS-2901C 06:06.88-06:12.11
2951,3,2951,0,GLOSSIKA-ENZS-F3-GMS-2951C.mp3,21.294,24.936,3.643,media/ZS_F3_2951.mp3,F3-GMS-2951C 00:21.29-00:24.94
2952,3,2951,1,GLOSSIKA-ENZS-F3-GMS-2951C.mp3,28.146,31.112,2.966,media/ZS_F3_2952.mp3,F3-GMS-2951C 00:28.15-00:31.11
2953,3,2951,2,GLOSSIKA-ENZS-F3-GMS-2951C.mp3,34.317,37.961,3.644,media/ZS_F3_2953.mp3,F3-GMS-2951C 00:34.32-00:37.96
2954,3,2951,3,GLOSSIKA-ENZS-F3-GMS-2951C.mp3,41.193,45.297,4.104,media/ZS_F3_2954.mp3,F3-GMS-2951C 00:41.19-00:45.30
2955,3,2951,4,GLOSSIKA-ENZS-F3-GMS-2951C.mp3,49.530,56.353,6.823,media/ZS_F3_2955.mp3,F3-GMS-2951C 00:49.53-00:56.35
2956,3,2951,5,GLOSSIKA-ENZS-F3-GMS-2951C.mp3,59.605,63.194,3.589,media/ZS_F3_2956.mp3,F3-GMS-2951C 00:59.61-01:03.19
2957,3,2951,6,GLOSSIKA-ENZS-F3-GMS-2951C.mp3,66.498,71.328,4.830,media/ZS_F3_2957.mp3,F3-GMS-2951C 01:06.50-01:11.33
2958,3,2951,7,GLOSSIKA-ENZS-F3-GMS-2951C.mp3,74.566,80.548,5.981,media/ZS_F3_2958.mp3,F3-GMS-2951C 01:14.57-01:20.55
2959,3,2951,8,GLOSSIKA-ENZS-F3-GMS-2951C.mp3,83.673,87.340,3.667,media/ZS_F3_2959.mp3,F3-GMS-2951C 01:23.67-01:27.34
2960,3,2951,9,GLOSSIKA-ENZS-F3-GMS-2951C.mp3,90.663,94.496,3.833,media/ZS_F3_2960.mp3,F3-GMS-2951C 01:30.66-01:34.50
2961,3,2951,10,GLOSSIKA-ENZS-F3-GMS-2951C.mp3,97.712,103.534,5.823,media/ZS_F3_2961.mp3,F3-GMS-2951C 01:37.71-01:43.53
2962,3,2951,11,GLOSSIKA-ENZS-F3-GMS-2951C.mp3,104.488,106.171,1.684,media/ZS_F3_2962.mp3,F3-GMS-2951C 01:44.49-01:46.17
2963,3,2951,12,GLOSSIKA-ENZS-F3-GMS-2951C.mp3,109.405,112.972,3.567,media/ZS_F3_2963.mp3,F3-GMS-2951C 01:49.40-01:52.97
2964,3,2951,13,GLOSSIKA-ENZS-F3-GMS-2951C.mp3,116.181,120.000,3.819,media/ZS_F3_2964.mp3,F3-GMS-2951C 01:56.18-01:60.00
2965,3,2951,14,GLOSSIKA-ENZS-F3-GMS-2951C.mp3,123.217,126.355,3.139,media/ZS_F3_2965.mp3,F3-GMS-2951C 02:03.22-02:06.36
2966,3,2951,15,GLOSSIKA-ENZS-F3-GMS-2951C.mp3,129.544,134.427,4.883,media/ZS_F3_2966.mp3,F3-GMS-2951C 02:09.54-02:14.43
2967,3,2951,16,GLOSSIKA-ENZS-F3-GMS-2951C.mp3,137.602,141.472,3.870,media/ZS_F3_2967.mp3,F3-GMS-2951C 02:17.60-02:21.47
2968,3,2951,17,GLOSSIKA-ENZS-F3-GMS-2951C.mp3,144.684,148.254,3.570,media/ZS_F3_2968.mp3,F3-GMS-2951C 02:24.68-02:28.25
2969,3,2951,18,GLOSSIKA-ENZS-F3-GMS-2951C.mp3,151.466,154.884,3.418,media/ZS_F3_2969.mp3,F3-GMS-2951C 02:31.47-02:34.88
2970,3,2951,19,GLOSSIKA-ENZS-F3-GMS-2951C.mp3,158.112,162.797,4.685,media/ZS_F3_2970.mp3,F3-GMS-2951C 02:38.11-02:42.80
2971,3,2951,20,GLOSSIKA-ENZS-F3-GMS-2951C.mp3,166.037,168.178,2.140,media/ZS_F3_2971.mp3,F3-GMS-2951C 02:46.04-02:48.18
2972,3,2951,21,GLOSSIKA-ENZS-F3-GMS-2951C.mp3,171.407,176.393,4.987,media/ZS_F3_2972.mp3,F3-GMS-2951C 02:51.41-02:56.39
2973,3,2951,22,GLOSSIKA-ENZS-F3-GMS-2951C.mp3,179.593,184.555,4.962,media/ZS_F3_2973.mp3,F3-GMS-2951C 02:59.59-03:04.55
2974,3,2951,23,GLOSSIKA-ENZS-F3-GMS-2951C.mp3,187.783,190.223,2.440,media/ZS_F3_2974.mp3,F3-GMS-2951C 03:07.78-03:10.22
2975,3,2951,24,GLOSSIKA-ENZS-F3-GMS-2951C.mp3,193.502,196.459,2.957,media/ZS_F3_2975.mp3,F3-GMS-2951C 03:13.50-03:16.46
2976,3,2951,25,GLOSSIKA-ENZS-F3-GMS-2951C.mp3,199.651,204.030,4.379,media/ZS_F3_2976.mp3,F3-GMS-2951C 03:19.65-03:24.03
2977,3,2951,26,GLOSSIKA-ENZS-F3-GMS-2951C.mp3,207.328,211.553,4.225,media/ZS_F3_2977.mp3,F3-GMS-2951C 03:27.33-03:31.55
2978,3,2951,27,GLOSSIKA-ENZS-F3-GMS-2951C.mp3,214.904,219.080,4.176,media/ZS_F3_2978.mp3,F3-GMS-2951C 03:34.90-03:39.08
2979,3,2951,28,GLOSSIKA-ENZS-F3-GMS-2951C.mp3,222.286,226.208,3.922,media/ZS_F3_2979.mp3,F3-GMS-2951C 03:42.29-03:46.21
2980,3,2951,29,GLOSSIKA-ENZS-F3-GMS-2951C.mp3,229.424,233.194,3.770,media/ZS_F3_2980.mp3,F3-GMS-2951C 03:49.42-03:53.19
2981,3,2951,30,GLOSSIKA-ENZS-F3-GMS-2951C.mp3,236.370,243.883,7.513,media/ZS_F3_2981.mp3,F3-GMS-2951C 03:56.37-04:03.88
2982,3,2951,31,GLOSSIKA-ENZS-F3-GMS-2951C.mp3,247.144,252.253,5.109,media/ZS_F3_2982.mp3,F3-GMS-2951C 04:07.14-04:12.25
2983,3,2951,32,GLOSSIKA-ENZS-F3-GMS-2951C.mp3,255.476,260.137,4.661,media/ZS_F3_2983.mp3,F3-GMS-2951C 04:15.48-04:20.14
2984,3,2951,33,GLOSSIKA-ENZS-F3-GMS-2951C.mp3,263.447,268.343,4.896,media/ZS_F3_2984.mp3,F3-GMS-2951C 04:23.45-04:28.34
2985,3,2951,34,GLOSSIKA-ENZS-F3-GMS-2951C.mp3,271.598,274.684,3.086,media/ZS_F3_2985.mp3,F3-GMS-2951C 04:31.60-04:34.68
2986,3,2951,35,GLOSSIKA-ENZS-F3-GMS-2951C.mp3,277.997,282.204,4.207,media/ZS_F3_2986.mp3,F3-GMS-2951C 04:38.00-04:42.20
2987,3,2951,36,GLOSSIKA-ENZS-F3-GMS-2951C.mp3,285.445,290.277,4.831,media/ZS_F3_2987.mp3,F3-GMS-2951C 04:45.45-04:50.28
2988,3,2951,37,GLOSSIKA-ENZS-F3-GMS-2951C.mp3,293.699,302.660,8.961,media/ZS_F3_2988.mp3,F3-GMS-2951C 04:53.70-05:02.66
2989,3,2951,38,GLOSSIKA-ENZS-F3-GMS-2951C.mp3,305.890,309.804,3.914,media/ZS_F3_2989.mp3,F3-GMS-2951C 05:05.89-05:09.80
2990,3,2951,39,GLOSSIKA-ENZS-F3-GMS-2951C.mp3,313.101,318.654,5.553,media/ZS_F3_2990.mp3,F3-GMS-2951C 05:13.10-05:18.65
2991,3,2951,40,GLOSSIKA-ENZS-F3-GMS-2951C.mp3,321.963,324.450,2.487,media/ZS_F3_2991.mp3,F3-GMS-2951C 05:21.96-05:24.45
2992,3,2951,41,GLOSSIKA-ENZS-F3-GMS-2951C.mp3,327.726,331.590,3.864,media/ZS_F3_2992.mp3,F3-GMS-2951C 05:27.73-05:31.59
2993,3,2951,42,GLOSSIKA-ENZS-F3-GMS-2951C.mp3,334.843,338.600,3.757,media/ZS_F3_2993.mp3,F3-GMS-2951C 05:34.84-05:38.60
2994,3,2951,43,GLOSSIKA-ENZS-F3-GMS-2951C.mp3,341.886,347.477,5.592,media/ZS_F3_2994.mp3,F3-GMS-2951C 05:41.89-05:47.48
2995,3,2951,44,GLOSSIKA-ENZS-F3-GMS-2951C.mp3,350.768,354.665,3.896,media/ZS_F3_2995.mp3,F3-GMS-2951C 05:50.77-05:54.66
2996,3,2951,45,GLOSSIKA-ENZS-F3-GMS-2951C.mp3,358.031,361.723,3.692,media/ZS_F3_2996.mp3,F3-GMS-2951C 05:58.03-06:01.72
2997,3,2951,46,GLOSSIKA-ENZS-F3-GMS-2951C.mp3,365.014,372.203,7.189,media/ZS_F3_2997.mp3,F3-GMS-2951C 06:05.01-06:12.20
2998,3,2951,47,GLOSSIKA-ENZS-F3-GMS-2951C.mp3,375.421,377.958,2.536,media/ZS_F3_2998.mp3,F3-GMS-2951C 06:15.42-06:17.96
2999,3,2951,48,GLOSSIKA-ENZS-F3-GMS-2951C.mp3,381.090,387.096,6.005,media/ZS_F3_2999.mp3,F3-GMS-2951C 06:21.09-06:27.10
3000,3,2951,49,GLOSSIKA-ENZS-F3-GMS-2951C.mp3,390.413,392.783,2.369,media/ZS_F3_3000.mp3,F3-GMS-2951C 06:30.41-06:32.78
